PUFC05_AGE,PUFC06_MSTAT,PUFC04_SEX,PUFC07_GRADE,PUFC08_CURSCH,PUFC38_PREVJOB,PUFC31_FLWRK,PUFC30_LOOKW,PUFC34_WYNOT
76,3,1,700,-1,1,-1,2,6
66,1,1,700,-1,-1,-1,-1,-1
67,2,1,700,-1,-1,-1,-1,-1
29,2,2,700,-1,-1,-1,-1,-1
50,2,1,700,-1,-1,-1,-1,-1
16,1,1,700,1,2,-1,2,8
23,1,2,700,2,-1,-1,-1,-1
59,2,1,700,-1,1,-1,2,7
49,2,2,700,-1,-1,-1,-1,-1
50,4,2,700,-1,-1,-1,-1,-1
16,1,2,700,1,1,-1,2,8
5,1,1,700,1,-1,-1,-1,-1
22,1,2,700,2,-1,-1,-1,-1
10,1,2,700,2,-1,-1,-1,-1
10,1,1,700,1,-1,-1,-1,-1
65,2,2,700,-1,-1,-1,-1,-1
35,2,1,700,-1,-1,-1,-1,-1
38,2,2,700,-1,-1,-1,-1,-1
19,1,2,700,1,2,-1,2,8
30,1,2,700,-1,-1,-1,-1,-1
40,2,2,700,-1,1,-1,2,7
5,1,2,700,2,-1,-1,-1,-1
13,1,1,700,1,-1,-1,-1,-1
34,2,2,700,-1,-1,-1,-1,-1
21,1,1,700,2,-1,-1,-1,-1
17,1,2,700,2,2,-1,2,6
41,2,1,700,-1,-1,-1,-1,-1
14,1,1,700,1,-1,-1,-1,-1
42,2,1,700,-1,-1,-1,-1,-1
14,1,1,700,1,-1,-1,-1,-1
39,2,2,700,-1,-1,-1,-1,-1
7,1,2,700,1,-1,-1,-1,-1
40,1,2,700,-1,-1,-1,-1,-1
41,2,1,700,-1,-1,-1,-1,-1
7,1,2,700,1,-1,-1,-1,-1
9,1,1,700,1,-1,-1,-1,-1
32,2,1,700,-1,1,-1,2,4
60,2,2,700,-1,1,-1,2,7
22,2,2,700,2,1,-1,2,7
20,1,2,700,1,2,-1,2,8
16,1,2,700,1,1,-1,2,8
59,2,1,700,-1,-1,-1,-1,-1
9,1,2,700,1,-1,-1,-1,-1
16,1,1,700,2,-1,-1,-1,-1
5,1,2,700,1,-1,-1,-1,-1
54,2,2,700,-1,-1,-1,-1,-1
5,1,2,700,1,-1,-1,-1,-1
23,1,2,700,2,2,1,1,-1
20,1,2,700,2,2,-1,2,7
47,2,2,700,-1,-1,-1,-1,-1
58,2,1,700,-1,-1,-1,-1,-1
21,1,2,700,2,1,-1,2,2
22,1,1,700,2,-1,-1,-1,-1
15,1,1,700,1,-1,-1,-1,-1
28,2,1,700,-1,-1,-1,-1,-1
8,1,2,700,1,-1,-1,-1,-1
15,1,1,700,1,2,-1,2,8
40,2,2,700,-1,1,-1,2,7
8,1,1,700,1,-1,-1,-1,-1
84,2,1,700,-1,1,-1,2,6
10,1,2,700,1,-1,-1,-1,-1
12,1,2,700,1,-1,-1,-1,-1
56,2,1,700,-1,-1,-1,-1,-1
14,1,1,700,1,-1,-1,-1,-1
30,2,2,700,-1,-1,-1,-1,-1
53,2,1,700,-1,-1,-1,-1,-1
48,2,2,700,-1,1,-1,2,7
18,1,1,700,1,2,-1,2,8
22,1,1,700,2,1,-1,2,7
35,2,1,700,-1,-1,-1,-1,-1
58,2,2,700,-1,1,-1,2,7
26,2,2,700,-1,1,-1,2,7
10,1,2,700,1,-1,-1,-1,-1
10,1,2,700,1,-1,-1,-1,-1
22,1,2,700,2,-1,-1,-1,-1
59,2,2,700,-1,1,-1,2,7
58,2,2,700,-1,-1,-1,-1,-1
43,2,2,700,-1,-1,-1,-1,-1
44,2,1,700,-1,-1,-1,-1,-1
65,2,1,700,-1,1,-1,2,6
48,2,2,700,-1,-1,-1,-1,-1
25,1,2,700,-1,-1,-1,-1,-1
19,1,1,700,1,1,-1,2,9
13,1,1,700,1,-1,-1,-1,-1
20,1,1,700,2,-1,-1,-1,-1
23,1,1,700,2,-1,-1,-1,-1
21,1,1,700,2,1,-1,2,7
23,2,1,700,2,-1,-1,-1,-1
5,1,1,700,1,-1,-1,-1,-1
36,2,1,700,-1,-1,-1,-1,-1
49,2,2,700,-1,-1,-1,-1,-1
29,2,1,700,-1,-1,-1,-1,-1
12,1,1,700,1,-1,-1,-1,-1
7,1,1,700,2,-1,-1,-1,-1
16,1,2,700,1,2,-1,2,8
49,2,2,700,-1,-1,-1,-1,-1
15,1,2,700,1,2,-1,2,8
12,1,2,700,1,-1,-1,-1,-1
25,2,2,700,-1,2,-1,2,7
60,3,2,700,-1,-1,-1,-1,-1
23,1,1,700,2,-1,-1,-1,-1
17,1,1,700,1,2,-1,2,8
42,2,2,700,-1,-1,-1,-1,-1
20,1,1,700,2,-1,-1,-1,-1
20,1,2,700,1,2,-1,2,8
39,2,2,700,-1,1,-1,2,7
62,2,1,700,-1,-1,-1,-1,-1
70,2,2,700,-1,2,-1,2,7
10,1,1,700,1,-1,-1,-1,-1
32,2,2,700,-1,-1,-1,-1,-1
63,2,2,700,-1,-1,-1,-1,-1
11,1,2,700,1,-1,-1,-1,-1
42,2,1,700,-1,-1,-1,-1,-1
47,2,2,700,-1,-1,-1,-1,-1
10,1,1,700,2,-1,-1,-1,-1
17,1,1,700,1,2,-1,2,8
12,1,2,700,1,-1,-1,-1,-1
57,2,1,700,-1,-1,-1,-1,-1
16,1,2,700,1,1,-1,2,8
21,2,2,700,2,2,-1,2,7
48,2,1,700,-1,-1,-1,-1,-1
39,2,1,700,-1,-1,-1,-1,-1
6,1,1,700,1,-1,-1,-1,-1
10,1,2,700,1,-1,-1,-1,-1
10,1,1,700,1,-1,-1,-1,-1
5,1,2,700,1,-1,-1,-1,-1
23,1,1,700,2,-1,-1,-1,-1
22,1,1,700,2,-1,-1,-1,-1
5,1,2,700,1,-1,-1,-1,-1
21,2,2,700,2,-1,-1,-1,-1
63,2,1,700,-1,-1,-1,-1,-1
18,1,1,700,1,-1,-1,-1,-1
46,2,2,700,-1,-1,-1,-1,-1
32,2,2,700,-1,-1,-1,-1,-1
7,1,1,700,1,-1,-1,-1,-1
16,1,2,700,1,-1,-1,-1,-1
52,2,2,700,-1,1,-1,2,7
7,1,2,700,1,-1,-1,-1,-1
83,2,1,700,-1,1,-1,2,6
56,2,2,700,-1,1,-1,2,7
31,1,1,700,-1,1,-1,2,5
37,1,2,700,-1,-1,-1,-1,-1
10,1,1,700,2,-1,-1,-1,-1
42,1,1,700,-1,-1,-1,-1,-1
55,3,2,700,-1,-1,-1,-1,-1
29,2,2,700,-1,2,-1,2,7
27,4,2,700,-1,-1,-1,-1,-1
23,2,2,700,2,-1,-1,-1,-1
45,2,2,700,-1,1,-1,2,7
66,3,1,700,-1,1,-1,2,6
26,1,2,700,-1,-1,-1,-1,-1
12,1,2,700,1,-1,-1,-1,-1
31,1,1,700,-1,-1,-1,-1,-1
18,1,1,700,1,2,-1,2,8
80,1,2,700,-1,1,-1,2,6
35,2,2,700,-1,-1,-1,-1,-1
14,1,1,700,1,-1,-1,-1,-1
43,2,1,700,-1,-1,-1,-1,-1
50,2,2,700,-1,-1,-1,-1,-1
33,2,2,700,-1,-1,-1,-1,-1
24,1,1,700,2,-1,-1,-1,-1
39,3,1,700,-1,-1,-1,-1,-1
9,1,2,700,1,-1,-1,-1,-1
26,2,2,700,-1,1,-1,2,7
53,2,1,700,-1,-1,-1,-1,-1
68,2,2,700,-1,-1,-1,-1,-1
21,1,2,700,2,-1,-1,-1,-1
47,3,2,700,-1,-1,-1,-1,-1
52,2,1,700,-1,-1,-1,-1,-1
26,1,1,700,-1,-1,-1,-1,-1
27,2,2,700,-1,1,-1,2,7
50,2,2,700,-1,-1,-1,-1,-1
28,1,1,700,-1,1,2,1,-1
30,1,1,700,-1,1,-1,2,3
42,2,2,700,-1,2,-1,2,7
11,1,1,700,1,-1,-1,-1,-1
37,2,1,700,-1,-1,-1,-1,-1
5,1,1,700,1,-1,-1,-1,-1
60,3,2,700,-1,1,-1,2,7
33,1,2,700,-1,-1,-1,-1,-1
5,1,2,700,1,-1,-1,-1,-1
22,1,1,700,2,-1,-1,-1,-1
25,1,1,700,-1,1,2,1,-1
23,2,2,700,2,2,-1,2,7
20,1,1,700,2,-1,-1,-1,-1
22,1,2,700,2,1,-1,2,7
16,1,2,700,1,2,-1,2,8
12,1,1,700,2,-1,-1,-1,-1
59,2,2,700,-1,-1,-1,-1,-1
52,2,1,700,-1,-1,-1,-1,-1
9,1,1,700,1,-1,-1,-1,-1
68,3,2,700,-1,1,-1,2,6
59,2,2,700,-1,-1,-1,-1,-1
46,2,2,700,-1,-1,-1,-1,-1
6,1,1,700,1,-1,-1,-1,-1
58,2,2,700,-1,1,-1,2,3
6,1,1,700,1,-1,-1,-1,-1
8,1,2,700,1,-1,-1,-1,-1
6,1,2,700,1,-1,-1,-1,-1
15,1,2,700,1,2,-1,2,8
35,2,2,700,-1,1,-1,2,7
13,1,2,700,1,-1,-1,-1,-1
13,1,1,700,1,-1,-1,-1,-1
50,2,2,700,-1,-1,-1,-1,-1
35,1,1,700,-1,-1,-1,-1,-1
48,2,1,700,-1,-1,-1,-1,-1
15,1,1,700,1,1,-1,2,8
43,2,1,700,-1,-1,-1,-1,-1
32,2,2,700,-1,1,-1,2,4
26,2,1,700,-1,-1,-1,-1,-1
5,1,2,700,1,-1,-1,-1,-1
14,1,1,700,1,-1,-1,-1,-1
45,4,2,700,-1,-1,-1,-1,-1
28,1,1,700,-1,-1,-1,-1,-1
34,2,2,700,-1,-1,-1,-1,-1
20,1,1,700,2,2,-1,2,8
10,1,1,700,1,-1,-1,-1,-1
36,2,2,700,-1,-1,-1,-1,-1
53,1,2,700,-1,2,-1,2,7
18,1,2,700,1,1,-1,2,8
7,1,2,700,1,-1,-1,-1,-1
8,1,2,700,1,-1,-1,-1,-1
30,1,2,700,-1,-1,-1,-1,-1
29,1,1,700,-1,-1,-1,-1,-1
23,1,2,700,2,-1,-1,-1,-1
8,1,2,700,1,-1,-1,-1,-1
59,2,1,700,-1,-1,-1,-1,-1
35,2,2,700,-1,-1,-1,-1,-1
26,2,1,700,-1,-1,-1,-1,-1
32,2,1,700,-1,-1,-1,-1,-1
8,1,2,700,1,-1,-1,-1,-1
68,2,2,700,-1,1,-1,2,7
13,1,1,700,1,-1,-1,-1,-1
39,2,2,700,-1,1,-1,2,7
17,1,1,700,2,-1,-1,-1,-1
17,1,1,700,1,-1,-1,-1,-1
22,2,2,700,2,1,-1,2,7
48,2,2,700,-1,1,-1,2,7
24,1,1,700,2,1,-1,2,7
16,1,2,700,1,2,-1,2,8
26,1,1,700,-1,-1,-1,-1,-1
42,3,1,700,-1,-1,-1,-1,-1
32,2,2,700,-1,-1,-1,-1,-1
61,3,2,700,-1,1,-1,2,7
24,1,2,700,2,2,-1,2,7
17,1,1,700,1,2,-1,2,8
29,2,1,700,-1,-1,-1,-1,-1
53,2,2,700,-1,-1,-1,-1,-1
37,2,1,700,-1,-1,-1,-1,-1
8,1,2,700,2,-1,-1,-1,-1
18,1,1,700,1,2,-1,2,8
19,1,1,700,1,2,-1,2,8
57,2,2,700,-1,1,-1,2,7
59,2,1,700,-1,1,-1,2,3
42,2,2,700,-1,1,-1,2,7
26,1,1,700,-1,-1,-1,-1,-1
39,2,2,700,-1,1,-1,2,7
31,1,1,700,-1,-1,-1,-1,-1
22,2,1,700,2,1,-1,2,7
23,1,1,700,2,-1,-1,-1,-1
37,2,2,700,-1,1,-1,2,7
25,2,1,700,-1,-1,-1,-1,-1
88,3,2,700,-1,1,-1,2,6
37,2,1,700,-1,-1,-1,-1,-1
37,2,1,700,-1,-1,-1,-1,-1
64,2,1,700,-1,-1,-1,-1,-1
10,1,1,700,1,-1,-1,-1,-1
5,1,1,700,1,-1,-1,-1,-1
31,2,1,700,-1,-1,-1,-1,-1
30,1,1,700,-1,-1,-1,-1,-1
24,1,1,700,2,-1,-1,-1,-1
44,2,2,700,-1,-1,-1,-1,-1
5,1,1,700,1,-1,-1,-1,-1
11,1,2,700,1,-1,-1,-1,-1
48,2,2,700,-1,-1,-1,-1,-1
50,2,1,700,-1,-1,-1,-1,-1
36,2,1,700,-1,-1,-1,-1,-1
34,2,1,700,-1,-1,-1,-1,-1
22,1,2,700,2,2,-1,2,6
8,1,2,700,1,-1,-1,-1,-1
55,2,1,700,-1,-1,-1,-1,-1
52,2,2,700,-1,-1,-1,-1,-1
67,2,1,700,-1,-1,-1,-1,-1
11,1,1,700,1,-1,-1,-1,-1
36,2,2,700,-1,1,-1,2,7
40,2,2,700,-1,2,-1,2,7
33,2,2,700,-1,-1,-1,-1,-1
10,1,1,700,1,-1,-1,-1,-1
23,2,1,700,2,-1,-1,-1,-1
23,1,1,700,2,-1,-1,-1,-1
25,1,1,700,-1,-1,-1,-1,-1
70,3,2,700,-1,1,-1,2,6
18,1,2,700,1,1,-1,2,8
58,2,1,700,-1,-1,-1,-1,-1
7,1,1,700,1,-1,-1,-1,-1
52,2,2,700,-1,-1,-1,-1,-1
50,2,1,700,-1,1,-1,2,7
17,1,2,700,1,2,-1,2,8
20,1,1,700,2,2,-1,2,8
19,1,2,700,2,1,-1,2,5
68,3,2,700,-1,-1,-1,-1,-1
54,2,1,700,-1,-1,-1,-1,-1
28,2,1,700,-1,-1,-1,-1,-1
54,2,1,700,-1,-1,-1,-1,-1
16,1,2,700,1,2,-1,2,8
7,1,2,700,1,-1,-1,-1,-1
28,1,2,700,-1,-1,-1,-1,-1
19,1,2,700,1,2,-1,2,8
15,1,2,700,1,2,-1,2,8
22,1,1,700,2,1,-1,2,9
18,1,1,700,1,2,-1,2,8
8,1,2,700,1,-1,-1,-1,-1
14,1,1,700,1,-1,-1,-1,-1
9,1,1,700,1,-1,-1,-1,-1
20,1,1,700,2,1,-1,2,7
47,2,1,700,-1,-1,-1,-1,-1
70,2,2,700,-1,1,-1,2,7
30,2,2,700,-1,1,-1,2,7
13,1,1,700,1,-1,-1,-1,-1
23,1,1,700,2,1,2,1,-1
24,1,2,700,1,1,-1,2,7
28,2,2,700,-1,-1,-1,-1,-1
35,2,2,700,-1,1,-1,2,7
27,1,1,700,-1,-1,-1,-1,-1
33,2,1,700,-1,-1,-1,-1,-1
15,1,2,700,1,2,-1,2,8
14,1,1,700,1,-1,-1,-1,-1
7,1,2,700,1,-1,-1,-1,-1
21,1,1,700,2,-1,-1,-1,-1
6,1,1,700,1,-1,-1,-1,-1
30,1,1,700,-1,-1,-1,-1,-1
21,1,2,700,2,-1,-1,-1,-1
32,2,2,700,-1,-1,-1,-1,-1
32,2,1,700,-1,-1,-1,-1,-1
72,1,2,700,-1,1,-1,2,7
23,2,2,700,2,1,-1,2,7
15,1,1,700,1,2,-1,2,8
64,2,2,700,-1,-1,-1,-1,-1
50,2,1,700,-1,-1,-1,-1,-1
17,1,2,700,1,2,-1,2,8
34,2,1,700,-1,-1,-1,-1,-1
26,1,2,700,-1,2,-1,2,8
53,2,1,700,-1,-1,-1,-1,-1
52,3,2,700,-1,-1,-1,-1,-1
36,2,1,700,-1,1,-1,2,7
21,1,2,700,2,-1,-1,-1,-1
59,2,1,700,-1,1,-1,2,6
37,2,2,700,-1,1,-1,2,7
33,3,2,700,-1,-1,-1,-1,-1
38,2,2,700,-1,-1,-1,-1,-1
60,3,2,700,-1,-1,-1,-1,-1
13,1,1,700,1,-1,-1,-1,-1
12,1,2,700,1,-1,-1,-1,-1
66,3,2,700,-1,1,-1,2,6
9,1,1,700,1,-1,-1,-1,-1
12,1,1,700,2,-1,-1,-1,-1
15,1,2,700,1,2,-1,2,8
54,2,1,700,-1,-1,-1,-1,-1
58,4,1,700,-1,-1,-1,-1,-1
16,1,2,700,2,-1,-1,-1,-1
8,1,2,700,2,-1,-1,-1,-1
62,3,2,700,-1,-1,-1,-1,-1
35,2,1,700,-1,-1,-1,-1,-1
26,2,2,700,-1,-1,-1,-1,-1
7,1,1,700,1,-1,-1,-1,-1
28,2,1,700,-1,-1,-1,-1,-1
11,1,2,700,1,-1,-1,-1,-1
16,1,1,700,1,2,-1,2,8
20,1,2,700,1,2,-1,2,8
13,1,1,700,1,-1,-1,-1,-1
28,2,1,700,-1,-1,-1,-1,-1
62,2,2,700,-1,1,-1,2,7
87,2,1,700,-1,-1,-1,-1,-1
33,2,2,700,-1,-1,-1,-1,-1
56,2,2,700,-1,1,-1,2,7
15,1,2,700,1,2,-1,2,8
19,1,1,700,2,-1,-1,-1,-1
41,2,1,700,-1,-1,-1,-1,-1
61,3,2,700,-1,1,-1,2,7
16,1,1,700,1,2,-1,2,8
52,2,1,700,-1,-1,-1,-1,-1
39,2,2,700,-1,-1,-1,-1,-1
32,2,2,700,-1,-1,-1,-1,-1
58,2,1,700,-1,-1,-1,-1,-1
34,2,1,700,-1,-1,-1,-1,-1
45,2,1,700,-1,-1,-1,-1,-1
85,3,2,700,-1,1,-1,2,6
34,2,1,700,-1,-1,-1,-1,-1
40,1,1,700,-1,-1,-1,-1,-1
8,1,1,700,1,-1,-1,-1,-1
6,1,1,700,1,-1,-1,-1,-1
10,1,2,700,1,-1,-1,-1,-1
13,1,2,700,1,-1,-1,-1,-1
6,1,2,700,1,-1,-1,-1,-1
19,1,1,700,2,-1,-1,-1,-1
9,1,2,700,1,-1,-1,-1,-1
18,1,2,700,1,2,-1,2,8
82,2,1,700,-1,1,-1,2,6
45,2,2,700,-1,2,-1,2,7
33,1,2,700,-1,-1,-1,-1,-1
16,1,1,700,1,2,-1,2,8
26,4,2,700,-1,-1,-1,-1,-1
14,1,2,700,1,-1,-1,-1,-1
13,1,2,700,1,-1,-1,-1,-1
34,2,2,700,-1,1,-1,2,7
26,2,1,700,-1,-1,-1,-1,-1
13,1,1,700,1,-1,-1,-1,-1
23,1,1,700,1,-1,-1,-1,-1
39,2,2,700,-1,-1,-1,-1,-1
56,3,2,700,-1,-1,-1,-1,-1
28,2,1,700,-1,-1,-1,-1,-1
5,1,1,700,1,-1,-1,-1,-1
14,1,2,700,1,-1,-1,-1,-1
43,2,2,700,-1,1,-1,2,7
35,2,1,700,-1,-1,-1,-1,-1
87,3,2,700,-1,1,-1,2,6
16,1,2,700,1,2,-1,2,8
24,1,2,700,1,-1,-1,-1,-1
12,1,1,700,1,-1,-1,-1,-1
52,2,1,700,-1,-1,-1,-1,-1
9,1,2,700,1,-1,-1,-1,-1
9,1,2,700,1,-1,-1,-1,-1
44,2,2,700,-1,-1,-1,-1,-1
29,1,1,700,-1,-1,-1,-1,-1
16,1,1,700,1,-1,-1,-1,-1
43,1,2,700,-1,-1,-1,-1,-1
47,2,2,700,-1,2,-1,2,7
30,2,2,700,-1,-1,-1,-1,-1
34,2,1,700,-1,-1,-1,-1,-1
35,2,1,700,-1,-1,-1,-1,-1
20,1,1,700,1,2,-1,2,8
44,2,1,700,-1,-1,-1,-1,-1
24,2,1,700,2,-1,-1,-1,-1
28,2,2,700,-1,2,-1,2,7
16,1,1,700,1,2,-1,2,8
26,2,2,700,-1,1,2,1,-1
51,2,2,700,-1,1,-1,2,7
14,1,1,700,1,-1,-1,-1,-1
77,2,1,700,-1,1,-1,2,6
53,2,2,700,-1,1,-1,2,7
11,1,1,700,1,-1,-1,-1,-1
27,2,1,700,-1,-1,-1,-1,-1
14,1,2,700,1,-1,-1,-1,-1
35,2,2,700,-1,1,-1,2,7
10,1,2,700,1,-1,-1,-1,-1
41,2,1,700,-1,-1,-1,-1,-1
8,1,1,700,1,-1,-1,-1,-1
31,1,2,700,-1,-1,-1,-1,-1
6,1,1,700,1,-1,-1,-1,-1
36,2,1,700,-1,-1,-1,-1,-1
59,4,1,700,-1,-1,-1,-1,-1
70,2,2,700,-1,1,-1,2,6
8,1,1,700,1,-1,-1,-1,-1
56,2,1,700,-1,-1,-1,-1,-1
33,2,2,700,-1,1,-1,2,7
10,1,2,700,1,-1,-1,-1,-1
90,3,2,700,-1,2,-1,2,6
45,2,1,700,-1,-1,-1,-1,-1
40,2,2,700,-1,-1,-1,-1,-1
10,1,1,700,1,-1,-1,-1,-1
13,1,2,700,1,-1,-1,-1,-1
64,3,2,700,-1,1,-1,2,6
39,2,1,700,-1,-1,-1,-1,-1
65,3,2,700,-1,1,-1,2,6
49,2,1,700,-1,-1,-1,-1,-1
32,1,1,700,-1,-1,-1,-1,-1
19,2,2,700,2,1,-1,2,7
5,1,2,700,1,-1,-1,-1,-1
42,2,2,700,-1,-1,-1,-1,-1
42,1,1,700,-1,1,-1,2,1
20,1,2,700,2,-1,-1,-1,-1
61,2,2,700,-1,-1,-1,-1,-1
54,2,1,700,-1,-1,-1,-1,-1
53,2,1,700,-1,-1,-1,-1,-1
20,1,2,700,2,-1,-1,-1,-1
15,1,1,700,1,2,-1,2,8
32,1,1,700,-1,1,2,1,-1
10,1,2,700,1,-1,-1,-1,-1
6,1,1,700,1,-1,-1,-1,-1
13,1,1,700,1,-1,-1,-1,-1
40,2,1,700,-1,-1,-1,-1,-1
18,1,1,700,1,2,-1,2,8
8,1,1,700,1,-1,-1,-1,-1
44,3,1,700,-1,-1,-1,-1,-1
5,1,2,700,1,-1,-1,-1,-1
42,2,2,700,-1,1,-1,2,7
23,1,1,700,2,-1,-1,-1,-1
30,2,1,700,-1,-1,-1,-1,-1
42,2,2,700,-1,1,-1,2,7
20,2,2,700,2,1,-1,2,7
50,2,1,700,-1,-1,-1,-1,-1
24,1,1,700,2,-1,-1,-1,-1
19,1,2,700,1,1,-1,2,8
44,4,1,700,-1,-1,-1,-1,-1
27,1,1,700,-1,-1,-1,-1,-1
7,1,2,700,1,-1,-1,-1,-1
70,2,2,700,-1,1,-1,2,6
24,1,2,700,2,1,-1,2,7
20,1,2,700,2,2,-1,2,7
19,1,2,700,2,-1,-1,-1,-1
7,1,1,700,1,-1,-1,-1,-1
22,1,2,700,1,2,-1,2,8
5,1,1,700,1,-1,-1,-1,-1
39,2,1,700,-1,-1,-1,-1,-1
53,2,1,700,-1,-1,-1,-1,-1
69,3,1,700,-1,1,-1,2,6
63,3,2,700,-1,2,-1,2,6
31,2,1,700,-1,-1,-1,-1,-1
7,1,2,700,1,-1,-1,-1,-1
14,1,2,700,1,-1,-1,-1,-1
42,2,2,700,-1,-1,-1,-1,-1
18,1,2,700,1,2,-1,2,8
50,2,2,700,-1,-1,-1,-1,-1
21,2,2,700,2,-1,-1,-1,-1
15,1,1,700,1,2,-1,2,8
48,2,1,700,-1,-1,-1,-1,-1
49,2,1,700,-1,-1,-1,-1,-1
33,2,2,700,-1,-1,-1,-1,-1
7,1,2,700,2,-1,-1,-1,-1
46,2,2,700,-1,-1,-1,-1,-1
47,2,1,700,-1,-1,-1,-1,-1
55,2,1,700,-1,-1,-1,-1,-1
55,1,1,700,-1,-1,-1,-1,-1
6,1,2,700,1,-1,-1,-1,-1
42,2,2,700,-1,2,-1,2,7
29,2,2,700,-1,1,-1,2,7
47,2,2,700,-1,-1,-1,-1,-1
8,1,1,700,1,-1,-1,-1,-1
11,1,2,700,1,-1,-1,-1,-1
42,2,2,700,-1,1,-1,2,7
14,1,2,700,1,-1,-1,-1,-1
7,1,1,700,1,-1,-1,-1,-1
45,2,1,700,-1,-1,-1,-1,-1
45,1,1,700,-1,-1,-1,-1,-1
29,2,2,700,-1,1,-1,2,7
17,1,2,700,1,2,-1,2,8
18,1,1,700,2,2,-1,2,7
33,2,1,700,-1,-1,-1,-1,-1
18,1,2,700,1,2,-1,2,8
7,1,2,700,1,-1,-1,-1,-1
46,2,2,700,-1,-1,-1,-1,-1
57,2,1,700,-1,-1,-1,-1,-1
31,2,1,700,-1,-1,-1,-1,-1
28,2,2,700,-1,-1,-1,-1,-1
46,2,2,700,-1,-1,-1,-1,-1
58,2,1,700,-1,1,-1,2,1
47,2,1,700,-1,-1,-1,-1,-1
8,1,2,700,1,-1,-1,-1,-1
9,1,1,700,1,-1,-1,-1,-1
51,3,2,700,-1,-1,-1,-1,-1
13,1,1,700,1,-1,-1,-1,-1
47,2,2,700,-1,-1,-1,-1,-1
29,1,1,700,-1,-1,-1,-1,-1
43,2,1,700,-1,-1,-1,-1,-1
59,3,2,700,-1,1,-1,2,7
60,1,2,700,-1,-1,-1,-1,-1
65,1,1,700,-1,1,-1,2,7
15,1,1,700,1,2,-1,2,8
73,2,2,700,-1,-1,-1,-1,-1
16,1,1,700,1,2,-1,2,8
45,2,1,700,-1,1,2,1,-1
57,2,1,700,-1,-1,-1,-1,-1
56,2,2,700,-1,1,-1,2,7
28,2,2,700,-1,1,-1,2,7
27,2,2,700,-1,-1,-1,-1,-1
62,2,2,700,-1,1,-1,2,6
80,2,1,700,-1,1,-1,2,7
41,1,1,700,-1,-1,-1,-1,-1
70,2,2,700,-1,1,-1,2,6
30,2,2,700,-1,1,-1,2,7
47,2,1,700,-1,-1,-1,-1,-1
14,1,2,700,1,-1,-1,-1,-1
44,2,1,700,-1,-1,-1,-1,-1
61,1,2,700,-1,-1,-1,-1,-1
16,1,1,700,1,-1,-1,-1,-1
45,2,2,700,-1,-1,-1,-1,-1
17,1,1,700,1,-1,-1,-1,-1
34,2,2,700,-1,2,2,1,-1
24,1,2,700,2,-1,-1,-1,-1
39,2,1,700,-1,-1,-1,-1,-1
14,1,2,700,1,-1,-1,-1,-1
23,2,2,700,2,2,-1,2,7
37,2,2,700,-1,-1,-1,-1,-1
33,2,1,700,-1,-1,-1,-1,-1
59,2,2,700,-1,-1,-1,-1,-1
13,1,1,700,2,-1,-1,-1,-1
23,1,1,700,2,-1,-1,-1,-1
11,1,1,700,1,-1,-1,-1,-1
9,1,2,700,1,-1,-1,-1,-1
6,1,1,700,1,-1,-1,-1,-1
50,2,1,700,-1,-1,-1,-1,-1
30,2,1,700,-1,-1,-1,-1,-1
15,1,1,700,1,2,-1,2,8
13,1,2,700,1,-1,-1,-1,-1
70,2,2,700,-1,1,-1,2,6
9,1,2,700,1,-1,-1,-1,-1
16,1,1,700,2,1,-1,2,1
5,1,1,700,1,-1,-1,-1,-1
32,2,1,700,-1,-1,-1,-1,-1
45,1,1,700,-1,-1,-1,-1,-1
22,1,1,700,2,-1,-1,-1,-1
23,1,1,700,1,-1,-1,-1,-1
49,2,2,700,-1,-1,-1,-1,-1
8,1,2,700,1,-1,-1,-1,-1
20,1,2,700,2,-1,-1,-1,-1
8,1,2,700,1,-1,-1,-1,-1
31,3,2,700,-1,-1,-1,-1,-1
8,1,1,700,1,-1,-1,-1,-1
12,1,1,700,1,-1,-1,-1,-1
28,2,1,700,-1,-1,-1,-1,-1
29,2,1,700,-1,-1,-1,-1,-1
24,1,1,700,2,-1,-1,-1,-1
16,1,1,700,1,1,-1,2,8
33,1,1,700,-1,1,-1,2,6
37,2,2,700,-1,-1,-1,-1,-1
77,3,2,700,-1,1,-1,2,6
64,1,1,700,-1,-1,-1,-1,-1
14,1,2,700,1,-1,-1,-1,-1
23,1,2,700,2,-1,-1,-1,-1
62,1,2,700,-1,1,-1,2,7
28,2,1,700,-1,-1,-1,-1,-1
19,1,1,700,1,2,-1,2,8
30,2,1,700,-1,-1,-1,-1,-1
41,2,1,700,-1,-1,-1,-1,-1
9,1,1,700,1,-1,-1,-1,-1
17,1,1,700,2,2,1,1,-1
29,2,2,700,-1,1,-1,2,7
5,1,2,700,1,-1,-1,-1,-1
46,2,1,700,-1,-1,-1,-1,-1
28,2,1,700,-1,-1,-1,-1,-1
43,2,2,700,-1,-1,-1,-1,-1
35,2,2,700,-1,1,-1,2,7
83,2,1,700,-1,-1,-1,-1,-1
35,2,2,700,-1,-1,-1,-1,-1
81,3,2,700,-1,1,-1,2,6
36,2,2,700,-1,-1,-1,-1,-1
12,1,2,700,1,-1,-1,-1,-1
72,2,2,700,-1,1,-1,2,7
9,1,1,700,1,-1,-1,-1,-1
41,2,2,700,-1,-1,-1,-1,-1
23,2,2,700,1,1,-1,2,8
50,2,1,700,-1,-1,-1,-1,-1
55,2,2,700,-1,-1,-1,-1,-1
53,2,1,700,-1,1,2,1,-1
41,2,2,700,-1,2,-1,2,7
19,1,2,700,2,2,-1,2,8
72,3,2,700,-1,1,-1,2,6
60,2,2,700,-1,2,-1,2,7
12,1,1,700,1,-1,-1,-1,-1
9,1,2,700,1,-1,-1,-1,-1
13,1,2,700,1,-1,-1,-1,-1
40,2,1,700,-1,-1,-1,-1,-1
16,1,2,700,1,2,-1,2,8
13,1,2,700,1,-1,-1,-1,-1
31,1,2,700,-1,1,-1,2,5
6,1,1,700,1,-1,-1,-1,-1
7,1,2,700,1,-1,-1,-1,-1
28,1,1,700,-1,1,2,1,-1
32,2,1,700,-1,-1,-1,-1,-1
17,1,1,700,2,-1,-1,-1,-1
83,3,2,700,-1,1,-1,2,6
42,2,1,700,-1,-1,-1,-1,-1
8,1,1,700,1,-1,-1,-1,-1
14,1,2,700,1,-1,-1,-1,-1
7,1,2,700,1,-1,-1,-1,-1
53,2,2,700,-1,-1,-1,-1,-1
5,1,1,700,1,-1,-1,-1,-1
7,1,1,700,1,-1,-1,-1,-1
12,1,1,700,1,-1,-1,-1,-1
24,1,1,700,2,-1,-1,-1,-1
45,2,2,700,-1,-1,-1,-1,-1
32,1,2,700,-1,-1,-1,-1,-1
22,1,1,700,1,2,-1,2,8
35,2,1,700,-1,-1,-1,-1,-1
40,2,2,700,-1,1,-1,2,7
49,2,1,700,-1,-1,-1,-1,-1
36,2,1,700,-1,1,2,1,-1
58,2,2,700,-1,-1,-1,-1,-1
33,2,1,700,-1,-1,-1,-1,-1
14,1,2,700,1,-1,-1,-1,-1
9,1,1,700,1,-1,-1,-1,-1
13,1,1,700,1,-1,-1,-1,-1
53,4,1,700,-1,-1,-1,-1,-1
40,2,1,700,-1,-1,-1,-1,-1
5,1,2,700,1,-1,-1,-1,-1
47,2,2,700,-1,-1,-1,-1,-1
39,2,2,700,-1,-1,-1,-1,-1
56,2,2,700,-1,1,-1,2,3
7,1,2,700,1,-1,-1,-1,-1
34,2,1,700,-1,-1,-1,-1,-1
7,1,2,700,1,-1,-1,-1,-1
34,2,2,700,-1,1,-1,2,7
7,1,2,700,1,-1,-1,-1,-1
68,2,1,700,-1,-1,-1,-1,-1
6,1,1,700,1,-1,-1,-1,-1
16,1,1,700,1,2,-1,2,8
23,2,2,700,2,1,-1,2,7
46,2,2,700,-1,2,-1,2,7
26,2,2,700,-1,1,-1,2,7
22,1,1,700,2,1,-1,2,8
24,1,1,700,1,1,-1,2,8
79,2,1,700,-1,1,-1,2,6
41,2,2,700,-1,1,-1,2,7
61,2,2,700,-1,1,-1,2,6
13,1,2,700,1,-1,-1,-1,-1
13,1,1,700,1,-1,-1,-1,-1
12,1,2,700,1,-1,-1,-1,-1
38,2,2,700,-1,1,-1,2,7
46,2,1,700,-1,-1,-1,-1,-1
12,1,1,700,1,-1,-1,-1,-1
7,1,2,700,1,-1,-1,-1,-1
25,1,1,700,-1,-1,-1,-1,-1
18,1,2,700,2,-1,-1,-1,-1
41,1,1,700,-1,-1,-1,-1,-1
31,2,2,700,-1,-1,-1,-1,-1
16,1,1,700,1,2,-1,2,8
49,2,1,700,-1,-1,-1,-1,-1
14,1,1,700,1,-1,-1,-1,-1
59,2,1,700,-1,1,-1,2,7
36,2,1,700,-1,-1,-1,-1,-1
49,3,1,700,-1,-1,-1,-1,-1
7,1,2,700,1,-1,-1,-1,-1
40,2,1,700,-1,-1,-1,-1,-1
46,2,2,700,-1,-1,-1,-1,-1
19,1,1,700,2,2,-1,2,8
9,1,1,700,1,-1,-1,-1,-1
17,1,2,700,1,-1,-1,-1,-1
50,2,1,700,-1,-1,-1,-1,-1
28,2,2,700,-1,-1,-1,-1,-1
39,2,1,700,-1,-1,-1,-1,-1
49,2,1,700,-1,-1,-1,-1,-1
16,2,2,700,2,1,-1,2,7
5,1,1,700,1,-1,-1,-1,-1
13,1,2,700,2,-1,-1,-1,-1
17,1,2,700,1,2,-1,2,8
8,1,2,700,1,-1,-1,-1,-1
27,1,1,700,-1,-1,-1,-1,-1
5,1,1,700,1,-1,-1,-1,-1
36,2,1,700,-1,-1,-1,-1,-1
62,2,2,700,-1,1,-1,2,7
7,1,2,700,1,-1,-1,-1,-1
60,2,1,700,-1,-1,-1,-1,-1
23,1,2,700,2,-1,-1,-1,-1
7,1,1,700,1,-1,-1,-1,-1
33,2,2,700,-1,-1,-1,-1,-1
11,1,1,700,1,-1,-1,-1,-1
13,1,1,700,1,-1,-1,-1,-1
36,2,2,700,-1,1,-1,2,7
13,1,2,700,1,-1,-1,-1,-1
45,3,1,700,-1,-1,-1,-1,-1
43,2,2,700,-1,1,-1,2,7
44,2,2,700,-1,-1,-1,-1,-1
62,2,1,700,-1,-1,-1,-1,-1
17,1,1,700,1,2,-1,2,8
23,2,2,700,2,1,-1,2,7
34,2,1,700,-1,-1,-1,-1,-1
12,1,2,700,1,-1,-1,-1,-1
33,2,2,700,-1,1,-1,2,7
16,1,2,700,2,2,-1,2,7
11,1,1,700,1,-1,-1,-1,-1
13,1,1,700,1,-1,-1,-1,-1
60,2,2,700,-1,-1,-1,-1,-1
60,2,1,700,-1,-1,-1,-1,-1
62,2,2,700,-1,1,-1,2,7
51,2,1,700,-1,-1,-1,-1,-1
67,3,2,700,-1,1,-1,2,6
15,1,2,700,1,2,-1,2,8
19,1,2,700,1,2,-1,2,8
12,1,2,700,1,-1,-1,-1,-1
56,1,2,700,-1,-1,-1,-1,-1
69,2,1,700,-1,1,-1,2,6
18,1,2,700,1,2,-1,2,8
5,1,2,700,1,-1,-1,-1,-1
8,1,2,700,1,-1,-1,-1,-1
10,1,2,700,1,-1,-1,-1,-1
21,1,1,700,2,2,-1,2,2
17,1,1,700,1,2,-1,2,8
55,1,1,700,-1,1,2,1,-1
75,2,1,700,-1,1,-1,2,6
11,1,2,700,1,-1,-1,-1,-1
39,2,2,700,-1,-1,-1,-1,-1
5,1,1,700,1,-1,-1,-1,-1
64,2,2,700,-1,1,-1,2,6
72,3,2,700,-1,1,-1,2,3
31,2,1,700,-1,1,-1,2,2
17,1,1,700,1,-1,-1,-1,-1
57,2,1,700,-1,-1,-1,-1,-1
52,2,1,700,-1,-1,-1,-1,-1
36,2,2,700,-1,-1,-1,-1,-1
12,1,1,700,1,-1,-1,-1,-1
53,2,1,700,-1,-1,-1,-1,-1
16,1,1,700,2,2,-1,2,6
13,1,2,700,2,-1,-1,-1,-1
15,1,2,700,1,2,-1,2,8
12,1,1,700,1,-1,-1,-1,-1
22,1,2,700,2,-1,-1,-1,-1
10,1,2,700,1,-1,-1,-1,-1
41,2,2,700,-1,-1,-1,-1,-1
12,1,2,700,1,-1,-1,-1,-1
28,1,2,700,-1,-1,-1,-1,-1
56,2,1,700,-1,1,-1,2,6
16,1,1,700,1,1,-1,2,8
13,1,1,700,1,-1,-1,-1,-1
26,1,2,700,-1,1,-1,2,8
5,1,1,700,1,-1,-1,-1,-1
14,1,1,700,1,-1,-1,-1,-1
27,1,1,700,-1,2,2,1,-1
67,2,2,700,-1,1,-1,2,7
39,2,2,700,-1,2,-1,2,7
7,1,2,700,1,-1,-1,-1,-1
25,1,1,700,-1,1,-1,2,2
19,1,1,700,2,2,-1,2,1
60,2,2,700,-1,-1,-1,-1,-1
14,1,2,700,1,-1,-1,-1,-1
21,1,1,700,1,2,-1,2,8
58,2,1,700,-1,-1,-1,-1,-1
15,1,1,700,1,2,-1,2,8
14,1,2,700,1,-1,-1,-1,-1
65,2,2,700,-1,2,-1,2,7
17,1,1,700,1,2,-1,2,8
34,2,2,700,-1,-1,-1,-1,-1
64,2,1,700,-1,-1,-1,-1,-1
40,1,1,700,-1,-1,-1,-1,-1
12,1,2,700,1,-1,-1,-1,-1
43,2,1,700,-1,-1,-1,-1,-1
66,4,2,700,-1,-1,-1,-1,-1
32,2,1,700,-1,-1,-1,-1,-1
19,1,2,700,2,-1,-1,-1,-1
21,3,1,700,1,2,-1,2,8
11,1,1,700,1,-1,-1,-1,-1
60,2,1,700,-1,-1,-1,-1,-1
11,1,1,700,1,-1,-1,-1,-1
17,1,1,700,2,1,-1,2,7
10,1,2,700,1,-1,-1,-1,-1
13,1,1,700,2,-1,-1,-1,-1
7,1,2,700,1,-1,-1,-1,-1
54,2,1,700,-1,-1,-1,-1,-1
24,2,1,700,2,-1,-1,-1,-1
46,2,1,700,-1,-1,-1,-1,-1
21,1,1,700,2,2,-1,2,2
42,2,1,700,-1,-1,-1,-1,-1
13,1,2,700,1,-1,-1,-1,-1
6,1,2,700,1,-1,-1,-1,-1
61,1,1,700,-1,2,-1,2,6
7,1,2,700,1,-1,-1,-1,-1
27,1,2,700,-1,-1,-1,-1,-1
27,1,2,700,-1,2,-1,2,8
43,2,1,700,-1,-1,-1,-1,-1
5,1,1,700,1,-1,-1,-1,-1
9,1,1,700,2,-1,-1,-1,-1
56,3,1,700,-1,-1,-1,-1,-1
13,1,2,700,1,-1,-1,-1,-1
49,2,1,700,-1,-1,-1,-1,-1
67,3,2,700,-1,-1,-1,-1,-1
27,2,1,700,-1,-1,-1,-1,-1
40,2,2,700,-1,1,-1,2,7
41,2,2,700,-1,1,-1,2,7
18,1,1,700,2,-1,-1,-1,-1
13,1,1,700,1,-1,-1,-1,-1
20,1,2,700,1,2,-1,2,8
35,2,1,700,-1,-1,-1,-1,-1
31,2,1,700,-1,-1,-1,-1,-1
26,1,2,700,-1,-1,-1,-1,-1
6,1,2,700,1,-1,-1,-1,-1
61,2,1,700,-1,-1,-1,-1,-1
65,4,2,700,-1,1,-1,2,7
19,2,2,700,2,1,-1,2,7
12,1,1,700,1,-1,-1,-1,-1
32,2,1,700,-1,-1,-1,-1,-1
9,1,2,700,1,-1,-1,-1,-1
52,2,1,700,-1,-1,-1,-1,-1
28,1,1,700,-1,-1,-1,-1,-1
25,1,2,700,-1,1,-1,2,7
16,1,2,700,1,2,-1,2,8
35,2,2,700,-1,-1,-1,-1,-1
38,2,1,700,-1,-1,-1,-1,-1
38,2,1,700,-1,-1,-1,-1,-1
42,2,1,700,-1,-1,-1,-1,-1
54,2,2,700,-1,-1,-1,-1,-1
48,2,1,700,-1,-1,-1,-1,-1
6,1,1,700,1,-1,-1,-1,-1
74,2,1,700,-1,1,-1,2,6
13,1,2,700,1,-1,-1,-1,-1
5,1,2,700,1,-1,-1,-1,-1
25,2,1,700,-1,-1,-1,-1,-1
5,1,1,700,1,-1,-1,-1,-1
22,1,1,700,2,-1,-1,-1,-1
61,2,1,700,-1,-1,-1,-1,-1
51,2,1,700,-1,-1,-1,-1,-1
12,1,2,700,1,-1,-1,-1,-1
52,3,2,700,-1,-1,-1,-1,-1
71,2,1,700,-1,1,-1,2,6
14,1,2,700,1,-1,-1,-1,-1
7,1,2,700,1,-1,-1,-1,-1
18,1,1,700,1,2,-1,2,8
11,1,2,700,1,-1,-1,-1,-1
46,2,1,700,-1,-1,-1,-1,-1
52,2,2,700,-1,2,-1,2,7
50,2,2,700,-1,-1,-1,-1,-1
19,1,1,700,1,2,-1,2,8
62,2,2,700,-1,-1,-1,-1,-1
19,1,1,700,2,-1,-1,-1,-1
41,2,1,700,-1,1,-1,2,3
15,1,1,700,1,2,-1,2,8
12,1,1,700,1,-1,-1,-1,-1
34,2,1,700,-1,-1,-1,-1,-1
60,2,1,700,-1,2,-1,2,6
38,2,2,700,-1,2,-1,2,7
10,1,1,700,1,-1,-1,-1,-1
10,1,2,700,1,-1,-1,-1,-1
20,2,1,700,2,-1,-1,-1,-1
58,3,2,700,-1,1,-1,2,7
17,1,2,700,1,2,-1,2,8
11,1,1,700,1,-1,-1,-1,-1
14,1,1,700,1,-1,-1,-1,-1
8,1,1,700,1,-1,-1,-1,-1
14,1,2,700,1,-1,-1,-1,-1
19,1,1,700,1,1,-1,2,8
32,1,1,700,-1,-1,-1,-1,-1
25,1,1,700,-1,-1,-1,-1,-1
21,1,2,700,1,2,-1,2,8
15,1,1,700,2,2,-1,2,6
22,1,2,700,2,-1,-1,-1,-1
39,2,2,700,-1,-1,-1,-1,-1
28,2,1,700,-1,-1,-1,-1,-1
62,2,1,700,-1,1,-1,2,6
54,2,1,700,-1,1,-1,2,6
17,1,2,700,1,2,-1,2,8
18,1,1,700,2,-1,-1,-1,-1
6,1,1,700,1,-1,-1,-1,-1
13,1,2,700,1,-1,-1,-1,-1
16,1,2,700,1,2,-1,2,8
37,2,1,700,-1,-1,-1,-1,-1
43,2,1,700,-1,-1,-1,-1,-1
8,1,1,700,1,-1,-1,-1,-1
7,1,1,700,1,-1,-1,-1,-1
31,2,2,700,-1,1,-1,2,7
73,3,2,700,-1,-1,-1,-1,-1
13,1,2,700,1,-1,-1,-1,-1
9,1,1,700,1,-1,-1,-1,-1
26,1,1,700,-1,1,2,1,-1
13,1,2,700,1,-1,-1,-1,-1
20,1,2,700,2,1,-1,2,8
12,1,1,700,1,-1,-1,-1,-1
51,2,1,700,-1,-1,-1,-1,-1
21,1,1,700,1,-1,-1,-1,-1
46,2,2,700,-1,-1,-1,-1,-1
16,1,2,700,1,2,-1,2,8
19,1,2,700,2,2,-1,2,8
49,2,2,700,-1,-1,-1,-1,-1
24,2,2,700,2,1,-1,2,7
49,2,2,700,-1,-1,-1,-1,-1
80,3,2,700,-1,1,-1,2,6
8,1,1,700,1,-1,-1,-1,-1
31,2,1,700,-1,-1,-1,-1,-1
19,1,1,700,2,2,1,1,-1
35,2,1,700,-1,-1,-1,-1,-1
35,2,2,700,-1,-1,-1,-1,-1
16,1,1,700,1,2,-1,2,8
9,1,2,700,1,-1,-1,-1,-1
13,1,2,700,1,-1,-1,-1,-1
17,1,1,700,1,-1,-1,-1,-1
28,1,1,700,-1,-1,-1,-1,-1
27,2,2,700,-1,1,-1,2,7
22,1,1,700,1,1,-1,2,3
15,1,1,700,1,-1,-1,-1,-1
59,2,2,700,-1,-1,-1,-1,-1
47,2,1,700,-1,1,-1,2,5
16,1,1,700,1,2,-1,2,8
47,2,2,700,-1,1,-1,2,7
11,1,1,700,1,-1,-1,-1,-1
13,1,1,700,1,-1,-1,-1,-1
20,1,2,700,2,-1,-1,-1,-1
12,1,1,700,1,-1,-1,-1,-1
26,2,2,700,-1,-1,-1,-1,-1
14,1,2,700,1,-1,-1,-1,-1
60,2,1,700,-1,-1,-1,-1,-1
28,1,2,700,-1,1,2,1,-1
13,1,1,700,1,-1,-1,-1,-1
7,1,2,700,1,-1,-1,-1,-1
14,1,1,700,2,-1,-1,-1,-1
37,1,1,700,-1,-1,-1,-1,-1
30,1,1,700,-1,-1,-1,-1,-1
36,1,1,700,-1,-1,-1,-1,-1
46,2,1,700,-1,-1,-1,-1,-1
52,2,2,700,-1,-1,-1,-1,-1
7,1,2,700,1,-1,-1,-1,-1
16,3,2,700,2,2,-1,2,6
51,2,2,700,-1,-1,-1,-1,-1
33,2,2,700,-1,1,-1,2,7
55,2,2,700,-1,-1,-1,-1,-1
9,1,1,700,1,-1,-1,-1,-1
14,1,1,700,1,-1,-1,-1,-1
8,1,2,700,1,-1,-1,-1,-1
46,2,1,700,-1,-1,-1,-1,-1
45,2,2,700,-1,1,-1,2,7
6,1,1,700,1,-1,-1,-1,-1
68,2,2,700,-1,1,-1,2,7
28,1,1,700,-1,-1,-1,-1,-1
58,2,1,700,-1,-1,-1,-1,-1
19,1,1,700,2,2,-1,2,7
23,1,1,700,2,-1,-1,-1,-1
35,2,1,700,-1,-1,-1,-1,-1
11,1,2,700,1,-1,-1,-1,-1
39,2,1,700,-1,-1,-1,-1,-1
68,1,2,700,-1,1,-1,2,6
55,2,2,700,-1,-1,-1,-1,-1
25,1,1,700,-1,1,2,1,-1
8,1,1,700,1,-1,-1,-1,-1
37,2,1,700,-1,-1,-1,-1,-1
47,2,1,700,-1,-1,-1,-1,-1
13,1,2,700,1,-1,-1,-1,-1
7,1,2,700,1,-1,-1,-1,-1
32,2,2,700,-1,-1,-1,-1,-1
16,1,1,700,1,2,-1,2,8
68,3,2,700,-1,1,-1,2,6
28,2,1,700,-1,-1,-1,-1,-1
37,2,2,700,-1,1,-1,2,7
30,2,2,700,-1,-1,-1,-1,-1
58,2,2,700,-1,-1,-1,-1,-1
16,1,1,700,1,2,-1,2,8
42,2,1,700,-1,-1,-1,-1,-1
67,2,1,700,-1,-1,-1,-1,-1
31,2,1,700,-1,-1,-1,-1,-1
43,2,2,700,-1,1,-1,2,7
18,1,1,700,2,-1,-1,-1,-1
15,1,1,700,1,2,-1,2,8
11,1,2,700,1,-1,-1,-1,-1
8,1,1,700,1,-1,-1,-1,-1
68,2,1,700,-1,-1,-1,-1,-1
25,2,2,700,-1,1,-1,2,7
63,5,2,700,-1,-1,-1,-1,-1
44,4,1,700,-1,-1,-1,-1,-1
76,2,1,700,-1,-1,-1,-1,-1
39,2,1,700,-1,-1,-1,-1,-1
43,1,1,700,-1,-1,-1,-1,-1
28,2,1,700,-1,-1,-1,-1,-1
52,2,1,700,-1,1,-1,2,6
42,2,2,700,-1,-1,-1,-1,-1
60,2,1,700,-1,-1,-1,-1,-1
5,1,1,700,2,-1,-1,-1,-1
9,1,2,700,1,-1,-1,-1,-1
13,1,2,700,2,-1,-1,-1,-1
7,1,1,700,1,-1,-1,-1,-1
39,2,2,700,-1,-1,-1,-1,-1
14,1,2,700,1,-1,-1,-1,-1
20,1,2,700,2,-1,-1,-1,-1
33,2,2,700,-1,-1,-1,-1,-1
50,2,1,700,-1,-1,-1,-1,-1
20,1,1,700,2,2,-1,2,6
47,2,2,700,-1,1,-1,2,7
15,1,1,700,1,2,-1,2,9
41,4,2,700,-1,-1,-1,-1,-1
23,1,2,700,2,1,-1,2,1
18,2,2,700,2,1,-1,2,7
24,1,1,700,2,-1,-1,-1,-1
65,2,1,700,-1,-1,-1,-1,-1
52,3,2,700,-1,-1,-1,-1,-1
6,1,1,700,1,-1,-1,-1,-1
6,1,1,700,1,-1,-1,-1,-1
60,3,2,700,-1,1,-1,2,7
18,1,2,700,2,1,-1,2,7
21,1,1,700,2,1,2,1,-1
18,1,2,700,1,2,-1,2,8
22,1,2,700,2,-1,-1,-1,-1
58,2,2,700,-1,-1,-1,-1,-1
66,2,1,700,-1,-1,-1,-1,-1
19,1,1,700,2,2,-1,2,2
19,1,2,700,2,-1,-1,-1,-1
20,1,1,700,2,2,-1,2,7
12,1,1,700,1,-1,-1,-1,-1
25,2,2,700,-1,1,-1,2,7
19,1,1,700,2,1,-1,2,8
13,1,1,700,1,-1,-1,-1,-1
17,1,2,700,1,2,-1,2,8
17,1,1,700,1,2,-1,2,8
12,1,2,700,1,-1,-1,-1,-1
13,1,2,700,1,-1,-1,-1,-1
60,2,1,700,-1,1,-1,2,6
69,2,1,700,-1,1,-1,2,3
19,1,1,700,2,-1,-1,-1,-1
15,1,1,700,1,2,-1,2,8
11,1,1,700,1,-1,-1,-1,-1
38,2,2,700,-1,-1,-1,-1,-1
64,2,1,700,-1,1,-1,2,6
33,1,1,700,-1,-1,-1,-1,-1
19,1,1,700,1,2,-1,2,8
6,1,1,700,1,-1,-1,-1,-1
12,1,1,700,1,-1,-1,-1,-1
32,2,2,700,-1,-1,-1,-1,-1
9,1,1,700,1,-1,-1,-1,-1
52,1,1,700,-1,1,-1,2,6
13,1,1,700,1,-1,-1,-1,-1
54,2,1,700,-1,-1,-1,-1,-1
15,1,1,700,1,2,-1,2,7
35,2,2,700,-1,1,-1,2,7
15,1,2,700,1,2,-1,2,8
47,2,1,700,-1,-1,-1,-1,-1
12,1,2,700,1,-1,-1,-1,-1
19,1,1,700,2,1,-1,2,7
46,2,2,700,-1,-1,-1,-1,-1
10,1,2,700,1,-1,-1,-1,-1
12,1,1,700,1,-1,-1,-1,-1
7,1,2,700,1,-1,-1,-1,-1
75,3,2,700,-1,1,-1,2,6
33,1,2,700,-1,1,-1,2,7
46,2,2,700,-1,-1,-1,-1,-1
40,2,2,700,-1,1,-1,2,7
22,1,1,700,1,-1,-1,-1,-1
7,1,1,700,1,-1,-1,-1,-1
50,2,1,700,-1,-1,-1,-1,-1
8,1,2,700,1,-1,-1,-1,-1
9,1,2,700,1,-1,-1,-1,-1
36,2,1,700,-1,1,-1,2,7
12,1,2,700,1,-1,-1,-1,-1
28,2,1,700,-1,-1,-1,-1,-1
35,2,2,700,-1,-1,-1,-1,-1
43,2,2,700,-1,1,-1,2,7
26,1,2,700,-1,-1,-1,-1,-1
12,1,1,700,1,-1,-1,-1,-1
56,2,1,700,-1,1,-1,2,9
9,1,1,700,1,-1,-1,-1,-1
50,2,2,700,-1,1,-1,2,3
32,1,1,700,-1,1,-1,2,5
25,2,1,700,-1,-1,-1,-1,-1
9,1,1,700,1,-1,-1,-1,-1
63,2,1,700,-1,-1,-1,-1,-1
66,2,2,700,-1,-1,-1,-1,-1
5,1,1,700,1,-1,-1,-1,-1
32,2,1,700,-1,-1,-1,-1,-1
19,1,2,700,1,1,-1,2,8
20,1,1,700,2,-1,-1,-1,-1
17,1,2,700,1,2,-1,2,8
64,2,1,700,-1,-1,-1,-1,-1
47,2,2,700,-1,1,-1,2,7
26,2,1,700,-1,-1,-1,-1,-1
39,2,2,700,-1,-1,-1,-1,-1
7,1,2,700,1,-1,-1,-1,-1
47,2,2,700,-1,1,-1,2,7
45,2,1,700,-1,-1,-1,-1,-1
49,2,2,700,-1,-1,-1,-1,-1
38,2,1,700,-1,-1,-1,-1,-1
27,1,2,700,-1,1,-1,2,7
67,1,1,700,-1,-1,-1,-1,-1
17,1,1,700,1,2,-1,2,8
26,1,2,700,-1,1,-1,2,7
64,2,2,700,-1,2,-1,2,6
22,2,1,700,2,-1,-1,-1,-1
61,2,1,700,-1,-1,-1,-1,-1
33,1,1,700,-1,-1,-1,-1,-1
8,1,2,700,1,-1,-1,-1,-1
38,1,1,700,-1,-1,-1,-1,-1
13,1,1,700,1,-1,-1,-1,-1
23,2,1,700,2,-1,-1,-1,-1
15,1,2,700,1,2,-1,2,8
29,2,1,700,-1,-1,-1,-1,-1
9,1,1,700,1,-1,-1,-1,-1
9,1,1,700,1,-1,-1,-1,-1
24,1,1,700,2,2,1,1,-1
47,2,2,700,-1,-1,-1,-1,-1
25,2,1,700,-1,-1,-1,-1,-1
43,2,1,700,-1,-1,-1,-1,-1
56,2,2,700,-1,-1,-1,-1,-1
20,1,2,700,2,-1,-1,-1,-1
24,2,1,700,2,-1,-1,-1,-1
40,2,2,700,-1,-1,-1,-1,-1
64,2,2,700,-1,-1,-1,-1,-1
61,2,1,700,-1,-1,-1,-1,-1
5,1,2,700,1,-1,-1,-1,-1
32,4,2,700,-1,-1,-1,-1,-1
74,4,2,700,-1,1,-1,2,6
6,1,1,700,1,-1,-1,-1,-1
45,3,2,700,-1,1,-1,2,7
29,2,1,700,-1,-1,-1,-1,-1
5,1,2,700,1,-1,-1,-1,-1
43,2,2,700,-1,-1,-1,-1,-1
39,2,2,700,-1,-1,-1,-1,-1
6,1,1,700,1,-1,-1,-1,-1
37,2,2,700,-1,-1,-1,-1,-1
48,2,2,700,-1,1,-1,2,7
60,3,2,700,-1,-1,-1,-1,-1
41,2,1,700,-1,-1,-1,-1,-1
14,1,1,700,1,-1,-1,-1,-1
21,1,2,700,2,-1,-1,-1,-1
11,1,2,700,1,-1,-1,-1,-1
59,2,2,700,-1,-1,-1,-1,-1
8,1,2,700,1,-1,-1,-1,-1
26,2,2,700,-1,-1,-1,-1,-1
54,4,2,700,-1,-1,-1,-1,-1
49,2,2,700,-1,1,-1,2,7
57,2,2,700,-1,-1,-1,-1,-1
21,1,2,700,2,-1,-1,-1,-1
18,1,2,700,1,-1,-1,-1,-1
23,1,1,700,2,1,-1,2,5
46,2,2,700,-1,1,-1,2,7
18,2,1,700,2,-1,-1,-1,-1
26,1,2,700,-1,-1,-1,-1,-1
25,2,1,700,-1,-1,-1,-1,-1
29,1,2,700,-1,1,2,1,-1
33,2,2,700,-1,-1,-1,-1,-1
50,2,1,700,-1,-1,-1,-1,-1
23,1,2,700,2,-1,-1,-1,-1
32,2,2,700,-1,-1,-1,-1,-1
22,1,2,700,2,2,-1,2,7
12,1,2,700,1,-1,-1,-1,-1
21,1,2,700,2,1,-1,2,7
12,1,2,700,1,-1,-1,-1,-1
68,2,1,700,-1,1,-1,2,6
24,1,2,700,2,-1,-1,-1,-1
43,2,2,700,-1,-1,-1,-1,-1
20,1,1,700,2,2,-1,2,1
45,2,1,700,-1,-1,-1,-1,-1
46,1,1,700,-1,-1,-1,-1,-1
14,1,2,700,1,-1,-1,-1,-1
19,1,1,700,1,2,-1,2,8
40,2,1,700,-1,-1,-1,-1,-1
31,2,1,700,-1,-1,-1,-1,-1
34,1,1,700,-1,-1,-1,-1,-1
25,2,1,700,-1,-1,-1,-1,-1
31,2,2,700,-1,-1,-1,-1,-1
40,2,2,700,-1,1,-1,2,7
16,1,1,700,1,2,-1,2,8
10,1,2,700,1,-1,-1,-1,-1
12,1,2,700,1,-1,-1,-1,-1
28,1,2,700,-1,2,-1,2,7
8,1,1,700,1,-1,-1,-1,-1
51,2,2,700,-1,-1,-1,-1,-1
63,2,2,700,-1,1,-1,2,6
54,3,2,700,-1,-1,-1,-1,-1
5,1,1,700,1,-1,-1,-1,-1
79,3,2,700,-1,1,-1,2,6
8,1,1,700,1,-1,-1,-1,-1
16,1,2,700,1,1,-1,2,7
28,2,1,700,-1,-1,-1,-1,-1
14,1,1,700,1,-1,-1,-1,-1
29,2,2,700,-1,1,-1,2,7
39,2,2,700,-1,-1,-1,-1,-1
20,1,1,700,2,2,-1,2,1
10,1,1,700,1,-1,-1,-1,-1
36,1,2,700,-1,-1,-1,-1,-1
8,1,1,700,1,-1,-1,-1,-1
6,1,1,700,1,-1,-1,-1,-1
54,2,1,700,-1,-1,-1,-1,-1
36,2,1,700,-1,-1,-1,-1,-1
60,1,2,700,-1,-1,-1,-1,-1
17,1,2,700,2,2,-1,2,7
22,2,1,700,2,1,-1,2,5
8,1,2,700,1,-1,-1,-1,-1
25,1,1,700,-1,-1,-1,-1,-1
11,1,2,700,1,-1,-1,-1,-1
30,2,1,700,-1,-1,-1,-1,-1
51,2,1,700,-1,-1,-1,-1,-1
27,2,2,700,-1,1,-1,2,7
54,2,2,700,-1,1,-1,2,7
16,1,2,700,1,2,-1,2,8
11,1,1,700,1,-1,-1,-1,-1
23,2,2,700,2,2,-1,2,7
21,1,1,700,2,-1,-1,-1,-1
24,1,1,700,2,-1,-1,-1,-1
25,2,2,700,-1,1,-1,2,7
12,1,1,700,1,-1,-1,-1,-1
22,1,1,700,2,2,1,1,-1
36,2,2,700,-1,2,-1,2,7
9,1,1,700,1,-1,-1,-1,-1
42,1,2,700,-1,1,-1,2,7
5,1,2,700,1,-1,-1,-1,-1
78,3,2,700,-1,-1,-1,-1,-1
67,3,2,700,-1,1,-1,2,3
27,2,2,700,-1,1,-1,2,7
26,2,2,700,-1,2,-1,2,7
57,2,2,700,-1,-1,-1,-1,-1
21,1,1,700,1,2,-1,2,8
23,1,1,700,2,-1,-1,-1,-1
23,1,1,700,2,-1,-1,-1,-1
17,1,2,700,1,1,-1,2,7
32,2,2,700,-1,1,-1,2,7
40,2,2,700,-1,-1,-1,-1,-1
57,2,2,700,-1,-1,-1,-1,-1
5,1,1,700,1,-1,-1,-1,-1
17,1,2,700,1,1,-1,2,8
49,2,2,700,-1,1,-1,2,7
64,2,1,700,-1,1,-1,2,6
66,2,1,700,-1,1,-1,2,3
11,1,2,700,1,-1,-1,-1,-1
38,2,2,700,-1,1,-1,2,7
18,1,2,700,2,-1,-1,-1,-1
31,2,1,700,-1,-1,-1,-1,-1
7,1,2,700,2,-1,-1,-1,-1
30,2,1,700,-1,-1,-1,-1,-1
49,2,2,700,-1,-1,-1,-1,-1
9,1,2,700,1,-1,-1,-1,-1
10,1,1,700,1,-1,-1,-1,-1
5,1,2,700,1,-1,-1,-1,-1
44,2,2,700,-1,-1,-1,-1,-1
10,1,1,700,1,-1,-1,-1,-1
67,3,1,700,-1,1,-1,2,6
28,2,1,700,-1,-1,-1,-1,-1
17,1,2,700,2,-1,-1,-1,-1
34,2,2,700,-1,2,-1,2,7
22,2,1,700,2,-1,-1,-1,-1
61,3,2,700,-1,1,-1,2,9
56,3,2,700,-1,-1,-1,-1,-1
32,1,1,700,-1,-1,-1,-1,-1
6,1,1,700,1,-1,-1,-1,-1
19,1,2,700,2,-1,-1,-1,-1
8,1,2,700,1,-1,-1,-1,-1
9,1,1,700,1,-1,-1,-1,-1
5,1,1,700,2,-1,-1,-1,-1
46,1,2,700,-1,-1,-1,-1,-1
21,1,1,700,2,-1,-1,-1,-1
29,2,2,700,-1,1,-1,2,7
22,2,2,700,2,2,-1,2,7
9,1,2,700,1,-1,-1,-1,-1
20,1,1,700,2,-1,-1,-1,-1
34,2,1,700,-1,-1,-1,-1,-1
9,1,1,700,1,-1,-1,-1,-1
10,1,2,700,1,-1,-1,-1,-1
47,2,1,700,-1,-1,-1,-1,-1
6,1,1,700,1,-1,-1,-1,-1
67,1,2,700,-1,2,-1,2,6
42,2,2,700,-1,-1,-1,-1,-1
48,2,1,700,-1,-1,-1,-1,-1
75,2,1,700,-1,1,-1,2,6
14,1,2,700,1,-1,-1,-1,-1
13,1,1,700,1,-1,-1,-1,-1
18,1,1,700,1,2,-1,2,8
19,1,1,700,2,-1,-1,-1,-1
16,1,1,700,1,2,-1,2,8
29,2,2,700,-1,1,-1,2,7
43,2,1,700,-1,-1,-1,-1,-1
6,1,1,700,1,-1,-1,-1,-1
54,2,1,700,-1,-1,-1,-1,-1
9,1,1,700,1,-1,-1,-1,-1
51,2,2,700,-1,-1,-1,-1,-1
50,2,2,700,-1,-1,-1,-1,-1
16,1,1,700,1,2,-1,2,8
53,1,2,700,-1,-1,-1,-1,-1
35,2,1,700,-1,-1,-1,-1,-1
16,1,2,700,1,2,-1,2,8
55,2,1,700,-1,-1,-1,-1,-1
11,1,1,700,2,-1,-1,-1,-1
37,1,2,700,-1,-1,-1,-1,-1
9,1,1,700,1,-1,-1,-1,-1
33,2,1,700,-1,-1,-1,-1,-1
27,2,2,700,-1,1,-1,2,7
50,2,1,700,-1,-1,-1,-1,-1
70,2,1,700,-1,-1,-1,-1,-1
18,2,2,700,2,2,-1,2,7
7,1,2,700,1,-1,-1,-1,-1
45,2,2,700,-1,-1,-1,-1,-1
50,2,2,700,-1,2,-1,2,7
55,2,2,700,-1,1,-1,2,7
70,2,1,700,-1,-1,-1,-1,-1
69,3,2,700,-1,-1,-1,-1,-1
36,2,1,700,-1,-1,-1,-1,-1
5,1,1,700,1,-1,-1,-1,-1
78,2,1,700,-1,1,-1,2,6
63,2,1,700,-1,-1,-1,-1,-1
40,2,2,700,-1,1,-1,2,7
47,2,2,700,-1,-1,-1,-1,-1
43,2,2,700,-1,-1,-1,-1,-1
13,1,1,700,1,-1,-1,-1,-1
34,2,2,700,-1,2,-1,2,5
24,1,1,700,2,-1,-1,-1,-1
20,1,2,700,1,1,-1,2,8
21,2,2,700,2,1,-1,2,7
7,1,2,700,1,-1,-1,-1,-1
19,1,2,700,1,2,-1,2,8
47,2,2,700,-1,-1,-1,-1,-1
35,2,2,700,-1,-1,-1,-1,-1
38,2,2,700,-1,1,-1,2,7
58,2,2,700,-1,1,-1,2,7
17,1,2,700,1,2,-1,2,8
20,1,1,700,2,1,-1,2,5
6,1,2,700,1,-1,-1,-1,-1
53,2,2,700,-1,1,-1,2,7
6,1,1,700,1,-1,-1,-1,-1
6,1,1,700,1,-1,-1,-1,-1
68,2,2,700,-1,-1,-1,-1,-1
65,2,2,700,-1,-1,-1,-1,-1
24,2,2,700,2,1,-1,2,7
21,1,1,700,2,2,-1,2,1
34,2,2,700,-1,-1,-1,-1,-1
68,2,1,700,-1,-1,-1,-1,-1
23,1,2,700,2,2,-1,2,8
33,2,1,700,-1,-1,-1,-1,-1
22,2,1,700,2,1,2,1,-1
15,1,2,700,1,2,-1,2,8
20,1,2,700,1,2,-1,2,8
7,1,1,700,1,-1,-1,-1,-1
57,2,2,700,-1,-1,-1,-1,-1
53,2,1,700,-1,-1,-1,-1,-1
42,2,1,700,-1,-1,-1,-1,-1
49,2,2,700,-1,-1,-1,-1,-1
25,2,1,700,-1,-1,-1,-1,-1
57,2,1,700,-1,-1,-1,-1,-1
25,2,2,700,-1,1,-1,2,7
43,2,1,700,-1,-1,-1,-1,-1
48,2,2,700,-1,-1,-1,-1,-1
16,1,2,700,1,2,-1,2,8
30,1,2,700,-1,-1,-1,-1,-1
39,2,2,700,-1,-1,-1,-1,-1
65,2,1,700,-1,-1,-1,-1,-1
16,1,2,700,1,2,-1,2,8
9,1,1,700,1,-1,-1,-1,-1
28,1,2,700,-1,-1,-1,-1,-1
45,2,2,700,-1,-1,-1,-1,-1
20,1,1,700,2,2,-1,2,1
21,1,1,700,1,2,-1,2,8
26,2,1,700,-1,-1,-1,-1,-1
17,1,2,700,1,2,-1,2,8
43,2,2,700,-1,-1,-1,-1,-1
5,1,2,700,1,-1,-1,-1,-1
27,2,2,700,-1,2,-1,2,7
9,1,2,700,2,-1,-1,-1,-1
34,2,1,700,-1,-1,-1,-1,-1
16,1,1,700,2,-1,-1,-1,-1
14,1,1,700,1,-1,-1,-1,-1
7,1,1,700,1,-1,-1,-1,-1
5,1,1,700,1,-1,-1,-1,-1
25,1,2,700,-1,1,-1,2,7
12,1,2,700,1,-1,-1,-1,-1
10,1,2,700,1,-1,-1,-1,-1
5,1,1,700,2,-1,-1,-1,-1
7,1,2,700,1,-1,-1,-1,-1
41,2,2,700,-1,1,-1,2,3
45,2,2,700,-1,1,-1,2,7
37,2,2,700,-1,2,-1,2,7
13,1,2,700,1,-1,-1,-1,-1
7,1,1,700,1,-1,-1,-1,-1
40,2,1,700,-1,-1,-1,-1,-1
8,1,1,700,1,-1,-1,-1,-1
75,2,2,700,-1,1,-1,2,6
11,1,1,700,1,-1,-1,-1,-1
26,2,1,700,-1,-1,-1,-1,-1
14,1,1,700,2,-1,-1,-1,-1
34,2,1,700,-1,-1,-1,-1,-1
47,2,2,700,-1,1,-1,2,7
36,1,1,700,-1,-1,-1,-1,-1
18,1,2,700,1,2,-1,2,8
26,2,2,700,-1,-1,-1,-1,-1
21,1,2,700,1,2,-1,2,8
33,1,2,700,-1,-1,-1,-1,-1
34,2,1,700,-1,-1,-1,-1,-1
5,1,2,700,1,-1,-1,-1,-1
35,2,1,700,-1,-1,-1,-1,-1
33,2,1,700,-1,-1,-1,-1,-1
20,1,1,700,2,-1,-1,-1,-1
24,1,1,700,1,-1,-1,-1,-1
27,2,1,700,-1,-1,-1,-1,-1
10,1,1,700,1,-1,-1,-1,-1
7,1,1,700,2,-1,-1,-1,-1
28,2,2,700,-1,-1,-1,-1,-1
6,1,1,700,1,-1,-1,-1,-1
47,2,2,700,-1,-1,-1,-1,-1
36,1,2,700,-1,-1,-1,-1,-1
9,1,1,700,1,-1,-1,-1,-1
40,2,1,700,-1,-1,-1,-1,-1
34,2,2,700,-1,-1,-1,-1,-1
53,2,2,700,-1,-1,-1,-1,-1
51,2,2,700,-1,1,-1,2,7
40,2,1,700,-1,-1,-1,-1,-1
60,2,1,700,-1,-1,-1,-1,-1
13,1,2,700,1,-1,-1,-1,-1
15,1,2,700,1,1,-1,2,8
35,2,2,700,-1,-1,-1,-1,-1
68,1,1,700,-1,-1,-1,-1,-1
42,2,2,700,-1,2,-1,2,7
25,1,1,700,-1,-1,-1,-1,-1
17,2,1,700,1,2,-1,2,8
23,2,2,700,2,1,-1,2,7
30,2,2,700,-1,-1,-1,-1,-1
16,1,1,700,1,-1,-1,-1,-1
16,1,1,700,1,2,-1,2,8
17,1,2,700,1,2,-1,2,8
21,1,1,700,2,-1,-1,-1,-1
60,3,2,700,-1,-1,-1,-1,-1
5,1,1,700,1,-1,-1,-1,-1
14,1,2,700,1,-1,-1,-1,-1
42,1,1,700,-1,-1,-1,-1,-1
15,1,2,700,1,2,-1,2,8
42,2,1,700,-1,1,-1,2,7
10,1,2,700,1,-1,-1,-1,-1
32,2,1,700,-1,-1,-1,-1,-1
18,1,1,700,2,-1,-1,-1,-1
6,1,2,700,1,-1,-1,-1,-1
50,2,1,700,-1,-1,-1,-1,-1
16,1,2,700,1,2,-1,2,8
12,1,2,700,1,-1,-1,-1,-1
31,2,1,700,-1,-1,-1,-1,-1
48,2,2,700,-1,2,-1,2,7
19,1,1,700,2,-1,-1,-1,-1
58,3,1,700,-1,-1,-1,-1,-1
16,1,1,700,1,2,-1,2,8
11,1,1,700,1,-1,-1,-1,-1
14,1,2,700,1,-1,-1,-1,-1
7,1,1,700,1,-1,-1,-1,-1
38,2,1,700,-1,1,-1,2,3
21,1,1,700,2,-1,-1,-1,-1
5,1,2,700,1,-1,-1,-1,-1
39,2,2,700,-1,1,-1,2,7
19,1,1,700,1,2,-1,2,8
48,2,2,700,-1,-1,-1,-1,-1
33,1,1,700,-1,1,-1,2,9
16,1,1,700,1,2,-1,2,8
14,1,2,700,1,-1,-1,-1,-1
62,2,1,700,-1,-1,-1,-1,-1
26,1,2,700,-1,1,2,1,-1
14,1,2,700,1,-1,-1,-1,-1
38,2,1,700,-1,1,-1,2,7
42,2,1,700,-1,-1,-1,-1,-1
41,2,2,700,-1,-1,-1,-1,-1
39,2,2,700,-1,2,-1,2,7
14,1,1,700,1,-1,-1,-1,-1
33,2,2,700,-1,1,-1,2,7
13,1,1,700,1,-1,-1,-1,-1
36,2,2,700,-1,-1,-1,-1,-1
33,2,2,700,-1,1,-1,2,7
54,2,1,700,-1,-1,-1,-1,-1
29,2,2,700,-1,2,-1,2,7
61,2,1,700,-1,1,-1,2,6
62,2,2,700,-1,1,-1,2,7
44,2,2,700,-1,1,-1,2,7
7,1,2,700,1,-1,-1,-1,-1
71,2,2,700,-1,1,-1,2,6
13,1,1,700,1,-1,-1,-1,-1
6,1,2,700,1,-1,-1,-1,-1
37,2,2,700,-1,2,-1,2,7
33,2,2,700,-1,-1,-1,-1,-1
41,2,2,700,-1,-1,-1,-1,-1
18,1,2,700,2,1,-1,2,7
30,2,1,700,-1,-1,-1,-1,-1
30,2,2,700,-1,-1,-1,-1,-1
53,2,2,700,-1,-1,-1,-1,-1
30,2,2,700,-1,-1,-1,-1,-1
28,2,1,700,-1,-1,-1,-1,-1
48,1,2,700,-1,-1,-1,-1,-1
14,1,2,700,1,-1,-1,-1,-1
24,1,2,700,2,-1,-1,-1,-1
61,1,2,700,-1,1,-1,2,9
60,2,2,700,-1,1,-1,2,7
20,1,2,700,2,1,-1,2,9
44,2,1,700,-1,-1,-1,-1,-1
15,1,2,700,1,2,-1,2,8
30,2,1,700,-1,-1,-1,-1,-1
17,1,1,700,1,2,-1,2,8
49,2,1,700,-1,-1,-1,-1,-1
21,1,2,700,2,-1,-1,-1,-1
59,2,1,700,-1,-1,-1,-1,-1
51,2,2,700,-1,1,-1,2,7
64,2,1,700,-1,-1,-1,-1,-1
84,3,2,700,-1,1,-1,2,6
21,2,2,700,2,-1,-1,-1,-1
15,1,2,700,1,-1,-1,-1,-1
19,1,1,700,1,2,-1,2,8
13,1,1,700,1,-1,-1,-1,-1
15,1,1,700,1,2,-1,2,8
60,2,1,700,-1,-1,-1,-1,-1
26,1,1,700,-1,-1,-1,-1,-1
26,1,1,700,-1,1,2,1,-1
16,1,2,700,1,2,-1,2,8
49,2,1,700,-1,-1,-1,-1,-1
49,2,1,700,-1,-1,-1,-1,-1
47,2,2,700,-1,1,-1,2,7
33,1,1,700,-1,1,-1,2,5
51,2,2,700,-1,2,-1,2,7
33,1,1,700,-1,1,-1,2,9
37,2,2,700,-1,-1,-1,-1,-1
14,1,2,700,1,-1,-1,-1,-1
28,2,1,700,-1,-1,-1,-1,-1
53,2,1,700,-1,-1,-1,-1,-1
22,1,1,700,2,2,2,1,-1
15,1,1,700,1,2,-1,2,8
66,2,2,700,-1,1,-1,2,6
7,1,1,700,1,-1,-1,-1,-1
5,1,1,700,2,-1,-1,-1,-1
18,1,2,700,2,-1,-1,-1,-1
25,1,2,700,-1,-1,-1,-1,-1
26,2,2,700,-1,2,-1,2,7
10,1,2,700,1,-1,-1,-1,-1
41,2,2,700,-1,-1,-1,-1,-1
5,1,2,700,2,-1,-1,-1,-1
12,1,1,700,1,-1,-1,-1,-1
19,1,2,700,2,-1,-1,-1,-1
5,1,2,700,1,-1,-1,-1,-1
9,1,1,700,1,-1,-1,-1,-1
43,2,2,700,-1,1,-1,2,7
16,1,2,700,1,2,-1,2,8
35,2,2,700,-1,1,-1,2,7
10,1,2,700,1,-1,-1,-1,-1
12,1,2,700,1,-1,-1,-1,-1
51,2,1,700,-1,-1,-1,-1,-1
10,1,1,700,2,-1,-1,-1,-1
44,2,2,700,-1,1,-1,2,7
16,1,2,700,1,2,-1,2,8
12,1,2,700,1,-1,-1,-1,-1
45,2,1,700,-1,-1,-1,-1,-1
41,2,1,700,-1,-1,-1,-1,-1
5,1,1,700,2,-1,-1,-1,-1
55,2,1,700,-1,-1,-1,-1,-1
14,1,1,700,1,-1,-1,-1,-1
63,2,2,700,-1,-1,-1,-1,-1
14,1,2,700,1,-1,-1,-1,-1
45,2,1,700,-1,-1,-1,-1,-1
14,1,1,700,1,-1,-1,-1,-1
6,1,2,700,1,-1,-1,-1,-1
40,2,2,700,-1,-1,-1,-1,-1
16,1,2,700,1,2,-1,2,8
28,1,2,700,-1,-1,-1,-1,-1
8,1,2,700,1,-1,-1,-1,-1
45,2,2,700,-1,-1,-1,-1,-1
69,2,2,700,-1,-1,-1,-1,-1
7,1,2,700,1,-1,-1,-1,-1
59,2,1,700,-1,-1,-1,-1,-1
28,1,1,700,-1,-1,-1,-1,-1
34,2,2,700,-1,1,-1,2,7
22,1,2,700,2,-1,-1,-1,-1
32,2,2,700,-1,-1,-1,-1,-1
30,2,1,700,-1,-1,-1,-1,-1
30,1,1,700,-1,-1,-1,-1,-1
6,1,1,700,1,-1,-1,-1,-1
60,2,1,700,-1,-1,-1,-1,-1
36,2,1,700,-1,1,-1,2,7
21,1,1,700,2,-1,-1,-1,-1
51,2,1,700,-1,-1,-1,-1,-1
37,1,1,700,-1,1,2,1,-1
35,1,2,700,-1,1,-1,2,7
16,1,1,700,2,2,-1,2,6
16,1,1,700,1,2,-1,2,8
25,1,1,700,-1,-1,-1,-1,-1
9,1,2,700,1,-1,-1,-1,-1
13,1,2,700,1,-1,-1,-1,-1
12,1,2,700,1,-1,-1,-1,-1
27,2,1,700,-1,-1,-1,-1,-1
46,2,1,700,-1,-1,-1,-1,-1
7,1,1,700,2,-1,-1,-1,-1
53,1,1,700,-1,-1,-1,-1,-1
9,1,1,700,1,-1,-1,-1,-1
6,1,2,700,1,-1,-1,-1,-1
11,1,2,700,1,-1,-1,-1,-1
34,2,2,700,-1,1,-1,2,1
13,1,2,700,1,-1,-1,-1,-1
39,2,2,700,-1,1,-1,2,7
30,2,1,700,-1,-1,-1,-1,-1
26,1,1,700,-1,2,-1,2,7
39,2,2,700,-1,1,-1,2,7
21,1,1,700,2,-1,-1,-1,-1
36,2,2,700,-1,1,-1,2,7
30,2,1,700,-1,-1,-1,-1,-1
40,2,1,700,-1,-1,-1,-1,-1
43,2,2,700,-1,-1,-1,-1,-1
45,2,2,700,-1,-1,-1,-1,-1
7,1,1,700,1,-1,-1,-1,-1
46,2,1,700,-1,-1,-1,-1,-1
53,1,2,700,-1,-1,-1,-1,-1
46,2,1,700,-1,-1,-1,-1,-1
16,1,2,700,1,2,-1,2,8
44,1,2,700,-1,1,-1,2,7
5,1,2,700,1,-1,-1,-1,-1
56,2,2,700,-1,-1,-1,-1,-1
39,2,1,700,-1,-1,-1,-1,-1
56,2,1,700,-1,-1,-1,-1,-1
5,1,2,700,2,-1,-1,-1,-1
41,2,1,700,-1,-1,-1,-1,-1
9,1,2,700,1,-1,-1,-1,-1
11,1,1,700,1,-1,-1,-1,-1
10,1,1,700,1,-1,-1,-1,-1
6,1,2,700,1,-1,-1,-1,-1
70,2,2,700,-1,1,-1,2,7
15,1,1,700,1,-1,-1,-1,-1
40,1,2,700,-1,-1,-1,-1,-1
22,1,2,700,2,-1,-1,-1,-1
33,2,1,700,-1,-1,-1,-1,-1
43,2,1,700,-1,-1,-1,-1,-1
32,2,1,700,-1,-1,-1,-1,-1
46,1,1,700,-1,-1,-1,-1,-1
26,1,1,700,-1,2,-1,2,9
16,1,2,700,1,2,-1,2,8
16,1,2,700,1,2,-1,2,8
35,2,1,700,-1,-1,-1,-1,-1
79,2,1,700,-1,-1,-1,-1,-1
43,1,1,700,-1,-1,-1,-1,-1
41,2,2,700,-1,1,-1,2,7
35,2,1,700,-1,-1,-1,-1,-1
10,1,2,700,2,-1,-1,-1,-1
8,1,1,700,1,-1,-1,-1,-1
23,2,2,700,2,1,-1,2,7
21,2,1,700,2,-1,-1,-1,-1
7,1,1,700,1,-1,-1,-1,-1
50,2,2,700,-1,1,-1,2,7
54,2,1,700,-1,-1,-1,-1,-1
50,2,2,700,-1,1,-1,2,7
66,2,2,700,-1,2,-1,2,7
47,2,2,700,-1,-1,-1,-1,-1
60,2,1,700,-1,1,-1,2,4
37,2,1,700,-1,-1,-1,-1,-1
8,1,2,700,1,-1,-1,-1,-1
16,1,1,700,2,2,-1,2,7
54,3,2,700,-1,-1,-1,-1,-1
26,2,1,700,-1,-1,-1,-1,-1
12,1,1,700,1,-1,-1,-1,-1
29,2,1,700,-1,-1,-1,-1,-1
8,1,1,700,1,-1,-1,-1,-1
39,2,1,700,-1,-1,-1,-1,-1
34,2,1,700,-1,-1,-1,-1,-1
28,1,2,700,-1,-1,-1,-1,-1
63,2,2,700,-1,-1,-1,-1,-1
24,2,2,700,2,1,-1,2,7
60,2,1,700,-1,-1,-1,-1,-1
13,1,1,700,1,-1,-1,-1,-1
36,2,1,700,-1,-1,-1,-1,-1
14,1,2,700,1,-1,-1,-1,-1
19,1,1,700,1,2,-1,2,8
24,2,2,700,2,-1,-1,-1,-1
51,2,2,700,-1,-1,-1,-1,-1
20,1,1,700,2,-1,-1,-1,-1
26,2,1,700,-1,-1,-1,-1,-1
29,1,2,700,-1,1,-1,2,7
22,2,2,700,2,-1,-1,-1,-1
53,2,2,700,-1,-1,-1,-1,-1
34,2,2,700,-1,-1,-1,-1,-1
65,2,1,700,-1,2,-1,2,7
35,2,2,700,-1,2,-1,2,7
7,1,2,700,1,-1,-1,-1,-1
44,2,2,700,-1,-1,-1,-1,-1
25,1,2,700,-1,1,-1,2,7
60,3,2,700,-1,1,-1,2,6
35,2,1,700,-1,-1,-1,-1,-1
6,1,1,700,1,-1,-1,-1,-1
16,1,2,700,1,2,-1,2,8
18,1,2,700,2,-1,-1,-1,-1
52,4,1,700,-1,-1,-1,-1,-1
81,3,2,700,-1,1,-1,2,6
75,2,2,700,-1,1,-1,2,6
49,3,2,700,-1,-1,-1,-1,-1
27,1,1,700,-1,-1,-1,-1,-1
98,3,2,700,-1,2,-1,2,6
25,2,2,700,-1,2,-1,2,7
23,1,2,700,1,2,-1,2,8
62,2,1,700,-1,1,-1,2,6
18,1,2,700,2,-1,-1,-1,-1
8,1,2,700,1,-1,-1,-1,-1
15,1,2,700,1,2,-1,2,8
29,2,2,700,-1,1,-1,2,7
61,2,2,700,-1,-1,-1,-1,-1
37,2,2,700,-1,-1,-1,-1,-1
18,1,2,700,2,2,-1,2,7
75,2,2,700,-1,1,-1,2,6
31,1,1,700,-1,-1,-1,-1,-1
22,1,1,700,1,-1,-1,-1,-1
64,2,2,700,-1,1,-1,2,6
43,2,1,700,-1,-1,-1,-1,-1
28,2,2,700,-1,-1,-1,-1,-1
14,1,2,700,1,-1,-1,-1,-1
14,1,1,700,1,-1,-1,-1,-1
9,1,1,700,1,-1,-1,-1,-1
13,1,2,700,2,-1,-1,-1,-1
12,1,1,700,1,-1,-1,-1,-1
26,2,1,700,-1,-1,-1,-1,-1
61,2,1,700,-1,1,-1,2,6
7,1,2,700,1,-1,-1,-1,-1
29,2,1,700,-1,-1,-1,-1,-1
37,2,2,700,-1,1,-1,2,7
10,1,2,700,1,-1,-1,-1,-1
16,1,1,700,1,2,-1,2,8
14,1,1,700,1,-1,-1,-1,-1
65,2,2,700,-1,1,-1,2,7
23,1,2,700,2,-1,-1,-1,-1
5,1,1,700,1,-1,-1,-1,-1
36,2,2,700,-1,-1,-1,-1,-1
16,1,2,700,1,2,-1,2,8
35,2,1,700,-1,-1,-1,-1,-1
9,1,1,700,1,-1,-1,-1,-1
42,2,2,700,-1,-1,-1,-1,-1
25,1,1,700,-1,-1,-1,-1,-1
49,2,1,700,-1,1,-1,2,6
11,1,2,700,1,-1,-1,-1,-1
40,1,1,700,-1,-1,-1,-1,-1
7,1,2,700,1,-1,-1,-1,-1
26,1,2,700,-1,-1,-1,-1,-1
26,1,1,700,-1,-1,-1,-1,-1
60,2,1,700,-1,-1,-1,-1,-1
8,1,1,700,1,-1,-1,-1,-1
35,1,1,700,-1,-1,-1,-1,-1
33,2,1,700,-1,-1,-1,-1,-1
6,1,2,700,1,-1,-1,-1,-1
12,1,2,700,1,-1,-1,-1,-1
5,1,1,700,1,-1,-1,-1,-1
31,2,1,700,-1,-1,-1,-1,-1
58,2,2,700,-1,-1,-1,-1,-1
5,1,2,700,1,-1,-1,-1,-1
57,2,1,700,-1,-1,-1,-1,-1
38,2,1,700,-1,-1,-1,-1,-1
12,1,1,700,1,-1,-1,-1,-1
64,2,2,700,-1,2,-1,2,7
40,2,1,700,-1,-1,-1,-1,-1
47,2,1,700,-1,-1,-1,-1,-1
61,3,2,700,-1,1,-1,2,7
43,2,1,700,-1,-1,-1,-1,-1
20,1,1,700,1,2,-1,2,8
20,1,2,700,1,2,-1,2,8
56,2,2,700,-1,-1,-1,-1,-1
30,2,1,700,-1,-1,-1,-1,-1
19,1,2,700,2,-1,-1,-1,-1
11,1,2,700,1,-1,-1,-1,-1
37,2,2,700,-1,1,-1,2,7
8,1,2,700,1,-1,-1,-1,-1
39,2,2,700,-1,1,-1,2,7
20,1,2,700,1,2,-1,2,8
10,1,1,700,1,-1,-1,-1,-1
19,2,1,700,2,-1,-1,-1,-1
55,2,1,700,-1,-1,-1,-1,-1
18,1,2,700,1,2,-1,2,8
5,1,2,700,1,-1,-1,-1,-1
32,2,2,700,-1,1,-1,2,7
12,1,1,700,1,-1,-1,-1,-1
7,1,2,700,1,-1,-1,-1,-1
51,2,2,700,-1,-1,-1,-1,-1
73,3,2,700,-1,-1,-1,-1,-1
68,3,2,700,-1,1,-1,2,6
17,1,2,700,2,2,-1,2,7
9,1,2,700,1,-1,-1,-1,-1
8,1,1,700,1,-1,-1,-1,-1
12,1,2,700,1,-1,-1,-1,-1
36,2,1,700,-1,-1,-1,-1,-1
32,2,1,700,-1,1,-1,2,7
8,1,1,700,1,-1,-1,-1,-1
52,2,2,700,-1,1,-1,2,7
23,4,1,700,2,1,2,1,-1
33,2,1,700,-1,-1,-1,-1,-1
37,1,1,700,-1,-1,-1,-1,-1
15,1,1,700,1,2,-1,2,8
12,1,1,700,1,-1,-1,-1,-1
42,3,2,700,-1,-1,-1,-1,-1
12,1,1,700,2,-1,-1,-1,-1
58,2,2,700,-1,-1,-1,-1,-1
26,2,2,700,-1,1,-1,2,7
19,1,2,700,1,1,-1,2,8
6,1,1,700,1,-1,-1,-1,-1
54,3,2,700,-1,-1,-1,-1,-1
37,2,2,700,-1,2,-1,2,7
19,2,2,700,2,2,-1,2,7
69,3,2,700,-1,1,-1,2,6
7,1,2,700,1,-1,-1,-1,-1
21,1,2,700,2,1,-1,2,1
21,1,2,700,2,-1,-1,-1,-1
11,1,2,700,1,-1,-1,-1,-1
21,1,1,700,2,-1,-1,-1,-1
15,1,2,700,1,2,-1,2,8
28,2,1,700,-1,-1,-1,-1,-1
19,1,2,700,1,2,-1,2,8
61,2,1,700,-1,1,-1,2,6
58,1,2,700,-1,-1,-1,-1,-1
24,1,1,700,2,1,2,1,-1
5,1,2,700,1,-1,-1,-1,-1
53,2,2,700,-1,-1,-1,-1,-1
13,1,2,700,1,-1,-1,-1,-1
12,1,2,700,1,-1,-1,-1,-1
43,2,2,700,-1,-1,-1,-1,-1
40,2,2,700,-1,1,-1,2,7
22,1,2,700,2,-1,-1,-1,-1
16,1,1,700,1,1,-1,2,7
5,1,1,700,1,-1,-1,-1,-1
37,2,2,700,-1,1,-1,2,7
63,3,2,700,-1,1,-1,2,6
6,1,2,700,1,-1,-1,-1,-1
8,1,1,700,1,-1,-1,-1,-1
35,2,2,700,-1,-1,-1,-1,-1
26,2,2,700,-1,2,-1,2,7
7,1,1,700,1,-1,-1,-1,-1
13,1,2,700,1,-1,-1,-1,-1
26,2,1,700,-1,-1,-1,-1,-1
59,2,2,700,-1,1,-1,2,7
14,1,2,700,1,-1,-1,-1,-1
5,1,1,700,1,-1,-1,-1,-1
8,1,1,700,1,-1,-1,-1,-1
25,2,2,700,-1,-1,-1,-1,-1
12,1,1,700,1,-1,-1,-1,-1
31,1,2,700,-1,-1,-1,-1,-1
40,4,1,700,-1,-1,-1,-1,-1
60,2,1,700,-1,-1,-1,-1,-1
5,1,1,700,1,-1,-1,-1,-1
16,1,1,700,1,2,-1,2,8
15,1,1,700,1,2,-1,2,8
73,2,2,700,-1,-1,-1,-1,-1
28,2,1,700,-1,-1,-1,-1,-1
38,2,1,700,-1,-1,-1,-1,-1
12,1,2,700,1,-1,-1,-1,-1
46,3,2,700,-1,-1,-1,-1,-1
9,1,1,700,1,-1,-1,-1,-1
78,3,1,700,-1,1,-1,2,6
12,1,1,700,1,-1,-1,-1,-1
70,2,2,700,-1,1,-1,2,6
51,2,1,700,-1,-1,-1,-1,-1
10,1,2,700,1,-1,-1,-1,-1
43,2,2,700,-1,-1,-1,-1,-1
41,2,1,700,-1,-1,-1,-1,-1
41,2,1,700,-1,-1,-1,-1,-1
42,2,1,700,-1,-1,-1,-1,-1
79,2,1,700,-1,1,-1,2,6
33,2,1,700,-1,-1,-1,-1,-1
35,2,1,700,-1,-1,-1,-1,-1
45,1,1,700,-1,-1,-1,-1,-1
93,3,1,700,-1,1,-1,2,6
27,1,1,700,-1,-1,-1,-1,-1
69,3,2,700,-1,1,-1,2,6
20,1,1,700,2,-1,-1,-1,-1
15,1,2,700,1,1,-1,2,7
26,2,1,700,-1,-1,-1,-1,-1
33,2,2,700,-1,-1,-1,-1,-1
59,2,2,700,-1,-1,-1,-1,-1
56,2,1,700,-1,1,-1,2,7
10,1,1,700,1,-1,-1,-1,-1
11,1,1,700,1,-1,-1,-1,-1
11,1,1,700,1,-1,-1,-1,-1
44,1,1,700,-1,1,-1,2,7
22,1,1,700,2,1,-1,2,1
83,2,1,700,-1,1,-1,2,6
10,1,1,700,1,-1,-1,-1,-1
21,2,2,700,2,1,-1,2,7
26,2,1,700,-1,-1,-1,-1,-1
39,2,2,700,-1,-1,-1,-1,-1
6,1,2,700,1,-1,-1,-1,-1
95,2,2,700,-1,1,-1,2,6
18,1,1,700,1,2,-1,2,8
57,2,2,700,-1,1,-1,2,7
5,1,2,700,1,-1,-1,-1,-1
40,2,1,700,-1,-1,-1,-1,-1
22,1,1,700,2,-1,-1,-1,-1
50,3,2,700,-1,-1,-1,-1,-1
30,1,1,700,-1,-1,-1,-1,-1
17,1,1,700,2,-1,-1,-1,-1
50,2,1,700,-1,-1,-1,-1,-1
5,1,2,700,2,-1,-1,-1,-1
12,1,1,700,2,-1,-1,-1,-1
13,1,2,700,1,-1,-1,-1,-1
61,2,1,700,-1,-1,-1,-1,-1
27,2,2,700,-1,-1,-1,-1,-1
46,4,2,700,-1,-1,-1,-1,-1
36,2,1,700,-1,-1,-1,-1,-1
14,1,1,700,1,-1,-1,-1,-1
25,1,2,700,-1,-1,-1,-1,-1
62,3,2,700,-1,1,-1,2,6
16,1,2,700,1,2,-1,2,8
49,2,1,700,-1,-1,-1,-1,-1
12,1,2,700,1,-1,-1,-1,-1
82,3,2,700,-1,2,-1,2,6
45,2,1,700,-1,-1,-1,-1,-1
15,1,2,700,1,2,-1,2,8
6,1,2,700,1,-1,-1,-1,-1
47,2,2,700,-1,1,-1,2,7
71,3,2,700,-1,1,-1,2,6
23,1,1,700,1,2,-1,2,8
54,3,2,700,-1,-1,-1,-1,-1
48,2,2,700,-1,-1,-1,-1,-1
22,2,2,700,2,2,-1,2,7
27,2,1,700,-1,-1,-1,-1,-1
38,1,2,700,-1,-1,-1,-1,-1
45,1,1,700,-1,-1,-1,-1,-1
12,1,2,700,1,-1,-1,-1,-1
21,2,2,700,2,-1,-1,-1,-1
46,2,2,700,-1,1,-1,2,7
12,1,2,700,1,-1,-1,-1,-1
48,2,1,700,-1,-1,-1,-1,-1
15,1,1,700,1,2,-1,2,8
13,1,1,700,2,-1,-1,-1,-1
21,1,2,700,2,-1,-1,-1,-1
37,2,1,700,-1,-1,-1,-1,-1
14,1,1,700,1,-1,-1,-1,-1
48,2,2,700,-1,-1,-1,-1,-1
35,2,2,700,-1,1,-1,2,7
26,1,1,700,-1,-1,-1,-1,-1
31,2,2,700,-1,1,-1,2,7
33,2,2,700,-1,1,-1,2,7
31,1,1,700,-1,-1,-1,-1,-1
26,2,1,700,-1,-1,-1,-1,-1
42,2,1,700,-1,-1,-1,-1,-1
27,2,1,700,-1,-1,-1,-1,-1
13,1,2,700,1,-1,-1,-1,-1
63,2,2,700,-1,2,-1,2,7
19,1,2,700,2,2,1,1,-1
31,2,2,700,-1,-1,-1,-1,-1
26,1,1,700,-1,2,-1,2,8
23,2,2,700,2,-1,-1,-1,-1
28,2,2,700,-1,-1,-1,-1,-1
28,1,1,700,-1,-1,-1,-1,-1
59,2,1,700,-1,1,-1,2,1
51,2,2,700,-1,-1,-1,-1,-1
68,2,1,700,-1,1,-1,2,6
47,2,1,700,-1,-1,-1,-1,-1
50,4,2,700,-1,1,-1,2,7
10,1,1,700,1,-1,-1,-1,-1
16,1,1,700,1,-1,-1,-1,-1
8,1,2,700,1,-1,-1,-1,-1
54,2,1,700,-1,-1,-1,-1,-1
38,2,2,700,-1,-1,-1,-1,-1
45,2,1,700,-1,-1,-1,-1,-1
78,2,2,700,-1,1,-1,2,6
54,2,2,700,-1,-1,-1,-1,-1
43,2,2,700,-1,-1,-1,-1,-1
74,2,1,700,-1,1,-1,2,6
10,1,1,700,1,-1,-1,-1,-1
20,2,1,700,2,1,2,1,-1
67,3,2,700,-1,-1,-1,-1,-1
21,1,1,700,1,2,-1,2,8
23,2,2,700,2,-1,-1,-1,-1
22,1,2,700,2,-1,-1,-1,-1
55,2,2,700,-1,-1,-1,-1,-1
42,1,1,700,-1,-1,-1,-1,-1
28,2,2,700,-1,1,-1,2,7
5,1,1,700,2,-1,-1,-1,-1
40,1,1,700,-1,-1,-1,-1,-1
8,1,1,700,1,-1,-1,-1,-1
34,2,1,700,-1,-1,-1,-1,-1
38,2,1,700,-1,-1,-1,-1,-1
6,1,2,700,2,-1,-1,-1,-1
66,1,1,700,-1,1,-1,2,6
50,2,1,700,-1,-1,-1,-1,-1
13,1,2,700,1,-1,-1,-1,-1
64,2,1,700,-1,1,-1,2,3
37,2,2,700,-1,-1,-1,-1,-1
20,4,2,700,2,1,-1,2,7
57,3,2,700,-1,1,-1,2,7
67,3,1,700,-1,-1,-1,-1,-1
55,3,1,700,-1,2,-1,2,7
7,1,1,700,1,-1,-1,-1,-1
15,1,2,700,1,2,-1,2,8
15,1,2,700,1,2,-1,2,8
20,1,1,700,2,-1,-1,-1,-1
12,1,1,700,1,-1,-1,-1,-1
43,2,2,700,-1,1,-1,2,7
60,2,1,700,-1,-1,-1,-1,-1
16,1,2,700,1,1,-1,2,8
28,2,2,700,-1,-1,-1,-1,-1
22,1,1,700,1,1,-1,2,8
47,3,1,700,-1,-1,-1,-1,-1
22,1,2,700,2,-1,-1,-1,-1
10,1,1,700,1,-1,-1,-1,-1
51,2,2,700,-1,-1,-1,-1,-1
46,2,2,700,-1,-1,-1,-1,-1
30,2,2,700,-1,1,-1,2,7
15,1,1,700,2,-1,-1,-1,-1
40,2,2,700,-1,-1,-1,-1,-1
7,1,1,700,1,-1,-1,-1,-1
27,2,2,700,-1,-1,-1,-1,-1
6,1,2,700,1,-1,-1,-1,-1
21,2,2,700,2,1,-1,2,7
64,2,2,700,-1,1,-1,2,6
31,1,2,700,-1,-1,-1,-1,-1
48,2,1,700,-1,-1,-1,-1,-1
30,2,2,700,-1,1,-1,2,7
45,2,2,700,-1,-1,-1,-1,-1
5,1,1,700,1,-1,-1,-1,-1
53,2,2,700,-1,1,-1,2,7
41,2,2,700,-1,1,-1,2,7
50,1,2,700,-1,-1,-1,-1,-1
60,2,1,700,-1,-1,-1,-1,-1
49,2,2,700,-1,-1,-1,-1,-1
56,2,2,700,-1,2,-1,2,7
13,1,2,700,1,-1,-1,-1,-1
13,1,1,700,1,-1,-1,-1,-1
51,2,2,700,-1,-1,-1,-1,-1
17,1,1,700,2,-1,-1,-1,-1
17,1,1,700,1,2,-1,2,8
50,2,2,700,-1,-1,-1,-1,-1
28,1,1,700,-1,-1,-1,-1,-1
6,1,1,700,2,-1,-1,-1,-1
55,2,1,700,-1,-1,-1,-1,-1
41,2,2,700,-1,1,-1,2,7
21,1,1,700,2,-1,-1,-1,-1
8,1,1,700,1,-1,-1,-1,-1
86,3,2,700,-1,1,-1,2,6
86,3,2,700,-1,1,-1,2,7
14,1,1,700,1,-1,-1,-1,-1
30,2,2,700,-1,1,-1,2,7
25,2,2,700,-1,1,-1,2,5
49,2,2,700,-1,1,-1,2,6
9,1,1,700,1,-1,-1,-1,-1
9,1,1,700,1,-1,-1,-1,-1
5,1,1,700,1,-1,-1,-1,-1
37,2,2,700,-1,-1,-1,-1,-1
16,1,2,700,1,2,-1,2,8
13,1,1,700,1,-1,-1,-1,-1
5,1,2,700,1,-1,-1,-1,-1
13,1,2,700,1,-1,-1,-1,-1
35,2,1,700,-1,-1,-1,-1,-1
42,1,1,700,-1,2,-1,2,7
28,1,1,700,-1,1,2,1,-1
33,2,2,700,-1,-1,-1,-1,-1
10,1,1,700,1,-1,-1,-1,-1
20,1,2,700,1,2,-1,2,8
22,2,1,700,2,-1,-1,-1,-1
62,2,2,700,-1,-1,-1,-1,-1
76,3,2,700,-1,-1,-1,-1,-1
71,2,1,700,-1,-1,-1,-1,-1
36,2,1,700,-1,-1,-1,-1,-1
11,1,1,700,1,-1,-1,-1,-1
21,2,2,700,2,-1,-1,-1,-1
15,1,2,700,1,2,-1,2,8
20,1,2,700,2,2,-1,2,2
34,2,2,700,-1,-1,-1,-1,-1
31,2,2,700,-1,1,-1,2,7
37,2,2,700,-1,-1,-1,-1,-1
73,2,2,700,-1,-1,-1,-1,-1
34,1,1,700,-1,-1,-1,-1,-1
58,2,1,700,-1,-1,-1,-1,-1
73,2,2,700,-1,1,-1,2,7
66,2,2,700,-1,1,-1,2,6
10,1,2,700,1,-1,-1,-1,-1
23,1,2,700,2,1,-1,2,7
45,2,2,700,-1,-1,-1,-1,-1
55,2,1,700,-1,1,-1,2,7
63,2,2,700,-1,-1,-1,-1,-1
24,2,1,700,2,-1,-1,-1,-1
51,2,2,700,-1,1,-1,2,7
13,1,1,700,1,-1,-1,-1,-1
32,2,2,700,-1,-1,-1,-1,-1
14,1,1,700,1,-1,-1,-1,-1
54,2,1,700,-1,-1,-1,-1,-1
38,1,2,700,-1,-1,-1,-1,-1
34,2,2,700,-1,1,-1,2,7
7,1,2,700,1,-1,-1,-1,-1
7,1,1,700,1,-1,-1,-1,-1
14,1,2,700,1,-1,-1,-1,-1
22,1,2,700,2,1,-1,2,7
43,2,2,700,-1,2,-1,2,7
5,1,1,700,2,-1,-1,-1,-1
5,1,2,700,1,-1,-1,-1,-1
12,1,1,700,1,-1,-1,-1,-1
48,2,2,700,-1,2,-1,2,7
7,1,2,700,1,-1,-1,-1,-1
7,1,1,700,1,-1,-1,-1,-1
15,1,2,700,1,-1,-1,-1,-1
25,1,1,700,-1,-1,-1,-1,-1
34,1,2,700,-1,-1,-1,-1,-1
5,1,1,700,2,-1,-1,-1,-1
41,2,2,700,-1,-1,-1,-1,-1
59,2,1,700,-1,-1,-1,-1,-1
68,2,1,700,-1,-1,-1,-1,-1
21,1,1,700,2,-1,-1,-1,-1
80,3,2,700,-1,1,-1,2,6
10,1,1,700,1,-1,-1,-1,-1
8,1,1,700,1,-1,-1,-1,-1
47,2,2,700,-1,1,-1,2,7
14,1,1,700,1,-1,-1,-1,-1
36,2,2,700,-1,-1,-1,-1,-1
26,2,2,700,-1,1,-1,2,7
70,2,1,700,-1,-1,-1,-1,-1
38,2,1,700,-1,-1,-1,-1,-1
69,2,2,700,-1,1,-1,2,6
27,1,1,700,-1,-1,-1,-1,-1
21,1,1,700,2,-1,-1,-1,-1
35,2,1,700,-1,-1,-1,-1,-1
13,1,1,700,1,-1,-1,-1,-1
24,2,2,700,2,1,-1,2,7
46,2,1,700,-1,1,-1,2,2
52,2,2,700,-1,1,-1,2,7
56,2,2,700,-1,-1,-1,-1,-1
33,2,2,700,-1,-1,-1,-1,-1
10,1,1,700,1,-1,-1,-1,-1
52,2,2,700,-1,-1,-1,-1,-1
36,2,1,700,-1,-1,-1,-1,-1
6,1,2,700,1,-1,-1,-1,-1
21,1,1,700,1,2,-1,2,8
47,2,2,700,-1,-1,-1,-1,-1
18,1,1,700,2,2,-1,2,8
14,1,1,700,1,-1,-1,-1,-1
66,3,1,700,-1,1,-1,2,6
19,1,1,700,2,1,-1,2,9
38,2,1,700,-1,-1,-1,-1,-1
41,4,2,700,-1,-1,-1,-1,-1
13,1,1,700,1,-1,-1,-1,-1
23,2,2,700,2,2,-1,2,7
47,2,1,700,-1,-1,-1,-1,-1
48,2,2,700,-1,-1,-1,-1,-1
25,2,2,700,-1,-1,-1,-1,-1
33,2,2,700,-1,-1,-1,-1,-1
21,1,1,700,2,-1,-1,-1,-1
15,1,1,700,1,-1,-1,-1,-1
23,1,1,700,2,-1,-1,-1,-1
26,1,1,700,-1,-1,-1,-1,-1
46,2,1,700,-1,-1,-1,-1,-1
21,1,1,700,2,-1,-1,-1,-1
30,2,1,700,-1,-1,-1,-1,-1
26,2,1,700,-1,-1,-1,-1,-1
37,2,1,700,-1,-1,-1,-1,-1
15,1,1,700,1,2,-1,2,8
15,1,1,700,1,2,-1,2,8
23,1,1,700,2,-1,-1,-1,-1
62,2,2,700,-1,-1,-1,-1,-1
52,2,2,700,-1,1,-1,2,7
21,1,1,700,1,2,-1,2,8
14,1,2,700,1,-1,-1,-1,-1
15,1,2,700,1,2,-1,2,8
30,2,2,700,-1,-1,-1,-1,-1
66,2,1,700,-1,1,-1,2,6
47,1,2,700,-1,-1,-1,-1,-1
24,1,1,700,2,2,-1,2,1
25,6,2,700,-1,2,2,1,-1
47,2,1,700,-1,-1,-1,-1,-1
42,2,2,700,-1,1,-1,2,7
39,2,1,700,-1,-1,-1,-1,-1
24,2,1,700,2,-1,-1,-1,-1
47,2,1,700,-1,1,-1,2,5
40,2,2,700,-1,1,-1,2,9
65,2,2,700,-1,1,-1,2,7
67,3,1,700,-1,-1,-1,-1,-1
9,1,2,700,1,-1,-1,-1,-1
43,2,2,700,-1,-1,-1,-1,-1
22,1,2,700,2,1,-1,2,7
50,2,2,700,-1,1,-1,2,7
9,1,1,700,1,-1,-1,-1,-1
19,1,1,700,1,2,-1,2,8
15,1,2,700,1,2,-1,2,8
56,1,2,700,-1,-1,-1,-1,-1
47,2,2,700,-1,-1,-1,-1,-1
28,2,2,700,-1,1,-1,2,7
36,2,1,700,-1,-1,-1,-1,-1
25,2,1,700,-1,-1,-1,-1,-1
14,1,2,700,1,-1,-1,-1,-1
53,2,1,700,-1,-1,-1,-1,-1
75,2,1,700,-1,-1,-1,-1,-1
36,2,2,700,-1,-1,-1,-1,-1
17,1,2,700,1,2,-1,2,7
60,3,1,700,-1,1,-1,2,6
32,2,2,700,-1,-1,-1,-1,-1
36,1,2,700,-1,1,-1,2,7
32,2,1,700,-1,-1,-1,-1,-1
46,2,1,700,-1,-1,-1,-1,-1
16,1,1,700,2,-1,-1,-1,-1
21,1,2,700,2,-1,-1,-1,-1
40,2,1,700,-1,-1,-1,-1,-1
59,2,2,700,-1,-1,-1,-1,-1
24,2,2,700,2,-1,-1,-1,-1
18,1,2,700,1,2,-1,2,8
49,2,1,700,-1,-1,-1,-1,-1
61,2,1,700,-1,-1,-1,-1,-1
14,1,1,700,1,-1,-1,-1,-1
61,2,2,700,-1,1,-1,2,6
18,2,2,700,2,2,-1,2,7
14,1,2,700,1,-1,-1,-1,-1
22,2,2,700,2,2,-1,2,7
15,1,2,700,1,-1,-1,-1,-1
24,2,1,700,2,-1,-1,-1,-1
76,2,1,700,-1,-1,-1,-1,-1
50,2,2,700,-1,-1,-1,-1,-1
33,2,2,700,-1,-1,-1,-1,-1
33,2,2,700,-1,1,-1,2,7
57,4,1,700,-1,-1,-1,-1,-1
48,2,1,700,-1,-1,-1,-1,-1
54,2,1,700,-1,-1,-1,-1,-1
12,1,1,700,1,-1,-1,-1,-1
18,1,2,700,1,2,-1,2,8
70,2,2,700,-1,-1,-1,-1,-1
18,1,1,700,2,-1,-1,-1,-1
48,2,1,700,-1,-1,-1,-1,-1
10,1,1,700,1,-1,-1,-1,-1
54,2,1,700,-1,-1,-1,-1,-1
6,1,2,700,1,-1,-1,-1,-1
43,2,2,700,-1,1,-1,2,1
20,1,2,700,1,2,-1,2,8
35,2,1,700,-1,-1,-1,-1,-1
47,2,2,700,-1,-1,-1,-1,-1
18,1,1,700,2,-1,-1,-1,-1
8,1,2,700,1,-1,-1,-1,-1
13,1,2,700,1,-1,-1,-1,-1
31,2,2,700,-1,1,-1,2,7
25,1,2,700,-1,-1,-1,-1,-1
48,2,2,700,-1,-1,-1,-1,-1
44,2,1,700,-1,-1,-1,-1,-1
42,1,1,700,-1,1,-1,2,3
96,2,1,700,-1,-1,-1,-1,-1
45,2,1,700,-1,-1,-1,-1,-1
50,4,1,700,-1,-1,-1,-1,-1
24,1,2,700,2,-1,-1,-1,-1
29,2,2,700,-1,1,-1,2,7
27,2,2,700,-1,1,-1,2,7
75,2,1,700,-1,1,-1,2,7
18,1,1,700,2,1,-1,2,5
51,2,1,700,-1,1,-1,2,1
24,1,2,700,2,-1,-1,-1,-1
5,1,1,700,1,-1,-1,-1,-1
7,1,2,700,1,-1,-1,-1,-1
75,2,2,700,-1,1,-1,2,6
42,2,2,700,-1,-1,-1,-1,-1
13,1,2,700,1,-1,-1,-1,-1
65,2,1,700,-1,-1,-1,-1,-1
30,2,2,700,-1,-1,-1,-1,-1
38,2,2,700,-1,-1,-1,-1,-1
55,2,2,700,-1,-1,-1,-1,-1
37,2,2,700,-1,-1,-1,-1,-1
5,1,2,700,1,-1,-1,-1,-1
41,2,2,700,-1,1,-1,2,7
40,1,1,700,-1,-1,-1,-1,-1
47,2,1,700,-1,-1,-1,-1,-1
58,2,2,700,-1,1,-1,2,7
21,1,1,700,2,-1,-1,-1,-1
59,2,2,700,-1,-1,-1,-1,-1
32,1,1,700,-1,-1,-1,-1,-1
24,2,2,700,2,1,-1,2,7
56,2,1,700,-1,-1,-1,-1,-1
10,1,1,700,1,-1,-1,-1,-1
50,2,2,700,-1,-1,-1,-1,-1
10,1,1,700,1,-1,-1,-1,-1
12,1,2,700,1,-1,-1,-1,-1
46,2,1,700,-1,-1,-1,-1,-1
21,1,1,700,2,1,-1,2,5
11,1,2,700,1,-1,-1,-1,-1
11,1,2,700,1,-1,-1,-1,-1
19,1,1,700,1,2,-1,2,8
38,2,2,700,-1,2,-1,2,7
37,2,1,700,-1,-1,-1,-1,-1
16,1,1,700,1,2,-1,2,8
28,1,2,700,-1,-1,-1,-1,-1
18,1,2,700,1,2,-1,2,8
36,2,2,700,-1,1,-1,2,7
7,1,1,700,1,-1,-1,-1,-1
65,3,1,700,-1,-1,-1,-1,-1
28,2,2,700,-1,1,-1,2,7
30,2,1,700,-1,-1,-1,-1,-1
75,2,2,700,-1,1,-1,2,6
37,2,1,700,-1,-1,-1,-1,-1
10,1,2,700,1,-1,-1,-1,-1
16,1,1,700,1,2,-1,2,8
25,2,2,700,-1,-1,-1,-1,-1
5,1,2,700,1,-1,-1,-1,-1
55,3,2,700,-1,-1,-1,-1,-1
54,2,1,700,-1,-1,-1,-1,-1
49,2,2,700,-1,-1,-1,-1,-1
46,2,2,700,-1,1,-1,2,7
30,2,2,700,-1,-1,-1,-1,-1
48,2,2,700,-1,-1,-1,-1,-1
6,1,1,700,1,-1,-1,-1,-1
27,2,2,700,-1,-1,-1,-1,-1
55,3,1,700,-1,1,-1,2,3
54,4,2,700,-1,-1,-1,-1,-1
7,1,1,700,1,-1,-1,-1,-1
62,3,2,700,-1,1,-1,2,6
6,1,1,700,1,-1,-1,-1,-1
28,1,2,700,-1,-1,-1,-1,-1
54,2,2,700,-1,-1,-1,-1,-1
11,1,1,700,1,-1,-1,-1,-1
49,2,1,700,-1,-1,-1,-1,-1
58,2,1,700,-1,-1,-1,-1,-1
52,2,2,700,-1,-1,-1,-1,-1
52,2,2,700,-1,1,-1,2,3
67,1,1,700,-1,-1,-1,-1,-1
54,2,1,700,-1,1,-1,2,7
28,2,1,700,-1,-1,-1,-1,-1
69,2,1,700,-1,1,-1,2,6
27,1,1,700,-1,-1,-1,-1,-1
13,1,1,700,2,-1,-1,-1,-1
5,1,2,700,1,-1,-1,-1,-1
20,1,2,700,2,-1,-1,-1,-1
19,1,1,700,1,2,-1,2,8
34,1,1,700,-1,-1,-1,-1,-1
73,3,2,700,-1,-1,-1,-1,-1
33,1,1,700,-1,-1,-1,-1,-1
22,2,1,700,2,-1,-1,-1,-1
66,3,2,700,-1,-1,-1,-1,-1
13,1,1,700,1,-1,-1,-1,-1
60,2,2,700,-1,1,-1,2,7
60,3,2,700,-1,-1,-1,-1,-1
21,1,2,700,2,-1,-1,-1,-1
24,1,1,700,2,2,-1,2,5
21,1,2,700,2,-1,-1,-1,-1
16,1,2,700,1,2,-1,2,8
14,1,2,700,1,-1,-1,-1,-1
5,1,2,700,1,-1,-1,-1,-1
60,2,2,700,-1,1,-1,2,7
17,1,1,700,2,2,-1,2,9
21,1,2,700,2,-1,-1,-1,-1
13,1,1,700,1,-1,-1,-1,-1
6,1,1,700,1,-1,-1,-1,-1
22,1,2,700,1,2,-1,2,8
15,1,1,700,1,2,-1,2,8
24,1,2,700,2,-1,-1,-1,-1
94,3,1,700,-1,1,-1,2,6
41,2,1,700,-1,-1,-1,-1,-1
41,2,1,700,-1,-1,-1,-1,-1
37,2,1,700,-1,-1,-1,-1,-1
43,2,2,700,-1,-1,-1,-1,-1
30,2,1,700,-1,-1,-1,-1,-1
31,2,1,700,-1,1,-1,2,7
15,1,1,700,1,2,-1,2,8
16,1,1,700,1,2,-1,2,8
17,1,2,700,1,2,-1,2,8
45,2,2,700,-1,-1,-1,-1,-1
56,2,1,700,-1,-1,-1,-1,-1
7,1,2,700,1,-1,-1,-1,-1
9,1,2,700,1,-1,-1,-1,-1
5,1,1,700,2,-1,-1,-1,-1
26,1,1,700,-1,-1,-1,-1,-1
16,1,1,700,1,2,-1,2,8
14,1,1,700,1,-1,-1,-1,-1
12,1,2,700,1,-1,-1,-1,-1
23,2,2,700,2,1,-1,2,7
34,2,2,700,-1,-1,-1,-1,-1
19,1,2,700,1,2,-1,2,8
47,2,1,700,-1,-1,-1,-1,-1
8,1,1,700,1,-1,-1,-1,-1
34,2,2,700,-1,1,-1,2,7
58,2,1,700,-1,-1,-1,-1,-1
60,2,1,700,-1,-1,-1,-1,-1
17,2,2,700,2,1,-1,2,7
20,1,1,700,2,-1,-1,-1,-1
27,2,1,700,-1,-1,-1,-1,-1
10,1,2,700,1,-1,-1,-1,-1
51,2,2,700,-1,1,-1,2,7
62,1,2,700,-1,1,-1,2,6
58,2,2,700,-1,1,-1,2,7
18,1,1,700,2,-1,-1,-1,-1
9,1,2,700,2,-1,-1,-1,-1
31,2,2,700,-1,-1,-1,-1,-1
66,3,2,700,-1,1,-1,2,6
11,1,1,700,1,-1,-1,-1,-1
70,3,2,700,-1,2,-1,2,6
40,2,1,700,-1,-1,-1,-1,-1
21,1,1,700,1,2,-1,2,8
15,1,1,700,2,1,-1,2,1
10,1,2,700,1,-1,-1,-1,-1
24,1,2,700,2,-1,-1,-1,-1
17,1,1,700,2,-1,-1,-1,-1
5,1,2,700,1,-1,-1,-1,-1
36,2,1,700,-1,-1,-1,-1,-1
30,2,1,700,-1,-1,-1,-1,-1
14,1,1,700,1,-1,-1,-1,-1
62,2,2,700,-1,-1,-1,-1,-1
14,1,2,700,1,-1,-1,-1,-1
15,1,2,700,1,2,-1,2,8
52,2,2,700,-1,1,-1,2,7
45,2,2,700,-1,2,-1,2,7
15,1,2,700,1,2,-1,2,8
10,1,2,700,1,-1,-1,-1,-1
9,1,1,700,1,-1,-1,-1,-1
13,1,2,700,1,-1,-1,-1,-1
74,2,1,700,-1,1,-1,2,6
39,2,1,700,-1,-1,-1,-1,-1
32,2,2,700,-1,-1,-1,-1,-1
60,2,1,700,-1,-1,-1,-1,-1
16,1,1,700,2,-1,-1,-1,-1
37,2,2,700,-1,-1,-1,-1,-1
49,2,2,700,-1,-1,-1,-1,-1
12,1,2,700,1,-1,-1,-1,-1
7,1,1,700,1,-1,-1,-1,-1
57,3,2,700,-1,-1,-1,-1,-1
14,1,1,700,1,-1,-1,-1,-1
15,1,1,700,2,-1,-1,-1,-1
43,1,2,700,-1,1,2,1,-1
5,1,1,700,1,-1,-1,-1,-1
6,1,1,700,1,-1,-1,-1,-1
25,2,2,700,-1,-1,-1,-1,-1
14,1,2,700,1,-1,-1,-1,-1
34,2,1,700,-1,-1,-1,-1,-1
65,2,2,700,-1,2,-1,2,6
34,1,2,700,-1,-1,-1,-1,-1
22,1,1,700,2,-1,-1,-1,-1
25,1,2,700,-1,-1,-1,-1,-1
44,2,2,700,-1,1,-1,2,7
62,3,2,700,-1,1,-1,2,7
29,2,2,700,-1,-1,-1,-1,-1
54,2,2,700,-1,-1,-1,-1,-1
25,2,2,700,-1,1,-1,2,7
6,1,1,700,1,-1,-1,-1,-1
15,1,1,700,1,2,-1,2,8
26,1,2,700,-1,-1,-1,-1,-1
9,1,1,700,1,-1,-1,-1,-1
21,1,2,700,1,2,-1,2,8
19,1,2,700,1,2,-1,2,8
12,1,1,700,1,-1,-1,-1,-1
15,1,2,700,1,2,-1,2,8
63,4,2,700,-1,-1,-1,-1,-1
8,1,2,700,1,-1,-1,-1,-1
20,2,1,700,2,-1,-1,-1,-1
49,2,2,700,-1,1,-1,2,7
24,2,1,700,2,-1,-1,-1,-1
5,1,2,700,2,-1,-1,-1,-1
7,1,1,700,1,-1,-1,-1,-1
36,2,2,700,-1,1,-1,2,4
50,2,2,700,-1,1,-1,2,7
20,1,2,700,2,2,-1,2,7
53,2,2,700,-1,-1,-1,-1,-1
13,1,1,700,1,-1,-1,-1,-1
67,2,2,700,-1,2,-1,2,6
16,1,1,700,2,-1,-1,-1,-1
30,2,1,700,-1,-1,-1,-1,-1
49,2,1,700,-1,-1,-1,-1,-1
33,2,1,700,-1,-1,-1,-1,-1
64,2,2,700,-1,-1,-1,-1,-1
44,2,2,700,-1,1,-1,2,7
11,1,1,700,1,-1,-1,-1,-1
11,1,2,700,1,-1,-1,-1,-1
7,1,2,700,1,-1,-1,-1,-1
72,3,2,700,-1,1,-1,2,7
57,2,1,700,-1,-1,-1,-1,-1
14,1,1,700,1,-1,-1,-1,-1
21,1,1,700,1,2,-1,2,8
19,1,2,700,1,2,-1,2,8
14,1,1,700,1,-1,-1,-1,-1
84,2,2,700,-1,1,-1,2,6
17,1,1,700,1,2,-1,2,8
37,1,2,700,-1,1,-1,2,7
52,2,2,700,-1,1,-1,2,7
49,2,2,700,-1,-1,-1,-1,-1
58,2,2,700,-1,-1,-1,-1,-1
51,2,1,700,-1,-1,-1,-1,-1
44,2,1,700,-1,-1,-1,-1,-1
37,2,1,700,-1,-1,-1,-1,-1
38,2,1,700,-1,-1,-1,-1,-1
19,1,1,700,2,1,-1,2,7
17,1,2,700,2,2,-1,2,7
14,1,1,700,1,-1,-1,-1,-1
18,1,1,700,1,2,-1,2,8
29,2,1,700,-1,-1,-1,-1,-1
18,1,2,700,1,1,-1,2,8
18,1,1,700,1,2,-1,2,8
26,1,1,700,-1,-1,-1,-1,-1
14,1,1,700,1,-1,-1,-1,-1
68,2,2,700,-1,1,-1,2,6
33,2,1,700,-1,-1,-1,-1,-1
17,1,2,700,2,1,-1,2,4
29,2,1,700,-1,-1,-1,-1,-1
63,3,2,700,-1,1,-1,2,6
18,1,1,700,1,-1,-1,-1,-1
42,2,1,700,-1,-1,-1,-1,-1
42,2,2,700,-1,-1,-1,-1,-1
62,2,2,700,-1,-1,-1,-1,-1
36,2,2,700,-1,-1,-1,-1,-1
35,1,1,700,-1,-1,-1,-1,-1
37,2,1,700,-1,-1,-1,-1,-1
43,2,1,700,-1,-1,-1,-1,-1
16,1,2,700,1,2,-1,2,8
13,1,1,700,1,-1,-1,-1,-1
12,1,2,700,1,-1,-1,-1,-1
64,2,2,700,-1,1,-1,2,7
12,1,2,700,1,-1,-1,-1,-1
33,1,2,700,-1,1,-1,2,7
6,1,2,700,1,-1,-1,-1,-1
45,2,2,700,-1,-1,-1,-1,-1
30,2,1,700,-1,-1,-1,-1,-1
23,1,1,700,1,-1,-1,-1,-1
28,2,1,700,-1,-1,-1,-1,-1
6,1,1,700,1,-1,-1,-1,-1
6,1,2,700,1,-1,-1,-1,-1
16,1,2,700,1,2,-1,2,8
19,1,2,700,1,2,-1,2,8
24,2,2,700,2,1,-1,2,7
17,1,1,700,1,2,-1,2,8
6,1,1,700,1,-1,-1,-1,-1
26,1,2,700,-1,-1,-1,-1,-1
15,1,1,700,1,2,-1,2,8
23,1,1,700,2,-1,-1,-1,-1
13,1,2,700,1,-1,-1,-1,-1
5,1,1,700,1,-1,-1,-1,-1
46,2,2,700,-1,1,-1,2,6
32,2,2,700,-1,-1,-1,-1,-1
23,1,2,700,2,-1,-1,-1,-1
11,1,1,700,1,-1,-1,-1,-1
26,1,1,700,-1,-1,-1,-1,-1
52,3,1,700,-1,-1,-1,-1,-1
5,1,2,700,1,-1,-1,-1,-1
51,2,1,700,-1,-1,-1,-1,-1
45,2,2,700,-1,1,-1,2,7
7,1,1,700,1,-1,-1,-1,-1
68,2,1,700,-1,-1,-1,-1,-1
27,2,1,700,-1,-1,-1,-1,-1
6,1,2,700,1,-1,-1,-1,-1
18,2,1,700,2,-1,-1,-1,-1
43,2,2,700,-1,-1,-1,-1,-1
10,1,2,700,1,-1,-1,-1,-1
56,2,2,700,-1,-1,-1,-1,-1
9,1,2,700,1,-1,-1,-1,-1
85,3,1,700,-1,-1,-1,-1,-1
25,1,1,700,-1,-1,-1,-1,-1
30,2,2,700,-1,-1,-1,-1,-1
8,1,2,700,1,-1,-1,-1,-1
43,2,1,700,-1,-1,-1,-1,-1
18,1,1,700,1,2,-1,2,8
55,3,2,700,-1,-1,-1,-1,-1
8,1,2,700,1,-1,-1,-1,-1
39,2,2,700,-1,-1,-1,-1,-1
6,1,1,700,1,-1,-1,-1,-1
62,2,2,700,-1,2,-1,2,7
54,3,1,700,-1,-1,-1,-1,-1
24,1,1,700,2,1,-1,2,2
50,2,1,700,-1,-1,-1,-1,-1
41,2,1,700,-1,-1,-1,-1,-1
6,1,2,700,1,-1,-1,-1,-1
24,1,2,700,2,-1,-1,-1,-1
30,1,1,700,-1,-1,-1,-1,-1
39,2,2,700,-1,-1,-1,-1,-1
48,2,1,700,-1,-1,-1,-1,-1
17,1,2,700,1,2,-1,2,8
15,1,2,700,1,2,-1,2,8
8,1,1,700,1,-1,-1,-1,-1
91,3,2,700,-1,2,-1,2,6
19,1,2,700,1,1,-1,2,8
71,2,1,700,-1,-1,-1,-1,-1
8,1,1,700,1,-1,-1,-1,-1
41,2,2,700,-1,-1,-1,-1,-1
21,1,1,700,2,2,-1,2,5
5,1,2,700,1,-1,-1,-1,-1
42,2,1,700,-1,-1,-1,-1,-1
19,1,2,700,2,2,-1,2,8
57,2,1,700,-1,-1,-1,-1,-1
13,1,2,700,1,-1,-1,-1,-1
18,1,1,700,1,2,-1,2,8
6,1,2,700,1,-1,-1,-1,-1
62,2,2,700,-1,2,-1,2,7
49,2,2,700,-1,-1,-1,-1,-1
34,2,1,700,-1,-1,-1,-1,-1
28,2,1,700,-1,-1,-1,-1,-1
7,1,1,700,1,-1,-1,-1,-1
10,1,1,700,1,-1,-1,-1,-1
22,2,1,700,2,-1,-1,-1,-1
12,1,2,700,1,-1,-1,-1,-1
13,1,1,700,1,-1,-1,-1,-1
29,2,2,700,-1,-1,-1,-1,-1
21,1,1,700,2,1,-1,2,5
58,1,1,700,-1,-1,-1,-1,-1
10,1,2,700,1,-1,-1,-1,-1
6,1,2,700,2,-1,-1,-1,-1
28,1,1,700,-1,1,-1,2,5
20,1,1,700,1,2,-1,2,8
6,1,1,700,1,-1,-1,-1,-1
6,1,1,700,1,-1,-1,-1,-1
7,1,2,700,1,-1,-1,-1,-1
55,2,1,700,-1,-1,-1,-1,-1
33,2,2,700,-1,-1,-1,-1,-1
20,1,1,700,1,2,-1,2,8
53,2,1,700,-1,-1,-1,-1,-1
38,2,1,700,-1,-1,-1,-1,-1
6,1,2,700,1,-1,-1,-1,-1
19,1,2,700,1,2,-1,2,8
25,2,2,700,-1,-1,-1,-1,-1
21,1,1,700,2,1,-1,2,7
22,1,1,700,2,-1,-1,-1,-1
49,2,1,700,-1,-1,-1,-1,-1
58,2,1,700,-1,1,-1,2,6
11,1,2,700,1,-1,-1,-1,-1
60,2,1,700,-1,-1,-1,-1,-1
26,2,1,700,-1,-1,-1,-1,-1
47,2,1,700,-1,-1,-1,-1,-1
28,2,1,700,-1,1,-1,2,3
27,2,2,700,-1,1,-1,2,7
18,1,1,700,2,-1,-1,-1,-1
26,2,2,700,-1,-1,-1,-1,-1
30,2,2,700,-1,1,-1,2,7
69,1,1,700,-1,1,-1,2,6
37,2,1,700,-1,-1,-1,-1,-1
5,1,2,700,1,-1,-1,-1,-1
24,2,1,700,2,-1,-1,-1,-1
40,2,2,700,-1,-1,-1,-1,-1
43,2,2,700,-1,-1,-1,-1,-1
33,2,1,700,-1,-1,-1,-1,-1
10,1,1,700,1,-1,-1,-1,-1
33,2,1,700,-1,2,2,1,-1
7,1,1,700,1,-1,-1,-1,-1
14,1,2,700,1,-1,-1,-1,-1
27,4,2,700,-1,2,-1,2,3
10,1,2,700,1,-1,-1,-1,-1
66,3,2,700,-1,-1,-1,-1,-1
10,1,1,700,1,-1,-1,-1,-1
23,1,2,700,2,-1,-1,-1,-1
13,1,1,700,1,-1,-1,-1,-1
30,2,2,700,-1,1,-1,2,7
50,2,2,700,-1,-1,-1,-1,-1
38,2,2,700,-1,-1,-1,-1,-1
35,4,1,700,-1,-1,-1,-1,-1
31,2,2,700,-1,2,-1,2,7
22,1,1,700,2,1,2,1,-1
41,1,2,700,-1,-1,-1,-1,-1
41,2,1,700,-1,-1,-1,-1,-1
30,2,2,700,-1,1,-1,2,7
27,2,1,700,-1,2,2,1,-1
49,3,2,700,-1,-1,-1,-1,-1
25,2,2,700,-1,1,-1,2,7
27,1,1,700,-1,-1,-1,-1,-1
54,2,1,700,-1,-1,-1,-1,-1
47,1,1,700,-1,-1,-1,-1,-1
9,1,2,700,1,-1,-1,-1,-1
9,1,2,700,1,-1,-1,-1,-1
42,2,1,700,-1,-1,-1,-1,-1
10,1,1,700,1,-1,-1,-1,-1
5,1,2,700,1,-1,-1,-1,-1
28,2,1,700,-1,1,-1,2,5
32,2,2,700,-1,2,-1,2,7
11,1,2,700,1,-1,-1,-1,-1
5,1,1,700,1,-1,-1,-1,-1
27,1,1,700,-1,1,-1,2,2
5,1,2,700,1,-1,-1,-1,-1
39,2,2,700,-1,-1,-1,-1,-1
47,3,2,700,-1,-1,-1,-1,-1
64,2,1,700,-1,-1,-1,-1,-1
10,1,2,700,1,-1,-1,-1,-1
6,1,1,700,1,-1,-1,-1,-1
5,1,2,700,2,-1,-1,-1,-1
8,1,2,700,1,-1,-1,-1,-1
14,1,2,700,1,-1,-1,-1,-1
21,1,2,700,2,1,-1,2,5
62,2,1,700,-1,-1,-1,-1,-1
17,1,2,700,2,-1,-1,-1,-1
52,1,2,700,-1,2,-1,2,3
12,1,1,700,1,-1,-1,-1,-1
23,2,1,700,2,-1,-1,-1,-1
11,1,1,700,1,-1,-1,-1,-1
5,1,1,700,1,-1,-1,-1,-1
71,2,1,700,-1,1,-1,2,7
67,2,2,700,-1,-1,-1,-1,-1
69,2,2,700,-1,-1,-1,-1,-1
33,2,2,700,-1,1,-1,2,7
25,1,1,700,-1,-1,-1,-1,-1
7,1,1,700,1,-1,-1,-1,-1
17,1,2,700,1,2,-1,2,8
72,3,2,700,-1,-1,-1,-1,-1
11,1,1,700,1,-1,-1,-1,-1
35,2,2,700,-1,-1,-1,-1,-1
21,1,1,700,2,-1,-1,-1,-1
43,2,2,700,-1,1,-1,2,7
31,2,1,700,-1,-1,-1,-1,-1
62,2,2,700,-1,1,-1,2,7
35,2,1,700,-1,-1,-1,-1,-1
18,2,2,700,2,1,2,1,-1
71,3,2,700,-1,-1,-1,-1,-1
61,2,2,700,-1,1,-1,2,7
30,2,1,700,-1,-1,-1,-1,-1
9,1,1,700,1,-1,-1,-1,-1
10,1,2,700,1,-1,-1,-1,-1
13,1,2,700,1,-1,-1,-1,-1
59,4,2,700,-1,-1,-1,-1,-1
22,1,1,700,2,-1,-1,-1,-1
7,1,1,700,1,-1,-1,-1,-1
8,1,2,700,1,-1,-1,-1,-1
41,2,2,700,-1,2,-1,2,7
53,2,2,700,-1,-1,-1,-1,-1
29,2,2,700,-1,-1,-1,-1,-1
22,2,2,700,2,2,-1,2,7
41,2,2,700,-1,-1,-1,-1,-1
39,2,1,700,-1,-1,-1,-1,-1
42,2,2,700,-1,1,-1,2,7
12,1,1,700,1,-1,-1,-1,-1
46,2,1,700,-1,-1,-1,-1,-1
41,2,2,700,-1,-1,-1,-1,-1
31,2,2,700,-1,1,-1,2,7
44,2,1,700,-1,-1,-1,-1,-1
13,1,2,700,1,-1,-1,-1,-1
37,2,2,700,-1,1,-1,2,7
26,2,2,700,-1,1,-1,2,7
10,1,2,700,1,-1,-1,-1,-1
24,2,2,700,2,-1,-1,-1,-1
11,1,1,700,1,-1,-1,-1,-1
37,2,2,700,-1,-1,-1,-1,-1
18,1,2,700,1,2,-1,2,8
15,1,1,700,1,2,-1,2,8
20,2,2,700,2,2,-1,2,7
42,2,2,700,-1,1,-1,2,7
62,3,2,700,-1,1,-1,2,6
5,1,1,700,2,-1,-1,-1,-1
27,2,1,700,-1,-1,-1,-1,-1
49,2,2,700,-1,1,-1,2,7
59,4,2,700,-1,-1,-1,-1,-1
24,2,2,700,2,-1,-1,-1,-1
23,1,2,700,2,-1,-1,-1,-1
11,1,1,700,1,-1,-1,-1,-1
45,2,2,700,-1,-1,-1,-1,-1
19,1,1,700,2,-1,-1,-1,-1
8,1,1,700,1,-1,-1,-1,-1
42,2,2,700,-1,1,-1,2,7
17,1,2,700,1,1,-1,2,8
6,1,2,700,1,-1,-1,-1,-1
42,2,2,700,-1,1,-1,2,7
25,2,2,700,-1,1,-1,2,7
26,2,2,700,-1,-1,-1,-1,-1
18,1,1,700,1,2,-1,2,8
20,1,1,700,1,2,-1,2,8
19,1,2,700,2,-1,-1,-1,-1
31,2,1,700,-1,-1,-1,-1,-1
61,2,2,700,-1,1,-1,2,7
9,1,1,700,1,-1,-1,-1,-1
8,1,1,700,1,-1,-1,-1,-1
13,1,1,700,1,-1,-1,-1,-1
31,2,2,700,-1,-1,-1,-1,-1
54,2,1,700,-1,-1,-1,-1,-1
23,1,1,700,2,-1,-1,-1,-1
45,2,2,700,-1,-1,-1,-1,-1
5,1,1,700,1,-1,-1,-1,-1
43,1,2,700,-1,-1,-1,-1,-1
16,1,2,700,1,2,-1,2,8
14,1,2,700,1,-1,-1,-1,-1
51,2,2,700,-1,-1,-1,-1,-1
34,2,2,700,-1,1,-1,2,7
8,1,2,700,1,-1,-1,-1,-1
25,1,1,700,-1,-1,-1,-1,-1
12,1,1,700,1,-1,-1,-1,-1
45,1,1,700,-1,-1,-1,-1,-1
52,2,1,700,-1,-1,-1,-1,-1
35,3,1,700,-1,-1,-1,-1,-1
22,1,1,700,2,-1,-1,-1,-1
58,2,1,700,-1,1,-1,2,9
49,2,1,700,-1,-1,-1,-1,-1
12,1,2,700,1,-1,-1,-1,-1
60,3,2,700,-1,1,-1,2,6
34,1,1,700,-1,1,-1,2,3
12,1,1,700,1,-1,-1,-1,-1
47,2,1,700,-1,-1,-1,-1,-1
12,1,1,700,1,-1,-1,-1,-1
49,2,2,700,-1,2,-1,2,7
13,1,1,700,1,-1,-1,-1,-1
18,1,1,700,2,-1,-1,-1,-1
22,2,1,700,2,-1,-1,-1,-1
23,1,2,700,2,-1,-1,-1,-1
18,1,1,700,2,-1,-1,-1,-1
11,1,1,700,2,-1,-1,-1,-1
31,2,2,700,-1,1,-1,2,7
11,1,1,700,1,-1,-1,-1,-1
8,1,2,700,1,-1,-1,-1,-1
19,1,1,700,1,2,-1,2,8
10,1,2,700,1,-1,-1,-1,-1
79,3,2,700,-1,1,-1,2,6
46,2,1,700,-1,-1,-1,-1,-1
27,2,1,700,-1,-1,-1,-1,-1
17,1,1,700,1,2,-1,2,8
14,1,1,700,1,-1,-1,-1,-1
20,2,1,700,2,-1,-1,-1,-1
32,2,1,700,-1,-1,-1,-1,-1
14,1,1,700,1,-1,-1,-1,-1
9,1,2,700,1,-1,-1,-1,-1
57,2,2,700,-1,2,-1,2,7
10,1,2,700,1,-1,-1,-1,-1
17,4,2,700,2,2,-1,2,7
56,2,1,700,-1,-1,-1,-1,-1
21,1,1,700,2,-1,-1,-1,-1
9,1,2,700,1,-1,-1,-1,-1
64,2,1,700,-1,1,-1,2,6
21,1,1,700,1,2,-1,2,8
79,2,2,700,-1,1,-1,2,6
14,1,2,700,1,-1,-1,-1,-1
18,1,1,700,1,2,-1,2,8
14,1,1,700,1,-1,-1,-1,-1
8,1,2,700,1,-1,-1,-1,-1
70,3,2,700,-1,1,-1,2,7
34,2,1,700,-1,-1,-1,-1,-1
18,1,2,700,1,1,-1,2,8
55,1,2,700,-1,-1,-1,-1,-1
5,1,2,700,1,-1,-1,-1,-1
13,1,2,700,1,-1,-1,-1,-1
36,2,2,700,-1,-1,-1,-1,-1
16,1,1,700,1,2,-1,2,8
10,1,2,700,1,-1,-1,-1,-1
22,1,2,700,2,2,-1,2,1
14,1,2,700,1,-1,-1,-1,-1
28,1,2,700,-1,-1,-1,-1,-1
16,1,2,700,1,2,-1,2,8
47,2,2,700,-1,1,-1,2,7
60,2,1,700,-1,-1,-1,-1,-1
24,2,1,700,2,-1,-1,-1,-1
20,1,1,700,2,1,-1,2,1
20,1,2,700,2,-1,-1,-1,-1
5,1,2,700,1,-1,-1,-1,-1
13,1,2,700,1,-1,-1,-1,-1
35,2,1,700,-1,-1,-1,-1,-1
9,1,1,700,1,-1,-1,-1,-1
76,2,1,700,-1,-1,-1,-1,-1
16,1,2,700,1,2,-1,2,7
28,1,2,700,-1,1,-1,2,5
24,1,2,700,2,-1,-1,-1,-1
38,1,1,700,-1,-1,-1,-1,-1
25,1,1,700,-1,1,-1,2,5
56,2,1,700,-1,-1,-1,-1,-1
53,2,2,700,-1,1,-1,2,7
73,2,2,700,-1,1,-1,2,6
5,1,2,700,1,-1,-1,-1,-1
56,1,1,700,-1,-1,-1,-1,-1
11,1,2,700,1,-1,-1,-1,-1
56,2,2,700,-1,2,-1,2,7
33,2,2,700,-1,1,-1,2,7
61,3,2,700,-1,1,-1,2,6
58,2,2,700,-1,1,-1,2,7
40,1,1,700,-1,-1,-1,-1,-1
26,2,1,700,-1,-1,-1,-1,-1
38,2,2,700,-1,2,-1,2,7
73,3,2,700,-1,1,-1,2,6
38,2,1,700,-1,-1,-1,-1,-1
8,1,2,700,1,-1,-1,-1,-1
18,1,2,700,1,2,-1,2,7
36,2,1,700,-1,-1,-1,-1,-1
39,2,1,700,-1,2,-1,2,7
17,1,1,700,2,2,-1,2,6
10,1,1,700,1,-1,-1,-1,-1
16,1,1,700,2,2,-1,2,8
5,1,1,700,1,-1,-1,-1,-1
28,1,1,700,-1,-1,-1,-1,-1
42,2,2,700,-1,-1,-1,-1,-1
43,3,2,700,-1,-1,-1,-1,-1
77,1,2,700,-1,1,-1,2,6
65,3,1,700,-1,-1,-1,-1,-1
41,2,1,700,-1,-1,-1,-1,-1
40,2,2,700,-1,-1,-1,-1,-1
23,1,2,700,2,-1,-1,-1,-1
34,3,2,700,-1,-1,-1,-1,-1
32,2,2,700,-1,2,-1,2,7
64,1,1,700,-1,-1,-1,-1,-1
25,1,1,700,-1,1,-1,2,5
20,2,2,700,2,1,-1,2,7
37,2,1,700,-1,-1,-1,-1,-1
40,2,1,700,-1,-1,-1,-1,-1
45,2,2,700,-1,1,-1,2,7
67,2,1,700,-1,1,-1,2,6
27,2,2,700,-1,-1,-1,-1,-1
59,2,1,700,-1,-1,-1,-1,-1
29,2,1,700,-1,-1,-1,-1,-1
33,1,1,700,-1,-1,-1,-1,-1
15,1,1,700,1,2,-1,2,8
12,1,2,700,1,-1,-1,-1,-1
46,2,1,700,-1,-1,-1,-1,-1
7,1,1,700,1,-1,-1,-1,-1
28,1,1,700,-1,-1,-1,-1,-1
20,1,1,700,2,-1,-1,-1,-1
16,1,2,700,2,2,-1,2,1
44,2,2,700,-1,-1,-1,-1,-1
26,1,2,700,-1,-1,-1,-1,-1
29,2,2,700,-1,1,-1,2,7
21,1,1,700,2,-1,-1,-1,-1
21,1,1,700,2,-1,-1,-1,-1
35,2,2,700,-1,1,-1,2,7
7,1,2,700,1,-1,-1,-1,-1
16,1,1,700,1,2,-1,2,8
5,1,1,700,1,-1,-1,-1,-1
31,1,1,700,-1,-1,-1,-1,-1
69,2,2,700,-1,-1,-1,-1,-1
37,2,2,700,-1,2,-1,2,7
21,1,2,700,2,-1,-1,-1,-1
56,2,1,700,-1,-1,-1,-1,-1
11,1,1,700,1,-1,-1,-1,-1
26,2,1,700,-1,-1,-1,-1,-1
6,1,1,700,1,-1,-1,-1,-1
6,1,2,700,1,-1,-1,-1,-1
43,1,2,700,-1,1,-1,2,7
49,2,1,700,-1,-1,-1,-1,-1
8,1,2,700,1,-1,-1,-1,-1
8,1,2,700,1,-1,-1,-1,-1
48,2,2,700,-1,-1,-1,-1,-1
49,2,2,700,-1,-1,-1,-1,-1
21,2,1,700,2,-1,-1,-1,-1
39,2,1,700,-1,-1,-1,-1,-1
40,1,1,700,-1,-1,-1,-1,-1
21,2,2,700,2,2,-1,2,7
35,6,1,700,-1,1,-1,2,3
9,1,2,700,1,-1,-1,-1,-1
16,1,2,700,1,2,-1,2,8
14,1,1,700,1,-1,-1,-1,-1
33,2,1,700,-1,-1,-1,-1,-1
19,1,1,700,2,-1,-1,-1,-1
40,2,1,700,-1,-1,-1,-1,-1
7,1,1,700,1,-1,-1,-1,-1
27,2,2,700,-1,-1,-1,-1,-1
39,2,1,700,-1,-1,-1,-1,-1
14,1,2,700,1,-1,-1,-1,-1
18,1,1,700,1,2,-1,2,8
35,1,1,700,-1,-1,-1,-1,-1
19,2,2,700,2,1,-1,2,7
20,1,2,700,2,2,-1,2,9
10,1,2,700,1,-1,-1,-1,-1
58,2,2,700,-1,-1,-1,-1,-1
11,1,1,700,1,-1,-1,-1,-1
17,1,2,700,1,2,-1,2,8
45,1,2,700,-1,-1,-1,-1,-1
7,1,2,700,2,-1,-1,-1,-1
14,1,2,700,1,-1,-1,-1,-1
8,1,2,700,1,-1,-1,-1,-1
30,2,2,700,-1,-1,-1,-1,-1
63,2,2,700,-1,-1,-1,-1,-1
10,1,2,700,1,-1,-1,-1,-1
10,1,2,700,1,-1,-1,-1,-1
19,1,2,700,1,2,-1,2,8
27,2,2,700,-1,1,-1,2,7
14,1,1,700,1,-1,-1,-1,-1
37,2,2,700,-1,-1,-1,-1,-1
13,1,1,700,1,-1,-1,-1,-1
39,2,1,700,-1,1,-1,2,3
8,1,2,700,1,-1,-1,-1,-1
55,2,1,700,-1,-1,-1,-1,-1
78,3,2,700,-1,2,-1,2,6
62,2,1,700,-1,-1,-1,-1,-1
31,2,1,700,-1,-1,-1,-1,-1
27,2,1,700,-1,-1,-1,-1,-1
50,1,2,700,-1,-1,-1,-1,-1
27,1,1,700,-1,-1,-1,-1,-1
35,1,1,700,-1,-1,-1,-1,-1
35,2,2,700,-1,1,-1,2,7
39,2,2,700,-1,1,-1,2,7
53,2,2,700,-1,-1,-1,-1,-1
55,2,1,700,-1,-1,-1,-1,-1
53,2,2,700,-1,-1,-1,-1,-1
30,2,2,700,-1,1,-1,2,7
18,1,2,700,2,2,-1,2,9
6,1,2,700,2,-1,-1,-1,-1
29,2,1,700,-1,-1,-1,-1,-1
7,1,2,700,1,-1,-1,-1,-1
34,1,1,700,-1,-1,-1,-1,-1
47,2,1,700,-1,-1,-1,-1,-1
37,2,2,700,-1,-1,-1,-1,-1
31,1,1,700,-1,-1,-1,-1,-1
8,1,1,700,1,-1,-1,-1,-1
42,2,1,700,-1,-1,-1,-1,-1
26,2,2,700,-1,1,-1,2,7
17,1,1,700,1,2,-1,2,8
50,2,2,700,-1,-1,-1,-1,-1
15,1,1,700,1,2,-1,2,7
21,2,2,700,2,2,-1,2,7
52,2,1,700,-1,1,-1,2,1
61,3,2,700,-1,-1,-1,-1,-1
11,1,1,700,1,-1,-1,-1,-1
38,2,1,700,-1,-1,-1,-1,-1
29,1,1,700,-1,1,2,1,-1
39,1,1,700,-1,-1,-1,-1,-1
60,2,1,700,-1,-1,-1,-1,-1
14,1,1,700,1,-1,-1,-1,-1
34,2,2,700,-1,-1,-1,-1,-1
13,1,1,700,1,-1,-1,-1,-1
17,1,2,700,1,2,-1,2,8
26,2,1,700,-1,-1,-1,-1,-1
46,2,1,700,-1,-1,-1,-1,-1
12,1,1,700,1,-1,-1,-1,-1
24,1,1,700,2,-1,-1,-1,-1
28,1,1,700,-1,-1,-1,-1,-1
24,2,1,700,2,-1,-1,-1,-1
32,2,1,700,-1,-1,-1,-1,-1
59,2,1,700,-1,-1,-1,-1,-1
23,1,1,700,2,2,-1,2,7
36,2,2,700,-1,-1,-1,-1,-1
27,1,2,700,-1,-1,-1,-1,-1
29,2,1,700,-1,-1,-1,-1,-1
6,1,1,700,1,-1,-1,-1,-1
13,1,1,700,1,-1,-1,-1,-1
46,2,2,700,-1,1,-1,2,7
8,1,2,700,1,-1,-1,-1,-1
8,1,1,700,1,-1,-1,-1,-1
34,2,2,700,-1,1,-1,2,7
19,1,2,700,1,2,-1,2,8
21,1,1,700,2,2,-1,2,7
31,2,2,700,-1,-1,-1,-1,-1
66,3,2,700,-1,-1,-1,-1,-1
40,2,2,700,-1,2,-1,2,7
29,2,2,700,-1,-1,-1,-1,-1
39,2,2,700,-1,-1,-1,-1,-1
33,2,1,700,-1,-1,-1,-1,-1
21,1,2,700,2,-1,-1,-1,-1
21,2,1,700,2,-1,-1,-1,-1
5,1,2,700,1,-1,-1,-1,-1
66,2,1,700,-1,1,-1,2,7
8,1,1,700,1,-1,-1,-1,-1
40,2,2,700,-1,2,-1,2,7
34,1,1,700,-1,-1,-1,-1,-1
48,2,1,700,-1,-1,-1,-1,-1
8,1,2,700,1,-1,-1,-1,-1
11,1,1,700,1,-1,-1,-1,-1
24,2,2,700,2,2,-1,2,7
29,2,2,700,-1,1,-1,2,7
20,2,2,700,2,2,-1,2,7
57,3,1,700,-1,-1,-1,-1,-1
8,1,1,700,1,-1,-1,-1,-1
32,2,1,700,-1,-1,-1,-1,-1
25,2,2,700,-1,1,-1,2,7
46,2,1,700,-1,-1,-1,-1,-1
6,1,2,700,1,-1,-1,-1,-1
26,1,2,700,-1,2,-1,2,8
10,1,2,700,1,-1,-1,-1,-1
16,1,2,700,1,-1,-1,-1,-1
26,1,2,700,-1,-1,-1,-1,-1
21,1,1,700,2,1,-1,2,5
7,1,1,700,1,-1,-1,-1,-1
43,2,2,700,-1,2,-1,2,7
26,2,2,700,-1,1,-1,2,7
30,2,2,700,-1,1,-1,2,7
79,3,1,700,-1,-1,-1,-1,-1
38,2,1,700,-1,-1,-1,-1,-1
27,2,1,700,-1,-1,-1,-1,-1
71,2,2,700,-1,1,-1,2,6
47,2,2,700,-1,-1,-1,-1,-1
15,1,2,700,1,1,-1,2,8
13,1,2,700,1,-1,-1,-1,-1
41,2,1,700,-1,-1,-1,-1,-1
57,2,2,700,-1,-1,-1,-1,-1
76,3,2,700,-1,-1,-1,-1,-1
43,2,2,700,-1,1,-1,2,7
31,2,1,700,-1,-1,-1,-1,-1
27,2,2,700,-1,-1,-1,-1,-1
19,1,1,700,2,-1,-1,-1,-1
10,1,2,700,1,-1,-1,-1,-1
27,2,2,700,-1,-1,-1,-1,-1
15,2,2,700,2,1,-1,2,7
15,1,1,700,1,2,-1,2,8
25,2,1,700,-1,-1,-1,-1,-1
69,2,1,700,-1,1,-1,2,6
46,2,1,700,-1,-1,-1,-1,-1
55,2,2,700,-1,-1,-1,-1,-1
12,1,1,700,1,-1,-1,-1,-1
39,3,2,700,-1,-1,-1,-1,-1
44,4,2,700,-1,2,-1,2,7
20,1,1,700,1,1,2,1,-1
43,2,1,700,-1,-1,-1,-1,-1
24,1,1,700,2,2,-1,2,7
11,1,2,700,1,-1,-1,-1,-1
31,2,1,700,-1,-1,-1,-1,-1
5,1,2,700,1,-1,-1,-1,-1
45,3,1,700,-1,-1,-1,-1,-1
30,2,2,700,-1,-1,-1,-1,-1
17,1,1,700,1,-1,-1,-1,-1
49,2,2,700,-1,-1,-1,-1,-1
43,2,1,700,-1,-1,-1,-1,-1
5,1,1,700,2,-1,-1,-1,-1
30,1,2,700,-1,2,-1,2,7
38,2,2,700,-1,1,-1,2,7
53,1,2,700,-1,1,-1,2,7
41,2,1,700,-1,-1,-1,-1,-1
10,1,1,700,1,-1,-1,-1,-1
38,2,1,700,-1,-1,-1,-1,-1
6,1,1,700,1,-1,-1,-1,-1
8,1,2,700,1,-1,-1,-1,-1
55,2,2,700,-1,1,-1,2,7
25,1,1,700,-1,-1,-1,-1,-1
63,2,2,700,-1,1,-1,2,7
17,2,2,700,2,2,-1,2,7
12,1,2,700,1,-1,-1,-1,-1
24,2,2,700,2,1,-1,2,7
30,2,2,700,-1,1,-1,2,7
59,3,2,700,-1,-1,-1,-1,-1
38,2,2,700,-1,-1,-1,-1,-1
15,1,2,700,1,2,-1,2,8
9,1,1,700,1,-1,-1,-1,-1
17,1,2,700,1,2,-1,2,8
66,2,1,700,-1,-1,-1,-1,-1
39,2,1,700,-1,-1,-1,-1,-1
9,1,2,700,1,-1,-1,-1,-1
17,1,1,700,2,2,-1,2,8
16,1,2,700,1,2,-1,2,8
16,1,1,700,1,2,-1,2,8
38,1,1,700,-1,2,-1,2,9
10,1,2,700,1,-1,-1,-1,-1
13,1,1,700,1,-1,-1,-1,-1
32,2,2,700,-1,-1,-1,-1,-1
7,1,2,700,1,-1,-1,-1,-1
8,1,1,700,1,-1,-1,-1,-1
28,2,2,700,-1,1,-1,2,7
46,2,1,700,-1,-1,-1,-1,-1
32,2,2,700,-1,1,-1,2,7
61,2,1,700,-1,-1,-1,-1,-1
21,1,1,700,1,1,-1,2,8
19,1,2,700,1,2,-1,2,8
40,2,2,700,-1,-1,-1,-1,-1
46,1,1,700,-1,-1,-1,-1,-1
49,2,1,700,-1,-1,-1,-1,-1
11,1,1,700,1,-1,-1,-1,-1
15,1,2,700,1,2,-1,2,6
32,2,1,700,-1,-1,-1,-1,-1
36,3,2,700,-1,-1,-1,-1,-1
16,1,2,700,1,2,-1,2,8
13,1,1,700,1,-1,-1,-1,-1
33,1,2,700,-1,-1,-1,-1,-1
9,1,1,700,1,-1,-1,-1,-1
43,2,1,700,-1,-1,-1,-1,-1
60,2,2,700,-1,-1,-1,-1,-1
27,1,1,700,-1,1,-1,2,8
10,1,1,700,1,-1,-1,-1,-1
53,3,2,700,-1,1,-1,2,9
7,1,1,700,1,-1,-1,-1,-1
29,1,2,700,-1,-1,-1,-1,-1
23,2,2,700,2,-1,-1,-1,-1
11,1,2,700,1,-1,-1,-1,-1
78,3,2,700,-1,1,-1,2,6
7,1,2,700,1,-1,-1,-1,-1
38,2,1,700,-1,-1,-1,-1,-1
29,2,1,700,-1,-1,-1,-1,-1
40,2,2,700,-1,-1,-1,-1,-1
6,1,1,700,1,-1,-1,-1,-1
50,2,2,700,-1,-1,-1,-1,-1
43,2,1,700,-1,-1,-1,-1,-1
13,1,1,700,1,-1,-1,-1,-1
13,1,2,700,1,-1,-1,-1,-1
41,2,1,700,-1,-1,-1,-1,-1
34,1,1,700,-1,1,-1,2,2
51,2,2,700,-1,-1,-1,-1,-1
17,1,2,700,1,1,-1,2,8
57,2,1,700,-1,-1,-1,-1,-1
21,1,1,700,2,1,2,1,-1
49,2,2,700,-1,-1,-1,-1,-1
62,2,2,700,-1,-1,-1,-1,-1
8,1,1,700,1,-1,-1,-1,-1
19,2,2,700,2,1,-1,2,7
21,2,1,700,2,-1,-1,-1,-1
17,1,1,700,1,-1,-1,-1,-1
30,1,1,700,-1,-1,-1,-1,-1
22,2,2,700,2,1,-1,2,7
10,1,2,700,1,-1,-1,-1,-1
10,1,1,700,1,-1,-1,-1,-1
38,2,2,700,-1,-1,-1,-1,-1
35,1,1,700,-1,-1,-1,-1,-1
16,1,2,700,1,1,-1,2,8
62,2,1,700,-1,-1,-1,-1,-1
19,1,1,700,1,2,-1,2,8
20,1,1,700,2,-1,-1,-1,-1
70,2,1,700,-1,-1,-1,-1,-1
38,2,1,700,-1,-1,-1,-1,-1
44,1,2,700,-1,1,-1,2,7
33,2,2,700,-1,-1,-1,-1,-1
17,2,2,700,2,2,-1,2,7
10,1,1,700,1,-1,-1,-1,-1
22,1,2,700,2,2,-1,2,7
24,2,1,700,2,-1,-1,-1,-1
36,1,1,700,-1,2,-1,2,7
12,1,2,700,1,-1,-1,-1,-1
50,2,1,700,-1,-1,-1,-1,-1
14,1,1,700,1,-1,-1,-1,-1
27,2,1,700,-1,-1,-1,-1,-1
5,1,1,700,2,-1,-1,-1,-1
20,2,2,700,2,1,-1,2,7
55,2,1,700,-1,-1,-1,-1,-1
43,2,1,700,-1,-1,-1,-1,-1
25,1,1,700,-1,1,-1,2,8
7,1,1,700,1,-1,-1,-1,-1
5,1,2,700,1,-1,-1,-1,-1
35,2,2,700,-1,1,-1,2,7
5,1,2,700,1,-1,-1,-1,-1
32,2,1,700,-1,-1,-1,-1,-1
62,3,2,700,-1,-1,-1,-1,-1
23,2,2,700,2,1,-1,2,7
48,2,1,700,-1,-1,-1,-1,-1
6,1,2,700,1,-1,-1,-1,-1
46,2,1,700,-1,-1,-1,-1,-1
48,2,1,700,-1,-1,-1,-1,-1
10,1,2,700,1,-1,-1,-1,-1
24,2,1,700,2,-1,-1,-1,-1
10,1,2,700,1,-1,-1,-1,-1
36,2,1,700,-1,-1,-1,-1,-1
23,1,2,700,2,-1,-1,-1,-1
79,3,2,700,-1,-1,-1,-1,-1
18,1,1,700,2,-1,-1,-1,-1
28,2,2,700,-1,-1,-1,-1,-1
15,1,2,700,1,2,-1,2,8
24,1,2,700,2,-1,-1,-1,-1
34,2,1,700,-1,-1,-1,-1,-1
8,1,1,700,1,-1,-1,-1,-1
31,1,1,700,-1,-1,-1,-1,-1
51,2,1,700,-1,-1,-1,-1,-1
40,1,1,700,-1,-1,-1,-1,-1
12,1,1,700,1,-1,-1,-1,-1
6,1,2,700,1,-1,-1,-1,-1
62,2,2,700,-1,-1,-1,-1,-1
6,1,1,700,1,-1,-1,-1,-1
35,2,1,700,-1,-1,-1,-1,-1
10,1,2,700,1,-1,-1,-1,-1
15,1,2,700,2,2,-1,2,9
20,1,1,700,2,1,2,1,-1
17,1,2,700,2,-1,-1,-1,-1
15,1,1,700,1,2,-1,2,8
8,1,1,700,1,-1,-1,-1,-1
7,1,2,700,1,-1,-1,-1,-1
16,1,2,700,1,2,-1,2,8
19,1,1,700,1,1,-1,2,8
69,2,1,700,-1,-1,-1,-1,-1
33,2,2,700,-1,1,2,1,-1
43,2,2,700,-1,2,-1,2,7
17,1,2,700,2,1,-1,2,7
29,1,1,700,-1,1,-1,2,8
44,2,2,700,-1,-1,-1,-1,-1
35,2,2,700,-1,2,-1,2,7
13,1,2,700,1,-1,-1,-1,-1
8,1,2,700,1,-1,-1,-1,-1
32,2,2,700,-1,1,-1,2,1
18,1,1,700,1,2,1,1,-1
6,1,1,700,1,-1,-1,-1,-1
61,2,1,700,-1,-1,-1,-1,-1
21,1,2,700,2,1,-1,2,2
26,2,2,700,-1,1,-1,2,7
12,1,2,700,1,-1,-1,-1,-1
84,3,1,700,-1,1,-1,2,6
14,1,1,700,1,-1,-1,-1,-1
44,1,1,700,-1,-1,-1,-1,-1
36,2,1,700,-1,-1,-1,-1,-1
29,2,2,700,-1,1,-1,2,7
30,2,1,700,-1,-1,-1,-1,-1
25,1,2,700,-1,1,-1,2,5
18,1,1,700,1,2,-1,2,8
59,2,2,700,-1,-1,-1,-1,-1
6,1,2,700,1,-1,-1,-1,-1
38,2,2,700,-1,-1,-1,-1,-1
47,2,1,700,-1,-1,-1,-1,-1
65,4,2,700,-1,1,-1,2,7
46,2,1,700,-1,-1,-1,-1,-1
9,1,1,700,1,-1,-1,-1,-1
35,4,2,700,-1,1,-1,2,7
16,1,1,700,1,2,-1,2,8
35,2,1,700,-1,-1,-1,-1,-1
23,1,2,700,2,-1,-1,-1,-1
11,1,1,700,1,-1,-1,-1,-1
17,1,2,700,1,2,-1,2,8
19,1,1,700,2,1,-1,2,7
42,2,2,700,-1,1,-1,2,7
11,1,1,700,1,-1,-1,-1,-1
38,1,2,700,-1,-1,-1,-1,-1
41,2,2,700,-1,-1,-1,-1,-1
15,1,2,700,1,2,-1,2,8
30,1,2,700,-1,-1,-1,-1,-1
33,2,1,700,-1,-1,-1,-1,-1
8,1,2,700,1,-1,-1,-1,-1
28,2,2,700,-1,-1,-1,-1,-1
6,1,1,700,1,-1,-1,-1,-1
57,2,1,700,-1,1,-1,2,3
61,2,2,700,-1,1,-1,2,7
45,2,2,700,-1,1,-1,2,7
60,2,2,700,-1,1,-1,2,7
36,2,1,700,-1,-1,-1,-1,-1
13,1,1,700,1,-1,-1,-1,-1
10,1,2,700,1,-1,-1,-1,-1
17,1,1,700,1,2,-1,2,8
17,1,2,700,1,2,-1,2,8
63,2,1,700,-1,1,-1,2,6
18,1,1,700,2,1,-1,2,2
46,1,2,700,-1,-1,-1,-1,-1
8,1,1,700,1,-1,-1,-1,-1
12,1,2,700,1,-1,-1,-1,-1
67,2,2,700,-1,-1,-1,-1,-1
39,2,2,700,-1,-1,-1,-1,-1
28,2,2,700,-1,1,-1,2,7
62,4,2,700,-1,1,-1,2,6
24,2,2,700,2,1,-1,2,7
33,2,2,700,-1,-1,-1,-1,-1
6,1,2,700,1,-1,-1,-1,-1
5,1,1,700,1,-1,-1,-1,-1
7,1,2,700,1,-1,-1,-1,-1
37,2,2,700,-1,1,-1,2,7
32,2,2,700,-1,1,-1,2,7
74,2,2,700,-1,1,-1,2,6
14,1,2,700,1,-1,-1,-1,-1
22,2,2,700,2,2,-1,2,7
6,1,2,700,1,-1,-1,-1,-1
40,2,2,700,-1,1,-1,2,7
12,1,1,700,1,-1,-1,-1,-1
10,1,1,700,1,-1,-1,-1,-1
51,2,1,700,-1,-1,-1,-1,-1
15,1,1,700,2,-1,-1,-1,-1
20,2,2,700,2,1,-1,2,7
25,1,1,700,-1,2,1,1,-1
30,2,1,700,-1,-1,-1,-1,-1
56,3,2,700,-1,-1,-1,-1,-1
47,2,2,700,-1,-1,-1,-1,-1
18,1,1,700,1,2,-1,2,8
51,2,2,700,-1,-1,-1,-1,-1
6,1,2,700,1,-1,-1,-1,-1
67,1,2,700,-1,1,-1,2,6
11,1,2,700,1,-1,-1,-1,-1
11,1,1,700,1,-1,-1,-1,-1
50,2,2,700,-1,2,-1,2,7
61,3,2,700,-1,-1,-1,-1,-1
6,1,2,700,1,-1,-1,-1,-1
13,1,2,700,1,-1,-1,-1,-1
13,1,2,700,1,-1,-1,-1,-1
47,2,1,700,-1,1,-1,2,7
21,2,2,700,2,2,-1,2,7
28,1,1,700,-1,-1,-1,-1,-1
46,2,1,700,-1,-1,-1,-1,-1
13,1,2,700,1,-1,-1,-1,-1
14,1,1,700,1,-1,-1,-1,-1
14,1,2,700,1,-1,-1,-1,-1
25,1,1,700,-1,-1,-1,-1,-1
30,1,1,700,-1,-1,-1,-1,-1
35,1,1,700,-1,-1,-1,-1,-1
28,1,1,700,-1,-1,-1,-1,-1
47,2,1,700,-1,-1,-1,-1,-1
74,3,2,700,-1,1,-1,2,7
24,2,2,700,1,2,-1,2,8
14,1,2,700,1,-1,-1,-1,-1
40,2,2,700,-1,-1,-1,-1,-1
9,1,1,700,1,-1,-1,-1,-1
35,2,2,700,-1,1,-1,2,7
71,2,1,700,-1,-1,-1,-1,-1
52,4,1,700,-1,-1,-1,-1,-1
6,1,1,700,1,-1,-1,-1,-1
43,2,1,700,-1,-1,-1,-1,-1
36,2,1,700,-1,-1,-1,-1,-1
29,2,1,700,-1,-1,-1,-1,-1
14,1,1,700,1,-1,-1,-1,-1
31,2,2,700,-1,1,-1,2,8
13,1,2,700,1,-1,-1,-1,-1
15,1,1,700,2,-1,-1,-1,-1
33,2,2,700,-1,-1,-1,-1,-1
15,1,1,700,2,2,-1,2,6
32,2,1,700,-1,-1,-1,-1,-1
18,1,1,700,1,2,-1,2,8
28,2,1,700,-1,-1,-1,-1,-1
32,2,2,700,-1,1,-1,2,7
41,2,1,700,-1,-1,-1,-1,-1
29,2,1,700,-1,-1,-1,-1,-1
39,2,2,700,-1,-1,-1,-1,-1
30,4,1,700,-1,-1,-1,-1,-1
46,3,2,700,-1,1,-1,2,1
52,2,1,700,-1,-1,-1,-1,-1
22,1,1,700,2,2,1,1,-1
19,1,1,700,1,2,-1,2,8
22,1,1,700,2,-1,-1,-1,-1
73,2,2,700,-1,-1,-1,-1,-1
21,2,1,700,2,-1,-1,-1,-1
9,1,2,700,1,-1,-1,-1,-1
35,2,1,700,-1,-1,-1,-1,-1
22,2,2,700,2,2,-1,2,7
46,2,1,700,-1,-1,-1,-1,-1
52,2,1,700,-1,1,-1,2,7
15,1,1,700,1,2,-1,2,8
24,2,2,700,2,-1,-1,-1,-1
53,1,2,700,-1,-1,-1,-1,-1
13,1,2,700,1,-1,-1,-1,-1
77,2,2,700,-1,1,-1,2,6
10,1,1,700,1,-1,-1,-1,-1
21,1,1,700,2,1,-1,2,3
54,2,1,700,-1,-1,-1,-1,-1
12,1,1,700,1,-1,-1,-1,-1
34,2,1,700,-1,-1,-1,-1,-1
23,1,2,700,2,2,2,1,-1
13,1,1,700,1,-1,-1,-1,-1
59,2,2,700,-1,-1,-1,-1,-1
25,1,1,700,-1,1,-1,2,7
17,1,1,700,1,2,-1,2,8
46,1,2,700,-1,2,-1,2,7
47,2,1,700,-1,-1,-1,-1,-1
29,2,1,700,-1,-1,-1,-1,-1
21,1,2,700,2,-1,-1,-1,-1
43,2,2,700,-1,-1,-1,-1,-1
8,1,1,700,1,-1,-1,-1,-1
28,1,2,700,-1,-1,-1,-1,-1
62,2,2,700,-1,1,-1,2,7
19,1,2,700,2,-1,-1,-1,-1
22,1,2,700,2,1,-1,2,9
25,1,1,700,-1,1,2,1,-1
56,2,1,700,-1,-1,-1,-1,-1
21,1,1,700,2,-1,-1,-1,-1
23,2,1,700,2,-1,-1,-1,-1
55,2,1,700,-1,-1,-1,-1,-1
51,2,1,700,-1,-1,-1,-1,-1
33,1,2,700,-1,-1,-1,-1,-1
13,1,1,700,1,-1,-1,-1,-1
72,2,1,700,-1,1,-1,2,6
49,2,1,700,-1,-1,-1,-1,-1
20,1,2,700,2,-1,-1,-1,-1
66,1,1,700,-1,1,-1,2,6
7,1,1,700,1,-1,-1,-1,-1
77,2,1,700,-1,1,-1,2,6
7,1,2,700,1,-1,-1,-1,-1
79,3,2,700,-1,1,-1,2,6
18,1,1,700,1,-1,-1,-1,-1
52,2,2,700,-1,-1,-1,-1,-1
29,2,1,700,-1,-1,-1,-1,-1
14,1,1,700,1,-1,-1,-1,-1
53,2,1,700,-1,-1,-1,-1,-1
14,1,1,700,1,-1,-1,-1,-1
57,2,2,700,-1,-1,-1,-1,-1
19,1,2,700,2,2,-1,2,7
12,1,1,700,1,-1,-1,-1,-1
32,2,1,700,-1,-1,-1,-1,-1
5,1,1,700,1,-1,-1,-1,-1
12,1,2,700,1,-1,-1,-1,-1
17,1,1,700,1,2,-1,2,8
10,1,1,700,1,-1,-1,-1,-1
19,1,2,700,2,-1,-1,-1,-1
58,2,1,700,-1,-1,-1,-1,-1
6,1,1,700,1,-1,-1,-1,-1
18,1,2,700,1,2,-1,2,8
56,2,1,700,-1,-1,-1,-1,-1
42,2,1,700,-1,-1,-1,-1,-1
12,1,2,700,1,-1,-1,-1,-1
79,3,2,700,-1,1,-1,2,6
23,1,1,700,2,-1,-1,-1,-1
13,1,2,700,1,-1,-1,-1,-1
10,1,1,700,1,-1,-1,-1,-1
16,1,2,700,1,-1,-1,-1,-1
6,1,2,700,1,-1,-1,-1,-1
63,2,2,700,-1,-1,-1,-1,-1
11,1,1,700,1,-1,-1,-1,-1
21,1,2,700,1,2,-1,2,8
10,1,2,700,1,-1,-1,-1,-1
9,1,1,700,1,-1,-1,-1,-1
41,2,2,700,-1,1,-1,2,3
39,2,2,700,-1,-1,-1,-1,-1
20,1,2,700,2,2,-1,2,7
50,2,1,700,-1,-1,-1,-1,-1
7,1,1,700,1,-1,-1,-1,-1
30,2,2,700,-1,-1,-1,-1,-1
19,1,1,700,2,-1,-1,-1,-1
61,2,1,700,-1,-1,-1,-1,-1
12,1,2,700,1,-1,-1,-1,-1
74,2,1,700,-1,-1,-1,-1,-1
11,1,2,700,1,-1,-1,-1,-1
33,2,1,700,-1,-1,-1,-1,-1
33,2,2,700,-1,1,-1,2,9
64,2,1,700,-1,-1,-1,-1,-1
41,2,1,700,-1,-1,-1,-1,-1
13,1,2,700,1,-1,-1,-1,-1
15,1,2,700,2,2,-1,2,6
7,1,2,700,1,-1,-1,-1,-1
34,2,1,700,-1,-1,-1,-1,-1
45,2,1,700,-1,-1,-1,-1,-1
15,1,1,700,1,2,-1,2,8
42,2,1,700,-1,-1,-1,-1,-1
5,1,1,700,1,-1,-1,-1,-1
10,1,2,700,1,-1,-1,-1,-1
29,2,1,700,-1,-1,-1,-1,-1
59,2,2,700,-1,-1,-1,-1,-1
21,1,1,700,2,1,-1,2,2
51,2,2,700,-1,-1,-1,-1,-1
58,2,1,700,-1,-1,-1,-1,-1
14,1,1,700,1,-1,-1,-1,-1
28,1,2,700,-1,-1,-1,-1,-1
8,1,2,700,1,-1,-1,-1,-1
24,2,2,700,2,-1,-1,-1,-1
40,2,1,700,-1,-1,-1,-1,-1
8,1,2,700,1,-1,-1,-1,-1
63,2,1,700,-1,-1,-1,-1,-1
36,2,1,700,-1,-1,-1,-1,-1
21,1,2,700,2,-1,-1,-1,-1
67,3,2,700,-1,1,-1,2,6
35,2,2,700,-1,-1,-1,-1,-1
28,2,1,700,-1,-1,-1,-1,-1
67,2,2,700,-1,1,-1,2,6
7,1,1,700,1,-1,-1,-1,-1
8,1,1,700,1,-1,-1,-1,-1
44,2,2,700,-1,-1,-1,-1,-1
56,2,1,700,-1,-1,-1,-1,-1
5,1,2,700,1,-1,-1,-1,-1
25,2,1,700,-1,1,-1,2,5
69,3,2,700,-1,-1,-1,-1,-1
67,2,1,700,-1,1,2,1,-1
13,1,1,700,1,-1,-1,-1,-1
8,1,1,700,1,-1,-1,-1,-1
22,1,2,700,2,2,-1,2,6
7,1,2,700,1,-1,-1,-1,-1
40,2,1,700,-1,-1,-1,-1,-1
21,1,2,700,1,2,-1,2,8
35,2,1,700,-1,-1,-1,-1,-1
8,1,1,700,1,-1,-1,-1,-1
27,1,2,700,-1,-1,-1,-1,-1
34,2,1,700,-1,-1,-1,-1,-1
11,1,2,700,1,-1,-1,-1,-1
59,1,2,700,-1,1,-1,2,7
38,2,2,700,-1,-1,-1,-1,-1
9,1,2,700,1,-1,-1,-1,-1
44,1,1,700,-1,-1,-1,-1,-1
36,2,2,700,-1,-1,-1,-1,-1
22,1,1,700,2,-1,-1,-1,-1
17,1,1,700,1,2,-1,2,8
41,2,1,700,-1,-1,-1,-1,-1
76,2,1,700,-1,1,-1,2,6
43,1,2,700,-1,-1,-1,-1,-1
11,1,2,700,1,-1,-1,-1,-1
18,1,2,700,1,2,-1,2,8
10,1,2,700,1,-1,-1,-1,-1
19,1,2,700,1,2,-1,2,8
10,1,2,700,1,-1,-1,-1,-1
74,2,2,700,-1,2,-1,2,7
24,2,2,700,2,1,-1,2,7
13,1,2,700,1,-1,-1,-1,-1
10,1,1,700,1,-1,-1,-1,-1
24,2,2,700,2,-1,-1,-1,-1
17,1,2,700,1,2,-1,2,8
19,1,2,700,1,-1,-1,-1,-1
53,2,1,700,-1,-1,-1,-1,-1
18,1,2,700,2,2,-1,2,7
15,1,2,700,1,2,-1,2,8
44,2,1,700,-1,-1,-1,-1,-1
12,1,2,700,1,-1,-1,-1,-1
37,2,1,700,-1,-1,-1,-1,-1
6,1,1,700,1,-1,-1,-1,-1
36,2,2,700,-1,-1,-1,-1,-1
30,1,2,700,-1,2,-1,2,7
17,1,2,700,2,-1,-1,-1,-1
40,1,1,700,-1,-1,-1,-1,-1
31,2,2,700,-1,2,-1,2,7
13,1,1,700,1,-1,-1,-1,-1
33,2,1,700,-1,-1,-1,-1,-1
44,2,2,700,-1,-1,-1,-1,-1
85,2,1,700,-1,1,-1,2,6
30,2,2,700,-1,-1,-1,-1,-1
14,1,1,700,1,-1,-1,-1,-1
7,1,2,700,1,-1,-1,-1,-1
21,2,2,700,2,1,-1,2,7
14,1,2,700,1,-1,-1,-1,-1
11,1,1,700,1,-1,-1,-1,-1
31,1,2,700,-1,-1,-1,-1,-1
47,2,1,700,-1,-1,-1,-1,-1
20,1,1,700,2,-1,-1,-1,-1
23,2,2,700,2,-1,-1,-1,-1
12,1,2,700,1,-1,-1,-1,-1
8,1,1,700,1,-1,-1,-1,-1
28,2,2,700,-1,1,-1,2,1
21,1,2,700,2,1,-1,2,7
48,2,2,700,-1,-1,-1,-1,-1
36,2,1,700,-1,-1,-1,-1,-1
7,1,1,700,2,-1,-1,-1,-1
13,1,1,700,1,-1,-1,-1,-1
24,2,1,700,2,-1,-1,-1,-1
7,1,1,700,1,-1,-1,-1,-1
15,1,2,700,1,2,-1,2,8
7,1,2,700,1,-1,-1,-1,-1
21,1,2,700,2,-1,-1,-1,-1
33,2,2,700,-1,-1,-1,-1,-1
12,1,1,700,1,-1,-1,-1,-1
23,2,2,700,2,1,-1,2,7
39,2,2,700,-1,-1,-1,-1,-1
28,2,1,700,-1,-1,-1,-1,-1
9,1,2,700,1,-1,-1,-1,-1
23,1,2,700,2,1,-1,2,7
10,1,2,700,1,-1,-1,-1,-1
30,2,1,700,-1,-1,-1,-1,-1
10,1,2,700,1,-1,-1,-1,-1
14,1,1,700,2,-1,-1,-1,-1
26,2,1,700,-1,-1,-1,-1,-1
36,4,2,700,-1,-1,-1,-1,-1
9,1,1,700,1,-1,-1,-1,-1
6,1,1,700,1,-1,-1,-1,-1
35,2,1,700,-1,-1,-1,-1,-1
32,1,1,700,-1,-1,-1,-1,-1
59,2,1,700,-1,1,-1,2,7
41,2,1,700,-1,-1,-1,-1,-1
64,2,2,700,-1,1,-1,2,6
16,1,2,700,1,2,-1,2,8
46,2,2,700,-1,1,-1,2,7
46,3,1,700,-1,-1,-1,-1,-1
8,1,2,700,1,-1,-1,-1,-1
19,1,1,700,1,1,-1,2,3
39,3,2,700,-1,1,-1,2,7
40,2,1,700,-1,-1,-1,-1,-1
14,1,2,700,1,-1,-1,-1,-1
13,1,1,700,1,-1,-1,-1,-1
45,1,1,700,-1,-1,-1,-1,-1
68,2,1,700,-1,-1,-1,-1,-1
17,1,2,700,1,2,-1,2,8
25,2,1,700,-1,-1,-1,-1,-1
15,1,1,700,1,2,-1,2,8
67,2,1,700,-1,-1,-1,-1,-1
64,2,1,700,-1,-1,-1,-1,-1
31,2,1,700,-1,-1,-1,-1,-1
40,1,1,700,-1,-1,-1,-1,-1
32,2,1,700,-1,-1,-1,-1,-1
32,2,2,700,-1,-1,-1,-1,-1
9,1,1,700,1,-1,-1,-1,-1
20,2,1,700,2,1,-1,2,7
32,2,2,700,-1,1,-1,2,7
10,1,2,700,2,-1,-1,-1,-1
40,1,1,700,-1,-1,-1,-1,-1
28,1,1,700,-1,-1,-1,-1,-1
20,1,2,700,2,-1,-1,-1,-1
31,2,2,700,-1,1,-1,2,7
42,3,2,700,-1,-1,-1,-1,-1
35,2,1,700,-1,-1,-1,-1,-1
10,1,2,700,1,-1,-1,-1,-1
62,2,2,700,-1,-1,-1,-1,-1
17,1,2,700,2,1,-1,2,7
5,1,1,700,1,-1,-1,-1,-1
34,1,1,700,-1,-1,-1,-1,-1
9,1,2,700,1,-1,-1,-1,-1
36,2,1,700,-1,-1,-1,-1,-1
37,2,1,700,-1,-1,-1,-1,-1
11,1,1,700,1,-1,-1,-1,-1
20,1,2,700,2,1,-1,2,3
16,1,1,700,2,2,-1,2,6
62,2,1,700,-1,-1,-1,-1,-1
6,1,1,700,1,-1,-1,-1,-1
47,2,1,700,-1,-1,-1,-1,-1
24,1,1,700,2,-1,-1,-1,-1
30,2,1,700,-1,-1,-1,-1,-1
72,3,2,700,-1,1,-1,2,6
12,1,2,700,1,-1,-1,-1,-1
59,2,1,700,-1,1,-1,2,7
20,1,1,700,2,2,-1,2,1
89,3,2,700,-1,1,-1,2,6
12,1,2,700,1,-1,-1,-1,-1
32,2,2,700,-1,1,-1,2,7
13,1,1,700,1,-1,-1,-1,-1
9,1,1,700,1,-1,-1,-1,-1
6,1,2,700,1,-1,-1,-1,-1
51,2,2,700,-1,-1,-1,-1,-1
28,4,2,700,-1,-1,-1,-1,-1
19,1,2,700,2,2,-1,2,6
70,3,2,700,-1,-1,-1,-1,-1
6,1,2,700,1,-1,-1,-1,-1
16,1,2,700,1,2,-1,2,8
14,1,2,700,1,-1,-1,-1,-1
54,2,1,700,-1,-1,-1,-1,-1
60,2,1,700,-1,1,-1,2,7
30,1,1,700,-1,-1,-1,-1,-1
11,1,1,700,1,-1,-1,-1,-1
62,2,1,700,-1,1,-1,2,6
10,1,1,700,2,-1,-1,-1,-1
12,1,1,700,1,-1,-1,-1,-1
17,1,2,700,1,2,-1,2,8
30,2,2,700,-1,1,-1,2,7
38,2,1,700,-1,-1,-1,-1,-1
16,1,1,700,1,2,-1,2,8
51,2,1,700,-1,-1,-1,-1,-1
10,1,2,700,1,-1,-1,-1,-1
12,1,1,700,1,-1,-1,-1,-1
5,1,2,700,1,-1,-1,-1,-1
25,1,1,700,-1,2,2,1,-1
6,1,1,700,1,-1,-1,-1,-1
10,1,1,700,1,-1,-1,-1,-1
16,1,2,700,1,2,-1,2,8
34,2,1,700,-1,-1,-1,-1,-1
11,1,2,700,1,-1,-1,-1,-1
8,1,1,700,1,-1,-1,-1,-1
10,1,2,700,1,-1,-1,-1,-1
41,2,2,700,-1,-1,-1,-1,-1
23,2,2,700,2,-1,-1,-1,-1
13,1,1,700,1,-1,-1,-1,-1
29,2,1,700,-1,-1,-1,-1,-1
46,2,2,700,-1,-1,-1,-1,-1
38,2,1,700,-1,-1,-1,-1,-1
30,2,2,700,-1,-1,-1,-1,-1
13,1,1,700,1,-1,-1,-1,-1
8,1,2,700,1,-1,-1,-1,-1
38,2,2,700,-1,-1,-1,-1,-1
18,1,2,700,1,2,-1,2,8
19,2,2,700,2,1,-1,2,7
11,1,2,700,1,-1,-1,-1,-1
15,1,2,700,1,-1,-1,-1,-1
22,1,1,700,2,-1,-1,-1,-1
35,1,1,700,-1,-1,-1,-1,-1
7,1,1,700,1,-1,-1,-1,-1
12,1,2,700,1,-1,-1,-1,-1
8,1,1,700,1,-1,-1,-1,-1
34,2,1,700,-1,-1,-1,-1,-1
38,2,1,700,-1,-1,-1,-1,-1
28,4,2,700,-1,-1,-1,-1,-1
46,2,2,700,-1,-1,-1,-1,-1
48,2,2,700,-1,2,-1,2,7
37,2,1,700,-1,-1,-1,-1,-1
54,2,1,700,-1,-1,-1,-1,-1
24,1,1,700,2,2,-1,2,9
19,1,2,700,1,2,-1,2,8
29,2,1,700,-1,-1,-1,-1,-1
16,1,1,700,2,-1,-1,-1,-1
23,1,1,700,2,-1,-1,-1,-1
6,1,1,700,1,-1,-1,-1,-1
14,1,1,700,1,-1,-1,-1,-1
27,1,1,700,-1,1,-1,2,7
45,2,2,700,-1,-1,-1,-1,-1
11,1,2,700,1,-1,-1,-1,-1
17,1,1,700,1,2,-1,2,8
83,2,1,700,-1,-1,-1,-1,-1
11,1,1,700,1,-1,-1,-1,-1
16,1,2,700,1,1,-1,2,8
17,1,1,700,1,2,-1,2,8
38,2,1,700,-1,-1,-1,-1,-1
57,3,2,700,-1,1,-1,2,7
57,2,2,700,-1,-1,-1,-1,-1
44,2,1,700,-1,-1,-1,-1,-1
38,2,2,700,-1,-1,-1,-1,-1
10,1,2,700,1,-1,-1,-1,-1
15,1,1,700,1,2,-1,2,8
9,1,1,700,1,-1,-1,-1,-1
64,2,2,700,-1,1,-1,2,7
30,2,2,700,-1,1,-1,2,7
10,1,2,700,1,-1,-1,-1,-1
12,1,2,700,1,-1,-1,-1,-1
17,2,2,700,2,1,-1,2,7
21,2,2,700,2,1,-1,2,7
42,2,2,700,-1,-1,-1,-1,-1
54,2,2,700,-1,2,-1,2,7
7,1,1,700,1,-1,-1,-1,-1
60,2,2,700,-1,1,-1,2,6
59,3,1,700,-1,-1,-1,-1,-1
23,1,1,700,2,-1,-1,-1,-1
35,2,2,700,-1,1,-1,2,8
23,2,2,700,2,-1,-1,-1,-1
16,1,2,700,1,2,-1,2,8
14,1,2,700,1,-1,-1,-1,-1
22,1,2,700,2,2,-1,2,7
17,1,1,700,2,-1,-1,-1,-1
59,2,1,700,-1,1,-1,2,6
27,1,2,700,-1,2,-1,2,7
24,2,1,700,2,-1,-1,-1,-1
12,1,1,700,1,-1,-1,-1,-1
10,1,2,700,1,-1,-1,-1,-1
36,1,1,700,-1,-1,-1,-1,-1
66,2,1,700,-1,-1,-1,-1,-1
12,1,1,700,1,-1,-1,-1,-1
24,1,1,700,2,-1,-1,-1,-1
43,4,1,700,-1,-1,-1,-1,-1
38,2,1,700,-1,-1,-1,-1,-1
38,2,1,700,-1,-1,-1,-1,-1
47,2,2,700,-1,2,-1,2,7
26,1,1,700,-1,-1,-1,-1,-1
34,2,1,700,-1,-1,-1,-1,-1
28,2,2,700,-1,1,-1,2,7
8,1,2,700,1,-1,-1,-1,-1
24,2,2,700,2,1,-1,2,7
41,2,2,700,-1,-1,-1,-1,-1
37,2,1,700,-1,-1,-1,-1,-1
13,1,2,700,1,-1,-1,-1,-1
15,1,2,700,1,2,-1,2,8
48,2,1,700,-1,-1,-1,-1,-1
20,1,2,700,2,-1,-1,-1,-1
25,1,1,700,-1,-1,-1,-1,-1
59,2,2,700,-1,1,-1,2,7
30,2,1,700,-1,-1,-1,-1,-1
5,1,1,700,1,-1,-1,-1,-1
55,2,1,700,-1,-1,-1,-1,-1
61,2,1,700,-1,-1,-1,-1,-1
35,2,1,700,-1,1,-1,2,9
34,2,2,700,-1,1,-1,2,7
18,1,2,700,1,2,-1,2,8
70,2,1,700,-1,-1,-1,-1,-1
29,1,2,700,-1,-1,-1,-1,-1
59,2,1,700,-1,-1,-1,-1,-1
13,1,1,700,1,-1,-1,-1,-1
10,1,2,700,1,-1,-1,-1,-1
40,2,1,700,-1,-1,-1,-1,-1
9,1,2,700,1,-1,-1,-1,-1
22,1,1,700,1,2,-1,2,8
65,2,1,700,-1,-1,-1,-1,-1
40,2,2,700,-1,1,-1,2,7
57,4,1,700,-1,1,-1,2,7
23,1,1,700,2,-1,-1,-1,-1
18,1,2,700,2,-1,-1,-1,-1
33,1,1,700,-1,-1,-1,-1,-1
46,2,2,700,-1,-1,-1,-1,-1
21,1,1,700,2,-1,-1,-1,-1
38,1,1,700,-1,-1,-1,-1,-1
81,2,1,700,-1,1,-1,2,6
10,1,1,700,1,-1,-1,-1,-1
34,2,2,700,-1,-1,-1,-1,-1
8,1,1,700,1,-1,-1,-1,-1
6,1,2,700,1,-1,-1,-1,-1
85,3,1,700,-1,1,-1,2,6
18,1,2,700,2,1,-1,2,7
6,1,2,700,1,-1,-1,-1,-1
47,2,1,700,-1,-1,-1,-1,-1
10,1,1,700,1,-1,-1,-1,-1
7,1,1,700,2,-1,-1,-1,-1
28,2,2,700,-1,-1,-1,-1,-1
16,1,2,700,1,2,-1,2,8
44,2,1,700,-1,-1,-1,-1,-1
55,2,1,700,-1,-1,-1,-1,-1
69,2,1,700,-1,1,-1,2,6
13,1,2,700,1,-1,-1,-1,-1
37,2,1,700,-1,-1,-1,-1,-1
13,1,2,700,1,-1,-1,-1,-1
55,2,2,700,-1,1,-1,2,7
46,2,2,700,-1,-1,-1,-1,-1
8,1,1,700,1,-1,-1,-1,-1
37,1,1,700,-1,-1,-1,-1,-1
71,2,2,700,-1,1,-1,2,6
33,4,2,700,-1,1,-1,2,7
65,3,2,700,-1,1,-1,2,6
46,2,2,700,-1,1,-1,2,7
6,1,2,700,2,-1,-1,-1,-1
15,1,2,700,1,2,-1,2,8
12,1,2,700,1,-1,-1,-1,-1
46,2,1,700,-1,-1,-1,-1,-1
56,2,1,700,-1,-1,-1,-1,-1
27,1,1,700,-1,-1,-1,-1,-1
51,2,1,700,-1,-1,-1,-1,-1
35,2,2,700,-1,1,-1,2,7
27,2,1,700,-1,-1,-1,-1,-1
35,2,2,700,-1,-1,-1,-1,-1
27,1,1,700,-1,-1,-1,-1,-1
5,1,2,700,2,-1,-1,-1,-1
32,1,2,700,-1,1,-1,2,7
28,2,1,700,-1,-1,-1,-1,-1
41,2,2,700,-1,-1,-1,-1,-1
22,2,2,700,2,1,-1,2,7
47,2,1,700,-1,-1,-1,-1,-1
14,1,2,700,1,-1,-1,-1,-1
15,1,1,700,1,2,-1,2,8
38,2,2,700,-1,-1,-1,-1,-1
9,1,1,700,2,-1,-1,-1,-1
12,1,2,700,1,-1,-1,-1,-1
8,1,2,700,1,-1,-1,-1,-1
77,2,1,700,-1,2,-1,2,6
22,1,1,700,2,1,2,1,-1
44,2,2,700,-1,-1,-1,-1,-1
39,2,2,700,-1,-1,-1,-1,-1
25,1,1,700,-1,1,-1,2,7
38,2,2,700,-1,1,-1,2,7
54,2,2,700,-1,-1,-1,-1,-1
7,1,2,700,1,-1,-1,-1,-1
7,1,2,700,1,-1,-1,-1,-1
18,1,1,700,1,2,-1,2,8
8,1,1,700,1,-1,-1,-1,-1
12,1,2,700,1,-1,-1,-1,-1
5,1,2,700,1,-1,-1,-1,-1
60,2,1,700,-1,1,-1,2,6
12,1,1,700,1,-1,-1,-1,-1
45,2,1,700,-1,-1,-1,-1,-1
43,2,2,700,-1,1,-1,2,7
37,4,2,700,-1,1,-1,2,7
36,2,1,700,-1,-1,-1,-1,-1
6,1,1,700,1,-1,-1,-1,-1
9,1,1,700,1,-1,-1,-1,-1
5,1,2,700,1,-1,-1,-1,-1
22,1,2,700,2,-1,-1,-1,-1
33,2,2,700,-1,1,-1,2,7
7,1,1,700,1,-1,-1,-1,-1
52,2,1,700,-1,-1,-1,-1,-1
41,1,1,700,-1,-1,-1,-1,-1
68,2,1,700,-1,-1,-1,-1,-1
22,1,2,700,2,2,-1,2,9
5,1,2,700,2,-1,-1,-1,-1
15,1,1,700,1,-1,-1,-1,-1
52,4,2,700,-1,1,-1,2,7
37,2,2,700,-1,-1,-1,-1,-1
32,2,1,700,-1,-1,-1,-1,-1
30,2,2,700,-1,-1,-1,-1,-1
7,1,2,700,1,-1,-1,-1,-1
5,1,2,700,1,-1,-1,-1,-1
65,1,2,700,-1,1,-1,2,6
27,2,1,700,-1,-1,-1,-1,-1
14,1,1,700,2,-1,-1,-1,-1
10,1,1,700,1,-1,-1,-1,-1
30,2,1,700,-1,-1,-1,-1,-1
32,2,2,700,-1,1,-1,2,7
23,2,2,700,2,2,-1,2,7
33,2,1,700,-1,-1,-1,-1,-1
11,1,2,700,1,-1,-1,-1,-1
20,1,2,700,2,2,-1,2,7
42,2,1,700,-1,-1,-1,-1,-1
14,1,1,700,1,-1,-1,-1,-1
16,1,1,700,1,2,-1,2,9
64,2,2,700,-1,1,-1,2,6
35,2,2,700,-1,1,-1,2,7
26,1,2,700,-1,-1,-1,-1,-1
13,1,1,700,1,-1,-1,-1,-1
7,1,1,700,1,-1,-1,-1,-1
54,4,2,700,-1,1,-1,2,7
41,2,2,700,-1,1,-1,2,7
32,2,1,700,-1,-1,-1,-1,-1
33,2,1,700,-1,-1,-1,-1,-1
63,2,2,700,-1,-1,-1,-1,-1
37,2,1,700,-1,-1,-1,-1,-1
20,1,2,700,2,-1,-1,-1,-1
27,2,2,700,-1,-1,-1,-1,-1
16,1,2,700,1,1,-1,2,7
51,2,2,700,-1,-1,-1,-1,-1
31,1,1,700,-1,-1,-1,-1,-1
43,2,2,700,-1,1,-1,2,7
7,1,2,700,1,-1,-1,-1,-1
47,2,2,700,-1,1,-1,2,7
22,2,2,700,2,1,-1,2,7
5,1,2,700,1,-1,-1,-1,-1
38,2,1,700,-1,-1,-1,-1,-1
15,1,1,700,1,2,-1,2,8
27,2,2,700,-1,1,-1,2,7
10,1,1,700,1,-1,-1,-1,-1
12,1,1,700,1,-1,-1,-1,-1
37,2,1,700,-1,-1,-1,-1,-1
21,1,1,700,1,2,-1,2,8
10,1,2,700,1,-1,-1,-1,-1
11,1,2,700,1,-1,-1,-1,-1
71,2,2,700,-1,1,-1,2,6
30,1,1,700,-1,-1,-1,-1,-1
44,2,2,700,-1,-1,-1,-1,-1
23,2,2,700,2,1,-1,2,7
54,2,2,700,-1,1,-1,2,7
24,1,1,700,1,1,-1,2,8
35,2,1,700,-1,-1,-1,-1,-1
37,2,1,700,-1,-1,-1,-1,-1
17,1,2,700,1,2,-1,2,8
14,1,2,700,1,-1,-1,-1,-1
62,3,2,700,-1,-1,-1,-1,-1
8,1,1,700,1,-1,-1,-1,-1
19,1,1,700,1,-1,-1,-1,-1
55,2,2,700,-1,2,-1,2,7
11,1,2,700,1,-1,-1,-1,-1
16,1,1,700,1,2,-1,2,8
39,1,2,700,-1,1,-1,2,7
15,1,1,700,1,2,-1,2,8
25,2,2,700,-1,2,-1,2,7
73,1,2,700,-1,1,-1,2,6
31,2,2,700,-1,-1,-1,-1,-1
18,1,1,700,2,-1,-1,-1,-1
28,1,2,700,-1,-1,-1,-1,-1
38,2,1,700,-1,-1,-1,-1,-1
52,2,2,700,-1,-1,-1,-1,-1
32,1,1,700,-1,1,-1,2,7
48,2,2,700,-1,-1,-1,-1,-1
11,1,1,700,1,-1,-1,-1,-1
8,1,2,700,1,-1,-1,-1,-1
8,1,2,700,1,-1,-1,-1,-1
11,1,1,700,1,-1,-1,-1,-1
67,2,2,700,-1,-1,-1,-1,-1
39,2,1,700,-1,-1,-1,-1,-1
19,1,1,700,1,2,-1,2,8
35,2,2,700,-1,2,-1,2,7
7,1,2,700,1,-1,-1,-1,-1
55,2,1,700,-1,-1,-1,-1,-1
29,1,1,700,-1,-1,-1,-1,-1
23,2,2,700,2,1,-1,2,7
28,1,2,700,-1,1,-1,2,7
17,1,1,700,2,-1,-1,-1,-1
14,1,2,700,1,-1,-1,-1,-1
15,1,1,700,1,2,-1,2,8
15,1,1,700,1,2,-1,2,8
11,1,1,700,1,-1,-1,-1,-1
43,2,1,700,-1,-1,-1,-1,-1
7,1,2,700,1,-1,-1,-1,-1
14,1,1,700,1,-1,-1,-1,-1
44,1,2,700,-1,-1,-1,-1,-1
63,2,2,700,-1,2,-1,2,7
65,2,2,700,-1,1,-1,2,7
18,1,2,700,1,-1,-1,-1,-1
22,1,1,700,2,-1,-1,-1,-1
50,2,1,700,-1,1,-1,2,1
15,1,2,700,1,2,-1,2,7
51,2,1,700,-1,-1,-1,-1,-1
58,2,2,700,-1,-1,-1,-1,-1
39,4,2,700,-1,-1,-1,-1,-1
16,1,1,700,1,2,-1,2,8
13,1,2,700,1,-1,-1,-1,-1
29,1,1,700,-1,-1,-1,-1,-1
58,2,1,700,-1,-1,-1,-1,-1
26,1,1,700,-1,-1,-1,-1,-1
18,1,2,700,1,2,-1,2,8
6,1,2,700,1,-1,-1,-1,-1
25,1,1,700,-1,-1,-1,-1,-1
23,1,2,700,2,-1,-1,-1,-1
62,2,1,700,-1,-1,-1,-1,-1
9,1,2,700,1,-1,-1,-1,-1
36,2,1,700,-1,-1,-1,-1,-1
5,1,1,700,1,-1,-1,-1,-1
83,3,2,700,-1,1,-1,2,6
26,1,1,700,-1,1,2,1,-1
21,1,1,700,2,-1,-1,-1,-1
76,3,2,700,-1,1,-1,2,6
29,2,2,700,-1,-1,-1,-1,-1
9,1,1,700,1,-1,-1,-1,-1
38,2,2,700,-1,-1,-1,-1,-1
13,1,1,700,1,-1,-1,-1,-1
39,2,1,700,-1,-1,-1,-1,-1
5,1,2,700,2,-1,-1,-1,-1
13,1,2,700,1,-1,-1,-1,-1
32,1,2,700,-1,2,-1,2,7
5,1,2,700,1,-1,-1,-1,-1
33,2,2,700,-1,-1,-1,-1,-1
6,1,2,700,1,-1,-1,-1,-1
35,2,2,700,-1,-1,-1,-1,-1
15,1,2,700,1,2,-1,2,8
14,1,2,700,1,-1,-1,-1,-1
63,3,2,700,-1,2,-1,2,6
8,1,1,700,1,-1,-1,-1,-1
22,2,1,700,1,-1,-1,-1,-1
17,1,1,700,2,-1,-1,-1,-1
69,1,2,700,-1,1,-1,2,6
56,4,2,700,-1,-1,-1,-1,-1
12,1,2,700,1,-1,-1,-1,-1
8,1,2,700,1,-1,-1,-1,-1
35,2,2,700,-1,-1,-1,-1,-1
49,2,1,700,-1,-1,-1,-1,-1
25,1,2,700,-1,-1,-1,-1,-1
39,4,1,700,-1,-1,-1,-1,-1
27,2,2,700,-1,-1,-1,-1,-1
7,1,1,700,1,-1,-1,-1,-1
15,1,1,700,1,2,-1,2,8
38,2,1,700,-1,-1,-1,-1,-1
43,2,1,700,-1,-1,-1,-1,-1
44,2,2,700,-1,-1,-1,-1,-1
5,1,1,700,1,-1,-1,-1,-1
21,1,1,700,1,1,-1,2,8
60,2,1,700,-1,-1,-1,-1,-1
66,2,1,700,-1,1,-1,2,3
71,2,2,700,-1,-1,-1,-1,-1
19,2,1,700,2,-1,-1,-1,-1
36,2,2,700,-1,1,-1,2,7
27,2,2,700,-1,1,-1,2,7
10,1,1,700,1,-1,-1,-1,-1
16,1,2,700,1,2,-1,2,8
15,1,1,700,1,2,-1,2,8
28,2,1,700,-1,-1,-1,-1,-1
20,1,1,700,2,-1,-1,-1,-1
47,1,1,700,-1,-1,-1,-1,-1
57,4,2,700,-1,1,-1,2,6
19,1,1,700,1,-1,-1,-1,-1
36,2,2,700,-1,1,-1,2,7
76,3,2,700,-1,1,-1,2,6
54,2,2,700,-1,-1,-1,-1,-1
25,1,2,700,-1,-1,-1,-1,-1
10,1,1,700,1,-1,-1,-1,-1
29,2,2,700,-1,-1,-1,-1,-1
35,2,2,700,-1,-1,-1,-1,-1
60,2,2,700,-1,-1,-1,-1,-1
43,2,2,700,-1,-1,-1,-1,-1
37,2,2,700,-1,2,-1,2,7
9,1,1,700,1,-1,-1,-1,-1
17,2,2,700,2,1,-1,2,5
7,1,1,700,1,-1,-1,-1,-1
10,1,2,700,1,-1,-1,-1,-1
14,1,2,700,1,-1,-1,-1,-1
42,4,1,700,-1,-1,-1,-1,-1
54,2,2,700,-1,-1,-1,-1,-1
28,2,1,700,-1,1,-1,2,9
32,2,2,700,-1,1,-1,2,7
10,1,2,700,1,-1,-1,-1,-1
16,1,2,700,1,2,-1,2,8
28,2,2,700,-1,2,-1,2,7
30,2,1,700,-1,-1,-1,-1,-1
44,2,1,700,-1,-1,-1,-1,-1
24,2,2,700,2,1,-1,2,7
15,1,1,700,1,2,-1,2,8
19,1,2,700,2,-1,-1,-1,-1
25,2,2,700,-1,1,-1,2,7
15,1,2,700,1,2,-1,2,8
75,3,2,700,-1,1,-1,2,6
16,1,1,700,1,2,-1,2,8
29,2,2,700,-1,2,2,1,-1
33,4,2,700,-1,-1,-1,-1,-1
22,1,1,700,2,1,-1,2,9
20,1,2,700,2,1,-1,2,4
19,2,2,700,2,2,1,1,-1
37,2,1,700,-1,-1,-1,-1,-1
42,2,1,700,-1,-1,-1,-1,-1
90,3,2,700,-1,1,-1,2,6
11,1,2,700,1,-1,-1,-1,-1
23,1,2,700,2,2,-1,2,1
66,2,2,700,-1,1,-1,2,3
7,1,1,700,1,-1,-1,-1,-1
16,1,2,700,2,2,-1,2,6
17,1,2,700,2,2,-1,2,6
25,2,1,700,-1,-1,-1,-1,-1
14,1,2,700,2,-1,-1,-1,-1
6,1,2,700,1,-1,-1,-1,-1
23,2,2,700,2,-1,-1,-1,-1
18,1,1,700,1,2,-1,2,8
63,2,2,700,-1,-1,-1,-1,-1
6,1,2,700,1,-1,-1,-1,-1
8,1,2,700,1,-1,-1,-1,-1
55,2,2,700,-1,-1,-1,-1,-1
14,1,2,700,1,-1,-1,-1,-1
7,1,2,700,1,-1,-1,-1,-1
39,2,1,700,-1,-1,-1,-1,-1
9,1,1,700,1,-1,-1,-1,-1
60,3,1,700,-1,-1,-1,-1,-1
42,2,2,700,-1,2,-1,2,7
15,1,1,700,1,2,-1,2,8
34,2,1,700,-1,-1,-1,-1,-1
62,3,2,700,-1,1,-1,2,7
10,1,2,700,1,-1,-1,-1,-1
18,1,2,700,1,2,-1,2,8
42,2,1,700,-1,-1,-1,-1,-1
29,2,2,700,-1,-1,-1,-1,-1
49,2,1,700,-1,-1,-1,-1,-1
27,2,2,700,-1,2,-1,2,7
7,1,1,700,1,-1,-1,-1,-1
12,1,1,700,1,-1,-1,-1,-1
50,2,2,700,-1,-1,-1,-1,-1
31,1,1,700,-1,-1,-1,-1,-1
6,1,1,700,1,-1,-1,-1,-1
33,1,1,700,-1,-1,-1,-1,-1
7,1,1,700,1,-1,-1,-1,-1
22,1,2,700,2,1,-1,2,9
50,2,2,700,-1,2,-1,2,7
45,2,1,700,-1,-1,-1,-1,-1
23,1,1,700,2,1,-1,2,6
15,1,1,700,1,2,-1,2,7
23,2,1,700,2,-1,-1,-1,-1
61,2,1,700,-1,-1,-1,-1,-1
8,1,1,700,1,-1,-1,-1,-1
28,2,2,700,-1,-1,-1,-1,-1
74,2,1,700,-1,1,-1,2,6
60,2,1,700,-1,-1,-1,-1,-1
8,1,1,700,1,-1,-1,-1,-1
8,1,1,700,1,-1,-1,-1,-1
16,1,2,700,1,2,-1,2,8
66,2,2,700,-1,-1,-1,-1,-1
35,2,2,700,-1,-1,-1,-1,-1
37,2,2,700,-1,1,2,1,-1
67,2,1,700,-1,-1,-1,-1,-1
15,1,1,700,1,2,-1,2,8
16,1,2,700,1,-1,-1,-1,-1
14,1,2,700,1,-1,-1,-1,-1
62,3,2,700,-1,-1,-1,-1,-1
25,1,1,700,-1,1,-1,2,5
38,2,2,700,-1,-1,-1,-1,-1
48,2,1,700,-1,-1,-1,-1,-1
22,1,1,700,2,-1,-1,-1,-1
40,2,2,700,-1,-1,-1,-1,-1
33,2,1,700,-1,-1,-1,-1,-1
50,2,1,700,-1,-1,-1,-1,-1
31,2,2,700,-1,-1,-1,-1,-1
12,1,2,700,1,-1,-1,-1,-1
34,2,2,700,-1,1,-1,2,7
58,2,1,700,-1,-1,-1,-1,-1
6,1,2,700,1,-1,-1,-1,-1
20,1,2,700,2,-1,-1,-1,-1
13,1,2,700,1,-1,-1,-1,-1
7,1,1,700,1,-1,-1,-1,-1
12,1,2,700,1,-1,-1,-1,-1
42,2,2,700,-1,-1,-1,-1,-1
37,2,2,700,-1,-1,-1,-1,-1
42,2,2,700,-1,1,-1,2,7
16,1,1,700,1,2,-1,2,8
19,1,1,700,1,2,-1,2,8
89,3,2,700,-1,1,-1,2,6
20,1,1,700,2,-1,-1,-1,-1
11,1,1,700,1,-1,-1,-1,-1
45,2,2,700,-1,1,-1,2,4
20,1,1,700,2,-1,-1,-1,-1
20,1,2,700,2,-1,-1,-1,-1
20,1,1,700,2,-1,-1,-1,-1
8,1,2,700,1,-1,-1,-1,-1
40,4,2,700,-1,1,-1,2,7
50,2,1,700,-1,-1,-1,-1,-1
26,1,1,700,-1,-1,-1,-1,-1
55,2,2,700,-1,-1,-1,-1,-1
12,1,1,700,1,-1,-1,-1,-1
11,1,2,700,1,-1,-1,-1,-1
18,1,1,700,2,2,-1,2,7
55,2,2,700,-1,-1,-1,-1,-1
5,1,1,700,2,-1,-1,-1,-1
17,1,1,700,2,-1,-1,-1,-1
16,1,1,700,1,2,-1,2,8
40,4,1,700,-1,-1,-1,-1,-1
8,1,1,700,1,-1,-1,-1,-1
44,2,1,700,-1,-1,-1,-1,-1
45,4,1,700,-1,-1,-1,-1,-1
46,2,2,700,-1,-1,-1,-1,-1
11,1,2,700,1,-1,-1,-1,-1
43,2,2,700,-1,-1,-1,-1,-1
5,1,1,700,1,-1,-1,-1,-1
20,1,1,700,2,-1,-1,-1,-1
18,1,2,700,1,2,-1,2,8
39,2,1,700,-1,-1,-1,-1,-1
53,2,1,700,-1,1,-1,2,9
30,2,1,700,-1,-1,-1,-1,-1
72,2,1,700,-1,1,-1,2,6
84,1,2,700,-1,2,-1,2,6
20,1,1,700,1,-1,-1,-1,-1
6,1,2,700,1,-1,-1,-1,-1
49,2,2,700,-1,-1,-1,-1,-1
45,2,2,700,-1,-1,-1,-1,-1
19,1,2,700,1,2,-1,2,8
6,1,1,700,1,-1,-1,-1,-1
15,1,2,700,1,2,-1,2,8
33,2,1,700,-1,-1,-1,-1,-1
32,1,2,700,-1,-1,-1,-1,-1
65,2,1,700,-1,1,-1,2,6
43,4,1,700,-1,-1,-1,-1,-1
9,1,2,700,1,-1,-1,-1,-1
6,1,1,700,1,-1,-1,-1,-1
51,2,2,700,-1,-1,-1,-1,-1
10,1,1,700,1,-1,-1,-1,-1
31,2,1,700,-1,-1,-1,-1,-1
65,3,2,700,-1,1,-1,2,6
24,1,2,700,2,-1,-1,-1,-1
36,1,2,700,-1,-1,-1,-1,-1
57,2,1,700,-1,-1,-1,-1,-1
17,1,1,700,2,-1,-1,-1,-1
5,1,2,700,1,-1,-1,-1,-1
9,1,1,700,1,-1,-1,-1,-1
59,2,2,700,-1,-1,-1,-1,-1
52,2,2,700,-1,-1,-1,-1,-1
13,1,2,700,1,-1,-1,-1,-1
83,2,2,700,-1,1,-1,2,7
37,2,2,700,-1,1,-1,2,7
5,1,2,700,1,-1,-1,-1,-1
48,3,2,700,-1,-1,-1,-1,-1
18,1,1,700,1,2,-1,2,8
6,1,1,700,1,-1,-1,-1,-1
25,2,1,700,-1,-1,-1,-1,-1
29,2,1,700,-1,-1,-1,-1,-1
6,1,2,700,1,-1,-1,-1,-1
42,2,2,700,-1,2,-1,2,7
64,3,2,700,-1,-1,-1,-1,-1
64,3,2,700,-1,-1,-1,-1,-1
51,2,2,700,-1,2,-1,2,7
18,1,1,700,1,-1,-1,-1,-1
10,1,1,700,1,-1,-1,-1,-1
13,1,2,700,1,-1,-1,-1,-1
59,4,2,700,-1,1,-1,2,7
16,1,1,700,1,2,-1,2,8
14,1,2,700,1,-1,-1,-1,-1
11,1,2,700,1,-1,-1,-1,-1
28,2,1,700,-1,-1,-1,-1,-1
23,1,1,700,2,2,-1,2,9
29,2,2,700,-1,-1,-1,-1,-1
6,1,1,700,1,-1,-1,-1,-1
53,1,2,700,-1,-1,-1,-1,-1
37,2,1,700,-1,-1,-1,-1,-1
49,2,1,700,-1,-1,-1,-1,-1
35,2,1,700,-1,-1,-1,-1,-1
16,1,2,700,1,2,-1,2,8
32,1,2,700,-1,-1,-1,-1,-1
57,2,2,700,-1,-1,-1,-1,-1
26,1,2,700,-1,1,-1,2,7
56,3,2,700,-1,1,-1,2,7
6,1,2,700,1,-1,-1,-1,-1
54,3,2,700,-1,-1,-1,-1,-1
17,1,2,700,1,2,-1,2,8
15,1,1,700,1,2,-1,2,8
28,2,2,700,-1,1,-1,2,7
40,2,2,700,-1,1,-1,2,7
29,2,1,700,-1,-1,-1,-1,-1
45,2,2,700,-1,-1,-1,-1,-1
59,2,1,700,-1,-1,-1,-1,-1
26,2,1,700,-1,1,-1,2,7
52,2,2,700,-1,-1,-1,-1,-1
24,2,1,700,2,2,-1,2,2
36,2,2,700,-1,1,-1,2,7
70,2,1,700,-1,1,-1,2,7
28,1,2,700,-1,2,-1,2,7
6,1,1,700,1,-1,-1,-1,-1
55,2,1,700,-1,-1,-1,-1,-1
13,1,1,700,1,-1,-1,-1,-1
12,1,1,700,1,-1,-1,-1,-1
40,2,1,700,-1,1,2,1,-1
20,1,2,700,2,1,-1,2,8
10,1,1,700,1,-1,-1,-1,-1
24,2,1,700,2,-1,-1,-1,-1
31,2,1,700,-1,-1,-1,-1,-1
9,1,2,700,1,-1,-1,-1,-1
34,2,2,700,-1,1,-1,2,7
41,2,2,700,-1,1,-1,2,7
54,2,1,700,-1,-1,-1,-1,-1
5,1,1,700,1,-1,-1,-1,-1
35,2,2,700,-1,1,-1,2,9
29,2,2,700,-1,1,-1,2,7
11,1,1,700,1,-1,-1,-1,-1
52,2,1,700,-1,-1,-1,-1,-1
8,1,2,700,1,-1,-1,-1,-1
29,2,2,700,-1,-1,-1,-1,-1
56,2,1,700,-1,-1,-1,-1,-1
10,1,1,700,1,-1,-1,-1,-1
44,2,2,700,-1,-1,-1,-1,-1
36,2,1,700,-1,-1,-1,-1,-1
70,2,1,700,-1,-1,-1,-1,-1
46,2,2,700,-1,2,-1,2,7
9,1,2,700,1,-1,-1,-1,-1
33,2,2,700,-1,-1,-1,-1,-1
12,1,1,700,1,-1,-1,-1,-1
39,2,1,700,-1,-1,-1,-1,-1
64,2,2,700,-1,-1,-1,-1,-1
20,1,2,700,1,2,-1,2,8
51,2,2,700,-1,-1,-1,-1,-1
5,1,2,700,1,-1,-1,-1,-1
20,1,1,700,2,-1,-1,-1,-1
27,2,1,700,-1,-1,-1,-1,-1
9,1,2,700,1,-1,-1,-1,-1
16,1,2,700,1,2,-1,2,8
82,2,1,700,-1,1,-1,2,6
34,2,2,700,-1,2,-1,2,7
57,2,2,700,-1,-1,-1,-1,-1
28,2,2,700,-1,-1,-1,-1,-1
37,2,2,700,-1,-1,-1,-1,-1
22,1,1,700,2,2,1,1,-1
16,1,1,700,2,-1,-1,-1,-1
19,1,2,700,1,-1,-1,-1,-1
30,1,1,700,-1,-1,-1,-1,-1
65,1,2,700,-1,-1,-1,-1,-1
7,1,1,700,1,-1,-1,-1,-1
27,2,1,700,-1,-1,-1,-1,-1
16,1,2,700,1,-1,-1,-1,-1
27,1,2,700,-1,-1,-1,-1,-1
14,1,2,700,1,-1,-1,-1,-1
39,2,2,700,-1,-1,-1,-1,-1
52,2,1,700,-1,-1,-1,-1,-1
7,1,2,700,1,-1,-1,-1,-1
22,1,2,700,1,2,-1,2,8
8,1,1,700,1,-1,-1,-1,-1
32,2,1,700,-1,-1,-1,-1,-1
29,2,1,700,-1,-1,-1,-1,-1
13,1,1,700,1,-1,-1,-1,-1
30,2,2,700,-1,2,-1,2,7
24,1,1,700,2,2,-1,2,6
10,1,2,700,1,-1,-1,-1,-1
30,2,2,700,-1,2,-1,2,7
34,2,1,700,-1,1,-1,2,3
34,2,1,700,-1,-1,-1,-1,-1
20,1,2,700,2,-1,-1,-1,-1
44,2,1,700,-1,-1,-1,-1,-1
45,2,2,700,-1,2,-1,2,7
45,2,2,700,-1,-1,-1,-1,-1
29,2,2,700,-1,1,-1,2,7
59,1,1,700,-1,-1,-1,-1,-1
5,1,1,700,1,-1,-1,-1,-1
60,2,2,700,-1,2,-1,2,7
8,1,1,700,1,-1,-1,-1,-1
51,3,2,700,-1,-1,-1,-1,-1
17,2,2,700,2,2,-1,2,7
76,3,2,700,-1,1,-1,2,6
32,1,2,700,-1,-1,-1,-1,-1
62,1,1,700,-1,-1,-1,-1,-1
42,1,1,700,-1,-1,-1,-1,-1
53,3,2,700,-1,-1,-1,-1,-1
17,1,2,700,1,1,-1,2,8
56,2,2,700,-1,-1,-1,-1,-1
37,2,1,700,-1,-1,-1,-1,-1
21,1,1,700,1,2,-1,2,8
20,2,2,700,2,2,-1,2,7
12,1,1,700,1,-1,-1,-1,-1
67,2,1,700,-1,1,-1,2,3
38,2,2,700,-1,1,-1,2,7
16,1,2,700,1,2,-1,2,8
25,1,1,700,-1,-1,-1,-1,-1
8,1,2,700,1,-1,-1,-1,-1
17,1,1,700,1,-1,-1,-1,-1
35,2,2,700,-1,1,-1,2,7
23,1,1,700,2,-1,-1,-1,-1
61,3,2,700,-1,1,-1,2,6
24,2,2,700,2,-1,-1,-1,-1
30,2,2,700,-1,2,-1,2,7
19,2,2,700,2,2,-1,2,7
6,1,1,700,1,-1,-1,-1,-1
42,2,2,700,-1,-1,-1,-1,-1
57,2,1,700,-1,-1,-1,-1,-1
32,2,1,700,-1,-1,-1,-1,-1
81,3,1,700,-1,-1,-1,-1,-1
49,2,1,700,-1,-1,-1,-1,-1
27,2,2,700,-1,1,-1,2,7
54,2,2,700,-1,1,-1,2,7
15,1,1,700,1,2,-1,2,8
58,2,1,700,-1,-1,-1,-1,-1
16,1,2,700,1,2,-1,2,9
35,2,1,700,-1,-1,-1,-1,-1
49,2,1,700,-1,-1,-1,-1,-1
60,2,1,700,-1,-1,-1,-1,-1
42,2,1,700,-1,-1,-1,-1,-1
51,2,1,700,-1,-1,-1,-1,-1
12,1,1,700,1,-1,-1,-1,-1
64,2,2,700,-1,1,-1,2,6
22,2,2,700,2,-1,-1,-1,-1
48,2,1,700,-1,-1,-1,-1,-1
6,1,1,700,1,-1,-1,-1,-1
21,1,2,700,1,2,-1,2,8
13,1,1,700,1,-1,-1,-1,-1
71,3,2,700,-1,1,-1,2,6
43,2,2,700,-1,-1,-1,-1,-1
18,1,2,700,1,2,-1,2,8
38,2,1,700,-1,-1,-1,-1,-1
22,1,1,700,2,-1,-1,-1,-1
7,1,1,700,1,-1,-1,-1,-1
69,3,1,700,-1,1,-1,2,6
22,2,1,700,2,-1,-1,-1,-1
49,2,2,700,-1,1,-1,2,7
15,1,2,700,1,2,-1,2,8
37,2,1,700,-1,-1,-1,-1,-1
52,2,1,700,-1,-1,-1,-1,-1
78,2,1,700,-1,1,-1,2,6
78,3,2,700,-1,2,-1,2,6
43,2,1,700,-1,-1,-1,-1,-1
31,2,1,700,-1,-1,-1,-1,-1
5,1,1,700,1,-1,-1,-1,-1
46,2,1,700,-1,-1,-1,-1,-1
21,1,1,700,2,-1,-1,-1,-1
50,2,1,700,-1,-1,-1,-1,-1
27,2,1,700,-1,-1,-1,-1,-1
25,1,2,700,-1,1,-1,2,7
66,3,2,700,-1,1,-1,2,7
7,1,1,700,1,-1,-1,-1,-1
81,3,2,700,-1,1,-1,2,6
44,2,1,700,-1,-1,-1,-1,-1
21,1,2,700,2,2,-1,2,7
13,1,1,700,1,-1,-1,-1,-1
42,2,2,700,-1,1,-1,2,7
22,1,1,700,1,-1,-1,-1,-1
34,2,2,700,-1,-1,-1,-1,-1
44,2,2,700,-1,2,-1,2,7
8,1,1,700,1,-1,-1,-1,-1
80,2,1,700,-1,1,-1,2,6
14,1,2,700,1,-1,-1,-1,-1
66,3,2,700,-1,1,-1,2,6
16,1,2,700,2,2,-1,2,6
59,2,2,700,-1,-1,-1,-1,-1
12,1,1,700,1,-1,-1,-1,-1
38,2,2,700,-1,1,-1,2,7
26,1,1,700,-1,-1,-1,-1,-1
13,1,1,700,1,-1,-1,-1,-1
80,2,2,700,-1,1,-1,2,6
28,2,2,700,-1,1,2,1,-1
27,2,2,700,-1,1,-1,2,7
39,2,2,700,-1,-1,-1,-1,-1
24,1,2,700,2,-1,-1,-1,-1
18,1,1,700,2,-1,-1,-1,-1
14,1,2,700,1,-1,-1,-1,-1
47,2,2,700,-1,-1,-1,-1,-1
25,1,1,700,-1,-1,-1,-1,-1
30,2,2,700,-1,2,-1,2,7
45,2,1,700,-1,-1,-1,-1,-1
23,1,1,700,2,-1,-1,-1,-1
43,2,2,700,-1,-1,-1,-1,-1
12,1,1,700,1,-1,-1,-1,-1
18,1,2,700,1,2,-1,2,8
35,2,1,700,-1,-1,-1,-1,-1
36,2,2,700,-1,1,-1,2,7
22,1,1,700,1,2,-1,2,8
7,1,1,700,1,-1,-1,-1,-1
9,1,2,700,1,-1,-1,-1,-1
25,1,1,700,-1,-1,-1,-1,-1
28,2,2,700,-1,2,-1,2,7
10,1,2,700,1,-1,-1,-1,-1
32,1,1,700,-1,1,-1,2,7
12,1,1,700,1,-1,-1,-1,-1
36,4,2,700,-1,-1,-1,-1,-1
34,2,1,700,-1,-1,-1,-1,-1
13,1,1,700,1,-1,-1,-1,-1
20,1,2,700,2,-1,-1,-1,-1
27,2,1,700,-1,-1,-1,-1,-1
23,1,1,700,2,-1,-1,-1,-1
25,1,1,700,-1,-1,-1,-1,-1
27,1,1,700,-1,2,-1,2,7
26,1,1,700,-1,-1,-1,-1,-1
49,2,1,700,-1,-1,-1,-1,-1
17,1,2,700,2,1,-1,2,7
42,2,2,700,-1,-1,-1,-1,-1
20,1,2,700,2,2,-1,2,9
55,2,2,700,-1,1,-1,2,7
52,2,2,700,-1,1,-1,2,7
13,1,2,700,1,-1,-1,-1,-1
26,1,1,700,-1,2,-1,2,8
28,2,1,700,-1,-1,-1,-1,-1
57,2,1,700,-1,-1,-1,-1,-1
26,2,2,700,-1,-1,-1,-1,-1
54,2,2,700,-1,-1,-1,-1,-1
46,2,2,700,-1,-1,-1,-1,-1
26,1,2,700,-1,-1,-1,-1,-1
14,1,2,700,1,-1,-1,-1,-1
28,2,1,700,-1,-1,-1,-1,-1
48,2,1,700,-1,-1,-1,-1,-1
38,2,2,700,-1,1,-1,2,7
8,1,1,700,1,-1,-1,-1,-1
13,1,1,700,1,-1,-1,-1,-1
14,1,2,700,1,-1,-1,-1,-1
41,2,2,700,-1,1,-1,2,7
21,1,2,700,1,2,-1,2,8
15,1,1,700,1,2,-1,2,8
46,2,1,700,-1,-1,-1,-1,-1
30,1,1,700,-1,1,2,1,-1
43,2,1,700,-1,-1,-1,-1,-1
40,2,2,700,-1,1,-1,2,7
26,2,2,700,-1,1,-1,2,7
37,2,1,700,-1,-1,-1,-1,-1
7,1,1,700,1,-1,-1,-1,-1
14,1,1,700,1,-1,-1,-1,-1
6,1,1,700,1,-1,-1,-1,-1
29,2,1,700,-1,-1,-1,-1,-1
33,1,1,700,-1,2,-1,2,7
53,2,1,700,-1,-1,-1,-1,-1
10,1,1,700,1,-1,-1,-1,-1
23,1,1,700,2,-1,-1,-1,-1
46,2,1,700,-1,-1,-1,-1,-1
5,1,2,700,1,-1,-1,-1,-1
11,1,2,700,2,-1,-1,-1,-1
65,2,1,700,-1,2,-1,2,6
17,1,2,700,1,-1,-1,-1,-1
20,1,1,700,2,1,2,1,-1
27,1,1,700,-1,-1,-1,-1,-1
17,1,2,700,1,2,-1,2,8
37,2,2,700,-1,1,-1,2,7
35,2,1,700,-1,-1,-1,-1,-1
8,1,1,700,1,-1,-1,-1,-1
53,2,2,700,-1,-1,-1,-1,-1
56,3,2,700,-1,-1,-1,-1,-1
23,1,2,700,2,-1,-1,-1,-1
11,1,1,700,1,-1,-1,-1,-1
26,2,2,700,-1,1,-1,2,7
21,1,1,700,2,-1,-1,-1,-1
15,1,1,700,1,2,-1,2,8
31,2,2,700,-1,-1,-1,-1,-1
26,1,1,700,-1,-1,-1,-1,-1
18,1,2,700,2,2,-1,2,7
17,1,2,700,1,2,-1,2,8
11,1,2,700,1,-1,-1,-1,-1
31,2,1,700,-1,-1,-1,-1,-1
12,1,1,700,1,-1,-1,-1,-1
25,1,1,700,-1,-1,-1,-1,-1
12,1,1,700,2,-1,-1,-1,-1
51,4,1,700,-1,-1,-1,-1,-1
32,1,2,700,-1,1,-1,2,8
13,1,1,700,1,-1,-1,-1,-1
76,2,1,700,-1,1,-1,2,6
21,2,2,700,2,-1,-1,-1,-1
20,1,1,700,1,2,-1,2,8
47,2,2,700,-1,-1,-1,-1,-1
26,2,1,700,-1,-1,-1,-1,-1
50,2,1,700,-1,-1,-1,-1,-1
10,1,1,700,1,-1,-1,-1,-1
78,2,1,700,-1,1,-1,2,6
11,1,1,700,1,-1,-1,-1,-1
69,3,2,700,-1,1,-1,2,7
23,2,1,700,2,-1,-1,-1,-1
10,1,1,700,1,-1,-1,-1,-1
24,2,2,700,2,-1,-1,-1,-1
27,1,1,700,-1,-1,-1,-1,-1
75,3,2,700,-1,1,-1,2,6
75,3,1,700,-1,-1,-1,-1,-1
60,2,1,700,-1,-1,-1,-1,-1
52,2,2,700,-1,1,-1,2,7
20,1,1,700,1,2,-1,2,8
10,1,2,700,1,-1,-1,-1,-1
76,2,2,700,-1,1,-1,2,6
30,2,1,700,-1,-1,-1,-1,-1
9,1,2,700,1,-1,-1,-1,-1
30,2,2,700,-1,2,-1,2,7
31,2,1,700,-1,-1,-1,-1,-1
65,2,1,700,-1,-1,-1,-1,-1
25,1,2,700,-1,-1,-1,-1,-1
30,2,2,700,-1,-1,-1,-1,-1
27,4,2,700,-1,-1,-1,-1,-1
42,2,1,700,-1,-1,-1,-1,-1
45,2,1,700,-1,-1,-1,-1,-1
8,1,1,700,1,-1,-1,-1,-1
15,1,2,700,1,2,-1,2,8
49,2,1,700,-1,-1,-1,-1,-1
16,1,1,700,1,2,-1,2,8
54,4,2,700,-1,1,-1,2,3
19,1,1,700,2,-1,-1,-1,-1
15,1,1,700,1,2,-1,2,8
37,2,1,700,-1,-1,-1,-1,-1
31,2,2,700,-1,1,-1,2,7
50,2,2,700,-1,-1,-1,-1,-1
24,2,1,700,2,-1,-1,-1,-1
32,2,1,700,-1,-1,-1,-1,-1
39,2,2,700,-1,1,-1,2,7
38,1,1,700,-1,-1,-1,-1,-1
48,2,1,700,-1,-1,-1,-1,-1
6,1,1,700,1,-1,-1,-1,-1
21,1,1,700,2,-1,-1,-1,-1
8,1,2,700,1,-1,-1,-1,-1
54,2,1,700,-1,1,-1,2,7
32,2,1,700,-1,-1,-1,-1,-1
30,2,1,700,-1,-1,-1,-1,-1
41,2,1,700,-1,-1,-1,-1,-1
44,2,2,700,-1,1,-1,2,7
17,1,2,700,1,2,-1,2,8
34,1,1,700,-1,-1,-1,-1,-1
59,2,2,700,-1,-1,-1,-1,-1
41,2,1,700,-1,-1,-1,-1,-1
25,1,1,700,-1,1,-1,2,3
35,2,1,700,-1,-1,-1,-1,-1
59,2,1,700,-1,1,-1,2,7
21,1,2,700,2,2,-1,2,2
45,2,2,700,-1,2,-1,2,7
62,2,2,700,-1,-1,-1,-1,-1
20,1,2,700,2,-1,-1,-1,-1
19,2,2,700,2,1,-1,2,7
37,2,1,700,-1,-1,-1,-1,-1
53,2,1,700,-1,-1,-1,-1,-1
12,1,1,700,1,-1,-1,-1,-1
17,1,2,700,1,-1,-1,-1,-1
6,1,1,700,1,-1,-1,-1,-1
11,1,1,700,1,-1,-1,-1,-1
37,2,2,700,-1,-1,-1,-1,-1
8,1,1,700,1,-1,-1,-1,-1
9,1,2,700,1,-1,-1,-1,-1
55,2,2,700,-1,-1,-1,-1,-1
33,1,1,700,-1,1,2,1,-1
52,2,1,700,-1,-1,-1,-1,-1
11,1,1,700,1,-1,-1,-1,-1
36,2,1,700,-1,-1,-1,-1,-1
11,1,1,700,1,-1,-1,-1,-1
5,1,1,700,1,-1,-1,-1,-1
49,2,1,700,-1,-1,-1,-1,-1
8,1,1,700,1,-1,-1,-1,-1
17,1,1,700,1,2,-1,2,8
39,1,2,700,-1,-1,-1,-1,-1
48,2,2,700,-1,1,-1,2,7
54,2,1,700,-1,-1,-1,-1,-1
10,1,1,700,1,-1,-1,-1,-1
8,1,1,700,1,-1,-1,-1,-1
37,2,2,700,-1,1,-1,2,7
25,1,1,700,-1,2,-1,2,2
76,1,2,700,-1,-1,-1,-1,-1
48,2,2,700,-1,-1,-1,-1,-1
22,2,2,700,2,-1,-1,-1,-1
32,4,2,700,-1,1,-1,2,3
73,3,2,700,-1,1,-1,2,6
39,2,2,700,-1,-1,-1,-1,-1
42,2,1,700,-1,-1,-1,-1,-1
27,1,1,700,-1,-1,-1,-1,-1
32,1,2,700,-1,-1,-1,-1,-1
12,1,1,700,1,-1,-1,-1,-1
33,2,2,700,-1,-1,-1,-1,-1
49,2,2,700,-1,-1,-1,-1,-1
58,2,1,700,-1,-1,-1,-1,-1
16,1,2,700,1,2,-1,2,7
14,1,1,700,2,-1,-1,-1,-1
57,1,1,700,-1,-1,-1,-1,-1
45,2,2,700,-1,-1,-1,-1,-1
54,2,2,700,-1,1,-1,2,7
7,1,1,700,1,-1,-1,-1,-1
38,1,2,700,-1,-1,-1,-1,-1
92,3,2,700,-1,1,-1,2,6
19,2,1,700,2,-1,-1,-1,-1
5,1,1,700,2,-1,-1,-1,-1
22,1,1,700,2,-1,-1,-1,-1
50,2,1,700,-1,-1,-1,-1,-1
39,2,2,700,-1,1,-1,2,7
25,1,1,700,-1,-1,-1,-1,-1
22,1,1,700,2,-1,-1,-1,-1
11,1,2,700,1,-1,-1,-1,-1
65,2,1,700,-1,-1,-1,-1,-1
27,2,1,700,-1,-1,-1,-1,-1
34,2,1,700,-1,-1,-1,-1,-1
9,1,1,700,1,-1,-1,-1,-1
34,2,2,700,-1,-1,-1,-1,-1
62,1,1,700,-1,-1,-1,-1,-1
16,1,1,700,1,2,-1,2,8
7,1,1,700,1,-1,-1,-1,-1
22,2,1,700,2,-1,-1,-1,-1
20,1,2,700,2,1,-1,2,1
6,1,1,700,1,-1,-1,-1,-1
14,1,2,700,1,-1,-1,-1,-1
48,2,2,700,-1,-1,-1,-1,-1
71,2,1,700,-1,-1,-1,-1,-1
19,2,2,700,2,2,-1,2,7
39,2,2,700,-1,-1,-1,-1,-1
6,1,2,700,1,-1,-1,-1,-1
5,1,2,700,2,-1,-1,-1,-1
54,3,2,700,-1,1,-1,2,7
72,2,1,700,-1,1,-1,2,6
31,2,1,700,-1,-1,-1,-1,-1
13,1,2,700,1,-1,-1,-1,-1
17,1,2,700,1,2,-1,2,8
20,1,2,700,1,2,-1,2,8
15,1,2,700,1,2,-1,2,8
19,1,2,700,2,-1,-1,-1,-1
58,2,1,700,-1,-1,-1,-1,-1
16,1,2,700,1,2,-1,2,8
25,2,2,700,-1,-1,-1,-1,-1
60,2,2,700,-1,1,-1,2,6
20,2,2,700,2,1,-1,2,7
48,3,2,700,-1,-1,-1,-1,-1
38,2,1,700,-1,-1,-1,-1,-1
50,2,2,700,-1,-1,-1,-1,-1
52,3,2,700,-1,1,-1,2,7
39,2,2,700,-1,2,-1,2,7
39,2,2,700,-1,-1,-1,-1,-1
64,2,1,700,-1,-1,-1,-1,-1
31,2,2,700,-1,-1,-1,-1,-1
44,2,2,700,-1,-1,-1,-1,-1
52,2,1,700,-1,-1,-1,-1,-1
16,1,1,700,1,2,-1,2,8
25,1,1,700,-1,-1,-1,-1,-1
29,2,1,700,-1,-1,-1,-1,-1
10,1,2,700,1,-1,-1,-1,-1
11,1,1,700,1,-1,-1,-1,-1
7,1,2,700,1,-1,-1,-1,-1
13,1,2,700,1,-1,-1,-1,-1
61,2,2,700,-1,-1,-1,-1,-1
8,1,1,700,1,-1,-1,-1,-1
8,1,1,700,1,-1,-1,-1,-1
22,1,2,700,2,1,-1,2,7
59,2,1,700,-1,-1,-1,-1,-1
29,2,2,700,-1,2,-1,2,7
15,1,2,700,1,2,-1,2,8
9,1,1,700,1,-1,-1,-1,-1
9,1,2,700,1,-1,-1,-1,-1
40,1,1,700,-1,-1,-1,-1,-1
34,2,1,700,-1,-1,-1,-1,-1
10,1,1,700,1,-1,-1,-1,-1
37,2,1,700,-1,-1,-1,-1,-1
12,1,2,700,2,-1,-1,-1,-1
38,2,2,700,-1,-1,-1,-1,-1
51,2,2,700,-1,1,-1,2,7
17,1,2,700,1,2,-1,2,8
55,2,2,700,-1,-1,-1,-1,-1
47,2,2,700,-1,-1,-1,-1,-1
14,1,1,700,1,-1,-1,-1,-1
13,1,1,700,1,-1,-1,-1,-1
14,1,2,700,1,-1,-1,-1,-1
59,2,1,700,-1,1,-1,2,7
24,2,2,700,2,2,-1,2,7
22,1,1,700,2,-1,-1,-1,-1
23,2,1,700,2,-1,-1,-1,-1
75,2,1,700,-1,1,-1,2,6
15,1,1,700,1,2,-1,2,8
7,1,2,700,1,-1,-1,-1,-1
21,2,2,700,2,2,-1,2,7
38,2,1,700,-1,-1,-1,-1,-1
13,1,2,700,1,-1,-1,-1,-1
72,2,1,700,-1,-1,-1,-1,-1
17,1,2,700,1,2,-1,2,8
19,1,1,700,1,2,-1,2,8
7,1,1,700,1,-1,-1,-1,-1
7,1,1,700,1,-1,-1,-1,-1
46,1,1,700,-1,-1,-1,-1,-1
54,2,2,700,-1,1,-1,2,7
29,4,2,700,-1,-1,-1,-1,-1
22,1,1,700,2,-1,-1,-1,-1
43,2,2,700,-1,1,-1,2,7
28,1,1,700,-1,1,-1,2,9
56,2,2,700,-1,-1,-1,-1,-1
13,1,2,700,1,-1,-1,-1,-1
43,2,1,700,-1,-1,-1,-1,-1
19,1,1,700,2,1,2,1,-1
50,2,1,700,-1,-1,-1,-1,-1
19,1,1,700,1,2,-1,2,8
12,1,1,700,1,-1,-1,-1,-1
21,1,1,700,2,1,2,1,-1
14,1,2,700,1,-1,-1,-1,-1
22,2,2,700,2,1,-1,2,7
27,1,1,700,-1,1,2,1,-1
17,1,2,700,1,1,-1,2,8
6,1,1,700,1,-1,-1,-1,-1
62,3,2,700,-1,-1,-1,-1,-1
30,2,2,700,-1,-1,-1,-1,-1
49,2,1,700,-1,-1,-1,-1,-1
22,1,1,700,2,-1,-1,-1,-1
8,1,1,700,2,-1,-1,-1,-1
41,2,1,700,-1,-1,-1,-1,-1
93,3,2,700,-1,1,-1,2,6
12,1,1,700,1,-1,-1,-1,-1
65,3,2,700,-1,1,-1,2,6
34,2,2,700,-1,-1,-1,-1,-1
27,2,1,700,-1,-1,-1,-1,-1
18,1,1,700,2,2,-1,2,9
54,2,2,700,-1,-1,-1,-1,-1
32,2,1,700,-1,-1,-1,-1,-1
16,1,2,700,1,2,-1,2,8
19,1,1,700,1,2,-1,2,8
17,1,2,700,1,2,-1,2,7
23,1,2,700,2,-1,-1,-1,-1
56,2,2,700,-1,2,-1,2,7
46,2,2,700,-1,-1,-1,-1,-1
5,1,1,700,2,-1,-1,-1,-1
9,1,2,700,1,-1,-1,-1,-1
16,1,2,700,1,2,-1,2,8
56,3,1,700,-1,-1,-1,-1,-1
8,1,1,700,1,-1,-1,-1,-1
49,1,1,700,-1,-1,-1,-1,-1
10,1,2,700,1,-1,-1,-1,-1
18,1,2,700,1,1,-1,2,8
28,2,2,700,-1,1,-1,2,7
8,1,2,700,1,-1,-1,-1,-1
25,1,2,700,-1,-1,-1,-1,-1
26,1,2,700,-1,1,-1,2,5
18,1,1,700,1,2,-1,2,8
47,2,2,700,-1,-1,-1,-1,-1
57,2,1,700,-1,-1,-1,-1,-1
24,1,2,700,2,-1,-1,-1,-1
39,2,1,700,-1,-1,-1,-1,-1
14,1,2,700,1,-1,-1,-1,-1
48,2,1,700,-1,-1,-1,-1,-1
40,1,1,700,-1,-1,-1,-1,-1
39,2,1,700,-1,-1,-1,-1,-1
64,3,2,700,-1,1,-1,2,3
12,1,1,700,1,-1,-1,-1,-1
24,1,2,700,2,-1,-1,-1,-1
46,2,1,700,-1,-1,-1,-1,-1
8,1,1,700,1,-1,-1,-1,-1
6,1,1,700,1,-1,-1,-1,-1
23,2,1,700,2,-1,-1,-1,-1
22,1,1,700,1,2,-1,2,8
6,1,1,700,1,-1,-1,-1,-1
65,2,1,700,-1,-1,-1,-1,-1
38,2,1,700,-1,-1,-1,-1,-1
11,1,2,700,1,-1,-1,-1,-1
32,2,1,700,-1,-1,-1,-1,-1
33,2,1,700,-1,-1,-1,-1,-1
36,2,2,700,-1,1,-1,2,7
22,1,2,700,1,1,-1,2,8
42,2,2,700,-1,-1,-1,-1,-1
8,1,1,700,1,-1,-1,-1,-1
52,2,1,700,-1,-1,-1,-1,-1
21,2,2,700,2,1,-1,2,9
7,1,1,700,1,-1,-1,-1,-1
5,1,1,700,2,-1,-1,-1,-1
26,2,2,700,-1,1,-1,2,7
53,2,2,700,-1,-1,-1,-1,-1
12,1,1,700,1,-1,-1,-1,-1
29,1,1,700,-1,-1,-1,-1,-1
8,1,1,700,1,-1,-1,-1,-1
45,2,1,700,-1,-1,-1,-1,-1
18,1,2,700,1,2,-1,2,8
39,2,2,700,-1,1,-1,2,7
30,1,2,700,-1,-1,-1,-1,-1
45,2,1,700,-1,-1,-1,-1,-1
13,1,1,700,1,-1,-1,-1,-1
31,2,1,700,-1,-1,-1,-1,-1
48,1,1,700,-1,-1,-1,-1,-1
25,4,1,700,-1,-1,-1,-1,-1
37,1,1,700,-1,-1,-1,-1,-1
41,2,1,700,-1,-1,-1,-1,-1
11,1,2,700,1,-1,-1,-1,-1
15,1,1,700,1,2,-1,2,8
55,2,2,700,-1,-1,-1,-1,-1
25,2,2,700,-1,-1,-1,-1,-1
25,2,2,700,-1,2,-1,2,7
48,2,1,700,-1,1,-1,2,3
46,2,1,700,-1,-1,-1,-1,-1
33,1,1,700,-1,-1,-1,-1,-1
15,1,1,700,1,2,-1,2,8
40,1,1,700,-1,-1,-1,-1,-1
57,3,1,700,-1,-1,-1,-1,-1
6,1,2,700,2,-1,-1,-1,-1
10,1,1,700,1,-1,-1,-1,-1
33,2,1,700,-1,-1,-1,-1,-1
5,1,1,700,1,-1,-1,-1,-1
8,1,2,700,1,-1,-1,-1,-1
21,1,1,700,2,-1,-1,-1,-1
66,2,1,700,-1,-1,-1,-1,-1
17,1,2,700,1,2,-1,2,8
41,2,2,700,-1,-1,-1,-1,-1
23,1,2,700,2,-1,-1,-1,-1
20,1,1,700,2,-1,-1,-1,-1
18,1,2,700,1,2,-1,2,8
19,1,2,700,1,2,-1,2,8
13,1,1,700,1,-1,-1,-1,-1
23,1,2,700,2,-1,-1,-1,-1
7,1,1,700,1,-1,-1,-1,-1
7,1,1,700,1,-1,-1,-1,-1
59,2,1,700,-1,-1,-1,-1,-1
23,1,1,700,2,-1,-1,-1,-1
17,1,1,700,1,1,-1,2,7
28,2,1,700,-1,-1,-1,-1,-1
9,1,1,700,1,-1,-1,-1,-1
12,1,2,700,1,-1,-1,-1,-1
15,1,2,700,1,2,-1,2,8
89,2,1,700,-1,-1,-1,-1,-1
21,1,2,700,1,2,-1,2,8
14,1,2,700,1,-1,-1,-1,-1
18,1,1,700,1,2,-1,2,8
18,1,2,700,1,-1,-1,-1,-1
7,1,1,700,1,-1,-1,-1,-1
47,2,2,700,-1,-1,-1,-1,-1
58,2,2,700,-1,-1,-1,-1,-1
15,1,1,700,1,2,-1,2,8
5,1,2,700,1,-1,-1,-1,-1
65,3,2,700,-1,-1,-1,-1,-1
12,1,2,700,1,-1,-1,-1,-1
16,1,2,700,1,2,-1,2,8
41,2,2,700,-1,-1,-1,-1,-1
65,2,2,700,-1,-1,-1,-1,-1
7,1,2,700,1,-1,-1,-1,-1
17,1,1,700,2,-1,-1,-1,-1
22,1,2,700,2,-1,-1,-1,-1
26,1,2,700,-1,1,-1,2,7
8,1,2,700,1,-1,-1,-1,-1
9,1,2,700,1,-1,-1,-1,-1
23,1,1,700,2,-1,-1,-1,-1
12,1,2,700,1,-1,-1,-1,-1
27,2,1,700,-1,-1,-1,-1,-1
10,1,1,700,2,-1,-1,-1,-1
21,2,2,700,1,1,-1,2,7
63,2,1,700,-1,1,-1,2,6
9,1,1,700,1,-1,-1,-1,-1
25,2,1,700,-1,-1,-1,-1,-1
53,2,1,700,-1,-1,-1,-1,-1
26,1,1,700,-1,1,-1,2,8
31,2,1,700,-1,-1,-1,-1,-1
28,2,2,700,-1,1,-1,2,7
29,1,1,700,-1,-1,-1,-1,-1
44,2,2,700,-1,1,-1,2,7
63,3,1,700,-1,1,-1,2,6
7,1,2,700,1,-1,-1,-1,-1
33,2,2,700,-1,1,-1,2,7
39,2,2,700,-1,-1,-1,-1,-1
29,2,2,700,-1,1,-1,2,7
65,2,1,700,-1,1,-1,2,3
78,1,2,700,-1,1,-1,2,6
29,1,2,700,-1,-1,-1,-1,-1
59,1,1,700,-1,-1,-1,-1,-1
10,1,2,700,1,-1,-1,-1,-1
48,2,1,700,-1,-1,-1,-1,-1
32,2,2,700,-1,-1,-1,-1,-1
18,1,1,700,2,2,-1,2,9
8,1,1,700,1,-1,-1,-1,-1
15,1,2,700,1,2,-1,2,8
25,2,1,700,-1,-1,-1,-1,-1
35,2,1,700,-1,-1,-1,-1,-1
27,4,1,700,-1,-1,-1,-1,-1
42,2,2,700,-1,-1,-1,-1,-1
22,2,2,700,2,-1,-1,-1,-1
41,1,1,700,-1,1,-1,2,1
18,1,2,700,2,1,-1,2,2
38,2,1,700,-1,-1,-1,-1,-1
49,2,2,700,-1,-1,-1,-1,-1
42,2,1,700,-1,-1,-1,-1,-1
7,1,1,700,1,-1,-1,-1,-1
13,1,2,700,1,-1,-1,-1,-1
29,2,2,700,-1,1,-1,2,7
30,2,1,700,-1,-1,-1,-1,-1
52,2,2,700,-1,-1,-1,-1,-1
30,2,2,700,-1,1,-1,2,7
6,1,2,700,1,-1,-1,-1,-1
38,2,2,700,-1,-1,-1,-1,-1
9,1,2,700,1,-1,-1,-1,-1
10,1,1,700,1,-1,-1,-1,-1
9,1,2,700,1,-1,-1,-1,-1
16,1,1,700,1,2,-1,2,6
26,2,2,700,-1,-1,-1,-1,-1
47,2,1,700,-1,-1,-1,-1,-1
43,2,1,700,-1,-1,-1,-1,-1
60,3,2,700,-1,-1,-1,-1,-1
40,2,1,700,-1,-1,-1,-1,-1
5,1,1,700,1,-1,-1,-1,-1
28,2,1,700,-1,-1,-1,-1,-1
45,2,1,700,-1,-1,-1,-1,-1
41,1,1,700,-1,-1,-1,-1,-1
29,2,1,700,-1,-1,-1,-1,-1
21,2,2,700,1,2,-1,2,8
63,2,2,700,-1,1,-1,2,7
74,3,2,700,-1,1,-1,2,6
37,2,2,700,-1,-1,-1,-1,-1
16,1,1,700,1,2,-1,2,8
43,2,1,700,-1,-1,-1,-1,-1
5,1,1,700,1,-1,-1,-1,-1
18,1,2,700,2,-1,-1,-1,-1
23,1,1,700,2,-1,-1,-1,-1
57,2,1,700,-1,-1,-1,-1,-1
8,1,2,700,1,-1,-1,-1,-1
50,2,2,700,-1,-1,-1,-1,-1
27,1,1,700,-1,-1,-1,-1,-1
93,3,1,700,-1,1,-1,2,6
33,1,2,700,-1,-1,-1,-1,-1
22,1,1,700,2,-1,-1,-1,-1
58,2,1,700,-1,-1,-1,-1,-1
10,1,1,700,1,-1,-1,-1,-1
8,1,1,700,1,-1,-1,-1,-1
14,1,1,700,1,-1,-1,-1,-1
36,1,1,700,-1,-1,-1,-1,-1
37,2,1,700,-1,-1,-1,-1,-1
35,2,1,700,-1,-1,-1,-1,-1
16,1,1,700,1,2,-1,2,8
72,3,2,700,-1,-1,-1,-1,-1
53,2,2,700,-1,-1,-1,-1,-1
29,2,2,700,-1,-1,-1,-1,-1
70,2,2,700,-1,1,-1,2,6
70,2,1,700,-1,1,-1,2,6
10,1,1,700,1,-1,-1,-1,-1
20,2,2,700,2,1,-1,2,7
40,2,2,700,-1,2,-1,2,7
55,2,1,700,-1,-1,-1,-1,-1
23,1,2,700,1,-1,-1,-1,-1
19,1,1,700,2,-1,-1,-1,-1
45,2,2,700,-1,1,-1,2,7
36,2,2,700,-1,-1,-1,-1,-1
9,1,2,700,1,-1,-1,-1,-1
42,2,2,700,-1,-1,-1,-1,-1
11,1,2,700,1,-1,-1,-1,-1
43,2,2,700,-1,1,-1,2,5
22,1,2,700,1,2,-1,2,8
31,1,1,700,-1,-1,-1,-1,-1
14,1,2,700,1,-1,-1,-1,-1
19,1,2,700,1,2,-1,2,8
22,2,2,700,2,2,-1,2,7
63,2,2,700,-1,-1,-1,-1,-1
8,1,2,700,1,-1,-1,-1,-1
43,2,1,700,-1,-1,-1,-1,-1
67,2,2,700,-1,-1,-1,-1,-1
9,1,2,700,1,-1,-1,-1,-1
29,2,1,700,-1,1,-1,2,5
52,2,1,700,-1,-1,-1,-1,-1
10,1,1,700,1,-1,-1,-1,-1
31,2,1,700,-1,-1,-1,-1,-1
29,1,1,700,-1,-1,-1,-1,-1
8,1,1,700,1,-1,-1,-1,-1
5,1,2,700,1,-1,-1,-1,-1
19,2,2,700,2,1,-1,2,7
18,1,2,700,2,-1,-1,-1,-1
43,2,1,700,-1,-1,-1,-1,-1
25,2,2,700,-1,1,-1,2,7
8,1,2,700,1,-1,-1,-1,-1
51,2,2,700,-1,-1,-1,-1,-1
42,2,2,700,-1,-1,-1,-1,-1
37,2,2,700,-1,-1,-1,-1,-1
5,1,1,700,1,-1,-1,-1,-1
26,1,2,700,-1,-1,-1,-1,-1
69,2,2,700,-1,1,-1,2,6
34,2,2,700,-1,-1,-1,-1,-1
59,4,2,700,-1,-1,-1,-1,-1
40,1,1,700,-1,-1,-1,-1,-1
37,2,1,700,-1,-1,-1,-1,-1
35,2,2,700,-1,-1,-1,-1,-1
10,1,1,700,1,-1,-1,-1,-1
56,2,1,700,-1,-1,-1,-1,-1
10,1,2,700,1,-1,-1,-1,-1
31,2,1,700,-1,-1,-1,-1,-1
9,1,1,700,1,-1,-1,-1,-1
36,2,2,700,-1,-1,-1,-1,-1
45,2,1,700,-1,-1,-1,-1,-1
9,1,2,700,1,-1,-1,-1,-1
33,1,1,700,-1,1,-1,2,5
16,1,1,700,1,-1,-1,-1,-1
12,1,2,700,1,-1,-1,-1,-1
28,2,1,700,-1,-1,-1,-1,-1
29,2,1,700,-1,-1,-1,-1,-1
21,1,2,700,2,2,-1,2,2
74,1,1,700,-1,-1,-1,-1,-1
36,2,1,700,-1,1,-1,2,7
37,2,1,700,-1,-1,-1,-1,-1
67,2,1,700,-1,-1,-1,-1,-1
20,1,1,700,2,2,-1,2,8
10,1,1,700,1,-1,-1,-1,-1
20,1,1,700,1,2,-1,2,8
73,2,1,700,-1,1,-1,2,6
38,2,1,700,-1,-1,-1,-1,-1
7,1,1,700,1,-1,-1,-1,-1
61,2,1,700,-1,1,-1,2,6
31,1,2,700,-1,1,2,1,-1
22,1,2,700,2,1,-1,2,5
36,2,1,700,-1,-1,-1,-1,-1
12,1,1,700,1,-1,-1,-1,-1
5,1,2,700,1,-1,-1,-1,-1
19,1,1,700,1,-1,-1,-1,-1
14,1,2,700,1,-1,-1,-1,-1
41,2,2,700,-1,1,-1,2,7
54,3,1,700,-1,-1,-1,-1,-1
34,2,1,700,-1,-1,-1,-1,-1
54,2,2,700,-1,1,-1,2,7
52,2,2,700,-1,1,-1,2,7
32,2,1,700,-1,-1,-1,-1,-1
32,2,2,700,-1,1,-1,2,7
38,2,1,700,-1,-1,-1,-1,-1
16,1,1,700,2,1,-1,2,9
51,2,2,700,-1,-1,-1,-1,-1
14,1,1,700,2,-1,-1,-1,-1
13,1,2,700,1,-1,-1,-1,-1
26,2,2,700,-1,-1,-1,-1,-1
49,2,1,700,-1,-1,-1,-1,-1
41,2,2,700,-1,-1,-1,-1,-1
33,2,2,700,-1,-1,-1,-1,-1
53,2,1,700,-1,-1,-1,-1,-1
37,2,1,700,-1,-1,-1,-1,-1
14,1,2,700,1,-1,-1,-1,-1
11,1,1,700,1,-1,-1,-1,-1
20,1,1,700,1,2,-1,2,8
16,1,2,700,1,2,-1,2,8
30,2,2,700,-1,1,-1,2,7
40,2,1,700,-1,-1,-1,-1,-1
22,1,1,700,2,2,-1,2,7
10,1,1,700,1,-1,-1,-1,-1
19,2,2,700,2,1,-1,2,7
26,1,2,700,-1,-1,-1,-1,-1
18,1,2,700,1,1,-1,2,8
6,1,1,700,1,-1,-1,-1,-1
8,1,1,700,1,-1,-1,-1,-1
35,2,1,700,-1,-1,-1,-1,-1
36,2,2,700,-1,-1,-1,-1,-1
33,2,1,700,-1,-1,-1,-1,-1
10,1,2,700,1,-1,-1,-1,-1
16,1,1,700,1,-1,-1,-1,-1
41,2,1,700,-1,-1,-1,-1,-1
29,1,2,700,-1,-1,-1,-1,-1
78,2,1,700,-1,1,-1,2,6
43,2,2,700,-1,1,-1,2,7
26,1,1,700,-1,-1,-1,-1,-1
63,2,1,700,-1,-1,-1,-1,-1
5,1,1,700,1,-1,-1,-1,-1
61,2,1,700,-1,-1,-1,-1,-1
54,2,2,700,-1,1,-1,2,7
14,1,1,700,1,-1,-1,-1,-1
31,2,2,700,-1,1,-1,2,7
46,1,1,700,-1,-1,-1,-1,-1
54,2,2,700,-1,-1,-1,-1,-1
64,2,2,700,-1,1,-1,2,3
5,1,2,700,2,-1,-1,-1,-1
47,2,1,700,-1,-1,-1,-1,-1
8,1,1,700,1,-1,-1,-1,-1
7,1,2,700,1,-1,-1,-1,-1
27,2,1,700,-1,-1,-1,-1,-1
60,2,1,700,-1,2,-1,2,7
63,2,1,700,-1,-1,-1,-1,-1
26,2,2,700,-1,-1,-1,-1,-1
56,2,2,700,-1,-1,-1,-1,-1
27,2,2,700,-1,-1,-1,-1,-1
36,1,2,700,-1,-1,-1,-1,-1
22,1,1,700,2,-1,-1,-1,-1
43,2,1,700,-1,-1,-1,-1,-1
29,2,1,700,-1,-1,-1,-1,-1
17,1,1,700,1,-1,-1,-1,-1
7,1,1,700,1,-1,-1,-1,-1
35,2,1,700,-1,-1,-1,-1,-1
35,2,2,700,-1,-1,-1,-1,-1
37,2,2,700,-1,2,-1,2,7
11,1,2,700,1,-1,-1,-1,-1
76,2,1,700,-1,-1,-1,-1,-1
26,2,2,700,-1,-1,-1,-1,-1
16,1,2,700,1,2,-1,2,8
6,1,2,700,1,-1,-1,-1,-1
53,2,1,700,-1,-1,-1,-1,-1
7,1,1,700,1,-1,-1,-1,-1
69,3,2,700,-1,-1,-1,-1,-1
6,1,1,700,1,-1,-1,-1,-1
32,2,2,700,-1,-1,-1,-1,-1
35,2,1,700,-1,-1,-1,-1,-1
19,1,1,700,2,-1,-1,-1,-1
16,1,2,700,2,2,-1,2,7
72,2,2,700,-1,1,-1,2,6
60,2,1,700,-1,-1,-1,-1,-1
10,1,1,700,2,-1,-1,-1,-1
21,2,2,700,2,1,-1,2,7
56,2,1,700,-1,-1,-1,-1,-1
87,3,2,700,-1,-1,-1,-1,-1
9,1,1,700,1,-1,-1,-1,-1
10,1,1,700,1,-1,-1,-1,-1
62,2,2,700,-1,-1,-1,-1,-1
15,1,1,700,1,2,-1,2,8
33,4,2,700,-1,-1,-1,-1,-1
26,2,2,700,-1,-1,-1,-1,-1
50,2,2,700,-1,-1,-1,-1,-1
57,2,2,700,-1,2,-1,2,7
16,1,1,700,1,-1,-1,-1,-1
38,2,1,700,-1,-1,-1,-1,-1
9,1,1,700,1,-1,-1,-1,-1
5,1,2,700,1,-1,-1,-1,-1
31,2,2,700,-1,1,-1,2,7
6,1,1,700,1,-1,-1,-1,-1
26,1,2,700,-1,1,-1,2,7
44,3,2,700,-1,-1,-1,-1,-1
25,2,1,700,-1,-1,-1,-1,-1
24,1,2,700,2,1,-1,2,5
12,1,2,700,1,-1,-1,-1,-1
9,1,2,700,1,-1,-1,-1,-1
35,2,2,700,-1,1,-1,2,7
49,2,1,700,-1,-1,-1,-1,-1
45,2,1,700,-1,-1,-1,-1,-1
25,3,1,700,-1,-1,-1,-1,-1
7,1,1,700,1,-1,-1,-1,-1
29,2,2,700,-1,-1,-1,-1,-1
49,2,2,700,-1,-1,-1,-1,-1
27,2,1,700,-1,1,-1,2,7
45,2,1,700,-1,-1,-1,-1,-1
14,1,2,700,2,-1,-1,-1,-1
9,1,1,700,1,-1,-1,-1,-1
40,2,1,700,-1,-1,-1,-1,-1
53,2,1,700,-1,-1,-1,-1,-1
5,1,1,700,1,-1,-1,-1,-1
42,3,1,700,-1,-1,-1,-1,-1
39,2,1,700,-1,-1,-1,-1,-1
11,1,2,700,1,-1,-1,-1,-1
62,2,2,700,-1,1,-1,2,6
62,2,2,700,-1,1,-1,2,6
39,2,1,700,-1,1,-1,2,6
43,2,2,700,-1,-1,-1,-1,-1
47,2,1,700,-1,-1,-1,-1,-1
22,1,2,700,2,-1,-1,-1,-1
16,1,1,700,2,-1,-1,-1,-1
64,2,1,700,-1,1,-1,2,6
16,1,2,700,1,2,-1,2,8
19,1,1,700,2,-1,-1,-1,-1
30,2,1,700,-1,2,-1,2,7
42,1,1,700,-1,-1,-1,-1,-1
29,2,2,700,-1,-1,-1,-1,-1
19,1,1,700,1,2,-1,2,8
17,1,1,700,2,-1,-1,-1,-1
52,2,1,700,-1,-1,-1,-1,-1
54,1,1,700,-1,-1,-1,-1,-1
78,3,2,700,-1,-1,-1,-1,-1
19,1,2,700,1,2,-1,2,8
18,1,1,700,1,2,-1,2,8
31,2,1,700,-1,-1,-1,-1,-1
20,1,2,700,2,1,-1,2,9
32,2,2,700,-1,1,-1,2,7
14,1,2,700,1,-1,-1,-1,-1
10,1,1,700,1,-1,-1,-1,-1
10,1,1,700,1,-1,-1,-1,-1
23,1,2,700,2,2,1,1,-1
35,2,2,700,-1,1,-1,2,7
9,1,1,700,1,-1,-1,-1,-1
25,2,1,700,-1,-1,-1,-1,-1
35,2,1,700,-1,-1,-1,-1,-1
55,2,1,700,-1,-1,-1,-1,-1
15,1,1,700,1,2,-1,2,8
8,1,1,700,1,-1,-1,-1,-1
18,1,2,700,1,1,-1,2,8
5,1,1,700,1,-1,-1,-1,-1
13,1,2,700,1,-1,-1,-1,-1
8,1,1,700,1,-1,-1,-1,-1
28,1,1,700,-1,-1,-1,-1,-1
8,1,1,700,1,-1,-1,-1,-1
26,2,1,700,-1,-1,-1,-1,-1
10,1,1,700,2,-1,-1,-1,-1
38,2,2,700,-1,-1,-1,-1,-1
6,1,2,700,1,-1,-1,-1,-1
65,2,1,700,-1,-1,-1,-1,-1
49,2,2,700,-1,-1,-1,-1,-1
38,2,2,700,-1,1,-1,2,3
5,1,2,700,2,-1,-1,-1,-1
40,1,1,700,-1,-1,-1,-1,-1
17,1,2,700,1,2,-1,2,8
62,2,2,700,-1,1,-1,2,6
48,2,2,700,-1,-1,-1,-1,-1
33,2,1,700,-1,-1,-1,-1,-1
25,1,1,700,-1,-1,-1,-1,-1
52,2,2,700,-1,1,-1,2,7
29,2,2,700,-1,-1,-1,-1,-1
22,1,1,700,1,-1,-1,-1,-1
63,2,2,700,-1,2,-1,2,6
52,2,2,700,-1,1,-1,2,7
26,2,2,700,-1,-1,-1,-1,-1
33,2,1,700,-1,-1,-1,-1,-1
9,1,2,700,1,-1,-1,-1,-1
5,1,1,700,1,-1,-1,-1,-1
40,2,1,700,-1,-1,-1,-1,-1
34,1,2,700,-1,1,2,1,-1
8,1,1,700,1,-1,-1,-1,-1
66,2,2,700,-1,1,-1,2,6
22,2,2,700,2,1,-1,2,7
50,2,2,700,-1,-1,-1,-1,-1
15,1,1,700,2,2,-1,2,6
8,1,2,700,1,-1,-1,-1,-1
21,2,1,700,2,-1,-1,-1,-1
28,2,1,700,-1,-1,-1,-1,-1
19,1,2,700,1,1,-1,2,8
30,2,1,700,-1,-1,-1,-1,-1
31,2,2,700,-1,1,-1,2,7
28,1,1,700,-1,-1,-1,-1,-1
14,1,1,700,1,-1,-1,-1,-1
16,1,2,700,1,2,-1,2,7
28,2,2,700,-1,2,-1,2,7
40,2,1,700,-1,-1,-1,-1,-1
38,2,1,700,-1,-1,-1,-1,-1
18,1,1,700,2,2,-1,2,6
19,1,1,700,2,1,-1,2,3
26,2,2,700,-1,1,-1,2,7
49,2,2,700,-1,1,-1,2,7
63,2,2,700,-1,1,-1,2,6
10,1,1,700,1,-1,-1,-1,-1
6,1,2,700,1,-1,-1,-1,-1
7,1,1,700,1,-1,-1,-1,-1
13,1,2,700,1,-1,-1,-1,-1
11,1,1,700,1,-1,-1,-1,-1
7,1,1,700,1,-1,-1,-1,-1
13,1,2,700,1,-1,-1,-1,-1
26,1,2,700,-1,1,-1,2,7
12,1,1,700,1,-1,-1,-1,-1
9,1,1,700,1,-1,-1,-1,-1
61,2,2,700,-1,-1,-1,-1,-1
12,1,2,700,1,-1,-1,-1,-1
34,2,1,700,-1,-1,-1,-1,-1
32,2,2,700,-1,2,-1,2,7
41,2,1,700,-1,-1,-1,-1,-1
54,2,2,700,-1,2,-1,2,7
13,1,2,700,2,-1,-1,-1,-1
25,2,2,700,-1,-1,-1,-1,-1
78,2,2,700,-1,-1,-1,-1,-1
36,2,2,700,-1,1,-1,2,7
32,1,1,700,-1,-1,-1,-1,-1
9,1,2,700,1,-1,-1,-1,-1
43,2,2,700,-1,-1,-1,-1,-1
26,2,1,700,-1,-1,-1,-1,-1
22,1,1,700,2,-1,-1,-1,-1
54,2,2,700,-1,1,-1,2,7
8,1,2,700,1,-1,-1,-1,-1
12,1,2,700,1,-1,-1,-1,-1
21,1,2,700,1,2,-1,2,8
11,1,1,700,1,-1,-1,-1,-1
42,2,2,700,-1,-1,-1,-1,-1
15,1,2,700,1,2,-1,2,8
44,2,2,700,-1,2,-1,2,7
6,1,2,700,1,-1,-1,-1,-1
7,1,2,700,1,-1,-1,-1,-1
8,1,1,700,1,-1,-1,-1,-1
63,2,1,700,-1,-1,-1,-1,-1
8,1,1,700,1,-1,-1,-1,-1
47,2,2,700,-1,-1,-1,-1,-1
46,2,2,700,-1,-1,-1,-1,-1
36,2,2,700,-1,1,-1,2,7
76,2,1,700,-1,1,-1,2,6
10,1,1,700,1,-1,-1,-1,-1
57,2,2,700,-1,1,-1,2,7
76,3,2,700,-1,1,-1,2,6
9,1,1,700,1,-1,-1,-1,-1
59,1,1,700,-1,-1,-1,-1,-1
40,2,2,700,-1,-1,-1,-1,-1
40,2,1,700,-1,-1,-1,-1,-1
15,1,2,700,1,2,-1,2,8
22,2,1,700,2,-1,-1,-1,-1
6,1,1,700,2,-1,-1,-1,-1
12,1,2,700,1,-1,-1,-1,-1
43,1,2,700,-1,-1,-1,-1,-1
21,1,2,700,2,-1,-1,-1,-1
14,1,1,700,1,-1,-1,-1,-1
51,2,1,700,-1,-1,-1,-1,-1
82,2,1,700,-1,1,-1,2,6
31,2,1,700,-1,-1,-1,-1,-1
55,2,1,700,-1,1,-1,2,3
48,2,1,700,-1,-1,-1,-1,-1
61,2,1,700,-1,-1,-1,-1,-1
12,1,1,700,1,-1,-1,-1,-1
6,1,1,700,1,-1,-1,-1,-1
11,1,2,700,1,-1,-1,-1,-1
21,1,1,700,2,-1,-1,-1,-1
15,1,1,700,1,1,-1,2,7
58,2,1,700,-1,-1,-1,-1,-1
6,1,2,700,1,-1,-1,-1,-1
41,2,2,700,-1,1,-1,2,7
12,1,2,700,1,-1,-1,-1,-1
9,1,2,700,1,-1,-1,-1,-1
11,1,1,700,1,-1,-1,-1,-1
17,1,1,700,1,2,-1,2,8
44,2,2,700,-1,-1,-1,-1,-1
14,1,1,700,1,-1,-1,-1,-1
38,2,1,700,-1,-1,-1,-1,-1
49,2,2,700,-1,1,-1,2,7
41,2,1,700,-1,-1,-1,-1,-1
70,3,2,700,-1,1,-1,2,6
61,2,1,700,-1,1,-1,2,6
37,4,2,700,-1,1,2,1,-1
58,2,1,700,-1,-1,-1,-1,-1
7,1,2,700,1,-1,-1,-1,-1
42,2,1,700,-1,-1,-1,-1,-1
59,1,2,700,-1,1,-1,2,7
15,1,1,700,1,2,-1,2,6
60,1,1,700,-1,-1,-1,-1,-1
26,1,2,700,-1,-1,-1,-1,-1
23,1,2,700,2,-1,-1,-1,-1
60,2,2,700,-1,-1,-1,-1,-1
20,1,1,700,2,-1,-1,-1,-1
19,1,1,700,2,-1,-1,-1,-1
28,2,2,700,-1,-1,-1,-1,-1
29,1,2,700,-1,-1,-1,-1,-1
32,2,2,700,-1,1,-1,2,7
52,2,1,700,-1,-1,-1,-1,-1
12,1,1,700,1,-1,-1,-1,-1
17,1,1,700,1,2,-1,2,8
68,3,2,700,-1,-1,-1,-1,-1
6,1,1,700,2,-1,-1,-1,-1
25,1,1,700,-1,-1,-1,-1,-1
36,1,1,700,-1,-1,-1,-1,-1
18,1,1,700,2,2,2,1,-1
20,1,2,700,2,1,-1,2,7
35,2,2,700,-1,1,-1,2,7
36,1,2,700,-1,-1,-1,-1,-1
57,2,1,700,-1,-1,-1,-1,-1
35,2,2,700,-1,-1,-1,-1,-1
45,1,2,700,-1,-1,-1,-1,-1
29,2,2,700,-1,1,-1,2,7
58,2,1,700,-1,-1,-1,-1,-1
8,1,1,700,1,-1,-1,-1,-1
10,1,2,700,1,-1,-1,-1,-1
32,2,2,700,-1,-1,-1,-1,-1
20,2,2,700,2,1,-1,2,7
37,2,2,700,-1,-1,-1,-1,-1
40,2,1,700,-1,-1,-1,-1,-1
55,3,2,700,-1,1,-1,2,7
12,1,2,700,1,-1,-1,-1,-1
34,2,2,700,-1,1,-1,2,7
41,2,2,700,-1,-1,-1,-1,-1
65,2,2,700,-1,1,-1,2,6
61,2,2,700,-1,-1,-1,-1,-1
69,2,2,700,-1,-1,-1,-1,-1
55,1,1,700,-1,-1,-1,-1,-1
10,1,2,700,1,-1,-1,-1,-1
63,2,2,700,-1,-1,-1,-1,-1
35,2,1,700,-1,-1,-1,-1,-1
34,2,2,700,-1,1,-1,2,7
26,2,2,700,-1,1,-1,2,9
50,2,1,700,-1,-1,-1,-1,-1
8,1,1,700,1,-1,-1,-1,-1
23,1,1,700,2,-1,-1,-1,-1
13,1,2,700,1,-1,-1,-1,-1
13,1,1,700,1,-1,-1,-1,-1
55,3,2,700,-1,1,-1,2,7
59,1,2,700,-1,-1,-1,-1,-1
16,1,2,700,1,2,-1,2,8
59,2,1,700,-1,1,-1,2,5
5,1,1,700,1,-1,-1,-1,-1
49,1,1,700,-1,-1,-1,-1,-1
67,2,1,700,-1,-1,-1,-1,-1
48,2,2,700,-1,-1,-1,-1,-1
44,2,1,700,-1,-1,-1,-1,-1
14,1,2,700,1,-1,-1,-1,-1
21,1,2,700,1,2,-1,2,8
16,1,2,700,1,2,-1,2,8
62,2,2,700,-1,1,-1,2,7
61,2,1,700,-1,-1,-1,-1,-1
56,2,2,700,-1,-1,-1,-1,-1
25,1,1,700,-1,1,-1,2,7
41,2,1,700,-1,-1,-1,-1,-1
12,1,2,700,1,-1,-1,-1,-1
82,3,2,700,-1,-1,-1,-1,-1
53,2,1,700,-1,-1,-1,-1,-1
12,1,2,700,1,-1,-1,-1,-1
13,1,1,700,1,-1,-1,-1,-1
27,2,1,700,-1,-1,-1,-1,-1
16,1,2,700,1,2,-1,2,8
72,3,2,700,-1,-1,-1,-1,-1
10,1,1,700,1,-1,-1,-1,-1
25,2,1,700,-1,-1,-1,-1,-1
11,1,2,700,1,-1,-1,-1,-1
53,2,2,700,-1,2,-1,2,7
7,1,1,700,1,-1,-1,-1,-1
59,2,2,700,-1,1,-1,2,7
46,2,1,700,-1,-1,-1,-1,-1
7,1,1,700,1,-1,-1,-1,-1
13,1,1,700,1,-1,-1,-1,-1
17,1,1,700,2,-1,-1,-1,-1
5,1,2,700,1,-1,-1,-1,-1
8,1,1,700,1,-1,-1,-1,-1
29,2,2,700,-1,1,-1,2,7
8,1,2,700,1,-1,-1,-1,-1
74,2,2,700,-1,1,-1,2,6
31,4,2,700,-1,-1,-1,-1,-1
32,2,1,700,-1,-1,-1,-1,-1
20,1,1,700,2,-1,-1,-1,-1
53,2,2,700,-1,1,-1,2,7
32,2,1,700,-1,-1,-1,-1,-1
28,2,1,700,-1,-1,-1,-1,-1
19,1,1,700,2,-1,-1,-1,-1
5,1,1,700,1,-1,-1,-1,-1
24,2,2,700,2,-1,-1,-1,-1
37,2,2,700,-1,1,-1,2,7
50,2,1,700,-1,-1,-1,-1,-1
66,2,1,700,-1,-1,-1,-1,-1
57,2,2,700,-1,-1,-1,-1,-1
43,2,1,700,-1,-1,-1,-1,-1
14,1,1,700,2,-1,-1,-1,-1
21,1,1,700,2,-1,-1,-1,-1
66,2,1,700,-1,-1,-1,-1,-1
33,2,1,700,-1,-1,-1,-1,-1
72,3,2,700,-1,-1,-1,-1,-1
23,1,1,700,2,-1,-1,-1,-1
12,1,1,700,1,-1,-1,-1,-1
6,1,2,700,1,-1,-1,-1,-1
8,1,1,700,1,-1,-1,-1,-1
13,1,1,700,1,-1,-1,-1,-1
21,1,1,700,1,2,-1,2,8
46,2,1,700,-1,-1,-1,-1,-1
48,2,1,700,-1,-1,-1,-1,-1
12,1,2,700,1,-1,-1,-1,-1
33,1,1,700,-1,-1,-1,-1,-1
18,1,1,700,1,2,-1,2,8
34,2,2,700,-1,1,-1,2,7
6,1,2,700,1,-1,-1,-1,-1
47,2,2,700,-1,-1,-1,-1,-1
7,1,1,700,1,-1,-1,-1,-1
12,1,1,700,1,-1,-1,-1,-1
15,1,2,700,1,2,-1,2,7
15,3,1,700,1,2,-1,2,8
11,1,2,700,1,-1,-1,-1,-1
6,1,1,700,1,-1,-1,-1,-1
7,1,2,700,1,-1,-1,-1,-1
17,1,1,700,1,-1,-1,-1,-1
25,1,1,700,-1,-1,-1,-1,-1
12,1,2,700,1,-1,-1,-1,-1
62,2,2,700,-1,1,-1,2,6
31,2,2,700,-1,-1,-1,-1,-1
10,1,2,700,1,-1,-1,-1,-1
62,2,2,700,-1,-1,-1,-1,-1
16,1,1,700,1,1,-1,2,8
72,2,1,700,-1,-1,-1,-1,-1
17,1,2,700,1,1,-1,2,7
21,1,1,700,1,2,-1,2,8
5,1,1,700,1,-1,-1,-1,-1
55,2,1,700,-1,-1,-1,-1,-1
28,2,2,700,-1,-1,-1,-1,-1
24,1,2,700,2,2,-1,2,7
35,4,2,700,-1,1,-1,2,7
52,2,1,700,-1,-1,-1,-1,-1
32,1,2,700,-1,1,-1,2,1
5,1,1,700,1,-1,-1,-1,-1
36,4,2,700,-1,-1,-1,-1,-1
17,1,1,700,1,2,-1,2,8
26,1,1,700,-1,-1,-1,-1,-1
37,2,2,700,-1,-1,-1,-1,-1
12,1,2,700,2,-1,-1,-1,-1
67,3,1,700,-1,-1,-1,-1,-1
25,2,2,700,-1,1,-1,2,7
13,1,2,700,1,-1,-1,-1,-1
40,2,2,700,-1,-1,-1,-1,-1
31,1,2,700,-1,-1,-1,-1,-1
13,1,2,700,1,-1,-1,-1,-1
35,1,1,700,-1,-1,-1,-1,-1
22,2,1,700,2,-1,-1,-1,-1
29,2,2,700,-1,-1,-1,-1,-1
58,2,2,700,-1,1,-1,2,7
15,1,1,700,1,2,-1,2,8
18,1,1,700,1,2,-1,2,8
62,2,1,700,-1,1,-1,2,6
31,2,1,700,-1,-1,-1,-1,-1
46,2,2,700,-1,-1,-1,-1,-1
38,2,1,700,-1,-1,-1,-1,-1
23,1,1,700,2,-1,-1,-1,-1
47,2,2,700,-1,1,-1,2,7
20,1,1,700,1,2,-1,2,8
9,1,1,700,1,-1,-1,-1,-1
25,2,2,700,-1,1,-1,2,7
55,2,1,700,-1,-1,-1,-1,-1
50,3,2,700,-1,2,-1,2,7
31,1,1,700,-1,-1,-1,-1,-1
17,1,1,700,2,2,-1,2,8
34,2,1,700,-1,1,-1,2,3
12,1,1,700,1,-1,-1,-1,-1
33,2,1,700,-1,-1,-1,-1,-1
48,2,2,700,-1,-1,-1,-1,-1
13,1,2,700,1,-1,-1,-1,-1
25,2,2,700,-1,2,-1,2,7
12,1,2,700,1,-1,-1,-1,-1
32,2,2,700,-1,1,-1,2,7
14,1,1,700,1,-1,-1,-1,-1
44,2,1,700,-1,-1,-1,-1,-1
13,1,2,700,1,-1,-1,-1,-1
65,2,2,700,-1,1,-1,2,6
15,1,1,700,1,2,-1,2,8
56,2,1,700,-1,-1,-1,-1,-1
23,2,2,700,2,1,-1,2,7
41,2,1,700,-1,1,-1,2,9
7,1,2,700,1,-1,-1,-1,-1
6,1,2,700,1,-1,-1,-1,-1
5,1,2,700,1,-1,-1,-1,-1
24,2,2,700,2,-1,-1,-1,-1
49,4,2,700,-1,-1,-1,-1,-1
29,2,2,700,-1,1,-1,2,9
21,1,1,700,2,2,-1,2,7
16,1,1,700,2,2,-1,2,7
16,1,2,700,1,2,-1,2,8
46,1,2,700,-1,-1,-1,-1,-1
32,2,2,700,-1,-1,-1,-1,-1
18,1,1,700,2,-1,-1,-1,-1
26,2,1,700,-1,-1,-1,-1,-1
27,2,2,700,-1,-1,-1,-1,-1
12,1,1,700,1,-1,-1,-1,-1
24,1,1,700,1,1,2,1,-1
27,1,1,700,-1,-1,-1,-1,-1
37,2,2,700,-1,2,-1,2,7
36,2,2,700,-1,2,-1,2,7
50,2,1,700,-1,-1,-1,-1,-1
10,1,2,700,1,-1,-1,-1,-1
18,1,1,700,2,-1,-1,-1,-1
7,1,2,700,1,-1,-1,-1,-1
42,2,1,700,-1,-1,-1,-1,-1
20,1,1,700,2,-1,-1,-1,-1
46,2,1,700,-1,-1,-1,-1,-1
15,1,2,700,1,2,-1,2,7
39,2,2,700,-1,1,-1,2,9
14,1,1,700,1,-1,-1,-1,-1
9,1,2,700,1,-1,-1,-1,-1
9,1,2,700,1,-1,-1,-1,-1
38,2,2,700,-1,-1,-1,-1,-1
64,2,1,700,-1,-1,-1,-1,-1
16,1,2,700,1,2,-1,2,8
52,2,2,700,-1,1,-1,2,7
63,2,1,700,-1,1,-1,2,6
47,2,2,700,-1,-1,-1,-1,-1
20,1,1,700,1,2,-1,2,8
50,3,2,700,-1,1,-1,2,7
35,1,2,700,-1,-1,-1,-1,-1
26,2,2,700,-1,1,-1,2,7
6,1,2,700,1,-1,-1,-1,-1
75,3,2,700,-1,2,-1,2,7
32,2,2,700,-1,1,-1,2,7
18,1,2,700,2,1,-1,2,5
38,2,2,700,-1,1,-1,2,7
5,1,1,700,2,-1,-1,-1,-1
35,2,2,700,-1,2,-1,2,7
43,2,1,700,-1,-1,-1,-1,-1
11,1,2,700,1,-1,-1,-1,-1
22,1,1,700,1,1,-1,2,8
39,2,2,700,-1,-1,-1,-1,-1
81,3,1,700,-1,1,-1,2,6
55,2,1,700,-1,-1,-1,-1,-1
66,2,1,700,-1,-1,-1,-1,-1
23,2,2,700,2,1,-1,2,7
12,1,2,700,1,-1,-1,-1,-1
68,2,1,700,-1,1,-1,2,6
78,3,2,700,-1,1,-1,2,6
23,1,2,700,2,-1,-1,-1,-1
65,2,2,700,-1,-1,-1,-1,-1
67,3,2,700,-1,-1,-1,-1,-1
12,1,2,700,2,-1,-1,-1,-1
20,1,1,700,1,-1,-1,-1,-1
25,1,1,700,-1,-1,-1,-1,-1
58,3,2,700,-1,-1,-1,-1,-1
16,1,1,700,1,2,-1,2,8
49,2,1,700,-1,-1,-1,-1,-1
31,2,2,700,-1,1,-1,2,7
35,2,1,700,-1,1,-1,2,7
13,1,1,700,1,-1,-1,-1,-1
70,2,1,700,-1,1,-1,2,6
32,2,2,700,-1,-1,-1,-1,-1
49,2,2,700,-1,-1,-1,-1,-1
7,1,1,700,1,-1,-1,-1,-1
70,2,2,700,-1,1,-1,2,6
11,1,2,700,1,-1,-1,-1,-1
60,2,1,700,-1,-1,-1,-1,-1
60,2,1,700,-1,-1,-1,-1,-1
11,1,1,700,1,-1,-1,-1,-1
61,2,2,700,-1,-1,-1,-1,-1
6,1,1,700,1,-1,-1,-1,-1
29,2,2,700,-1,1,-1,2,7
35,1,1,700,-1,-1,-1,-1,-1
46,2,2,700,-1,1,-1,2,7
7,1,2,700,1,-1,-1,-1,-1
45,2,2,700,-1,1,-1,2,7
74,3,2,700,-1,1,-1,2,6
30,1,1,700,-1,-1,-1,-1,-1
9,1,2,700,1,-1,-1,-1,-1
36,2,1,700,-1,-1,-1,-1,-1
12,1,2,700,1,-1,-1,-1,-1
61,4,2,700,-1,-1,-1,-1,-1
6,1,1,700,1,-1,-1,-1,-1
63,2,2,700,-1,1,-1,2,7
39,2,2,700,-1,-1,-1,-1,-1
42,2,1,700,-1,-1,-1,-1,-1
5,1,2,700,1,-1,-1,-1,-1
33,2,1,700,-1,-1,-1,-1,-1
15,1,2,700,1,-1,-1,-1,-1
23,1,1,700,2,2,1,1,-1
47,2,1,700,-1,-1,-1,-1,-1
12,1,2,700,1,-1,-1,-1,-1
5,1,1,700,1,-1,-1,-1,-1
15,1,2,700,1,2,-1,2,8
19,1,1,700,2,-1,-1,-1,-1
31,2,2,700,-1,-1,-1,-1,-1
8,1,2,700,1,-1,-1,-1,-1
73,2,2,700,-1,1,-1,2,6
48,2,1,700,-1,-1,-1,-1,-1
11,1,1,700,1,-1,-1,-1,-1
53,2,2,700,-1,-1,-1,-1,-1
43,2,1,700,-1,-1,-1,-1,-1
28,2,1,700,-1,-1,-1,-1,-1
48,3,2,700,-1,-1,-1,-1,-1
61,2,2,700,-1,-1,-1,-1,-1
48,3,1,700,-1,-1,-1,-1,-1
62,2,2,700,-1,-1,-1,-1,-1
21,1,2,700,2,2,-1,2,7
64,2,1,700,-1,-1,-1,-1,-1
11,1,1,700,1,-1,-1,-1,-1
18,1,1,700,1,2,-1,2,8
52,2,1,700,-1,-1,-1,-1,-1
31,2,1,700,-1,-1,-1,-1,-1
73,3,2,700,-1,1,-1,2,6
13,1,2,700,1,-1,-1,-1,-1
52,2,2,700,-1,2,-1,2,7
58,2,2,700,-1,-1,-1,-1,-1
30,2,1,700,-1,-1,-1,-1,-1
8,1,2,700,1,-1,-1,-1,-1
27,2,1,700,-1,-1,-1,-1,-1
15,1,2,700,1,2,-1,2,8
21,2,2,700,2,1,-1,2,7
52,2,2,700,-1,-1,-1,-1,-1
19,1,2,700,2,1,-1,2,7
12,1,2,700,1,-1,-1,-1,-1
6,1,2,700,1,-1,-1,-1,-1
12,1,1,700,1,-1,-1,-1,-1
9,1,2,700,1,-1,-1,-1,-1
45,2,1,700,-1,-1,-1,-1,-1
23,1,1,700,2,-1,-1,-1,-1
13,1,2,700,1,-1,-1,-1,-1
63,2,1,700,-1,1,-1,2,6
17,1,1,700,1,2,-1,2,8
44,2,1,700,-1,-1,-1,-1,-1
13,1,1,700,1,-1,-1,-1,-1
28,2,1,700,-1,1,2,1,-1
32,2,1,700,-1,-1,-1,-1,-1
12,1,2,700,1,-1,-1,-1,-1
22,2,1,700,2,-1,-1,-1,-1
48,2,1,700,-1,-1,-1,-1,-1
65,2,2,700,-1,1,-1,2,6
50,2,2,700,-1,2,-1,2,7
18,1,2,700,1,2,-1,2,8
66,2,1,700,-1,1,-1,2,6
18,1,2,700,2,1,-1,2,7
7,1,1,700,1,-1,-1,-1,-1
22,1,1,700,2,-1,-1,-1,-1
16,1,1,700,1,2,-1,2,8
40,1,1,700,-1,-1,-1,-1,-1
22,1,1,700,2,2,-1,2,3
11,1,1,700,1,-1,-1,-1,-1
13,1,1,700,1,-1,-1,-1,-1
28,2,1,700,-1,-1,-1,-1,-1
65,2,1,700,-1,-1,-1,-1,-1
10,1,1,700,1,-1,-1,-1,-1
31,2,2,700,-1,1,-1,2,7
18,1,1,700,2,-1,-1,-1,-1
50,2,1,700,-1,-1,-1,-1,-1
10,1,1,700,1,-1,-1,-1,-1
56,2,2,700,-1,1,-1,2,7
13,1,1,700,1,-1,-1,-1,-1
74,1,1,700,-1,-1,-1,-1,-1
15,1,1,700,1,2,-1,2,8
7,1,1,700,1,-1,-1,-1,-1
23,2,1,700,2,-1,-1,-1,-1
16,1,1,700,2,2,-1,2,7
22,1,2,700,1,2,-1,2,8
14,1,2,700,1,-1,-1,-1,-1
40,2,2,700,-1,-1,-1,-1,-1
33,2,1,700,-1,1,-1,2,7
71,2,2,700,-1,1,-1,2,6
43,2,2,700,-1,-1,-1,-1,-1
69,2,1,700,-1,1,-1,2,6
21,1,1,700,2,-1,-1,-1,-1
7,1,2,700,1,-1,-1,-1,-1
46,2,1,700,-1,-1,-1,-1,-1
19,1,1,700,1,-1,-1,-1,-1
45,2,1,700,-1,-1,-1,-1,-1
35,1,1,700,-1,-1,-1,-1,-1
6,1,2,700,2,-1,-1,-1,-1
30,2,1,700,-1,-1,-1,-1,-1
31,2,2,700,-1,1,-1,2,7
46,2,1,700,-1,-1,-1,-1,-1
34,2,2,700,-1,1,-1,2,7
43,2,1,700,-1,-1,-1,-1,-1
45,2,1,700,-1,-1,-1,-1,-1
69,2,1,700,-1,-1,-1,-1,-1
84,2,1,700,-1,-1,-1,-1,-1
19,1,1,700,2,-1,-1,-1,-1
40,2,1,700,-1,-1,-1,-1,-1
32,2,1,700,-1,-1,-1,-1,-1
38,1,1,700,-1,-1,-1,-1,-1
40,2,2,700,-1,-1,-1,-1,-1
49,2,2,700,-1,-1,-1,-1,-1
8,1,2,700,1,-1,-1,-1,-1
17,1,2,700,1,2,-1,2,8
39,2,2,700,-1,-1,-1,-1,-1
22,1,1,700,2,1,-1,2,5
21,1,2,700,2,-1,-1,-1,-1
10,1,2,700,1,-1,-1,-1,-1
25,1,1,700,-1,1,-1,2,9
63,2,2,700,-1,1,-1,2,6
27,2,1,700,-1,-1,-1,-1,-1
31,2,2,700,-1,-1,-1,-1,-1
6,1,2,700,1,-1,-1,-1,-1
42,2,1,700,-1,-1,-1,-1,-1
33,2,2,700,-1,1,2,1,-1
30,2,2,700,-1,-1,-1,-1,-1
8,1,2,700,1,-1,-1,-1,-1
26,2,2,700,-1,-1,-1,-1,-1
35,2,1,700,-1,-1,-1,-1,-1
20,1,1,700,1,2,-1,2,8
8,1,2,700,1,-1,-1,-1,-1
35,2,2,700,-1,-1,-1,-1,-1
38,2,1,700,-1,-1,-1,-1,-1
64,1,2,700,-1,1,-1,2,6
5,1,1,700,1,-1,-1,-1,-1
33,2,1,700,-1,-1,-1,-1,-1
64,3,2,700,-1,-1,-1,-1,-1
46,2,1,700,-1,1,-1,2,3
83,3,1,700,-1,1,-1,2,6
12,1,1,700,1,-1,-1,-1,-1
23,1,1,700,2,-1,-1,-1,-1
53,2,1,700,-1,-1,-1,-1,-1
6,1,2,700,1,-1,-1,-1,-1
47,4,2,700,-1,-1,-1,-1,-1
40,2,2,700,-1,1,-1,2,7
38,2,1,700,-1,-1,-1,-1,-1
28,2,1,700,-1,-1,-1,-1,-1
28,2,1,700,-1,-1,-1,-1,-1
20,2,2,700,2,1,-1,2,7
35,2,2,700,-1,1,-1,2,7
30,2,1,700,-1,-1,-1,-1,-1
17,1,1,700,2,-1,-1,-1,-1
18,1,1,700,1,2,-1,2,8
16,1,1,700,2,2,-1,2,6
19,1,2,700,1,2,-1,2,7
30,2,2,700,-1,1,-1,2,7
9,1,2,700,1,-1,-1,-1,-1
12,1,2,700,1,-1,-1,-1,-1
8,1,2,700,1,-1,-1,-1,-1
29,2,1,700,-1,-1,-1,-1,-1
6,1,1,700,1,-1,-1,-1,-1
35,2,1,700,-1,-1,-1,-1,-1
14,1,1,700,1,-1,-1,-1,-1
59,3,2,700,-1,-1,-1,-1,-1
10,1,1,700,1,-1,-1,-1,-1
7,1,1,700,1,-1,-1,-1,-1
77,1,2,700,-1,1,-1,2,6
39,2,2,700,-1,-1,-1,-1,-1
17,1,1,700,1,-1,-1,-1,-1
51,2,2,700,-1,-1,-1,-1,-1
25,1,2,700,-1,1,-1,2,9
16,1,2,700,1,-1,-1,-1,-1
21,1,1,700,1,2,-1,2,8
10,1,1,700,1,-1,-1,-1,-1
21,1,2,700,1,-1,-1,-1,-1
24,1,1,700,2,1,2,1,-1
37,1,2,700,-1,1,-1,2,7
10,1,2,700,1,-1,-1,-1,-1
44,2,1,700,-1,1,-1,2,5
19,1,2,700,1,1,-1,2,9
19,1,1,700,2,-1,-1,-1,-1
32,2,2,700,-1,1,-1,2,7
60,2,1,700,-1,-1,-1,-1,-1
23,1,1,700,2,1,2,1,-1
17,1,2,700,1,2,-1,2,8
28,2,1,700,-1,1,-1,2,3
15,1,2,700,1,-1,-1,-1,-1
44,2,2,700,-1,-1,-1,-1,-1
83,3,2,700,-1,1,-1,2,7
10,1,1,700,1,-1,-1,-1,-1
85,3,1,700,-1,1,-1,2,6
9,1,1,700,1,-1,-1,-1,-1
35,2,2,700,-1,-1,-1,-1,-1
10,1,1,700,1,-1,-1,-1,-1
41,2,1,700,-1,-1,-1,-1,-1
22,1,1,700,2,-1,-1,-1,-1
41,2,1,700,-1,-1,-1,-1,-1
36,2,1,700,-1,-1,-1,-1,-1
7,1,1,700,1,-1,-1,-1,-1
39,1,2,700,-1,-1,-1,-1,-1
36,1,1,700,-1,-1,-1,-1,-1
23,2,2,700,2,-1,-1,-1,-1
17,2,2,700,2,2,-1,2,7
11,1,1,700,1,-1,-1,-1,-1
7,1,2,700,1,-1,-1,-1,-1
15,1,1,700,1,2,-1,2,8
22,1,2,700,2,-1,-1,-1,-1
22,1,2,700,2,1,-1,2,7
10,1,1,700,1,-1,-1,-1,-1
15,1,2,700,1,2,-1,2,8
9,1,2,700,1,-1,-1,-1,-1
32,1,1,700,-1,1,-1,2,2
5,1,1,700,2,-1,-1,-1,-1
40,2,1,700,-1,1,-1,2,2
9,1,2,700,1,-1,-1,-1,-1
13,1,1,700,1,-1,-1,-1,-1
26,2,1,700,-1,-1,-1,-1,-1
34,2,2,700,-1,-1,-1,-1,-1
9,1,2,700,1,-1,-1,-1,-1
55,2,1,700,-1,-1,-1,-1,-1
11,1,2,700,1,-1,-1,-1,-1
27,2,2,700,-1,-1,-1,-1,-1
24,2,1,700,2,-1,-1,-1,-1
60,1,2,700,-1,1,-1,2,9
19,1,2,700,2,-1,-1,-1,-1
23,2,2,700,2,1,-1,2,7
40,2,1,700,-1,-1,-1,-1,-1
15,1,1,700,1,2,-1,2,8
9,1,2,700,1,-1,-1,-1,-1
7,1,1,700,1,-1,-1,-1,-1
53,2,2,700,-1,-1,-1,-1,-1
17,1,2,700,2,2,-1,2,8
35,1,1,700,-1,-1,-1,-1,-1
11,1,1,700,1,-1,-1,-1,-1
30,2,2,700,-1,1,-1,2,7
17,1,1,700,1,2,-1,2,8
66,2,1,700,-1,1,-1,2,6
10,1,1,700,1,-1,-1,-1,-1
12,1,1,700,1,-1,-1,-1,-1
25,2,1,700,-1,-1,-1,-1,-1
51,2,2,700,-1,2,-1,2,7
32,2,2,700,-1,-1,-1,-1,-1
45,4,2,700,-1,-1,-1,-1,-1
38,1,1,700,-1,-1,-1,-1,-1
53,2,2,700,-1,1,-1,2,7
47,2,2,700,-1,1,-1,2,7
7,1,2,700,1,-1,-1,-1,-1
43,2,1,700,-1,-1,-1,-1,-1
8,1,2,700,1,-1,-1,-1,-1
22,1,2,700,2,2,2,1,-1
39,2,2,700,-1,-1,-1,-1,-1
41,2,1,700,-1,-1,-1,-1,-1
16,1,2,700,1,2,-1,2,8
18,1,1,700,1,2,-1,2,8
43,2,2,700,-1,-1,-1,-1,-1
23,2,2,700,2,2,-1,2,7
37,1,1,700,-1,1,2,1,-1
35,2,1,700,-1,-1,-1,-1,-1
55,2,1,700,-1,-1,-1,-1,-1
17,1,1,700,2,2,-1,2,8
14,1,1,700,1,-1,-1,-1,-1
50,2,1,700,-1,-1,-1,-1,-1
40,2,2,700,-1,-1,-1,-1,-1
6,1,2,700,1,-1,-1,-1,-1
5,1,2,700,2,-1,-1,-1,-1
10,1,2,700,1,-1,-1,-1,-1
9,1,1,700,1,-1,-1,-1,-1
14,1,2,700,1,-1,-1,-1,-1
9,1,2,700,1,-1,-1,-1,-1
23,1,2,700,2,-1,-1,-1,-1
10,1,2,700,1,-1,-1,-1,-1
55,2,1,700,-1,-1,-1,-1,-1
59,2,2,700,-1,-1,-1,-1,-1
32,2,2,700,-1,2,-1,2,7
16,1,2,700,1,2,-1,2,9
20,1,1,700,1,2,-1,2,8
12,1,1,700,1,-1,-1,-1,-1
70,4,2,700,-1,1,-1,2,7
23,6,2,700,2,1,-1,2,7
11,1,1,700,1,-1,-1,-1,-1
8,1,1,700,1,-1,-1,-1,-1
12,1,1,700,1,-1,-1,-1,-1
9,1,1,700,1,-1,-1,-1,-1
42,2,2,700,-1,1,-1,2,7
41,1,1,700,-1,-1,-1,-1,-1
9,1,1,700,1,-1,-1,-1,-1
10,1,1,700,1,-1,-1,-1,-1
47,2,2,700,-1,1,-1,2,7
7,1,1,700,1,-1,-1,-1,-1
26,1,1,700,-1,-1,-1,-1,-1
43,2,1,700,-1,-1,-1,-1,-1
36,2,1,700,-1,-1,-1,-1,-1
80,3,2,700,-1,1,-1,2,6
47,2,2,700,-1,-1,-1,-1,-1
33,2,1,700,-1,-1,-1,-1,-1
13,1,1,700,1,-1,-1,-1,-1
8,1,1,700,1,-1,-1,-1,-1
67,3,2,700,-1,1,-1,2,7
49,2,2,700,-1,-1,-1,-1,-1
29,2,1,700,-1,-1,-1,-1,-1
9,1,1,700,1,-1,-1,-1,-1
9,1,1,700,1,-1,-1,-1,-1
22,1,1,700,2,-1,-1,-1,-1
54,2,2,700,-1,1,-1,2,7
11,1,2,700,1,-1,-1,-1,-1
27,1,2,700,-1,1,-1,2,7
6,1,1,700,1,-1,-1,-1,-1
8,1,2,700,1,-1,-1,-1,-1
34,2,1,700,-1,-1,-1,-1,-1
59,2,2,700,-1,-1,-1,-1,-1
34,2,2,700,-1,-1,-1,-1,-1
49,2,2,700,-1,-1,-1,-1,-1
13,1,2,700,1,-1,-1,-1,-1
15,1,2,700,1,2,-1,2,8
44,2,1,700,-1,1,-1,2,5
51,2,1,700,-1,-1,-1,-1,-1
55,2,2,700,-1,-1,-1,-1,-1
28,1,1,700,-1,-1,-1,-1,-1
34,2,2,700,-1,1,-1,2,7
57,2,1,700,-1,-1,-1,-1,-1
23,1,1,700,2,-1,-1,-1,-1
48,2,1,700,-1,-1,-1,-1,-1
5,1,1,700,1,-1,-1,-1,-1
25,1,2,700,-1,-1,-1,-1,-1
8,1,2,700,1,-1,-1,-1,-1
35,2,1,700,-1,-1,-1,-1,-1
56,2,2,700,-1,1,-1,2,7
24,2,2,700,2,2,-1,2,7
52,2,2,700,-1,2,-1,2,7
19,1,1,700,2,-1,-1,-1,-1
8,1,1,700,1,-1,-1,-1,-1
32,2,2,700,-1,1,-1,2,7
39,2,2,700,-1,2,-1,2,7
13,1,1,700,1,-1,-1,-1,-1
46,2,2,700,-1,1,-1,2,7
38,2,2,700,-1,1,-1,2,7
10,1,2,700,1,-1,-1,-1,-1
47,2,1,700,-1,-1,-1,-1,-1
5,1,1,700,1,-1,-1,-1,-1
54,2,1,700,-1,-1,-1,-1,-1
15,1,1,700,1,2,-1,2,8
16,1,1,700,1,1,-1,2,6
9,1,1,700,1,-1,-1,-1,-1
9,1,1,700,1,-1,-1,-1,-1
67,2,2,700,-1,1,-1,2,7
30,2,2,700,-1,-1,-1,-1,-1
8,1,2,700,1,-1,-1,-1,-1
20,1,2,700,2,-1,-1,-1,-1
61,3,2,700,-1,1,-1,2,6
41,2,1,700,-1,-1,-1,-1,-1
22,1,2,700,2,1,2,1,-1
54,2,1,700,-1,1,-1,2,7
25,2,2,700,-1,-1,-1,-1,-1
11,1,2,700,1,-1,-1,-1,-1
20,1,1,700,1,2,-1,2,8
14,1,1,700,1,-1,-1,-1,-1
18,1,1,700,2,-1,-1,-1,-1
24,2,2,700,2,1,-1,2,7
9,1,1,700,1,-1,-1,-1,-1
27,2,2,700,-1,1,-1,2,7
36,2,1,700,-1,-1,-1,-1,-1
16,1,1,700,1,2,-1,2,8
25,2,2,700,-1,1,-1,2,7
11,1,2,700,1,-1,-1,-1,-1
44,2,2,700,-1,-1,-1,-1,-1
13,1,1,700,1,-1,-1,-1,-1
71,2,2,700,-1,2,-1,2,6
10,1,1,700,2,-1,-1,-1,-1
57,1,2,700,-1,-1,-1,-1,-1
32,2,1,700,-1,-1,-1,-1,-1
14,1,1,700,2,-1,-1,-1,-1
21,1,2,700,2,1,-1,2,7
11,1,1,700,1,-1,-1,-1,-1
14,1,2,700,2,-1,-1,-1,-1
30,2,1,700,-1,-1,-1,-1,-1
52,2,1,700,-1,-1,-1,-1,-1
15,1,1,700,1,2,-1,2,8
5,1,2,700,1,-1,-1,-1,-1
24,1,1,700,2,-1,-1,-1,-1
65,2,1,700,-1,-1,-1,-1,-1
5,1,2,700,1,-1,-1,-1,-1
16,1,2,700,1,2,-1,2,8
32,2,1,700,-1,-1,-1,-1,-1
63,2,1,700,-1,1,-1,2,6
9,1,2,700,1,-1,-1,-1,-1
62,2,2,700,-1,1,-1,2,6
46,2,2,700,-1,1,-1,2,7
19,1,1,700,2,-1,-1,-1,-1
46,2,2,700,-1,-1,-1,-1,-1
41,2,1,700,-1,-1,-1,-1,-1
13,1,2,700,1,-1,-1,-1,-1
59,2,2,700,-1,1,-1,2,7
11,1,2,700,1,-1,-1,-1,-1
41,2,1,700,-1,-1,-1,-1,-1
36,2,2,700,-1,-1,-1,-1,-1
16,1,2,700,1,1,-1,2,8
13,1,2,700,1,-1,-1,-1,-1
27,1,2,700,-1,-1,-1,-1,-1
61,2,2,700,-1,-1,-1,-1,-1
50,2,1,700,-1,-1,-1,-1,-1
59,2,2,700,-1,-1,-1,-1,-1
24,1,2,700,2,-1,-1,-1,-1
56,2,1,700,-1,-1,-1,-1,-1
59,2,2,700,-1,1,-1,2,7
56,2,2,700,-1,1,-1,2,7
65,2,2,700,-1,1,-1,2,6
28,2,2,700,-1,1,-1,2,7
18,1,1,700,1,2,-1,2,8
8,1,1,700,1,-1,-1,-1,-1
13,1,1,700,1,-1,-1,-1,-1
28,2,2,700,-1,1,-1,2,7
49,1,1,700,-1,-1,-1,-1,-1
9,1,1,700,1,-1,-1,-1,-1
11,1,1,700,1,-1,-1,-1,-1
44,2,1,700,-1,-1,-1,-1,-1
38,2,2,700,-1,2,-1,2,7
15,1,2,700,1,2,-1,2,8
17,1,1,700,2,-1,-1,-1,-1
22,1,2,700,1,-1,-1,-1,-1
50,2,1,700,-1,-1,-1,-1,-1
23,2,1,700,2,-1,-1,-1,-1
9,1,1,700,1,-1,-1,-1,-1
33,1,1,700,-1,-1,-1,-1,-1
15,1,1,700,1,2,-1,2,8
44,2,2,700,-1,1,-1,2,7
36,3,2,700,-1,-1,-1,-1,-1
12,1,1,700,1,-1,-1,-1,-1
32,2,1,700,-1,-1,-1,-1,-1
19,1,2,700,2,-1,-1,-1,-1
7,1,1,700,1,-1,-1,-1,-1
64,2,1,700,-1,-1,-1,-1,-1
13,1,2,700,1,-1,-1,-1,-1
42,2,2,700,-1,-1,-1,-1,-1
25,2,1,700,-1,-1,-1,-1,-1
21,1,2,700,2,1,-1,2,2
34,1,1,700,-1,1,-1,2,5
18,1,1,700,2,1,2,1,-1
55,1,2,700,-1,-1,-1,-1,-1
14,1,1,700,1,-1,-1,-1,-1
29,2,2,700,-1,-1,-1,-1,-1
18,1,2,700,2,2,-1,2,7
14,1,2,700,1,-1,-1,-1,-1
11,1,2,700,1,-1,-1,-1,-1
13,1,1,700,1,-1,-1,-1,-1
58,1,2,700,-1,-1,-1,-1,-1
75,3,2,700,-1,-1,-1,-1,-1
8,1,1,700,1,-1,-1,-1,-1
35,2,1,700,-1,-1,-1,-1,-1
45,2,2,700,-1,1,-1,2,7
18,1,1,700,2,-1,-1,-1,-1
21,2,1,700,2,-1,-1,-1,-1
9,1,1,700,1,-1,-1,-1,-1
32,2,1,700,-1,-1,-1,-1,-1
19,1,1,700,2,-1,-1,-1,-1
21,2,2,700,2,-1,-1,-1,-1
45,2,1,700,-1,-1,-1,-1,-1
28,2,2,700,-1,-1,-1,-1,-1
18,1,1,700,1,-1,-1,-1,-1
42,2,2,700,-1,-1,-1,-1,-1
9,1,1,700,1,-1,-1,-1,-1
19,1,1,700,1,1,-1,2,8
18,1,1,700,2,2,-1,2,9
20,1,2,700,2,-1,-1,-1,-1
21,1,1,700,2,-1,-1,-1,-1
19,2,1,700,1,2,-1,2,8
32,2,1,700,-1,-1,-1,-1,-1
51,2,2,700,-1,-1,-1,-1,-1
10,1,1,700,1,-1,-1,-1,-1
24,2,1,700,2,-1,-1,-1,-1
32,2,2,700,-1,-1,-1,-1,-1
52,2,1,700,-1,-1,-1,-1,-1
16,1,1,700,1,2,-1,2,8
5,1,2,700,1,-1,-1,-1,-1
19,1,2,700,1,2,-1,2,8
13,1,1,700,1,-1,-1,-1,-1
32,2,1,700,-1,-1,-1,-1,-1
20,1,2,700,2,2,-1,2,9
51,2,1,700,-1,-1,-1,-1,-1
34,2,1,700,-1,-1,-1,-1,-1
26,2,2,700,-1,-1,-1,-1,-1
15,1,1,700,1,2,-1,2,6
41,2,2,700,-1,1,-1,2,7
9,1,2,700,1,-1,-1,-1,-1
10,1,1,700,1,-1,-1,-1,-1
36,2,2,700,-1,1,-1,2,7
8,1,1,700,1,-1,-1,-1,-1
17,1,2,700,1,2,-1,2,8
50,2,1,700,-1,-1,-1,-1,-1
40,2,1,700,-1,-1,-1,-1,-1
58,3,1,700,-1,-1,-1,-1,-1
66,1,2,700,-1,1,-1,2,6
27,1,2,700,-1,-1,-1,-1,-1
37,2,1,700,-1,-1,-1,-1,-1
15,1,1,700,1,2,-1,2,8
19,1,2,700,1,-1,-1,-1,-1
52,2,1,700,-1,-1,-1,-1,-1
23,1,1,700,1,2,-1,2,8
13,1,2,700,1,-1,-1,-1,-1
31,2,1,700,-1,-1,-1,-1,-1
17,1,2,700,1,2,-1,2,8
19,2,1,700,2,-1,-1,-1,-1
15,1,1,700,1,2,-1,2,8
27,1,2,700,-1,1,-1,2,7
38,2,2,700,-1,-1,-1,-1,-1
12,1,1,700,1,-1,-1,-1,-1
52,2,2,700,-1,-1,-1,-1,-1
8,1,2,700,1,-1,-1,-1,-1
49,2,2,700,-1,1,-1,2,7
7,1,1,700,1,-1,-1,-1,-1
45,3,1,700,-1,-1,-1,-1,-1
12,1,2,700,1,-1,-1,-1,-1
8,1,1,700,1,-1,-1,-1,-1
35,2,1,700,-1,-1,-1,-1,-1
15,1,2,700,1,2,-1,2,8
51,1,1,700,-1,-1,-1,-1,-1
78,2,2,700,-1,1,-1,2,6
47,1,1,700,-1,-1,-1,-1,-1
16,1,1,700,1,2,-1,2,8
30,1,1,700,-1,-1,-1,-1,-1
61,2,2,700,-1,-1,-1,-1,-1
35,2,2,700,-1,2,-1,2,7
52,2,1,700,-1,-1,-1,-1,-1
8,1,2,700,2,-1,-1,-1,-1
56,2,1,700,-1,-1,-1,-1,-1
48,2,2,700,-1,2,-1,2,7
36,2,2,700,-1,2,-1,2,7
12,1,2,700,1,-1,-1,-1,-1
36,1,1,700,-1,1,-1,2,6
11,1,2,700,1,-1,-1,-1,-1
8,1,2,700,1,-1,-1,-1,-1
60,2,2,700,-1,-1,-1,-1,-1
18,1,1,700,2,2,-1,2,9
27,2,2,700,-1,-1,-1,-1,-1
33,1,1,700,-1,2,-1,2,2
36,2,2,700,-1,-1,-1,-1,-1
24,1,1,700,2,-1,-1,-1,-1
14,1,2,700,1,-1,-1,-1,-1
31,2,2,700,-1,1,-1,2,7
50,2,2,700,-1,-1,-1,-1,-1
28,2,1,700,-1,-1,-1,-1,-1
10,1,2,700,1,-1,-1,-1,-1
7,1,1,700,1,-1,-1,-1,-1
8,1,1,700,1,-1,-1,-1,-1
35,2,1,700,-1,-1,-1,-1,-1
7,1,1,700,1,-1,-1,-1,-1
33,2,1,700,-1,-1,-1,-1,-1
72,2,2,700,-1,-1,-1,-1,-1
30,2,1,700,-1,-1,-1,-1,-1
10,1,1,700,1,-1,-1,-1,-1
8,1,2,700,1,-1,-1,-1,-1
18,1,1,700,1,1,-1,2,8
60,2,2,700,-1,-1,-1,-1,-1
5,1,2,700,1,-1,-1,-1,-1
24,2,1,700,2,-1,-1,-1,-1
30,2,1,700,-1,-1,-1,-1,-1
24,1,1,700,2,-1,-1,-1,-1
9,1,2,700,1,-1,-1,-1,-1
27,2,2,700,-1,1,-1,2,7
58,2,2,700,-1,-1,-1,-1,-1
36,2,2,700,-1,1,-1,2,7
9,1,1,700,1,-1,-1,-1,-1
16,1,1,700,1,2,-1,2,8
7,1,2,700,1,-1,-1,-1,-1
35,2,1,700,-1,-1,-1,-1,-1
45,2,1,700,-1,-1,-1,-1,-1
53,2,1,700,-1,-1,-1,-1,-1
53,2,1,700,-1,-1,-1,-1,-1
51,2,2,700,-1,-1,-1,-1,-1
27,1,2,700,-1,-1,-1,-1,-1
34,2,2,700,-1,-1,-1,-1,-1
53,2,1,700,-1,-1,-1,-1,-1
32,2,1,700,-1,-1,-1,-1,-1
23,1,1,700,2,2,-1,2,1
29,1,2,700,-1,-1,-1,-1,-1
9,1,1,700,1,-1,-1,-1,-1
26,2,2,700,-1,1,-1,2,7
8,1,2,700,1,-1,-1,-1,-1
18,1,1,700,1,-1,-1,-1,-1
11,1,2,700,1,-1,-1,-1,-1
42,2,1,700,-1,-1,-1,-1,-1
37,2,2,700,-1,-1,-1,-1,-1
37,2,1,700,-1,-1,-1,-1,-1
30,1,1,700,-1,-1,-1,-1,-1
5,1,2,700,1,-1,-1,-1,-1
13,1,2,700,1,-1,-1,-1,-1
6,1,1,700,1,-1,-1,-1,-1
30,2,2,700,-1,1,-1,2,7
22,1,2,700,2,-1,-1,-1,-1
39,2,2,700,-1,-1,-1,-1,-1
14,1,2,700,1,-1,-1,-1,-1
7,1,2,700,1,-1,-1,-1,-1
19,1,2,700,2,-1,-1,-1,-1
34,2,2,700,-1,2,-1,2,7
13,1,1,700,1,-1,-1,-1,-1
17,1,1,700,1,2,-1,2,8
24,1,1,700,2,-1,-1,-1,-1
23,2,1,700,2,-1,-1,-1,-1
12,1,2,700,1,-1,-1,-1,-1
20,1,1,700,2,-1,-1,-1,-1
31,1,1,700,-1,-1,-1,-1,-1
16,1,1,700,1,2,-1,2,8
42,2,2,700,-1,-1,-1,-1,-1
37,2,2,700,-1,-1,-1,-1,-1
33,2,2,700,-1,2,-1,2,7
45,2,1,700,-1,-1,-1,-1,-1
22,1,2,700,2,-1,-1,-1,-1
29,2,1,700,-1,-1,-1,-1,-1
18,1,2,700,2,2,-1,2,7
36,2,2,700,-1,-1,-1,-1,-1
10,1,2,700,1,-1,-1,-1,-1
11,1,2,700,1,-1,-1,-1,-1
69,2,1,700,-1,1,-1,2,6
6,1,2,700,1,-1,-1,-1,-1
11,1,2,700,1,-1,-1,-1,-1
32,1,1,700,-1,-1,-1,-1,-1
24,2,2,700,2,-1,-1,-1,-1
14,1,1,700,1,-1,-1,-1,-1
38,2,2,700,-1,-1,-1,-1,-1
31,1,1,700,-1,1,-1,2,8
38,2,1,700,-1,-1,-1,-1,-1
16,1,2,700,1,2,-1,2,8
43,2,2,700,-1,-1,-1,-1,-1
48,2,1,700,-1,1,-1,2,9
14,1,1,700,1,-1,-1,-1,-1
18,1,2,700,2,-1,-1,-1,-1
22,1,1,700,2,-1,-1,-1,-1
9,1,2,700,1,-1,-1,-1,-1
33,2,2,700,-1,-1,-1,-1,-1
42,2,1,700,-1,-1,-1,-1,-1
41,2,2,700,-1,-1,-1,-1,-1
17,1,1,700,1,2,-1,2,8
13,1,1,700,1,-1,-1,-1,-1
34,4,2,700,-1,-1,-1,-1,-1
8,1,1,700,1,-1,-1,-1,-1
19,1,1,700,1,1,-1,2,8
13,1,2,700,1,-1,-1,-1,-1
12,1,1,700,1,-1,-1,-1,-1
80,2,1,700,-1,1,-1,2,6
76,3,2,700,-1,1,-1,2,6
30,2,2,700,-1,1,-1,2,7
7,1,2,700,1,-1,-1,-1,-1
10,1,2,700,1,-1,-1,-1,-1
27,2,1,700,-1,-1,-1,-1,-1
36,2,2,700,-1,1,-1,2,7
28,2,2,700,-1,1,-1,2,7
12,1,2,700,1,-1,-1,-1,-1
52,2,1,700,-1,-1,-1,-1,-1
64,2,2,700,-1,1,-1,2,7
57,2,2,700,-1,1,-1,2,7
63,2,1,700,-1,-1,-1,-1,-1
41,2,2,700,-1,1,-1,2,7
48,2,2,700,-1,1,-1,2,7
43,1,1,700,-1,-1,-1,-1,-1
48,2,2,700,-1,1,-1,2,7
77,3,2,700,-1,-1,-1,-1,-1
21,1,1,700,1,1,-1,2,8
8,1,2,700,1,-1,-1,-1,-1
14,1,1,700,1,-1,-1,-1,-1
13,1,2,700,1,-1,-1,-1,-1
49,2,2,700,-1,1,-1,2,7
23,1,1,700,2,1,-1,2,9
29,2,2,700,-1,-1,-1,-1,-1
11,1,1,700,1,-1,-1,-1,-1
12,1,2,700,1,-1,-1,-1,-1
29,2,2,700,-1,-1,-1,-1,-1
51,2,1,700,-1,-1,-1,-1,-1
17,1,2,700,1,-1,-1,-1,-1
37,2,2,700,-1,-1,-1,-1,-1
7,1,2,700,1,-1,-1,-1,-1
66,2,1,700,-1,1,-1,2,6
30,2,1,700,-1,-1,-1,-1,-1
27,2,1,700,-1,-1,-1,-1,-1
40,2,1,700,-1,-1,-1,-1,-1
14,1,2,700,2,-1,-1,-1,-1
54,4,1,700,-1,-1,-1,-1,-1
29,1,1,700,-1,1,2,1,-1
6,1,2,700,1,-1,-1,-1,-1
56,3,2,700,-1,1,-1,2,7
32,2,1,700,-1,-1,-1,-1,-1
29,2,2,700,-1,-1,-1,-1,-1
27,1,2,700,-1,-1,-1,-1,-1
26,2,1,700,-1,-1,-1,-1,-1
27,2,2,700,-1,-1,-1,-1,-1
39,2,1,700,-1,-1,-1,-1,-1
47,2,2,700,-1,1,-1,2,7
15,1,2,700,1,2,-1,2,8
18,1,2,700,1,2,-1,2,8
19,2,2,700,2,1,-1,2,7
12,1,1,700,1,-1,-1,-1,-1
34,2,2,700,-1,1,-1,2,7
57,2,1,700,-1,-1,-1,-1,-1
39,2,2,700,-1,-1,-1,-1,-1
52,2,2,700,-1,-1,-1,-1,-1
22,2,2,700,2,1,-1,2,7
32,2,2,700,-1,-1,-1,-1,-1
9,1,1,700,1,-1,-1,-1,-1
13,1,1,700,2,-1,-1,-1,-1
24,1,1,700,2,-1,-1,-1,-1
27,1,2,700,-1,-1,-1,-1,-1
35,2,1,700,-1,-1,-1,-1,-1
38,2,2,700,-1,-1,-1,-1,-1
22,1,1,700,2,-1,-1,-1,-1
29,2,2,700,-1,-1,-1,-1,-1
26,1,2,700,-1,-1,-1,-1,-1
9,1,2,700,1,-1,-1,-1,-1
22,1,1,700,2,1,-1,2,5
16,1,1,700,1,-1,-1,-1,-1
37,2,1,700,-1,-1,-1,-1,-1
58,3,1,700,-1,1,-1,2,7
52,2,1,700,-1,-1,-1,-1,-1
45,2,1,700,-1,-1,-1,-1,-1
6,1,1,700,1,-1,-1,-1,-1
43,2,1,700,-1,-1,-1,-1,-1
23,1,1,700,2,-1,-1,-1,-1
26,2,1,700,-1,1,-1,2,7
55,2,2,700,-1,1,-1,2,7
24,2,2,700,2,1,-1,2,7
26,2,1,700,-1,-1,-1,-1,-1
44,1,1,700,-1,-1,-1,-1,-1
18,1,1,700,1,2,-1,2,8
39,2,1,700,-1,-1,-1,-1,-1
11,1,1,700,1,-1,-1,-1,-1
47,2,2,700,-1,-1,-1,-1,-1
16,1,1,700,1,-1,-1,-1,-1
9,1,1,700,1,-1,-1,-1,-1
7,1,2,700,1,-1,-1,-1,-1
15,1,1,700,1,2,-1,2,8
33,2,2,700,-1,-1,-1,-1,-1
11,1,2,700,1,-1,-1,-1,-1
47,2,1,700,-1,-1,-1,-1,-1
31,2,1,700,-1,-1,-1,-1,-1
46,2,1,700,-1,-1,-1,-1,-1
51,2,1,700,-1,-1,-1,-1,-1
16,1,2,700,1,2,-1,2,8
13,1,2,700,1,-1,-1,-1,-1
25,2,1,700,-1,-1,-1,-1,-1
5,1,1,700,1,-1,-1,-1,-1
5,1,1,700,2,-1,-1,-1,-1
28,2,1,700,-1,-1,-1,-1,-1
26,2,1,700,-1,-1,-1,-1,-1
14,1,1,700,1,-1,-1,-1,-1
16,1,1,700,2,-1,-1,-1,-1
23,1,1,700,2,-1,-1,-1,-1
12,1,1,700,1,-1,-1,-1,-1
45,2,2,700,-1,-1,-1,-1,-1
38,2,1,700,-1,-1,-1,-1,-1
38,1,2,700,-1,-1,-1,-1,-1
11,1,2,700,1,-1,-1,-1,-1
18,2,2,700,2,1,-1,2,7
33,2,1,700,-1,-1,-1,-1,-1
46,1,1,700,-1,-1,-1,-1,-1
30,1,1,700,-1,1,-1,2,5
68,3,2,700,-1,-1,-1,-1,-1
5,1,1,700,1,-1,-1,-1,-1
15,1,2,700,1,-1,-1,-1,-1
45,2,2,700,-1,1,-1,2,7
6,1,1,700,1,-1,-1,-1,-1
39,2,1,700,-1,1,-1,2,5
54,2,1,700,-1,-1,-1,-1,-1
46,3,2,700,-1,-1,-1,-1,-1
33,2,2,700,-1,-1,-1,-1,-1
26,2,2,700,-1,-1,-1,-1,-1
56,4,1,700,-1,-1,-1,-1,-1
60,2,2,700,-1,1,-1,2,6
11,1,1,700,1,-1,-1,-1,-1
37,2,2,700,-1,-1,-1,-1,-1
75,3,1,700,-1,-1,-1,-1,-1
33,2,2,700,-1,-1,-1,-1,-1
51,1,1,700,-1,1,-1,2,3
44,2,1,700,-1,-1,-1,-1,-1
14,1,1,700,1,-1,-1,-1,-1
51,2,2,700,-1,-1,-1,-1,-1
36,2,1,700,-1,-1,-1,-1,-1
42,2,1,700,-1,-1,-1,-1,-1
10,1,2,700,1,-1,-1,-1,-1
21,2,2,700,2,1,-1,2,7
27,2,1,700,-1,-1,-1,-1,-1
14,1,2,700,1,-1,-1,-1,-1
11,1,2,700,1,-1,-1,-1,-1
10,1,2,700,1,-1,-1,-1,-1
71,3,2,700,-1,2,-1,2,6
10,1,1,700,1,-1,-1,-1,-1
23,1,2,700,2,-1,-1,-1,-1
13,1,1,700,1,-1,-1,-1,-1
48,2,2,700,-1,-1,-1,-1,-1
15,1,1,700,1,2,-1,2,8
32,2,1,700,-1,-1,-1,-1,-1
16,1,2,700,1,2,-1,2,8
17,1,1,700,1,2,-1,2,8
9,1,2,700,1,-1,-1,-1,-1
19,1,1,700,2,-1,-1,-1,-1
40,2,1,700,-1,-1,-1,-1,-1
49,2,1,700,-1,-1,-1,-1,-1
13,1,1,700,1,-1,-1,-1,-1
11,1,2,700,1,-1,-1,-1,-1
26,1,1,700,-1,2,-1,2,8
45,1,2,700,-1,-1,-1,-1,-1
10,1,2,700,1,-1,-1,-1,-1
7,1,2,700,1,-1,-1,-1,-1
42,2,2,700,-1,-1,-1,-1,-1
66,2,1,700,-1,-1,-1,-1,-1
11,1,1,700,1,-1,-1,-1,-1
27,1,1,700,-1,-1,-1,-1,-1
90,3,2,700,-1,2,-1,2,6
47,2,2,700,-1,-1,-1,-1,-1
75,3,1,700,-1,-1,-1,-1,-1
7,1,2,700,1,-1,-1,-1,-1
46,2,1,700,-1,-1,-1,-1,-1
18,2,2,700,2,2,-1,2,7
19,2,2,700,2,-1,-1,-1,-1
15,1,1,700,1,-1,-1,-1,-1
41,2,2,700,-1,-1,-1,-1,-1
45,2,1,700,-1,-1,-1,-1,-1
23,1,2,700,2,-1,-1,-1,-1
61,2,1,700,-1,1,-1,2,3
68,2,1,700,-1,-1,-1,-1,-1
29,2,1,700,-1,-1,-1,-1,-1
62,3,2,700,-1,-1,-1,-1,-1
68,3,2,700,-1,1,-1,2,7
10,1,1,700,1,-1,-1,-1,-1
59,3,2,700,-1,-1,-1,-1,-1
50,2,2,700,-1,1,-1,2,7
49,2,1,700,-1,-1,-1,-1,-1
15,1,2,700,1,2,-1,2,8
12,1,1,700,1,-1,-1,-1,-1
8,1,1,700,2,-1,-1,-1,-1
6,1,1,700,1,-1,-1,-1,-1
9,1,1,700,1,-1,-1,-1,-1
54,1,1,700,-1,-1,-1,-1,-1
41,2,2,700,-1,2,2,1,-1
7,1,1,700,1,-1,-1,-1,-1
24,2,2,700,2,1,-1,2,7
22,1,2,700,2,2,-1,2,7
9,1,1,700,1,-1,-1,-1,-1
37,4,2,700,-1,-1,-1,-1,-1
20,1,1,700,1,2,-1,2,8
10,1,1,700,1,-1,-1,-1,-1
17,1,1,700,1,-1,-1,-1,-1
6,1,2,700,1,-1,-1,-1,-1
11,1,1,700,1,-1,-1,-1,-1
28,2,2,700,-1,2,-1,2,7
36,2,2,700,-1,-1,-1,-1,-1
23,2,2,700,2,1,-1,2,7
52,2,2,700,-1,1,-1,2,7
29,2,2,700,-1,-1,-1,-1,-1
18,1,1,700,1,2,-1,2,8
81,3,2,700,-1,2,-1,2,6
24,1,1,700,2,-1,-1,-1,-1
37,2,1,700,-1,-1,-1,-1,-1
46,3,2,700,-1,-1,-1,-1,-1
52,2,1,700,-1,-1,-1,-1,-1
17,1,1,700,2,2,-1,2,9
54,2,1,700,-1,-1,-1,-1,-1
45,2,1,700,-1,-1,-1,-1,-1
19,1,1,700,2,-1,-1,-1,-1
8,1,1,700,1,-1,-1,-1,-1
50,2,1,700,-1,-1,-1,-1,-1
7,1,2,700,1,-1,-1,-1,-1
18,1,2,700,1,2,-1,2,7
51,2,1,700,-1,-1,-1,-1,-1
9,1,2,700,1,-1,-1,-1,-1
10,1,1,700,1,-1,-1,-1,-1
49,2,1,700,-1,-1,-1,-1,-1
43,2,2,700,-1,1,-1,2,7
5,1,2,700,1,-1,-1,-1,-1
46,2,2,700,-1,-1,-1,-1,-1
50,2,2,700,-1,-1,-1,-1,-1
15,1,2,700,1,2,-1,2,8
28,2,1,700,-1,-1,-1,-1,-1
35,1,1,700,-1,-1,-1,-1,-1
41,2,1,700,-1,-1,-1,-1,-1
47,2,2,700,-1,1,-1,2,7
15,1,1,700,1,2,-1,2,8
9,1,1,700,1,-1,-1,-1,-1
7,1,2,700,1,-1,-1,-1,-1
42,2,2,700,-1,-1,-1,-1,-1
27,1,1,700,-1,-1,-1,-1,-1
29,2,1,700,-1,-1,-1,-1,-1
15,1,2,700,1,2,-1,2,8
59,3,1,700,-1,-1,-1,-1,-1
53,2,1,700,-1,-1,-1,-1,-1
34,2,1,700,-1,-1,-1,-1,-1
37,1,2,700,-1,-1,-1,-1,-1
20,1,1,700,2,-1,-1,-1,-1
38,2,2,700,-1,-1,-1,-1,-1
9,1,1,700,1,-1,-1,-1,-1
24,1,2,700,2,-1,-1,-1,-1
51,1,1,700,-1,-1,-1,-1,-1
28,1,2,700,-1,-1,-1,-1,-1
24,1,2,700,2,1,-1,2,5
13,1,2,700,1,-1,-1,-1,-1
25,1,2,700,-1,-1,-1,-1,-1
63,2,2,700,-1,-1,-1,-1,-1
69,3,2,700,-1,-1,-1,-1,-1
10,1,1,700,1,-1,-1,-1,-1
42,2,2,700,-1,-1,-1,-1,-1
53,2,2,700,-1,1,-1,2,7
58,2,2,700,-1,1,-1,2,6
39,2,1,700,-1,-1,-1,-1,-1
10,1,2,700,1,-1,-1,-1,-1
50,2,1,700,-1,-1,-1,-1,-1
24,1,1,700,2,-1,-1,-1,-1
31,2,2,700,-1,-1,-1,-1,-1
6,1,2,700,1,-1,-1,-1,-1
66,3,2,700,-1,-1,-1,-1,-1
21,4,2,700,2,1,-1,2,7
17,1,1,700,1,2,-1,2,8
36,2,2,700,-1,-1,-1,-1,-1
9,1,2,700,2,-1,-1,-1,-1
10,1,1,700,1,-1,-1,-1,-1
20,1,2,700,2,-1,-1,-1,-1
19,1,2,700,2,2,-1,2,7
29,1,2,700,-1,1,-1,2,8
11,1,1,700,1,-1,-1,-1,-1
10,1,2,700,1,-1,-1,-1,-1
19,1,2,700,1,1,-1,2,8
15,1,1,700,1,2,-1,2,8
10,1,1,700,1,-1,-1,-1,-1
57,2,1,700,-1,-1,-1,-1,-1
20,1,2,700,2,1,-1,2,9
48,2,1,700,-1,-1,-1,-1,-1
21,1,2,700,2,-1,-1,-1,-1
39,2,2,700,-1,-1,-1,-1,-1
42,2,2,700,-1,1,-1,2,7
23,2,1,700,2,-1,-1,-1,-1
17,1,1,700,1,-1,-1,-1,-1
31,1,1,700,-1,-1,-1,-1,-1
65,2,1,700,-1,1,-1,2,6
35,2,1,700,-1,-1,-1,-1,-1
33,2,2,700,-1,2,-1,2,7
44,2,1,700,-1,-1,-1,-1,-1
8,1,2,700,1,-1,-1,-1,-1
57,2,1,700,-1,1,-1,2,7
52,2,2,700,-1,-1,-1,-1,-1
46,2,2,700,-1,-1,-1,-1,-1
17,1,1,700,1,2,-1,2,8
22,1,1,700,1,2,-1,2,8
24,1,1,700,2,-1,-1,-1,-1
13,1,1,700,1,-1,-1,-1,-1
32,2,1,700,-1,-1,-1,-1,-1
52,3,2,700,-1,-1,-1,-1,-1
5,1,2,700,1,-1,-1,-1,-1
55,1,2,700,-1,-1,-1,-1,-1
15,1,2,700,1,2,-1,2,8
17,1,2,700,1,2,-1,2,8
55,1,1,700,-1,-1,-1,-1,-1
47,2,2,700,-1,-1,-1,-1,-1
33,2,1,700,-1,-1,-1,-1,-1
32,2,2,700,-1,1,-1,2,7
66,3,1,700,-1,1,-1,2,6
19,1,1,700,2,-1,-1,-1,-1
9,1,1,700,1,-1,-1,-1,-1
9,1,2,700,1,-1,-1,-1,-1
27,1,1,700,-1,-1,-1,-1,-1
32,2,2,700,-1,-1,-1,-1,-1
21,2,2,700,2,-1,-1,-1,-1
21,1,2,700,1,2,-1,2,8
6,1,1,700,1,-1,-1,-1,-1
64,2,1,700,-1,1,-1,2,6
48,2,1,700,-1,-1,-1,-1,-1
30,2,1,700,-1,-1,-1,-1,-1
25,2,1,700,-1,-1,-1,-1,-1
37,2,1,700,-1,-1,-1,-1,-1
32,1,2,700,-1,-1,-1,-1,-1
19,2,2,700,2,1,-1,2,7
64,2,2,700,-1,-1,-1,-1,-1
53,2,1,700,-1,-1,-1,-1,-1
12,1,1,700,1,-1,-1,-1,-1
25,2,1,700,-1,-1,-1,-1,-1
27,2,1,700,-1,-1,-1,-1,-1
34,2,2,700,-1,-1,-1,-1,-1
36,2,2,700,-1,1,-1,2,7
41,1,1,700,-1,-1,-1,-1,-1
20,1,2,700,2,-1,-1,-1,-1
24,1,2,700,2,-1,-1,-1,-1
14,1,1,700,1,-1,-1,-1,-1
21,1,1,700,2,2,-1,2,7
14,1,1,700,1,-1,-1,-1,-1
12,1,2,700,1,-1,-1,-1,-1
46,2,2,700,-1,2,-1,2,7
57,2,1,700,-1,-1,-1,-1,-1
16,1,2,700,1,2,-1,2,8
17,1,1,700,2,-1,-1,-1,-1
33,2,1,700,-1,-1,-1,-1,-1
48,2,1,700,-1,-1,-1,-1,-1
44,1,1,700,-1,-1,-1,-1,-1
32,2,2,700,-1,1,-1,2,7
55,2,1,700,-1,-1,-1,-1,-1
26,2,1,700,-1,-1,-1,-1,-1
43,2,1,700,-1,-1,-1,-1,-1
31,2,2,700,-1,2,-1,2,7
26,2,2,700,-1,1,-1,2,7
37,2,2,700,-1,-1,-1,-1,-1
60,2,2,700,-1,-1,-1,-1,-1
45,2,1,700,-1,-1,-1,-1,-1
15,1,2,700,1,2,-1,2,8
10,1,2,700,1,-1,-1,-1,-1
42,2,1,700,-1,-1,-1,-1,-1
51,2,2,700,-1,1,-1,2,7
5,1,2,700,2,-1,-1,-1,-1
40,1,1,700,-1,-1,-1,-1,-1
56,2,2,700,-1,1,-1,2,7
32,2,1,700,-1,-1,-1,-1,-1
80,3,2,700,-1,2,-1,2,6
5,1,2,700,1,-1,-1,-1,-1
27,2,2,700,-1,1,-1,2,7
28,2,2,700,-1,2,-1,2,7
10,1,2,700,1,-1,-1,-1,-1
39,4,1,700,-1,-1,-1,-1,-1
24,1,2,700,2,-1,-1,-1,-1
50,2,1,700,-1,-1,-1,-1,-1
29,1,1,700,-1,-1,-1,-1,-1
38,2,1,700,-1,-1,-1,-1,-1
62,4,1,700,-1,-1,-1,-1,-1
22,1,2,700,2,-1,-1,-1,-1
18,1,2,700,1,2,-1,2,8
5,1,1,700,1,-1,-1,-1,-1
9,1,1,700,1,-1,-1,-1,-1
28,1,1,700,-1,-1,-1,-1,-1
23,2,2,700,2,1,-1,2,7
13,1,2,700,1,-1,-1,-1,-1
11,1,1,700,1,-1,-1,-1,-1
54,2,2,700,-1,-1,-1,-1,-1
60,2,1,700,-1,-1,-1,-1,-1
15,1,2,700,2,2,-1,2,6
60,2,2,700,-1,-1,-1,-1,-1
46,1,2,700,-1,1,-1,2,7
14,1,2,700,1,-1,-1,-1,-1
21,2,1,700,2,-1,-1,-1,-1
38,4,2,700,-1,-1,-1,-1,-1
24,1,1,700,2,-1,-1,-1,-1
26,2,2,700,-1,-1,-1,-1,-1
68,2,1,700,-1,-1,-1,-1,-1
36,1,1,700,-1,-1,-1,-1,-1
16,1,2,700,1,2,-1,2,8
49,2,1,700,-1,-1,-1,-1,-1
11,1,2,700,1,-1,-1,-1,-1
60,2,2,700,-1,1,-1,2,6
15,1,2,700,1,2,-1,2,8
9,1,2,700,1,-1,-1,-1,-1
37,4,2,700,-1,-1,-1,-1,-1
15,1,2,700,1,-1,-1,-1,-1
16,1,2,700,1,2,-1,2,8
52,2,2,700,-1,2,-1,2,7
33,2,1,700,-1,-1,-1,-1,-1
33,2,2,700,-1,1,-1,2,7
43,2,2,700,-1,1,-1,2,7
58,2,1,700,-1,-1,-1,-1,-1
57,2,1,700,-1,-1,-1,-1,-1
16,1,2,700,1,2,-1,2,8
15,1,1,700,1,-1,-1,-1,-1
45,2,2,700,-1,-1,-1,-1,-1
15,1,2,700,1,2,-1,2,8
25,2,2,700,-1,1,-1,2,7
57,3,2,700,-1,-1,-1,-1,-1
26,1,1,700,-1,2,-1,2,1
10,1,1,700,1,-1,-1,-1,-1
17,1,2,700,2,-1,-1,-1,-1
21,1,1,700,2,-1,-1,-1,-1
22,1,1,700,2,-1,-1,-1,-1
44,2,1,700,-1,-1,-1,-1,-1
19,1,2,700,1,2,-1,2,8
24,1,2,700,2,-1,-1,-1,-1
13,1,1,700,1,-1,-1,-1,-1
69,3,2,700,-1,1,-1,2,6
41,2,1,700,-1,-1,-1,-1,-1
24,1,1,700,2,-1,-1,-1,-1
33,2,2,700,-1,-1,-1,-1,-1
30,2,1,700,-1,-1,-1,-1,-1
24,1,2,700,2,-1,-1,-1,-1
29,2,2,700,-1,-1,-1,-1,-1
20,1,1,700,2,-1,-1,-1,-1
31,1,2,700,-1,1,-1,2,5
26,1,1,700,-1,1,-1,2,5
79,3,1,700,-1,1,-1,2,6
52,2,2,700,-1,-1,-1,-1,-1
29,1,1,700,-1,-1,-1,-1,-1
28,2,1,700,-1,-1,-1,-1,-1
29,2,1,700,-1,-1,-1,-1,-1
49,1,1,700,-1,2,-1,2,3
14,1,1,700,1,-1,-1,-1,-1
6,1,1,700,1,-1,-1,-1,-1
23,1,1,700,2,-1,-1,-1,-1
28,1,1,700,-1,-1,-1,-1,-1
30,2,2,700,-1,1,-1,2,7
14,1,2,700,1,-1,-1,-1,-1
37,2,1,700,-1,-1,-1,-1,-1
5,1,2,700,1,-1,-1,-1,-1
23,2,2,700,2,-1,-1,-1,-1
23,2,2,700,2,1,-1,2,3
17,1,1,700,2,2,-1,2,8
7,1,2,700,1,-1,-1,-1,-1
31,2,1,700,-1,-1,-1,-1,-1
8,1,1,700,1,-1,-1,-1,-1
13,1,2,700,1,-1,-1,-1,-1
9,1,1,700,1,-1,-1,-1,-1
11,1,2,700,1,-1,-1,-1,-1
51,2,2,700,-1,-1,-1,-1,-1
26,1,2,700,-1,1,2,1,-1
93,3,2,700,-1,1,-1,2,6
45,2,1,700,-1,-1,-1,-1,-1
52,2,2,700,-1,-1,-1,-1,-1
20,1,1,700,2,-1,-1,-1,-1
25,2,1,700,-1,-1,-1,-1,-1
11,1,2,700,1,-1,-1,-1,-1
7,1,2,700,1,-1,-1,-1,-1
28,2,2,700,-1,1,-1,2,7
11,1,1,700,1,-1,-1,-1,-1
24,1,1,700,2,-1,-1,-1,-1
55,2,1,700,-1,-1,-1,-1,-1
43,2,2,700,-1,-1,-1,-1,-1
48,1,2,700,-1,-1,-1,-1,-1
27,1,1,700,-1,-1,-1,-1,-1
68,1,2,700,-1,-1,-1,-1,-1
30,1,1,700,-1,-1,-1,-1,-1
32,4,2,700,-1,-1,-1,-1,-1
56,2,2,700,-1,-1,-1,-1,-1
5,1,2,700,2,-1,-1,-1,-1
69,2,1,700,-1,-1,-1,-1,-1
21,2,2,700,2,-1,-1,-1,-1
12,1,1,700,1,-1,-1,-1,-1
59,2,2,700,-1,-1,-1,-1,-1
36,2,1,700,-1,-1,-1,-1,-1
45,2,2,700,-1,-1,-1,-1,-1
6,1,1,700,1,-1,-1,-1,-1
80,3,2,700,-1,1,-1,2,6
11,1,2,700,1,-1,-1,-1,-1
22,4,2,700,2,-1,-1,-1,-1
63,2,1,700,-1,-1,-1,-1,-1
71,4,2,700,-1,1,-1,2,7
18,1,2,700,2,1,-1,2,7
18,1,2,700,2,-1,-1,-1,-1
69,2,1,700,-1,1,-1,2,6
22,1,1,700,2,1,2,1,-1
5,1,1,700,1,-1,-1,-1,-1
21,2,1,700,2,-1,-1,-1,-1
8,1,1,700,1,-1,-1,-1,-1
11,1,1,700,1,-1,-1,-1,-1
57,2,1,700,-1,-1,-1,-1,-1
8,1,2,700,1,-1,-1,-1,-1
5,1,1,700,1,-1,-1,-1,-1
74,3,2,700,-1,-1,-1,-1,-1
34,2,2,700,-1,1,-1,2,7
29,2,2,700,-1,1,-1,2,7
14,1,1,700,1,-1,-1,-1,-1
20,1,1,700,2,-1,-1,-1,-1
43,1,1,700,-1,-1,-1,-1,-1
39,2,2,700,-1,1,-1,2,7
52,2,2,700,-1,-1,-1,-1,-1
20,1,1,700,1,2,-1,2,8
17,1,2,700,1,-1,-1,-1,-1
23,1,1,700,1,2,-1,2,8
7,1,2,700,1,-1,-1,-1,-1
14,1,1,700,1,-1,-1,-1,-1
22,2,2,700,2,2,-1,2,7
42,2,2,700,-1,2,-1,2,7
19,1,1,700,1,2,-1,2,8
8,1,2,700,1,-1,-1,-1,-1
13,1,1,700,1,-1,-1,-1,-1
38,2,1,700,-1,-1,-1,-1,-1
19,1,2,700,1,2,-1,2,8
29,2,2,700,-1,-1,-1,-1,-1
60,3,2,700,-1,-1,-1,-1,-1
12,1,1,700,1,-1,-1,-1,-1
25,1,1,700,-1,-1,-1,-1,-1
33,2,2,700,-1,1,-1,2,7
54,3,2,700,-1,1,-1,2,7
48,2,2,700,-1,-1,-1,-1,-1
13,1,1,700,1,-1,-1,-1,-1
16,1,1,700,1,-1,-1,-1,-1
22,1,1,700,2,-1,-1,-1,-1
71,1,2,700,-1,1,-1,2,6
14,1,2,700,1,-1,-1,-1,-1
22,1,1,700,2,-1,-1,-1,-1
27,1,2,700,-1,1,-1,2,7
30,1,1,700,-1,-1,-1,-1,-1
19,1,1,700,1,2,-1,2,6
51,2,1,700,-1,-1,-1,-1,-1
22,2,2,700,2,-1,-1,-1,-1
56,2,2,700,-1,-1,-1,-1,-1
17,1,2,700,1,2,-1,2,8
29,2,1,700,-1,-1,-1,-1,-1
36,2,1,700,-1,-1,-1,-1,-1
63,3,1,700,-1,-1,-1,-1,-1
32,2,1,700,-1,-1,-1,-1,-1
52,2,2,700,-1,1,-1,2,7
7,1,2,700,1,-1,-1,-1,-1
68,3,1,700,-1,-1,-1,-1,-1
23,1,1,700,2,1,2,1,-1
14,1,2,700,1,-1,-1,-1,-1
24,2,1,700,2,-1,-1,-1,-1
39,2,1,700,-1,-1,-1,-1,-1
13,1,1,700,1,-1,-1,-1,-1
11,1,2,700,1,-1,-1,-1,-1
37,2,2,700,-1,1,-1,2,7
64,2,1,700,-1,-1,-1,-1,-1
39,2,1,700,-1,-1,-1,-1,-1
47,2,2,700,-1,-1,-1,-1,-1
27,1,2,700,-1,1,-1,2,7
45,2,2,700,-1,-1,-1,-1,-1
10,1,1,700,2,-1,-1,-1,-1
6,1,2,700,1,-1,-1,-1,-1
39,2,1,700,-1,-1,-1,-1,-1
16,1,1,700,1,2,-1,2,8
13,1,1,700,2,-1,-1,-1,-1
35,2,1,700,-1,-1,-1,-1,-1
5,1,2,700,1,-1,-1,-1,-1
57,2,1,700,-1,-1,-1,-1,-1
67,3,2,700,-1,-1,-1,-1,-1
16,1,1,700,1,2,-1,2,8
19,1,1,700,2,1,-1,2,7
47,1,1,700,-1,-1,-1,-1,-1
47,2,2,700,-1,1,-1,2,7
10,1,1,700,1,-1,-1,-1,-1
5,1,2,700,1,-1,-1,-1,-1
55,2,1,700,-1,-1,-1,-1,-1
48,2,2,700,-1,-1,-1,-1,-1
17,1,2,700,2,-1,-1,-1,-1
14,1,1,700,1,-1,-1,-1,-1
23,2,1,700,2,-1,-1,-1,-1
18,1,1,700,2,1,-1,2,1
10,1,2,700,1,-1,-1,-1,-1
18,1,1,700,2,2,1,1,-1
50,2,2,700,-1,-1,-1,-1,-1
54,2,2,700,-1,-1,-1,-1,-1
19,2,2,700,2,1,-1,2,7
29,3,2,700,-1,-1,-1,-1,-1
47,3,2,700,-1,-1,-1,-1,-1
65,2,2,700,-1,-1,-1,-1,-1
25,1,1,700,-1,-1,-1,-1,-1
10,1,2,700,1,-1,-1,-1,-1
30,2,2,700,-1,1,-1,2,7
47,1,1,700,-1,-1,-1,-1,-1
69,2,1,700,-1,-1,-1,-1,-1
21,1,1,700,2,2,-1,2,7
58,2,2,700,-1,1,-1,2,7
10,1,2,700,1,-1,-1,-1,-1
54,2,2,700,-1,-1,-1,-1,-1
63,2,2,700,-1,1,-1,2,7
82,3,2,700,-1,1,-1,2,6
27,1,1,700,-1,-1,-1,-1,-1
36,1,1,700,-1,-1,-1,-1,-1
12,1,1,700,1,-1,-1,-1,-1
15,1,1,700,1,2,-1,2,8
34,1,2,700,-1,-1,-1,-1,-1
16,1,2,700,1,2,-1,2,8
54,4,1,700,-1,-1,-1,-1,-1
49,2,2,700,-1,-1,-1,-1,-1
49,2,2,700,-1,-1,-1,-1,-1
48,2,1,700,-1,-1,-1,-1,-1
30,2,2,700,-1,-1,-1,-1,-1
24,1,1,700,2,1,2,1,-1
7,1,2,700,1,-1,-1,-1,-1
27,1,2,700,-1,-1,-1,-1,-1
50,2,2,700,-1,-1,-1,-1,-1
35,2,2,700,-1,-1,-1,-1,-1
19,1,1,700,2,2,-1,2,2
30,2,2,700,-1,-1,-1,-1,-1
63,4,2,700,-1,2,-1,2,7
48,2,2,700,-1,-1,-1,-1,-1
23,2,2,700,2,-1,-1,-1,-1
8,1,2,700,1,-1,-1,-1,-1
5,1,2,700,1,-1,-1,-1,-1
50,2,1,700,-1,-1,-1,-1,-1
28,2,2,700,-1,1,-1,2,7
15,1,2,700,2,1,-1,2,7
5,1,1,700,1,-1,-1,-1,-1
66,3,2,700,-1,1,-1,2,6
22,1,1,700,2,1,-1,2,7
76,3,2,700,-1,1,-1,2,6
24,1,1,700,2,2,-1,2,9
20,1,1,700,2,-1,-1,-1,-1
7,1,2,700,1,-1,-1,-1,-1
29,2,1,700,-1,-1,-1,-1,-1
9,1,2,700,1,-1,-1,-1,-1
16,1,1,700,1,1,-1,2,8
15,1,2,700,1,1,-1,2,7
25,1,1,700,-1,2,2,1,-1
12,1,2,700,1,-1,-1,-1,-1
5,1,2,700,1,-1,-1,-1,-1
19,2,2,700,2,2,-1,2,7
27,2,1,700,-1,-1,-1,-1,-1
44,2,2,700,-1,2,-1,2,7
37,2,1,700,-1,-1,-1,-1,-1
14,1,1,700,1,-1,-1,-1,-1
54,3,1,700,-1,-1,-1,-1,-1
34,2,1,700,-1,-1,-1,-1,-1
59,2,2,700,-1,2,-1,2,7
11,1,2,700,1,-1,-1,-1,-1
69,2,2,700,-1,1,-1,2,6
27,1,1,700,-1,-1,-1,-1,-1
35,2,1,700,-1,-1,-1,-1,-1
14,1,2,700,1,-1,-1,-1,-1
16,1,2,700,1,2,-1,2,8
61,2,2,700,-1,-1,-1,-1,-1
34,2,2,700,-1,1,-1,2,7
54,2,2,700,-1,-1,-1,-1,-1
25,2,2,700,-1,1,-1,2,7
16,1,1,700,1,2,-1,2,8
17,1,1,700,2,-1,-1,-1,-1
69,2,1,700,-1,1,-1,2,7
13,1,1,700,1,-1,-1,-1,-1
55,2,2,700,-1,-1,-1,-1,-1
5,1,1,700,1,-1,-1,-1,-1
27,2,1,700,-1,-1,-1,-1,-1
31,2,2,700,-1,-1,-1,-1,-1
30,2,2,700,-1,1,-1,2,7
29,2,1,700,-1,-1,-1,-1,-1
21,2,2,700,2,-1,-1,-1,-1
19,1,2,700,2,-1,-1,-1,-1
82,3,1,700,-1,1,-1,2,7
38,2,1,700,-1,-1,-1,-1,-1
18,2,1,700,2,-1,-1,-1,-1
18,1,1,700,2,-1,-1,-1,-1
48,2,2,700,-1,-1,-1,-1,-1
19,1,2,700,1,1,-1,2,8
60,4,1,700,-1,1,-1,2,6
8,1,2,700,1,-1,-1,-1,-1
44,2,1,700,-1,-1,-1,-1,-1
17,1,2,700,1,2,-1,2,8
34,2,1,700,-1,-1,-1,-1,-1
56,2,2,700,-1,-1,-1,-1,-1
22,1,2,700,2,-1,-1,-1,-1
50,2,2,700,-1,-1,-1,-1,-1
13,1,1,700,1,-1,-1,-1,-1
40,2,1,700,-1,-1,-1,-1,-1
34,4,1,700,-1,-1,-1,-1,-1
78,3,2,700,-1,1,-1,2,3
78,3,1,700,-1,-1,-1,-1,-1
32,2,2,700,-1,-1,-1,-1,-1
22,2,2,700,2,-1,-1,-1,-1
5,1,1,700,2,-1,-1,-1,-1
22,1,2,700,1,2,-1,2,8
23,2,2,700,2,-1,-1,-1,-1
26,2,2,700,-1,2,-1,2,7
59,3,2,700,-1,-1,-1,-1,-1
6,1,1,700,1,-1,-1,-1,-1
32,2,1,700,-1,-1,-1,-1,-1
25,2,2,700,-1,1,-1,2,7
56,2,2,700,-1,-1,-1,-1,-1
27,1,1,700,-1,-1,-1,-1,-1
5,1,2,700,1,-1,-1,-1,-1
16,1,1,700,2,-1,-1,-1,-1
40,2,1,700,-1,-1,-1,-1,-1
14,1,2,700,1,-1,-1,-1,-1
17,1,1,700,1,2,-1,2,8
17,1,1,700,1,2,-1,2,8
73,2,1,700,-1,1,-1,2,3
28,2,1,700,-1,-1,-1,-1,-1
6,1,1,700,1,-1,-1,-1,-1
63,2,1,700,-1,-1,-1,-1,-1
21,1,1,700,2,-1,-1,-1,-1
31,1,2,700,-1,-1,-1,-1,-1
54,2,1,700,-1,-1,-1,-1,-1
32,2,1,700,-1,-1,-1,-1,-1
22,1,1,700,2,-1,-1,-1,-1
69,2,2,700,-1,1,-1,2,6
6,1,2,700,1,-1,-1,-1,-1
25,1,2,700,-1,1,-1,2,1
40,2,1,700,-1,-1,-1,-1,-1
9,1,1,700,1,-1,-1,-1,-1
18,1,1,700,1,1,-1,2,7
8,1,2,700,1,-1,-1,-1,-1
46,2,1,700,-1,-1,-1,-1,-1
50,2,1,700,-1,-1,-1,-1,-1
5,1,1,700,1,-1,-1,-1,-1
30,2,1,700,-1,-1,-1,-1,-1
8,1,2,700,1,-1,-1,-1,-1
71,2,1,700,-1,1,-1,2,6
8,1,2,700,1,-1,-1,-1,-1
63,2,1,700,-1,1,-1,2,6
15,1,2,700,1,2,-1,2,8
65,3,2,700,-1,1,-1,2,6
13,1,1,700,1,-1,-1,-1,-1
30,2,1,700,-1,-1,-1,-1,-1
26,2,1,700,-1,-1,-1,-1,-1
74,3,2,700,-1,2,-1,2,6
50,2,1,700,-1,-1,-1,-1,-1
8,1,2,700,1,-1,-1,-1,-1
33,2,2,700,-1,-1,-1,-1,-1
35,2,1,700,-1,-1,-1,-1,-1
14,1,1,700,1,-1,-1,-1,-1
48,2,1,700,-1,-1,-1,-1,-1
5,1,2,700,1,-1,-1,-1,-1
9,1,1,700,1,-1,-1,-1,-1
61,2,1,700,-1,1,-1,2,3
18,1,1,700,1,2,-1,2,8
18,2,2,700,1,2,-1,2,8
18,1,2,700,2,-1,-1,-1,-1
33,2,2,700,-1,1,-1,2,7
13,1,1,700,1,-1,-1,-1,-1
14,1,2,700,1,-1,-1,-1,-1
22,1,2,700,2,1,-1,2,5
35,2,1,700,-1,-1,-1,-1,-1
5,1,2,700,1,-1,-1,-1,-1
26,1,1,700,-1,-1,-1,-1,-1
10,1,2,700,1,-1,-1,-1,-1
14,1,2,700,1,-1,-1,-1,-1
12,1,1,700,1,-1,-1,-1,-1
27,1,1,700,-1,-1,-1,-1,-1
39,2,2,700,-1,-1,-1,-1,-1
42,1,2,700,-1,2,-1,2,6
42,2,2,700,-1,-1,-1,-1,-1
23,2,2,700,2,-1,-1,-1,-1
56,2,2,700,-1,1,-1,2,7
46,2,2,700,-1,-1,-1,-1,-1
14,1,2,700,1,-1,-1,-1,-1
21,1,2,700,2,1,-1,2,7
6,1,2,700,1,-1,-1,-1,-1
17,1,1,700,1,2,-1,2,8
9,1,1,700,1,-1,-1,-1,-1
23,1,1,700,1,-1,-1,-1,-1
14,1,1,700,1,-1,-1,-1,-1
65,2,1,700,-1,-1,-1,-1,-1
65,2,2,700,-1,1,-1,2,6
15,1,1,700,1,2,-1,2,8
41,2,2,700,-1,-1,-1,-1,-1
41,2,1,700,-1,-1,-1,-1,-1
19,1,2,700,2,-1,-1,-1,-1
17,1,2,700,2,1,-1,2,7
7,1,1,700,1,-1,-1,-1,-1
36,2,1,700,-1,-1,-1,-1,-1
39,1,1,700,-1,-1,-1,-1,-1
29,2,1,700,-1,-1,-1,-1,-1
58,2,2,700,-1,1,-1,2,7
12,1,2,700,1,-1,-1,-1,-1
15,1,1,700,2,-1,-1,-1,-1
22,2,1,700,2,-1,-1,-1,-1
19,1,2,700,1,2,-1,2,8
14,1,1,700,1,-1,-1,-1,-1
19,1,2,700,1,2,-1,2,8
12,1,1,700,1,-1,-1,-1,-1
33,2,2,700,-1,1,-1,2,1
11,1,1,700,1,-1,-1,-1,-1
25,2,2,700,-1,2,-1,2,7
35,2,2,700,-1,1,-1,2,7
24,1,2,700,2,1,-1,2,7
14,1,1,700,2,-1,-1,-1,-1
23,1,1,700,2,-1,-1,-1,-1
12,1,1,700,1,-1,-1,-1,-1
27,1,2,700,-1,1,-1,2,7
12,1,2,700,1,-1,-1,-1,-1
18,1,1,700,1,2,-1,2,8
55,2,2,700,-1,1,-1,2,7
22,2,2,700,2,1,-1,2,7
73,2,2,700,-1,-1,-1,-1,-1
64,2,1,700,-1,1,-1,2,6
55,2,1,700,-1,-1,-1,-1,-1
21,1,1,700,2,-1,-1,-1,-1
13,1,2,700,1,-1,-1,-1,-1
50,2,1,700,-1,-1,-1,-1,-1
66,2,2,700,-1,1,-1,2,7
6,1,1,700,1,-1,-1,-1,-1
69,2,1,700,-1,-1,-1,-1,-1
46,2,1,700,-1,-1,-1,-1,-1
49,2,2,700,-1,-1,-1,-1,-1
33,4,2,700,-1,-1,-1,-1,-1
39,2,1,700,-1,-1,-1,-1,-1
49,2,2,700,-1,-1,-1,-1,-1
6,1,2,700,2,-1,-1,-1,-1
36,2,2,700,-1,1,-1,2,1
61,2,1,700,-1,-1,-1,-1,-1
37,2,1,700,-1,-1,-1,-1,-1
48,2,1,700,-1,-1,-1,-1,-1
9,1,2,700,1,-1,-1,-1,-1
52,2,1,700,-1,-1,-1,-1,-1
27,1,1,700,-1,-1,-1,-1,-1
75,3,2,700,-1,1,-1,2,6
35,2,1,700,-1,-1,-1,-1,-1
15,1,1,700,2,1,-1,2,9
41,1,1,700,-1,-1,-1,-1,-1
8,1,1,700,1,-1,-1,-1,-1
10,1,1,700,2,-1,-1,-1,-1
55,2,1,700,-1,-1,-1,-1,-1
8,1,2,700,1,-1,-1,-1,-1
29,1,1,700,-1,-1,-1,-1,-1
16,1,1,700,1,2,-1,2,8
64,4,2,700,-1,1,-1,2,6
19,1,1,700,2,2,1,1,-1
53,2,2,700,-1,1,-1,2,7
26,1,2,700,-1,-1,-1,-1,-1
46,2,1,700,-1,-1,-1,-1,-1
18,1,2,700,1,2,-1,2,8
6,1,1,700,1,-1,-1,-1,-1
14,1,2,700,1,-1,-1,-1,-1
29,2,1,700,-1,-1,-1,-1,-1
26,2,2,700,-1,1,-1,2,7
7,1,1,700,1,-1,-1,-1,-1
11,1,1,700,1,-1,-1,-1,-1
53,2,2,700,-1,1,-1,2,7
13,1,1,700,1,-1,-1,-1,-1
16,1,1,700,1,2,-1,2,8
21,2,2,700,2,1,-1,2,7
14,1,2,700,1,-1,-1,-1,-1
24,2,1,700,2,-1,-1,-1,-1
26,2,1,700,-1,-1,-1,-1,-1
14,1,2,700,1,-1,-1,-1,-1
40,2,2,700,-1,1,-1,2,7
44,2,1,700,-1,-1,-1,-1,-1
36,2,1,700,-1,-1,-1,-1,-1
74,2,2,700,-1,1,-1,2,6
33,1,1,700,-1,-1,-1,-1,-1
22,1,1,700,2,2,1,1,-1
49,2,1,700,-1,-1,-1,-1,-1
47,2,2,700,-1,1,-1,2,7
34,2,1,700,-1,-1,-1,-1,-1
54,2,1,700,-1,-1,-1,-1,-1
19,1,1,700,1,1,-1,2,8
22,1,2,700,1,1,-1,2,8
13,1,1,700,1,-1,-1,-1,-1
27,2,1,700,-1,-1,-1,-1,-1
35,2,2,700,-1,-1,-1,-1,-1
64,2,1,700,-1,-1,-1,-1,-1
20,1,2,700,1,2,-1,2,8
10,1,2,700,1,-1,-1,-1,-1
9,1,2,700,1,-1,-1,-1,-1
7,1,1,700,1,-1,-1,-1,-1
9,1,2,700,1,-1,-1,-1,-1
45,2,2,700,-1,-1,-1,-1,-1
63,2,1,700,-1,1,-1,2,6
14,1,2,700,1,-1,-1,-1,-1
22,1,1,700,2,-1,-1,-1,-1
52,2,1,700,-1,-1,-1,-1,-1
33,2,1,700,-1,-1,-1,-1,-1
34,2,1,700,-1,-1,-1,-1,-1
10,1,1,700,1,-1,-1,-1,-1
12,1,2,700,1,-1,-1,-1,-1
32,1,1,700,-1,1,-1,2,3
25,2,2,700,-1,1,-1,2,7
30,1,1,700,-1,-1,-1,-1,-1
16,1,1,700,1,2,-1,2,8
15,1,1,700,1,-1,-1,-1,-1
26,2,1,700,-1,-1,-1,-1,-1
9,1,1,700,1,-1,-1,-1,-1
27,2,1,700,-1,-1,-1,-1,-1
17,1,1,700,1,2,-1,2,8
37,2,2,700,-1,1,-1,2,7
15,1,2,700,1,2,-1,2,8
31,2,1,700,-1,-1,-1,-1,-1
55,2,1,700,-1,-1,-1,-1,-1
48,2,1,700,-1,-1,-1,-1,-1
38,2,2,700,-1,1,-1,2,7
15,1,1,700,1,2,-1,2,8
58,2,1,700,-1,-1,-1,-1,-1
29,2,1,700,-1,-1,-1,-1,-1
5,1,2,700,1,-1,-1,-1,-1
45,2,1,700,-1,-1,-1,-1,-1
20,1,2,700,2,2,-1,2,1
40,2,1,700,-1,-1,-1,-1,-1
75,2,1,700,-1,1,-1,2,6
7,1,2,700,1,-1,-1,-1,-1
23,1,2,700,2,2,-1,2,5
49,2,1,700,-1,-1,-1,-1,-1
8,1,1,700,1,-1,-1,-1,-1
9,1,1,700,1,-1,-1,-1,-1
6,1,2,700,1,-1,-1,-1,-1
5,1,1,700,1,-1,-1,-1,-1
70,3,2,700,-1,2,-1,2,7
22,4,2,700,2,-1,-1,-1,-1
10,1,2,700,1,-1,-1,-1,-1
30,2,1,700,-1,-1,-1,-1,-1
28,2,1,700,-1,1,2,1,-1
15,1,2,700,1,-1,-1,-1,-1
35,2,2,700,-1,-1,-1,-1,-1
19,1,1,700,1,1,-1,2,8
23,1,1,700,2,-1,-1,-1,-1
10,1,1,700,1,-1,-1,-1,-1
35,2,1,700,-1,-1,-1,-1,-1
16,1,2,700,2,-1,-1,-1,-1
33,1,1,700,-1,-1,-1,-1,-1
35,2,1,700,-1,1,-1,2,7
28,2,2,700,-1,-1,-1,-1,-1
35,2,1,700,-1,-1,-1,-1,-1
19,2,2,700,2,2,-1,2,7
29,1,1,700,-1,-1,-1,-1,-1
69,2,1,700,-1,1,-1,2,6
17,1,2,700,1,1,-1,2,9
18,1,1,700,1,1,-1,2,8
15,1,1,700,1,2,-1,2,9
48,2,2,700,-1,-1,-1,-1,-1
35,2,1,700,-1,-1,-1,-1,-1
7,1,1,700,1,-1,-1,-1,-1
81,3,2,700,-1,-1,-1,-1,-1
34,2,1,700,-1,-1,-1,-1,-1
19,1,2,700,1,1,-1,2,8
27,2,1,700,-1,-1,-1,-1,-1
55,2,1,700,-1,-1,-1,-1,-1
20,1,1,700,2,-1,-1,-1,-1
63,2,1,700,-1,-1,-1,-1,-1
36,2,1,700,-1,-1,-1,-1,-1
8,1,2,700,1,-1,-1,-1,-1
62,2,1,700,-1,1,-1,2,7
31,2,1,700,-1,-1,-1,-1,-1
21,2,2,700,2,1,-1,2,7
25,1,1,700,-1,-1,-1,-1,-1
10,1,2,700,2,-1,-1,-1,-1
58,2,2,700,-1,-1,-1,-1,-1
29,1,1,700,-1,-1,-1,-1,-1
24,2,1,700,2,-1,-1,-1,-1
14,1,1,700,1,-1,-1,-1,-1
61,3,1,700,-1,-1,-1,-1,-1
54,2,2,700,-1,1,-1,2,7
8,1,1,700,1,-1,-1,-1,-1
63,1,2,700,-1,1,-1,2,6
39,2,1,700,-1,-1,-1,-1,-1
17,1,1,700,2,-1,-1,-1,-1
19,1,1,700,2,-1,-1,-1,-1
7,1,2,700,1,-1,-1,-1,-1
15,1,2,700,1,1,-1,2,8
35,2,2,700,-1,-1,-1,-1,-1
61,2,1,700,-1,-1,-1,-1,-1
31,2,2,700,-1,-1,-1,-1,-1
12,1,2,700,1,-1,-1,-1,-1
29,1,1,700,-1,1,-1,2,1
11,1,2,700,1,-1,-1,-1,-1
68,2,1,700,-1,1,-1,2,7
8,1,2,700,1,-1,-1,-1,-1
22,1,1,700,1,2,-1,2,8
8,1,1,700,1,-1,-1,-1,-1
19,1,1,700,2,-1,-1,-1,-1
37,2,1,700,-1,-1,-1,-1,-1
30,2,1,700,-1,-1,-1,-1,-1
44,2,1,700,-1,-1,-1,-1,-1
28,2,2,700,-1,2,-1,2,7
29,2,2,700,-1,1,-1,2,7
17,1,1,700,2,-1,-1,-1,-1
27,1,1,700,-1,-1,-1,-1,-1
54,2,2,700,-1,1,-1,2,7
14,1,2,700,1,-1,-1,-1,-1
20,1,1,700,2,-1,-1,-1,-1
16,1,1,700,1,2,-1,2,8
18,1,1,700,1,1,-1,2,8
34,2,2,700,-1,-1,-1,-1,-1
48,2,1,700,-1,-1,-1,-1,-1
45,2,2,700,-1,2,-1,2,7
30,2,2,700,-1,-1,-1,-1,-1
6,1,1,700,1,-1,-1,-1,-1
6,1,2,700,1,-1,-1,-1,-1
51,2,2,700,-1,-1,-1,-1,-1
31,1,2,700,-1,-1,-1,-1,-1
5,1,2,700,1,-1,-1,-1,-1
16,1,1,700,1,2,-1,2,8
56,2,2,700,-1,-1,-1,-1,-1
7,1,1,700,1,-1,-1,-1,-1
45,2,2,700,-1,-1,-1,-1,-1
46,3,2,700,-1,-1,-1,-1,-1
38,2,1,700,-1,-1,-1,-1,-1
33,2,2,700,-1,1,-1,2,7
5,1,1,700,1,-1,-1,-1,-1
29,1,2,700,-1,-1,-1,-1,-1
10,1,1,700,2,-1,-1,-1,-1
53,2,2,700,-1,-1,-1,-1,-1
38,2,2,700,-1,-1,-1,-1,-1
49,2,2,700,-1,1,-1,2,7
25,2,2,700,-1,1,-1,2,7
6,1,2,700,1,-1,-1,-1,-1
28,4,2,700,-1,-1,-1,-1,-1
16,1,2,700,1,2,-1,2,8
20,2,1,700,2,-1,-1,-1,-1
11,1,1,700,1,-1,-1,-1,-1
21,2,1,700,2,-1,-1,-1,-1
18,1,2,700,1,2,-1,2,8
35,2,2,700,-1,-1,-1,-1,-1
26,1,1,700,-1,2,-1,2,8
45,2,1,700,-1,-1,-1,-1,-1
16,1,1,700,2,-1,-1,-1,-1
34,2,1,700,-1,-1,-1,-1,-1
46,4,2,700,-1,-1,-1,-1,-1
39,2,1,700,-1,-1,-1,-1,-1
71,3,1,700,-1,1,-1,2,6
42,4,2,700,-1,-1,-1,-1,-1
12,1,1,700,1,-1,-1,-1,-1
48,2,2,700,-1,1,2,1,-1
10,1,1,700,1,-1,-1,-1,-1
58,1,1,700,-1,-1,-1,-1,-1
25,1,2,700,-1,2,-1,2,7
28,2,2,700,-1,1,-1,2,7
25,2,2,700,-1,1,-1,2,8
10,1,2,700,1,-1,-1,-1,-1
38,2,1,700,-1,-1,-1,-1,-1
12,1,1,700,1,-1,-1,-1,-1
75,3,2,700,-1,1,-1,2,6
13,1,1,700,1,-1,-1,-1,-1
21,1,2,700,1,2,-1,2,8
31,1,1,700,-1,-1,-1,-1,-1
30,2,1,700,-1,-1,-1,-1,-1
45,2,1,700,-1,-1,-1,-1,-1
52,2,1,700,-1,-1,-1,-1,-1
29,2,1,700,-1,-1,-1,-1,-1
18,1,1,700,2,-1,-1,-1,-1
65,2,2,700,-1,-1,-1,-1,-1
25,1,1,700,-1,-1,-1,-1,-1
33,2,2,700,-1,1,-1,2,7
6,1,1,700,1,-1,-1,-1,-1
34,2,1,700,-1,1,2,1,-1
9,1,2,700,1,-1,-1,-1,-1
32,2,1,700,-1,-1,-1,-1,-1
25,2,2,700,-1,1,-1,2,7
15,1,2,700,1,2,-1,2,8
7,1,1,700,1,-1,-1,-1,-1
16,1,1,700,1,1,-1,2,8
23,1,2,700,2,-1,-1,-1,-1
32,2,2,700,-1,-1,-1,-1,-1
28,2,1,700,-1,1,2,1,-1
46,3,2,700,-1,2,-1,2,7
38,2,2,700,-1,1,-1,2,7
25,1,1,700,-1,-1,-1,-1,-1
49,2,1,700,-1,-1,-1,-1,-1
34,2,2,700,-1,1,-1,2,7
33,2,2,700,-1,2,-1,2,7
40,2,1,700,-1,-1,-1,-1,-1
6,1,2,700,1,-1,-1,-1,-1
72,3,1,700,-1,1,-1,2,6
5,1,1,700,1,-1,-1,-1,-1
5,1,1,700,1,-1,-1,-1,-1
34,2,2,700,-1,-1,-1,-1,-1
15,1,1,700,1,2,-1,2,7
74,2,1,700,-1,1,-1,2,6
22,2,1,700,2,-1,-1,-1,-1
21,1,1,700,2,2,1,1,-1
14,1,2,700,1,-1,-1,-1,-1
36,1,1,700,-1,-1,-1,-1,-1
8,1,2,700,1,-1,-1,-1,-1
20,2,2,700,2,1,-1,2,7
12,1,2,700,1,-1,-1,-1,-1
54,2,1,700,-1,-1,-1,-1,-1
41,2,2,700,-1,-1,-1,-1,-1
66,3,2,700,-1,1,-1,2,6
6,1,2,700,1,-1,-1,-1,-1
17,1,1,700,2,-1,-1,-1,-1
16,1,2,700,1,2,-1,2,8
13,1,1,700,1,-1,-1,-1,-1
42,2,2,700,-1,2,-1,2,7
59,3,2,700,-1,-1,-1,-1,-1
34,2,1,700,-1,-1,-1,-1,-1
10,1,2,700,1,-1,-1,-1,-1
24,2,2,700,2,1,-1,2,7
9,1,2,700,1,-1,-1,-1,-1
28,1,2,700,-1,-1,-1,-1,-1
73,3,2,700,-1,1,-1,2,6
57,2,1,700,-1,-1,-1,-1,-1
54,2,2,700,-1,-1,-1,-1,-1
28,2,2,700,-1,-1,-1,-1,-1
85,3,2,700,-1,1,-1,2,6
38,2,1,700,-1,-1,-1,-1,-1
8,1,1,700,1,-1,-1,-1,-1
23,2,1,700,2,-1,-1,-1,-1
12,1,2,700,1,-1,-1,-1,-1
23,2,1,700,2,-1,-1,-1,-1
15,1,2,700,1,2,-1,2,8
17,1,1,700,1,2,-1,2,8
5,1,2,700,2,-1,-1,-1,-1
42,2,1,700,-1,-1,-1,-1,-1
31,2,1,700,-1,-1,-1,-1,-1
24,1,2,700,2,-1,-1,-1,-1
78,3,1,700,-1,-1,-1,-1,-1
45,2,2,700,-1,-1,-1,-1,-1
16,1,1,700,1,-1,-1,-1,-1
8,1,2,700,1,-1,-1,-1,-1
31,1,1,700,-1,2,-1,2,7
60,2,1,700,-1,1,-1,2,3
50,2,1,700,-1,-1,-1,-1,-1
33,1,1,700,-1,-1,-1,-1,-1
51,2,1,700,-1,-1,-1,-1,-1
39,2,2,700,-1,-1,-1,-1,-1
74,3,2,700,-1,1,-1,2,6
6,1,2,700,1,-1,-1,-1,-1
25,1,2,700,-1,-1,-1,-1,-1
13,1,2,700,1,-1,-1,-1,-1
34,2,1,700,-1,-1,-1,-1,-1
6,1,1,700,1,-1,-1,-1,-1
23,2,2,700,2,2,-1,2,7
34,2,2,700,-1,-1,-1,-1,-1
22,1,2,700,2,-1,-1,-1,-1
10,1,2,700,1,-1,-1,-1,-1
75,3,1,700,-1,1,-1,2,6
10,1,1,700,1,-1,-1,-1,-1
22,1,1,700,2,2,-1,2,7
7,1,2,700,1,-1,-1,-1,-1
47,2,1,700,-1,-1,-1,-1,-1
55,2,1,700,-1,-1,-1,-1,-1
35,2,1,700,-1,1,2,1,-1
20,1,2,700,2,2,-1,2,6
5,1,2,700,1,-1,-1,-1,-1
25,1,1,700,-1,1,-1,2,3
18,1,1,700,1,2,-1,2,8
25,2,2,700,-1,-1,-1,-1,-1
13,1,1,700,1,-1,-1,-1,-1
27,1,2,700,-1,1,-1,2,3
14,1,2,700,1,-1,-1,-1,-1
36,2,1,700,-1,-1,-1,-1,-1
19,1,2,700,2,1,2,1,-1
32,2,2,700,-1,-1,-1,-1,-1
38,1,1,700,-1,-1,-1,-1,-1
7,1,1,700,1,-1,-1,-1,-1
29,1,1,700,-1,-1,-1,-1,-1
55,2,1,700,-1,-1,-1,-1,-1
16,1,2,700,1,2,-1,2,8
8,1,1,700,1,-1,-1,-1,-1
25,2,2,700,-1,2,-1,2,7
15,1,2,700,1,1,-1,2,8
72,2,1,700,-1,1,-1,2,6
92,3,2,700,-1,1,-1,2,6
66,3,2,700,-1,1,-1,2,6
58,1,1,700,-1,2,-1,2,7
8,1,1,700,1,-1,-1,-1,-1
32,2,1,700,-1,-1,-1,-1,-1
23,1,1,700,2,-1,-1,-1,-1
32,2,1,700,-1,-1,-1,-1,-1
76,2,2,700,-1,2,-1,2,6
24,2,1,700,2,-1,-1,-1,-1
61,2,1,700,-1,-1,-1,-1,-1
14,1,2,700,1,-1,-1,-1,-1
50,2,2,700,-1,-1,-1,-1,-1
13,1,1,700,1,-1,-1,-1,-1
52,2,2,700,-1,1,-1,2,7
19,2,2,700,2,-1,-1,-1,-1
31,2,1,700,-1,-1,-1,-1,-1
20,1,2,700,1,2,-1,2,8
23,2,2,700,2,1,-1,2,7
45,2,1,700,-1,-1,-1,-1,-1
37,2,1,700,-1,-1,-1,-1,-1
48,2,1,700,-1,-1,-1,-1,-1
61,2,2,700,-1,-1,-1,-1,-1
44,2,1,700,-1,-1,-1,-1,-1
44,2,1,700,-1,-1,-1,-1,-1
39,2,2,700,-1,2,-1,2,7
10,1,2,700,1,-1,-1,-1,-1
16,1,2,700,2,1,-1,2,1
76,3,2,700,-1,-1,-1,-1,-1
34,2,1,700,-1,-1,-1,-1,-1
16,1,1,700,1,2,-1,2,8
13,1,2,700,1,-1,-1,-1,-1
28,1,1,700,-1,-1,-1,-1,-1
54,2,2,700,-1,-1,-1,-1,-1
35,1,1,700,-1,-1,-1,-1,-1
42,4,2,700,-1,-1,-1,-1,-1
12,1,1,700,1,-1,-1,-1,-1
16,1,1,700,1,-1,-1,-1,-1
42,2,1,700,-1,-1,-1,-1,-1
51,2,1,700,-1,1,-1,2,6
18,1,1,700,1,2,-1,2,8
22,1,1,700,2,2,-1,2,7
58,2,2,700,-1,-1,-1,-1,-1
8,1,1,700,1,-1,-1,-1,-1
11,1,2,700,1,-1,-1,-1,-1
22,1,1,700,2,-1,-1,-1,-1
25,1,2,700,-1,2,-1,2,1
10,1,2,700,1,-1,-1,-1,-1
26,2,1,700,-1,-1,-1,-1,-1
34,2,2,700,-1,1,-1,2,7
27,2,2,700,-1,-1,-1,-1,-1
25,2,2,700,-1,-1,-1,-1,-1
39,2,1,700,-1,-1,-1,-1,-1
40,2,2,700,-1,1,-1,2,7
52,2,2,700,-1,-1,-1,-1,-1
6,1,2,700,1,-1,-1,-1,-1
26,2,2,700,-1,-1,-1,-1,-1
64,2,2,700,-1,-1,-1,-1,-1
5,1,1,700,1,-1,-1,-1,-1
35,2,2,700,-1,2,-1,2,7
51,2,1,700,-1,-1,-1,-1,-1
26,2,1,700,-1,-1,-1,-1,-1
19,1,1,700,1,2,-1,2,8
62,2,2,700,-1,-1,-1,-1,-1
9,1,2,700,2,-1,-1,-1,-1
35,2,2,700,-1,1,-1,2,7
32,2,2,700,-1,-1,-1,-1,-1
13,1,2,700,1,-1,-1,-1,-1
20,1,1,700,2,2,-1,2,8
11,1,1,700,1,-1,-1,-1,-1
18,2,1,700,2,-1,-1,-1,-1
19,1,1,700,2,-1,-1,-1,-1
87,3,2,700,-1,1,-1,2,6
37,2,2,700,-1,-1,-1,-1,-1
19,2,2,700,2,2,-1,2,7
17,1,1,700,1,2,-1,2,8
7,1,1,700,1,-1,-1,-1,-1
18,1,2,700,1,2,-1,2,8
32,2,2,700,-1,1,-1,2,7
42,2,2,700,-1,-1,-1,-1,-1
23,2,2,700,2,-1,-1,-1,-1
28,2,1,700,-1,-1,-1,-1,-1
5,1,1,700,1,-1,-1,-1,-1
11,1,2,700,1,-1,-1,-1,-1
27,1,1,700,-1,1,-1,2,3
69,3,2,700,-1,1,-1,2,6
30,4,1,700,-1,-1,-1,-1,-1
11,1,2,700,1,-1,-1,-1,-1
29,2,1,700,-1,-1,-1,-1,-1
50,2,2,700,-1,-1,-1,-1,-1
26,1,2,700,-1,1,-1,2,8
33,2,2,700,-1,-1,-1,-1,-1
9,1,1,700,1,-1,-1,-1,-1
23,2,2,700,2,1,-1,2,7
36,2,2,700,-1,1,-1,2,7
22,1,1,700,2,-1,-1,-1,-1
5,1,1,700,1,-1,-1,-1,-1
20,1,2,700,2,1,-1,2,7
26,2,2,700,-1,1,-1,2,7
36,2,1,700,-1,-1,-1,-1,-1
31,2,2,700,-1,1,-1,2,7
18,1,2,700,2,1,-1,2,6
42,2,2,700,-1,1,-1,2,7
8,1,1,700,1,-1,-1,-1,-1
62,2,1,700,-1,-1,-1,-1,-1
34,2,1,700,-1,-1,-1,-1,-1
72,3,2,700,-1,-1,-1,-1,-1
49,2,2,700,-1,-1,-1,-1,-1
26,2,1,700,-1,2,-1,2,7
35,2,1,700,-1,-1,-1,-1,-1
89,3,2,700,-1,1,-1,2,6
49,2,2,700,-1,1,-1,2,7
11,1,2,700,1,-1,-1,-1,-1
12,1,1,700,1,-1,-1,-1,-1
43,2,1,700,-1,-1,-1,-1,-1
74,3,2,700,-1,1,-1,2,6
15,1,1,700,1,2,-1,2,8
55,2,2,700,-1,1,-1,2,9
35,3,2,700,-1,1,-1,2,7
47,1,1,700,-1,-1,-1,-1,-1
12,1,2,700,1,-1,-1,-1,-1
50,2,1,700,-1,1,-1,2,6
16,1,1,700,1,2,-1,2,8
25,2,1,700,-1,-1,-1,-1,-1
21,1,2,700,2,-1,-1,-1,-1
22,1,1,700,2,-1,-1,-1,-1
31,2,2,700,-1,-1,-1,-1,-1
13,1,1,700,1,-1,-1,-1,-1
51,2,1,700,-1,-1,-1,-1,-1
5,1,1,700,1,-1,-1,-1,-1
20,1,2,700,2,1,-1,2,2
48,2,2,700,-1,-1,-1,-1,-1
35,1,1,700,-1,-1,-1,-1,-1
27,1,1,700,-1,1,-1,2,1
23,1,2,700,1,1,-1,2,7
8,1,2,700,1,-1,-1,-1,-1
16,1,2,700,1,2,-1,2,8
50,2,2,700,-1,-1,-1,-1,-1
17,1,1,700,1,2,-1,2,8
58,2,2,700,-1,1,-1,2,7
28,2,1,700,-1,-1,-1,-1,-1
26,2,1,700,-1,-1,-1,-1,-1
23,1,2,700,1,1,-1,2,8
47,2,2,700,-1,-1,-1,-1,-1
45,2,1,700,-1,-1,-1,-1,-1
53,2,1,700,-1,-1,-1,-1,-1
74,3,1,700,-1,-1,-1,-1,-1
39,2,2,700,-1,-1,-1,-1,-1
24,1,1,700,2,-1,-1,-1,-1
6,1,1,700,1,-1,-1,-1,-1
40,2,1,700,-1,-1,-1,-1,-1
19,2,2,700,2,2,-1,2,7
39,2,2,700,-1,-1,-1,-1,-1
6,1,1,700,1,-1,-1,-1,-1
24,1,1,700,2,-1,-1,-1,-1
9,1,1,700,1,-1,-1,-1,-1
43,2,2,700,-1,1,-1,2,7
29,2,2,700,-1,-1,-1,-1,-1
12,1,2,700,1,-1,-1,-1,-1
13,1,2,700,1,-1,-1,-1,-1
22,1,2,700,2,-1,-1,-1,-1
9,1,2,700,1,-1,-1,-1,-1
5,1,1,700,1,-1,-1,-1,-1
42,2,1,700,-1,-1,-1,-1,-1
48,2,1,700,-1,-1,-1,-1,-1
33,4,2,700,-1,-1,-1,-1,-1
21,1,1,700,2,2,-1,2,9
38,2,2,700,-1,2,-1,2,7
34,2,2,700,-1,-1,-1,-1,-1
30,2,2,700,-1,-1,-1,-1,-1
32,2,2,700,-1,1,2,1,-1
37,2,2,700,-1,-1,-1,-1,-1
77,2,2,700,-1,1,-1,2,6
12,1,2,700,1,-1,-1,-1,-1
51,2,1,700,-1,-1,-1,-1,-1
13,1,2,700,1,-1,-1,-1,-1
14,1,1,700,1,-1,-1,-1,-1
58,4,2,700,-1,-1,-1,-1,-1
40,2,2,700,-1,-1,-1,-1,-1
10,1,1,700,1,-1,-1,-1,-1
9,1,1,700,1,-1,-1,-1,-1
9,1,1,700,1,-1,-1,-1,-1
45,2,1,700,-1,-1,-1,-1,-1
13,1,2,700,1,-1,-1,-1,-1
47,2,1,700,-1,-1,-1,-1,-1
7,1,2,700,1,-1,-1,-1,-1
24,1,2,700,2,-1,-1,-1,-1
16,1,1,700,1,2,-1,2,8
8,1,2,700,1,-1,-1,-1,-1
25,1,1,700,-1,-1,-1,-1,-1
15,1,2,700,1,2,-1,2,7
23,1,1,700,2,-1,-1,-1,-1
32,2,1,700,-1,-1,-1,-1,-1
26,1,2,700,-1,1,-1,2,7
25,1,1,700,-1,-1,-1,-1,-1
25,2,2,700,-1,1,-1,2,3
43,2,2,700,-1,1,-1,2,7
17,1,1,700,2,2,-1,2,6
24,1,2,700,2,-1,-1,-1,-1
39,2,2,700,-1,-1,-1,-1,-1
5,1,1,700,1,-1,-1,-1,-1
53,2,2,700,-1,2,-1,2,7
14,1,1,700,1,-1,-1,-1,-1
8,1,2,700,1,-1,-1,-1,-1
25,1,1,700,-1,-1,-1,-1,-1
37,2,1,700,-1,-1,-1,-1,-1
42,2,1,700,-1,-1,-1,-1,-1
21,1,1,700,2,2,1,1,-1
49,2,1,700,-1,-1,-1,-1,-1
17,1,2,700,1,2,-1,2,8
57,3,1,700,-1,-1,-1,-1,-1
13,1,1,700,1,-1,-1,-1,-1
22,2,2,700,2,-1,-1,-1,-1
6,1,1,700,1,-1,-1,-1,-1
44,2,1,700,-1,-1,-1,-1,-1
17,2,2,700,2,1,-1,2,7
34,1,1,700,-1,1,2,1,-1
24,1,1,700,1,-1,-1,-1,-1
51,2,1,700,-1,1,-1,2,1
68,2,1,700,-1,1,-1,2,3
70,1,2,700,-1,1,-1,2,6
17,1,1,700,1,2,-1,2,8
41,2,1,700,-1,-1,-1,-1,-1
16,1,2,700,1,2,-1,2,8
14,1,2,700,1,-1,-1,-1,-1
13,1,1,700,1,-1,-1,-1,-1
17,1,1,700,1,-1,-1,-1,-1
11,1,1,700,1,-1,-1,-1,-1
13,1,2,700,1,-1,-1,-1,-1
19,1,2,700,2,1,-1,2,7
6,1,1,700,1,-1,-1,-1,-1
42,2,2,700,-1,-1,-1,-1,-1
50,2,2,700,-1,-1,-1,-1,-1
6,1,2,700,1,-1,-1,-1,-1
67,1,1,700,-1,1,-1,2,7
8,1,1,700,1,-1,-1,-1,-1
33,2,2,700,-1,1,-1,2,7
40,4,2,700,-1,-1,-1,-1,-1
9,1,2,700,1,-1,-1,-1,-1
42,1,1,700,-1,-1,-1,-1,-1
53,2,2,700,-1,-1,-1,-1,-1
5,1,2,700,2,-1,-1,-1,-1
22,2,2,700,2,1,-1,2,7
14,1,2,700,1,-1,-1,-1,-1
36,1,1,700,-1,-1,-1,-1,-1
17,1,1,700,1,2,-1,2,8
42,2,1,700,-1,-1,-1,-1,-1
28,2,2,700,-1,1,-1,2,7
53,3,2,700,-1,-1,-1,-1,-1
52,2,1,700,-1,-1,-1,-1,-1
65,2,1,700,-1,-1,-1,-1,-1
77,2,1,700,-1,1,-1,2,6
21,1,1,700,2,-1,-1,-1,-1
56,2,2,700,-1,-1,-1,-1,-1
23,2,1,700,2,-1,-1,-1,-1
47,1,2,700,-1,-1,-1,-1,-1
26,2,2,700,-1,2,-1,2,7
5,1,1,700,2,-1,-1,-1,-1
48,2,2,700,-1,-1,-1,-1,-1
23,2,2,700,2,1,-1,2,7
35,2,2,700,-1,-1,-1,-1,-1
22,1,1,700,2,-1,-1,-1,-1
26,2,1,700,-1,1,-1,2,7
63,3,2,700,-1,-1,-1,-1,-1
43,2,2,700,-1,-1,-1,-1,-1
23,1,2,700,2,-1,-1,-1,-1
37,2,2,700,-1,-1,-1,-1,-1
16,1,1,700,1,-1,-1,-1,-1
13,1,2,700,1,-1,-1,-1,-1
22,1,1,700,2,1,2,1,-1
45,1,2,700,-1,-1,-1,-1,-1
23,1,2,700,2,-1,-1,-1,-1
36,2,1,700,-1,-1,-1,-1,-1
29,2,2,700,-1,1,-1,2,7
18,1,1,700,1,2,-1,2,8
7,1,1,700,1,-1,-1,-1,-1
12,1,1,700,1,-1,-1,-1,-1
10,1,1,700,1,-1,-1,-1,-1
12,1,1,700,1,-1,-1,-1,-1
16,1,2,700,1,2,-1,2,8
85,3,1,700,-1,1,-1,2,6
11,1,1,700,1,-1,-1,-1,-1
12,1,2,700,1,-1,-1,-1,-1
9,1,1,700,1,-1,-1,-1,-1
28,1,1,700,-1,-1,-1,-1,-1
37,2,1,700,-1,-1,-1,-1,-1
33,4,2,700,-1,-1,-1,-1,-1
12,1,1,700,1,-1,-1,-1,-1
11,1,2,700,1,-1,-1,-1,-1
38,2,2,700,-1,-1,-1,-1,-1
71,3,2,700,-1,1,-1,2,6
31,2,2,700,-1,-1,-1,-1,-1
16,1,1,700,1,2,-1,2,8
14,1,2,700,1,-1,-1,-1,-1
55,2,1,700,-1,-1,-1,-1,-1
39,2,2,700,-1,-1,-1,-1,-1
29,2,1,700,-1,-1,-1,-1,-1
57,2,2,700,-1,2,-1,2,7
43,4,1,700,-1,-1,-1,-1,-1
65,2,1,700,-1,1,-1,2,6
44,2,2,700,-1,-1,-1,-1,-1
11,1,1,700,1,-1,-1,-1,-1
21,4,2,700,2,-1,-1,-1,-1
5,1,1,700,1,-1,-1,-1,-1
59,2,2,700,-1,1,-1,2,7
8,1,1,700,1,-1,-1,-1,-1
16,1,2,700,1,1,-1,2,8
30,2,2,700,-1,1,-1,2,7
67,3,2,700,-1,1,-1,2,6
33,2,2,700,-1,1,-1,2,7
6,1,2,700,1,-1,-1,-1,-1
6,1,1,700,1,-1,-1,-1,-1
17,1,1,700,1,2,-1,2,8
23,1,2,700,2,-1,-1,-1,-1
31,2,2,700,-1,1,-1,2,7
40,2,2,700,-1,1,-1,2,7
43,4,1,700,-1,-1,-1,-1,-1
61,2,1,700,-1,-1,-1,-1,-1
31,2,1,700,-1,-1,-1,-1,-1
52,2,2,700,-1,-1,-1,-1,-1
12,1,2,700,1,-1,-1,-1,-1
48,2,2,700,-1,-1,-1,-1,-1
23,2,2,700,2,-1,-1,-1,-1
34,2,2,700,-1,-1,-1,-1,-1
12,1,1,700,1,-1,-1,-1,-1
7,1,1,700,2,-1,-1,-1,-1
9,1,1,700,1,-1,-1,-1,-1
33,2,1,700,-1,-1,-1,-1,-1
59,1,1,700,-1,-1,-1,-1,-1
5,1,2,700,1,-1,-1,-1,-1
42,2,1,700,-1,-1,-1,-1,-1
13,1,1,700,1,-1,-1,-1,-1
67,2,2,700,-1,1,-1,2,6
9,1,2,700,1,-1,-1,-1,-1
15,1,2,700,2,2,-1,2,6
12,1,2,700,1,-1,-1,-1,-1
24,1,1,700,2,-1,-1,-1,-1
22,1,2,700,2,-1,-1,-1,-1
16,1,1,700,1,2,-1,2,8
8,1,2,700,1,-1,-1,-1,-1
21,1,2,700,2,-1,-1,-1,-1
9,1,2,700,1,-1,-1,-1,-1
26,2,1,700,-1,-1,-1,-1,-1
13,1,2,700,1,-1,-1,-1,-1
5,1,1,700,1,-1,-1,-1,-1
26,2,2,700,-1,2,-1,2,7
6,1,1,700,1,-1,-1,-1,-1
49,1,2,700,-1,-1,-1,-1,-1
39,2,2,700,-1,1,-1,2,7
14,1,1,700,2,-1,-1,-1,-1
71,2,2,700,-1,2,-1,2,6
7,1,1,700,1,-1,-1,-1,-1
34,1,2,700,-1,-1,-1,-1,-1
5,1,2,700,1,-1,-1,-1,-1
9,1,1,700,1,-1,-1,-1,-1
40,2,1,700,-1,-1,-1,-1,-1
38,2,2,700,-1,1,-1,2,7
10,1,2,700,1,-1,-1,-1,-1
23,1,1,700,2,-1,-1,-1,-1
15,1,1,700,1,1,-1,2,1
22,1,2,700,1,1,-1,2,8
35,1,1,700,-1,-1,-1,-1,-1
58,2,1,700,-1,-1,-1,-1,-1
35,2,2,700,-1,-1,-1,-1,-1
29,2,2,700,-1,1,-1,2,7
22,2,2,700,2,-1,-1,-1,-1
42,2,2,700,-1,1,-1,2,7
30,2,2,700,-1,2,-1,2,7
14,1,1,700,1,-1,-1,-1,-1
26,2,2,700,-1,1,-1,2,7
7,1,1,700,1,-1,-1,-1,-1
18,1,1,700,1,1,-1,2,8
26,4,1,700,-1,-1,-1,-1,-1
59,1,2,700,-1,-1,-1,-1,-1
12,1,1,700,1,-1,-1,-1,-1
51,2,2,700,-1,-1,-1,-1,-1
50,2,2,700,-1,-1,-1,-1,-1
9,1,2,700,1,-1,-1,-1,-1
35,1,1,700,-1,-1,-1,-1,-1
68,2,1,700,-1,1,-1,2,6
8,1,1,700,1,-1,-1,-1,-1
34,2,1,700,-1,-1,-1,-1,-1
33,2,1,700,-1,-1,-1,-1,-1
56,2,2,700,-1,1,-1,2,7
71,3,1,700,-1,1,-1,2,6
35,2,2,700,-1,-1,-1,-1,-1
47,2,1,700,-1,-1,-1,-1,-1
57,1,1,700,-1,-1,-1,-1,-1
49,2,2,700,-1,2,-1,2,7
11,1,1,700,1,-1,-1,-1,-1
5,1,2,700,1,-1,-1,-1,-1
22,2,1,700,2,1,-1,2,5
45,2,2,700,-1,-1,-1,-1,-1
45,1,1,700,-1,1,-1,2,7
5,1,1,700,2,-1,-1,-1,-1
42,6,1,700,-1,-1,-1,-1,-1
12,1,1,700,1,-1,-1,-1,-1
28,2,2,700,-1,1,-1,2,7
11,1,1,700,1,-1,-1,-1,-1
35,4,2,700,-1,1,-1,2,7
79,3,1,700,-1,-1,-1,-1,-1
58,3,2,700,-1,1,-1,2,7
33,1,1,700,-1,2,-1,2,6
9,1,1,700,1,-1,-1,-1,-1
8,1,1,700,1,-1,-1,-1,-1
25,2,2,700,-1,1,-1,2,7
39,1,2,700,-1,-1,-1,-1,-1
31,2,1,700,-1,-1,-1,-1,-1
83,3,2,700,-1,1,-1,2,7
6,1,2,700,1,-1,-1,-1,-1
34,2,1,700,-1,-1,-1,-1,-1
52,2,1,700,-1,-1,-1,-1,-1
15,1,2,700,1,2,-1,2,8
10,1,1,700,1,-1,-1,-1,-1
46,2,2,700,-1,-1,-1,-1,-1
20,1,1,700,2,-1,-1,-1,-1
15,1,1,700,1,2,-1,2,8
11,1,2,700,1,-1,-1,-1,-1
45,4,2,700,-1,-1,-1,-1,-1
28,2,1,700,-1,-1,-1,-1,-1
41,2,1,700,-1,1,-1,2,7
26,1,1,700,-1,-1,-1,-1,-1
9,1,1,700,1,-1,-1,-1,-1
52,3,1,700,-1,-1,-1,-1,-1
7,1,1,700,1,-1,-1,-1,-1
85,3,1,700,-1,1,-1,2,6
46,2,2,700,-1,1,-1,2,7
6,1,2,700,1,-1,-1,-1,-1
19,1,1,700,1,-1,-1,-1,-1
14,1,2,700,1,-1,-1,-1,-1
10,1,1,700,1,-1,-1,-1,-1
48,2,1,700,-1,-1,-1,-1,-1
77,3,1,700,-1,1,-1,2,6
26,1,1,700,-1,1,2,1,-1
20,1,1,700,1,2,-1,2,8
14,1,2,700,1,-1,-1,-1,-1
12,1,1,700,2,-1,-1,-1,-1
34,2,2,700,-1,2,-1,2,7
64,2,1,700,-1,-1,-1,-1,-1
66,3,1,700,-1,1,-1,2,6
19,1,1,700,2,2,-1,2,7
42,2,2,700,-1,1,-1,2,7
32,2,2,700,-1,1,-1,2,7
15,1,2,700,1,2,-1,2,8
60,2,2,700,-1,-1,-1,-1,-1
63,2,2,700,-1,-1,-1,-1,-1
22,1,2,700,2,-1,-1,-1,-1
86,3,2,700,-1,1,-1,2,6
52,2,1,700,-1,-1,-1,-1,-1
73,3,1,700,-1,1,-1,2,6
5,1,1,700,1,-1,-1,-1,-1
44,2,1,700,-1,-1,-1,-1,-1
27,1,1,700,-1,-1,-1,-1,-1
38,1,2,700,-1,-1,-1,-1,-1
45,1,1,700,-1,-1,-1,-1,-1
44,2,1,700,-1,-1,-1,-1,-1
39,2,2,700,-1,1,-1,2,7
50,2,1,700,-1,-1,-1,-1,-1
44,2,2,700,-1,1,-1,2,7
11,1,1,700,1,-1,-1,-1,-1
10,1,1,700,1,-1,-1,-1,-1
28,1,2,700,-1,1,-1,2,1
25,2,1,700,-1,-1,-1,-1,-1
25,1,1,700,-1,2,-1,2,8
26,1,2,700,-1,2,-1,2,9
39,2,1,700,-1,-1,-1,-1,-1
23,2,2,700,2,2,-1,2,7
11,1,2,700,1,-1,-1,-1,-1
45,3,2,700,-1,-1,-1,-1,-1
30,2,2,700,-1,1,-1,2,7
32,2,1,700,-1,-1,-1,-1,-1
60,2,1,700,-1,1,-1,2,6
10,1,2,700,2,-1,-1,-1,-1
31,2,1,700,-1,-1,-1,-1,-1
13,1,2,700,1,-1,-1,-1,-1
7,1,1,700,1,-1,-1,-1,-1
22,1,2,700,1,2,-1,2,8
16,1,1,700,1,1,-1,2,8
43,2,1,700,-1,-1,-1,-1,-1
42,2,2,700,-1,1,-1,2,7
32,2,1,700,-1,-1,-1,-1,-1
10,1,1,700,1,-1,-1,-1,-1
21,1,1,700,2,-1,-1,-1,-1
66,3,1,700,-1,-1,-1,-1,-1
21,1,2,700,1,2,-1,2,8
39,2,1,700,-1,-1,-1,-1,-1
19,2,1,700,2,-1,-1,-1,-1
37,2,2,700,-1,1,-1,2,7
7,1,1,700,1,-1,-1,-1,-1
69,2,2,700,-1,-1,-1,-1,-1
18,2,2,700,2,1,-1,2,7
47,2,1,700,-1,-1,-1,-1,-1
78,2,1,700,-1,1,-1,2,6
15,1,1,700,1,2,-1,2,8
75,2,1,700,-1,1,-1,2,6
67,2,1,700,-1,-1,-1,-1,-1
35,2,2,700,-1,-1,-1,-1,-1
65,2,1,700,-1,-1,-1,-1,-1
62,2,1,700,-1,-1,-1,-1,-1
5,1,2,700,1,-1,-1,-1,-1
33,2,1,700,-1,-1,-1,-1,-1
50,2,1,700,-1,-1,-1,-1,-1
6,1,2,700,1,-1,-1,-1,-1
14,1,1,700,1,-1,-1,-1,-1
10,1,2,700,1,-1,-1,-1,-1
16,1,2,700,2,2,-1,2,9
14,1,2,700,1,-1,-1,-1,-1
7,1,1,700,1,-1,-1,-1,-1
41,2,2,700,-1,1,-1,2,7
22,2,2,700,2,1,2,1,-1
34,2,1,700,-1,-1,-1,-1,-1
16,1,2,700,1,2,-1,2,7
70,3,2,700,-1,1,-1,2,6
11,1,2,700,1,-1,-1,-1,-1
37,2,2,700,-1,-1,-1,-1,-1
5,1,1,700,1,-1,-1,-1,-1
51,2,2,700,-1,-1,-1,-1,-1
33,4,2,700,-1,-1,-1,-1,-1
80,3,1,700,-1,1,-1,2,6
45,2,1,700,-1,-1,-1,-1,-1
28,2,1,700,-1,-1,-1,-1,-1
20,1,1,700,1,2,-1,2,8
62,2,2,700,-1,-1,-1,-1,-1
65,3,1,700,-1,-1,-1,-1,-1
10,1,1,700,1,-1,-1,-1,-1
53,4,1,700,-1,1,-1,2,7
27,1,1,700,-1,-1,-1,-1,-1
36,2,2,700,-1,-1,-1,-1,-1
22,1,1,700,2,-1,-1,-1,-1
14,1,1,700,1,-1,-1,-1,-1
41,2,2,700,-1,-1,-1,-1,-1
56,2,2,700,-1,-1,-1,-1,-1
12,1,1,700,1,-1,-1,-1,-1
8,1,2,700,2,-1,-1,-1,-1
12,1,2,700,1,-1,-1,-1,-1
17,1,2,700,1,2,-1,2,8
27,1,1,700,-1,-1,-1,-1,-1
9,1,1,700,1,-1,-1,-1,-1
10,1,2,700,1,-1,-1,-1,-1
14,1,1,700,1,-1,-1,-1,-1
12,1,1,700,1,-1,-1,-1,-1
23,2,2,700,2,-1,-1,-1,-1
8,1,2,700,1,-1,-1,-1,-1
35,2,1,700,-1,-1,-1,-1,-1
29,1,1,700,-1,-1,-1,-1,-1
29,2,2,700,-1,1,-1,2,7
19,1,2,700,1,1,-1,2,8
32,2,1,700,-1,-1,-1,-1,-1
13,1,1,700,1,-1,-1,-1,-1
8,1,1,700,1,-1,-1,-1,-1
15,1,2,700,1,1,-1,2,8
68,3,1,700,-1,-1,-1,-1,-1
8,1,1,700,1,-1,-1,-1,-1
27,2,1,700,-1,-1,-1,-1,-1
11,1,1,700,1,-1,-1,-1,-1
48,2,1,700,-1,-1,-1,-1,-1
28,1,2,700,-1,-1,-1,-1,-1
6,1,2,700,1,-1,-1,-1,-1
13,1,2,700,1,-1,-1,-1,-1
24,1,2,700,2,-1,-1,-1,-1
25,1,1,700,-1,-1,-1,-1,-1
81,2,2,700,-1,1,-1,2,6
9,1,1,700,1,-1,-1,-1,-1
17,1,1,700,1,2,-1,2,8
22,1,2,700,2,-1,-1,-1,-1
20,1,1,700,2,-1,-1,-1,-1
57,2,2,700,-1,2,-1,2,3
9,1,2,700,1,-1,-1,-1,-1
34,3,2,700,-1,-1,-1,-1,-1
58,2,2,700,-1,-1,-1,-1,-1
32,2,2,700,-1,-1,-1,-1,-1
9,1,1,700,1,-1,-1,-1,-1
22,2,2,700,2,-1,-1,-1,-1
58,2,2,700,-1,-1,-1,-1,-1
7,1,1,700,1,-1,-1,-1,-1
33,4,1,700,-1,-1,-1,-1,-1
5,1,1,700,1,-1,-1,-1,-1
47,2,2,700,-1,-1,-1,-1,-1
20,1,1,700,1,2,-1,2,8
13,1,1,700,1,-1,-1,-1,-1
41,1,2,700,-1,-1,-1,-1,-1
11,1,1,700,2,-1,-1,-1,-1
25,2,2,700,-1,2,-1,2,7
29,2,2,700,-1,-1,-1,-1,-1
40,2,1,700,-1,-1,-1,-1,-1
28,2,2,700,-1,-1,-1,-1,-1
65,2,2,700,-1,1,-1,2,7
20,1,2,700,2,-1,-1,-1,-1
8,1,2,700,1,-1,-1,-1,-1
33,2,1,700,-1,-1,-1,-1,-1
54,2,2,700,-1,-1,-1,-1,-1
34,1,1,700,-1,-1,-1,-1,-1
75,3,2,700,-1,1,-1,2,6
49,2,2,700,-1,-1,-1,-1,-1
60,2,2,700,-1,1,-1,2,6
5,1,2,700,1,-1,-1,-1,-1
33,1,1,700,-1,-1,-1,-1,-1
21,1,1,700,2,2,-1,2,2
38,2,2,700,-1,1,2,1,-1
10,1,2,700,1,-1,-1,-1,-1
7,1,2,700,1,-1,-1,-1,-1
5,1,2,700,1,-1,-1,-1,-1
19,2,2,700,1,2,-1,2,8
33,2,2,700,-1,-1,-1,-1,-1
51,3,2,700,-1,-1,-1,-1,-1
18,1,2,700,1,1,-1,2,8
18,1,2,700,1,2,-1,2,8
19,1,1,700,1,-1,-1,-1,-1
50,3,2,700,-1,-1,-1,-1,-1
45,2,1,700,-1,-1,-1,-1,-1
31,2,1,700,-1,-1,-1,-1,-1
42,2,2,700,-1,-1,-1,-1,-1
10,1,1,700,1,-1,-1,-1,-1
22,2,2,700,2,-1,-1,-1,-1
44,2,2,700,-1,-1,-1,-1,-1
26,2,2,700,-1,1,-1,2,7
73,2,2,700,-1,-1,-1,-1,-1
20,1,2,700,2,1,-1,2,1
16,1,2,700,2,2,-1,2,7
19,1,2,700,1,2,-1,2,7
33,2,1,700,-1,-1,-1,-1,-1
19,1,2,700,2,1,-1,2,7
45,2,2,700,-1,1,-1,2,7
27,2,1,700,-1,1,-1,2,2
71,3,1,700,-1,-1,-1,-1,-1
22,1,1,700,2,1,2,1,-1
22,1,2,700,2,2,-1,2,9
18,2,2,700,2,1,-1,2,7
17,1,2,700,1,2,-1,2,8
13,1,2,700,1,-1,-1,-1,-1
18,1,2,700,2,2,-1,2,7
62,2,2,700,-1,-1,-1,-1,-1
34,2,2,700,-1,1,-1,2,7
8,1,2,700,1,-1,-1,-1,-1
7,1,1,700,1,-1,-1,-1,-1
16,1,2,700,1,2,-1,2,8
30,2,2,700,-1,1,-1,2,7
16,1,1,700,2,-1,-1,-1,-1
15,1,2,700,1,2,-1,2,8
48,2,2,700,-1,2,-1,2,7
17,1,2,700,2,2,-1,2,7
22,1,2,700,2,-1,-1,-1,-1
41,2,2,700,-1,2,-1,2,7
32,2,2,700,-1,1,-1,2,7
51,2,2,700,-1,1,-1,2,7
10,1,2,700,1,-1,-1,-1,-1
33,2,2,700,-1,2,-1,2,7
56,1,1,700,-1,-1,-1,-1,-1
5,1,1,700,2,-1,-1,-1,-1
24,1,1,700,2,-1,-1,-1,-1
21,1,1,700,2,2,-1,2,7
59,2,2,700,-1,1,-1,2,7
28,2,2,700,-1,-1,-1,-1,-1
27,2,1,700,-1,-1,-1,-1,-1
52,2,1,700,-1,-1,-1,-1,-1
69,3,1,700,-1,1,-1,2,3
56,2,2,700,-1,1,-1,2,7
11,1,2,700,1,-1,-1,-1,-1
36,2,2,700,-1,-1,-1,-1,-1
31,2,1,700,-1,-1,-1,-1,-1
26,2,2,700,-1,1,-1,2,7
23,1,1,700,2,2,-1,2,6
37,2,1,700,-1,-1,-1,-1,-1
19,1,1,700,1,2,-1,2,8
16,1,1,700,1,2,-1,2,8
16,1,1,700,1,1,-1,2,8
48,2,2,700,-1,-1,-1,-1,-1
53,2,2,700,-1,-1,-1,-1,-1
43,2,2,700,-1,1,-1,2,7
58,2,2,700,-1,-1,-1,-1,-1
7,1,1,700,1,-1,-1,-1,-1
21,2,2,700,2,1,-1,2,7
34,2,2,700,-1,1,-1,2,7
23,2,2,700,2,1,-1,2,7
18,1,2,700,1,2,-1,2,8
6,1,1,700,1,-1,-1,-1,-1
18,1,2,700,2,2,-1,2,9
43,2,2,700,-1,-1,-1,-1,-1
35,2,2,700,-1,-1,-1,-1,-1
33,2,1,700,-1,-1,-1,-1,-1
5,1,1,700,1,-1,-1,-1,-1
7,1,1,700,1,-1,-1,-1,-1
40,1,1,700,-1,-1,-1,-1,-1
25,2,1,700,-1,-1,-1,-1,-1
21,1,1,700,2,-1,-1,-1,-1
24,1,2,700,2,1,-1,2,6
11,1,1,700,1,-1,-1,-1,-1
73,2,1,700,-1,1,-1,2,6
5,1,1,700,1,-1,-1,-1,-1
48,1,2,700,-1,1,-1,2,7
11,1,1,700,2,-1,-1,-1,-1
65,2,1,700,-1,-1,-1,-1,-1
38,2,2,700,-1,1,-1,2,7
20,1,1,700,1,2,-1,2,8
8,1,2,700,1,-1,-1,-1,-1
18,1,2,700,2,-1,-1,-1,-1
25,2,1,700,-1,-1,-1,-1,-1
6,1,2,700,1,-1,-1,-1,-1
23,1,2,700,2,-1,-1,-1,-1
20,1,1,700,1,2,-1,2,8
47,2,1,700,-1,-1,-1,-1,-1
17,1,2,700,1,2,-1,2,8
11,1,1,700,1,-1,-1,-1,-1
28,2,1,700,-1,-1,-1,-1,-1
44,2,2,700,-1,-1,-1,-1,-1
30,2,2,700,-1,-1,-1,-1,-1
33,2,2,700,-1,2,-1,2,7
31,2,1,700,-1,-1,-1,-1,-1
17,1,2,700,1,2,-1,2,8
6,1,1,700,1,-1,-1,-1,-1
41,2,1,700,-1,-1,-1,-1,-1
20,1,1,700,2,-1,-1,-1,-1
45,2,1,700,-1,1,-1,2,3
5,1,2,700,1,-1,-1,-1,-1
38,2,1,700,-1,-1,-1,-1,-1
17,1,2,700,1,2,-1,2,8
60,2,2,700,-1,1,-1,2,6
11,1,2,700,1,-1,-1,-1,-1
39,2,2,700,-1,1,-1,2,7
45,4,2,700,-1,-1,-1,-1,-1
6,1,2,700,1,-1,-1,-1,-1
48,2,1,700,-1,-1,-1,-1,-1
58,2,1,700,-1,-1,-1,-1,-1
19,1,1,700,1,2,-1,2,8
79,2,2,700,-1,-1,-1,-1,-1
36,2,2,700,-1,-1,-1,-1,-1
15,1,2,700,1,2,-1,2,6
22,2,2,700,2,1,-1,2,7
5,1,1,700,1,-1,-1,-1,-1
27,2,2,700,-1,1,-1,2,7
63,3,1,700,-1,-1,-1,-1,-1
11,1,1,700,1,-1,-1,-1,-1
11,1,1,700,1,-1,-1,-1,-1
17,1,2,700,1,2,-1,2,8
32,2,2,700,-1,-1,-1,-1,-1
13,1,2,700,1,-1,-1,-1,-1
13,1,1,700,2,-1,-1,-1,-1
26,2,1,700,-1,-1,-1,-1,-1
23,2,2,700,1,2,-1,2,8
37,2,1,700,-1,-1,-1,-1,-1
22,1,1,700,2,-1,-1,-1,-1
25,2,2,700,-1,2,-1,2,7
58,2,2,700,-1,1,-1,2,7
26,1,1,700,-1,-1,-1,-1,-1
15,1,2,700,1,2,-1,2,8
11,1,1,700,1,-1,-1,-1,-1
7,1,1,700,1,-1,-1,-1,-1
15,1,1,700,1,2,-1,2,8
7,1,1,700,1,-1,-1,-1,-1
50,3,2,700,-1,-1,-1,-1,-1
21,1,1,700,2,-1,-1,-1,-1
8,1,1,700,1,-1,-1,-1,-1
43,2,2,700,-1,2,-1,2,7
18,1,2,700,2,-1,-1,-1,-1
38,2,1,700,-1,-1,-1,-1,-1
30,1,1,700,-1,-1,-1,-1,-1
12,1,2,700,1,-1,-1,-1,-1
70,2,2,700,-1,1,-1,2,7
31,2,1,700,-1,-1,-1,-1,-1
7,1,2,700,1,-1,-1,-1,-1
23,1,1,700,2,-1,-1,-1,-1
13,1,1,700,1,-1,-1,-1,-1
27,2,1,700,-1,-1,-1,-1,-1
50,2,2,700,-1,-1,-1,-1,-1
8,1,2,700,1,-1,-1,-1,-1
68,1,2,700,-1,1,-1,2,6
78,3,2,700,-1,1,-1,2,6
63,2,1,700,-1,-1,-1,-1,-1
36,2,2,700,-1,-1,-1,-1,-1
12,1,1,700,1,-1,-1,-1,-1
45,2,1,700,-1,1,2,1,-1
28,1,1,700,-1,-1,-1,-1,-1
15,1,1,700,1,2,-1,2,8
12,1,2,700,1,-1,-1,-1,-1
46,2,1,700,-1,-1,-1,-1,-1
6,1,2,700,1,-1,-1,-1,-1
17,1,2,700,1,2,-1,2,8
39,2,1,700,-1,-1,-1,-1,-1
35,2,2,700,-1,-1,-1,-1,-1
43,2,2,700,-1,-1,-1,-1,-1
65,2,2,700,-1,1,-1,2,6
5,1,2,700,2,-1,-1,-1,-1
16,1,2,700,1,2,-1,2,8
38,2,1,700,-1,-1,-1,-1,-1
50,2,1,700,-1,-1,-1,-1,-1
73,2,1,700,-1,1,-1,2,6
10,1,2,700,1,-1,-1,-1,-1
73,2,2,700,-1,1,-1,2,6
53,2,1,700,-1,-1,-1,-1,-1
61,2,2,700,-1,-1,-1,-1,-1
16,1,1,700,2,-1,-1,-1,-1
38,2,1,700,-1,-1,-1,-1,-1
43,2,1,700,-1,-1,-1,-1,-1
38,1,2,700,-1,-1,-1,-1,-1
14,3,2,700,1,-1,-1,-1,-1
18,1,2,700,1,2,-1,2,8
50,4,2,700,-1,1,-1,2,7
14,1,1,700,1,-1,-1,-1,-1
7,1,1,700,1,-1,-1,-1,-1
11,1,1,700,1,-1,-1,-1,-1
7,1,1,700,1,-1,-1,-1,-1
9,1,1,700,1,-1,-1,-1,-1
6,1,2,700,1,-1,-1,-1,-1
54,2,1,700,-1,-1,-1,-1,-1
63,2,1,700,-1,-1,-1,-1,-1
69,2,1,700,-1,1,-1,2,6
45,2,1,700,-1,-1,-1,-1,-1
16,1,1,700,1,2,-1,2,8
5,1,2,700,1,-1,-1,-1,-1
14,1,1,700,1,-1,-1,-1,-1
59,2,2,700,-1,1,-1,2,7
24,4,1,700,2,-1,-1,-1,-1
18,1,1,700,2,2,-1,2,2
60,2,2,700,-1,1,-1,2,6
75,3,1,700,-1,1,-1,2,6
24,1,1,700,2,-1,-1,-1,-1
62,2,1,700,-1,-1,-1,-1,-1
56,2,1,700,-1,-1,-1,-1,-1
50,4,1,700,-1,-1,-1,-1,-1
48,2,1,700,-1,-1,-1,-1,-1
19,1,1,700,2,-1,-1,-1,-1
13,1,2,700,1,-1,-1,-1,-1
51,1,1,700,-1,-1,-1,-1,-1
11,1,2,700,1,-1,-1,-1,-1
18,1,1,700,2,-1,-1,-1,-1
24,4,1,700,2,-1,-1,-1,-1
36,1,2,700,-1,-1,-1,-1,-1
55,4,2,700,-1,-1,-1,-1,-1
42,2,1,700,-1,-1,-1,-1,-1
26,2,2,700,-1,-1,-1,-1,-1
25,2,2,700,-1,-1,-1,-1,-1
22,2,2,700,2,1,-1,2,7
45,2,2,700,-1,-1,-1,-1,-1
7,1,1,700,1,-1,-1,-1,-1
59,2,2,700,-1,-1,-1,-1,-1
80,3,2,700,-1,1,-1,2,6
39,1,1,700,-1,2,-1,2,3
9,1,2,700,1,-1,-1,-1,-1
35,2,2,700,-1,-1,-1,-1,-1
24,1,1,700,2,-1,-1,-1,-1
13,1,1,700,1,-1,-1,-1,-1
23,2,2,700,2,1,-1,2,7
27,2,1,700,-1,-1,-1,-1,-1
23,2,2,700,2,-1,-1,-1,-1
5,1,1,700,1,-1,-1,-1,-1
54,2,1,700,-1,-1,-1,-1,-1
16,1,1,700,1,2,-1,2,8
37,2,2,700,-1,-1,-1,-1,-1
48,2,1,700,-1,-1,-1,-1,-1
31,2,2,700,-1,1,-1,2,7
38,2,1,700,-1,-1,-1,-1,-1
9,1,1,700,1,-1,-1,-1,-1
20,1,1,700,2,-1,-1,-1,-1
5,1,1,700,1,-1,-1,-1,-1
61,2,1,700,-1,-1,-1,-1,-1
14,1,2,700,1,-1,-1,-1,-1
43,2,1,700,-1,-1,-1,-1,-1
15,1,1,700,1,-1,-1,-1,-1
12,1,2,700,2,-1,-1,-1,-1
5,1,1,700,1,-1,-1,-1,-1
5,1,2,700,2,-1,-1,-1,-1
57,4,1,700,-1,-1,-1,-1,-1
8,1,2,700,1,-1,-1,-1,-1
26,2,2,700,-1,2,-1,2,7
19,1,1,700,1,1,-1,2,8
58,2,2,700,-1,1,-1,2,7
24,1,1,700,2,-1,-1,-1,-1
28,1,1,700,-1,-1,-1,-1,-1
42,2,2,700,-1,-1,-1,-1,-1
87,3,2,700,-1,1,-1,2,6
15,1,2,700,1,2,-1,2,8
20,1,2,700,1,2,-1,2,8
23,1,1,700,2,2,-1,2,7
47,2,1,700,-1,-1,-1,-1,-1
6,1,2,700,1,-1,-1,-1,-1
36,2,1,700,-1,-1,-1,-1,-1
18,1,1,700,2,-1,-1,-1,-1
8,1,1,700,1,-1,-1,-1,-1
15,1,1,700,2,2,-1,2,7
17,1,1,700,1,2,-1,2,8
42,2,2,700,-1,2,-1,2,7
8,1,1,700,2,-1,-1,-1,-1
69,2,1,700,-1,-1,-1,-1,-1
19,1,1,700,1,1,-1,2,8
31,2,2,700,-1,1,-1,2,7
36,2,2,700,-1,1,-1,2,7
48,2,1,700,-1,-1,-1,-1,-1
75,4,1,700,-1,-1,-1,-1,-1
53,2,2,700,-1,-1,-1,-1,-1
63,2,1,700,-1,1,-1,2,4
43,2,1,700,-1,-1,-1,-1,-1
59,1,2,700,-1,-1,-1,-1,-1
6,1,2,700,1,-1,-1,-1,-1
24,1,2,700,2,1,-1,2,3
44,2,2,700,-1,1,-1,2,7
19,2,1,700,2,-1,-1,-1,-1
25,1,1,700,-1,-1,-1,-1,-1
16,1,1,700,1,2,-1,2,8
53,2,1,700,-1,-1,-1,-1,-1
31,2,1,700,-1,-1,-1,-1,-1
34,2,2,700,-1,1,-1,2,7
25,1,1,700,-1,-1,-1,-1,-1
26,2,1,700,-1,-1,-1,-1,-1
9,1,2,700,1,-1,-1,-1,-1
12,1,1,700,1,-1,-1,-1,-1
7,1,1,700,1,-1,-1,-1,-1
46,2,1,700,-1,-1,-1,-1,-1
35,1,1,700,-1,-1,-1,-1,-1
18,2,2,700,2,1,-1,2,7
5,1,1,700,1,-1,-1,-1,-1
41,2,1,700,-1,1,-1,2,7
40,2,1,700,-1,-1,-1,-1,-1
76,4,1,700,-1,1,-1,2,6
31,1,2,700,-1,-1,-1,-1,-1
30,2,1,700,-1,-1,-1,-1,-1
35,2,2,700,-1,1,-1,2,7
51,2,2,700,-1,-1,-1,-1,-1
11,1,2,700,1,-1,-1,-1,-1
47,4,1,700,-1,-1,-1,-1,-1
25,2,2,700,-1,1,-1,2,7
31,2,1,700,-1,-1,-1,-1,-1
5,1,1,700,2,-1,-1,-1,-1
6,1,2,700,1,-1,-1,-1,-1
33,1,2,700,-1,-1,-1,-1,-1
30,2,2,700,-1,-1,-1,-1,-1
38,2,1,700,-1,-1,-1,-1,-1
21,1,1,700,2,2,-1,2,9
53,2,2,700,-1,1,-1,2,7
17,1,2,700,1,1,-1,2,8
55,2,1,700,-1,-1,-1,-1,-1
62,2,1,700,-1,1,-1,2,3
28,2,2,700,-1,1,-1,2,4
67,2,2,700,-1,1,-1,2,6
52,2,2,700,-1,-1,-1,-1,-1
27,2,1,700,-1,-1,-1,-1,-1
21,1,2,700,2,-1,-1,-1,-1
67,3,2,700,-1,-1,-1,-1,-1
12,1,2,700,1,-1,-1,-1,-1
40,2,1,700,-1,-1,-1,-1,-1
25,2,2,700,-1,-1,-1,-1,-1
45,2,2,700,-1,-1,-1,-1,-1
56,2,1,700,-1,-1,-1,-1,-1
67,3,2,700,-1,1,-1,2,6
63,2,1,700,-1,-1,-1,-1,-1
58,3,2,700,-1,-1,-1,-1,-1
23,2,2,700,2,-1,-1,-1,-1
26,1,2,700,-1,-1,-1,-1,-1
40,2,2,700,-1,1,-1,2,7
52,2,2,700,-1,1,-1,2,7
82,3,1,700,-1,1,-1,2,6
34,1,1,700,-1,-1,-1,-1,-1
53,2,2,700,-1,-1,-1,-1,-1
13,1,1,700,1,-1,-1,-1,-1
9,1,1,700,1,-1,-1,-1,-1
8,1,2,700,1,-1,-1,-1,-1
21,1,1,700,2,-1,-1,-1,-1
68,2,2,700,-1,1,-1,2,6
9,1,2,700,1,-1,-1,-1,-1
25,2,2,700,-1,1,-1,2,7
5,1,2,700,1,-1,-1,-1,-1
8,1,2,700,1,-1,-1,-1,-1
67,2,1,700,-1,1,-1,2,6
15,1,1,700,1,2,-1,2,8
5,1,1,700,1,-1,-1,-1,-1
22,1,1,700,1,2,-1,2,8
21,1,1,700,1,2,-1,2,8
6,1,2,700,1,-1,-1,-1,-1
35,2,1,700,-1,-1,-1,-1,-1
11,1,2,700,1,-1,-1,-1,-1
39,2,2,700,-1,-1,-1,-1,-1
25,2,2,700,-1,2,-1,2,7
42,2,2,700,-1,2,-1,2,7
25,2,2,700,-1,1,-1,2,5
38,2,1,700,-1,-1,-1,-1,-1
22,1,2,700,2,1,-1,2,5
15,1,1,700,1,2,-1,2,8
7,1,1,700,1,-1,-1,-1,-1
16,1,1,700,1,-1,-1,-1,-1
52,2,2,700,-1,1,-1,2,7
60,3,1,700,-1,-1,-1,-1,-1
33,1,2,700,-1,-1,-1,-1,-1
32,2,2,700,-1,-1,-1,-1,-1
5,1,1,700,1,-1,-1,-1,-1
22,1,2,700,2,-1,-1,-1,-1
54,2,2,700,-1,-1,-1,-1,-1
16,1,2,700,1,2,-1,2,8
7,1,1,700,1,-1,-1,-1,-1
10,1,1,700,1,-1,-1,-1,-1
8,1,2,700,1,-1,-1,-1,-1
26,2,2,700,-1,1,-1,2,7
44,3,2,700,-1,-1,-1,-1,-1
26,2,2,700,-1,1,-1,2,7
26,2,2,700,-1,1,-1,2,7
19,1,2,700,2,-1,-1,-1,-1
48,2,2,700,-1,-1,-1,-1,-1
53,2,2,700,-1,-1,-1,-1,-1
33,2,1,700,-1,-1,-1,-1,-1
30,2,1,700,-1,-1,-1,-1,-1
32,2,2,700,-1,1,-1,2,7
31,2,1,700,-1,-1,-1,-1,-1
39,2,1,700,-1,-1,-1,-1,-1
58,2,2,700,-1,1,-1,2,6
47,2,2,700,-1,1,-1,2,3
58,2,1,700,-1,-1,-1,-1,-1
5,1,2,700,1,-1,-1,-1,-1
27,2,2,700,-1,1,-1,2,7
12,1,1,700,1,-1,-1,-1,-1
7,1,1,700,1,-1,-1,-1,-1
7,1,2,700,1,-1,-1,-1,-1
5,1,1,700,1,-1,-1,-1,-1
40,2,2,700,-1,-1,-1,-1,-1
69,2,2,700,-1,-1,-1,-1,-1
31,1,1,700,-1,2,-1,2,6
17,1,2,700,1,-1,-1,-1,-1
51,2,2,700,-1,1,-1,2,7
25,1,1,700,-1,1,2,1,-1
8,1,2,700,1,-1,-1,-1,-1
21,1,1,700,1,2,-1,2,8
16,1,1,700,2,-1,-1,-1,-1
58,2,1,700,-1,-1,-1,-1,-1
46,2,1,700,-1,-1,-1,-1,-1
27,1,1,700,-1,-1,-1,-1,-1
27,1,1,700,-1,-1,-1,-1,-1
51,2,2,700,-1,-1,-1,-1,-1
19,2,2,700,2,1,-1,2,7
15,1,1,700,1,2,-1,2,8
63,2,2,700,-1,1,-1,2,6
7,1,1,700,1,-1,-1,-1,-1
15,1,1,700,1,-1,-1,-1,-1
59,2,1,700,-1,1,-1,2,1
58,2,2,700,-1,-1,-1,-1,-1
6,1,1,700,1,-1,-1,-1,-1
28,2,2,700,-1,-1,-1,-1,-1
18,1,1,700,1,2,-1,2,8
59,2,1,700,-1,-1,-1,-1,-1
25,1,1,700,-1,-1,-1,-1,-1
16,1,2,700,2,2,-1,2,8
25,2,1,700,-1,-1,-1,-1,-1
30,2,1,700,-1,-1,-1,-1,-1
10,1,1,700,1,-1,-1,-1,-1
16,1,1,700,2,-1,-1,-1,-1
34,2,2,700,-1,-1,-1,-1,-1
29,2,2,700,-1,-1,-1,-1,-1
30,2,1,700,-1,-1,-1,-1,-1
49,2,2,700,-1,1,-1,2,7
30,2,1,700,-1,1,-1,2,1
28,1,1,700,-1,-1,-1,-1,-1
28,1,1,700,-1,-1,-1,-1,-1
51,2,1,700,-1,-1,-1,-1,-1
31,2,2,700,-1,-1,-1,-1,-1
13,1,2,700,1,-1,-1,-1,-1
18,1,1,700,2,-1,-1,-1,-1
49,2,2,700,-1,2,-1,2,6
8,1,1,700,1,-1,-1,-1,-1
24,2,2,700,2,1,-1,2,7
35,2,1,700,-1,-1,-1,-1,-1
48,4,2,700,-1,-1,-1,-1,-1
70,2,1,700,-1,1,-1,2,6
55,2,1,700,-1,2,-1,2,7
6,1,2,700,1,-1,-1,-1,-1
16,1,1,700,1,2,-1,2,8
52,2,1,700,-1,-1,-1,-1,-1
42,2,1,700,-1,-1,-1,-1,-1
50,2,2,700,-1,1,-1,2,7
48,2,2,700,-1,1,-1,2,7
58,2,2,700,-1,2,-1,2,7
53,2,1,700,-1,-1,-1,-1,-1
33,1,1,700,-1,-1,-1,-1,-1
62,3,1,700,-1,1,-1,2,6
33,2,1,700,-1,-1,-1,-1,-1
25,2,1,700,-1,-1,-1,-1,-1
9,1,1,700,1,-1,-1,-1,-1
24,2,1,700,2,-1,-1,-1,-1
12,1,1,700,1,-1,-1,-1,-1
15,1,2,700,1,2,-1,2,8
34,2,1,700,-1,1,-1,2,3
50,2,2,700,-1,-1,-1,-1,-1
5,1,1,700,1,-1,-1,-1,-1
12,1,1,700,1,-1,-1,-1,-1
38,2,2,700,-1,1,-1,2,5
22,1,2,700,1,2,-1,2,8
52,2,2,700,-1,-1,-1,-1,-1
21,1,1,700,2,1,-1,2,5
61,2,1,700,-1,-1,-1,-1,-1
25,1,2,700,-1,-1,-1,-1,-1
62,2,2,700,-1,-1,-1,-1,-1
62,2,1,700,-1,-1,-1,-1,-1
26,2,2,700,-1,1,-1,2,7
67,3,2,700,-1,1,-1,2,6
12,1,1,700,1,-1,-1,-1,-1
7,1,1,700,1,-1,-1,-1,-1
53,2,2,700,-1,1,-1,2,7
7,1,2,700,1,-1,-1,-1,-1
6,1,2,700,1,-1,-1,-1,-1
6,1,1,700,1,-1,-1,-1,-1
21,2,2,700,2,2,-1,2,7
48,2,1,700,-1,-1,-1,-1,-1
35,2,2,700,-1,-1,-1,-1,-1
10,1,1,700,1,-1,-1,-1,-1
33,2,2,700,-1,1,-1,2,7
20,1,1,700,2,-1,-1,-1,-1
28,1,2,700,-1,-1,-1,-1,-1
18,1,1,700,1,-1,-1,-1,-1
29,2,2,700,-1,2,-1,2,7
21,1,1,700,2,-1,-1,-1,-1
5,1,1,700,2,-1,-1,-1,-1
69,2,2,700,-1,1,-1,2,7
8,1,2,700,1,-1,-1,-1,-1
54,2,2,700,-1,-1,-1,-1,-1
14,1,1,700,1,-1,-1,-1,-1
27,1,1,700,-1,1,-1,2,9
25,1,1,700,-1,-1,-1,-1,-1
51,2,2,700,-1,1,-1,2,7
33,2,2,700,-1,1,-1,2,7
7,1,2,700,1,-1,-1,-1,-1
51,2,1,700,-1,-1,-1,-1,-1
43,1,1,700,-1,-1,-1,-1,-1
12,1,1,700,1,-1,-1,-1,-1
72,2,2,700,-1,1,-1,2,7
20,2,2,700,2,1,-1,2,7
23,2,1,700,2,-1,-1,-1,-1
37,1,2,700,-1,1,-1,2,7
33,1,1,700,-1,-1,-1,-1,-1
37,4,2,700,-1,-1,-1,-1,-1
44,2,1,700,-1,-1,-1,-1,-1
28,2,2,700,-1,1,-1,2,7
13,1,2,700,1,-1,-1,-1,-1
27,1,2,700,-1,-1,-1,-1,-1
38,1,1,700,-1,-1,-1,-1,-1
21,1,1,700,2,2,1,1,-1
40,2,2,700,-1,2,-1,2,7
31,1,1,700,-1,-1,-1,-1,-1
18,1,2,700,2,-1,-1,-1,-1
5,1,1,700,1,-1,-1,-1,-1
17,1,2,700,2,2,-1,2,6
8,1,2,700,1,-1,-1,-1,-1
66,2,2,700,-1,1,-1,2,6
38,2,2,700,-1,-1,-1,-1,-1
9,1,1,700,1,-1,-1,-1,-1
13,1,2,700,1,-1,-1,-1,-1
14,1,1,700,1,-1,-1,-1,-1
8,1,2,700,1,-1,-1,-1,-1
20,1,1,700,2,-1,-1,-1,-1
17,1,2,700,2,-1,-1,-1,-1
12,1,2,700,1,-1,-1,-1,-1
50,2,1,700,-1,-1,-1,-1,-1
45,1,2,700,-1,-1,-1,-1,-1
57,2,2,700,-1,-1,-1,-1,-1
24,2,2,700,2,2,-1,2,1
28,1,1,700,-1,1,2,1,-1
16,1,2,700,1,2,-1,2,8
46,2,1,700,-1,-1,-1,-1,-1
19,1,1,700,1,1,2,1,-1
19,2,1,700,2,-1,-1,-1,-1
25,1,1,700,-1,1,2,1,-1
20,1,1,700,1,1,-1,2,8
8,1,1,700,1,-1,-1,-1,-1
26,2,1,700,-1,-1,-1,-1,-1
30,2,1,700,-1,-1,-1,-1,-1
35,2,1,700,-1,-1,-1,-1,-1
27,1,2,700,-1,-1,-1,-1,-1
24,2,1,700,2,-1,-1,-1,-1
11,1,2,700,1,-1,-1,-1,-1
50,3,2,700,-1,-1,-1,-1,-1
22,1,1,700,2,2,1,1,-1
20,2,2,700,2,1,-1,2,3
20,1,2,700,2,2,-1,2,6
78,2,2,700,-1,1,-1,2,6
31,3,2,700,-1,-1,-1,-1,-1
22,1,2,700,2,-1,-1,-1,-1
33,2,2,700,-1,1,-1,2,7
14,1,2,700,1,-1,-1,-1,-1
59,2,1,700,-1,-1,-1,-1,-1
39,2,2,700,-1,-1,-1,-1,-1
33,1,2,700,-1,-1,-1,-1,-1
24,1,1,700,2,-1,-1,-1,-1
9,1,2,700,1,-1,-1,-1,-1
73,2,1,700,-1,-1,-1,-1,-1
72,3,2,700,-1,2,-1,2,7
25,1,1,700,-1,-1,-1,-1,-1
61,2,1,700,-1,-1,-1,-1,-1
59,2,2,700,-1,-1,-1,-1,-1
20,1,1,700,2,-1,-1,-1,-1
19,1,2,700,1,2,-1,2,8
43,2,2,700,-1,1,-1,2,9
30,2,2,700,-1,2,-1,2,7
7,1,1,700,1,-1,-1,-1,-1
12,1,2,700,1,-1,-1,-1,-1
8,1,2,700,1,-1,-1,-1,-1
15,1,2,700,1,2,-1,2,8
17,1,2,700,1,2,-1,2,8
45,4,2,700,-1,-1,-1,-1,-1
25,1,2,700,-1,-1,-1,-1,-1
51,2,2,700,-1,2,-1,2,7
26,2,1,700,-1,-1,-1,-1,-1
10,1,1,700,1,-1,-1,-1,-1
19,1,2,700,1,2,-1,2,8
22,2,2,700,2,1,-1,2,7
59,2,2,700,-1,-1,-1,-1,-1
18,1,1,700,1,-1,-1,-1,-1
15,1,2,700,1,2,-1,2,8
26,2,1,700,-1,-1,-1,-1,-1
8,1,1,700,1,-1,-1,-1,-1
44,2,1,700,-1,-1,-1,-1,-1
8,1,1,700,1,-1,-1,-1,-1
57,2,1,700,-1,-1,-1,-1,-1
62,2,1,700,-1,-1,-1,-1,-1
6,1,2,700,1,-1,-1,-1,-1
21,1,2,700,2,-1,-1,-1,-1
59,2,2,700,-1,2,-1,2,7
38,2,2,700,-1,-1,-1,-1,-1
25,2,1,700,-1,1,-1,2,7
26,2,1,700,-1,-1,-1,-1,-1
5,1,2,700,2,-1,-1,-1,-1
31,4,2,700,-1,-1,-1,-1,-1
20,1,1,700,2,-1,-1,-1,-1
59,2,1,700,-1,-1,-1,-1,-1
7,1,2,700,1,-1,-1,-1,-1
12,1,1,700,1,-1,-1,-1,-1
57,2,2,700,-1,-1,-1,-1,-1
78,3,2,700,-1,2,-1,2,6
29,2,1,700,-1,-1,-1,-1,-1
47,2,1,700,-1,-1,-1,-1,-1
45,2,1,700,-1,-1,-1,-1,-1
17,1,1,700,2,2,-1,2,6
27,2,2,700,-1,1,-1,2,7
72,2,1,700,-1,-1,-1,-1,-1
35,2,2,700,-1,-1,-1,-1,-1
27,2,2,700,-1,-1,-1,-1,-1
13,1,1,700,1,-1,-1,-1,-1
37,2,2,700,-1,2,-1,2,7
8,1,1,700,1,-1,-1,-1,-1
10,1,1,700,1,-1,-1,-1,-1
48,2,1,700,-1,-1,-1,-1,-1
30,2,1,700,-1,-1,-1,-1,-1
7,1,2,700,1,-1,-1,-1,-1
27,4,2,700,-1,2,-1,2,7
26,2,2,700,-1,2,-1,2,7
46,2,2,700,-1,1,-1,2,7
7,1,1,700,1,-1,-1,-1,-1
30,2,1,700,-1,-1,-1,-1,-1
55,2,2,700,-1,-1,-1,-1,-1
18,1,2,700,2,1,-1,2,7
25,1,1,700,-1,1,-1,2,2
44,4,1,700,-1,-1,-1,-1,-1
5,1,2,700,2,-1,-1,-1,-1
29,2,2,700,-1,-1,-1,-1,-1
45,2,2,700,-1,-1,-1,-1,-1
55,2,1,700,-1,-1,-1,-1,-1
64,2,1,700,-1,1,-1,2,1
55,3,1,700,-1,-1,-1,-1,-1
27,2,2,700,-1,1,-1,2,7
16,1,2,700,1,2,-1,2,8
15,3,1,700,1,-1,-1,-1,-1
9,1,2,700,1,-1,-1,-1,-1
17,1,2,700,1,2,-1,2,9
23,1,2,700,2,-1,-1,-1,-1
18,1,1,700,2,1,-1,2,7
39,2,1,700,-1,-1,-1,-1,-1
40,2,2,700,-1,1,-1,2,7
7,1,1,700,1,-1,-1,-1,-1
24,1,1,700,2,-1,-1,-1,-1
30,1,1,700,-1,-1,-1,-1,-1
48,2,2,700,-1,-1,-1,-1,-1
15,1,1,700,1,2,-1,2,8
18,2,2,700,2,1,-1,2,7
67,2,2,700,-1,1,-1,2,7
57,2,1,700,-1,-1,-1,-1,-1
38,2,2,700,-1,-1,-1,-1,-1
22,1,1,700,2,-1,-1,-1,-1
14,1,2,700,1,-1,-1,-1,-1
50,4,2,700,-1,-1,-1,-1,-1
18,1,1,700,2,-1,-1,-1,-1
28,1,1,700,-1,-1,-1,-1,-1
32,2,2,700,-1,-1,-1,-1,-1
32,2,1,700,-1,-1,-1,-1,-1
34,1,1,700,-1,-1,-1,-1,-1
12,1,1,700,1,-1,-1,-1,-1
39,2,1,700,-1,-1,-1,-1,-1
7,1,2,700,1,-1,-1,-1,-1
41,1,1,700,-1,-1,-1,-1,-1
40,2,1,700,-1,-1,-1,-1,-1
35,2,2,700,-1,-1,-1,-1,-1
6,1,2,700,1,-1,-1,-1,-1
17,1,2,700,2,-1,-1,-1,-1
31,2,2,700,-1,1,-1,2,7
15,1,1,700,2,2,-1,2,6
40,2,2,700,-1,-1,-1,-1,-1
27,1,2,700,-1,-1,-1,-1,-1
14,1,1,700,1,-1,-1,-1,-1
42,1,1,700,-1,-1,-1,-1,-1
51,2,2,700,-1,1,-1,2,7
50,2,2,700,-1,-1,-1,-1,-1
30,1,1,700,-1,-1,-1,-1,-1
29,2,1,700,-1,-1,-1,-1,-1
62,2,1,700,-1,-1,-1,-1,-1
26,2,1,700,-1,-1,-1,-1,-1
44,2,2,700,-1,1,-1,2,7
26,1,2,700,-1,2,2,1,-1
30,2,2,700,-1,1,-1,2,7
18,1,2,700,1,2,-1,2,8
45,1,1,700,-1,-1,-1,-1,-1
39,2,1,700,-1,-1,-1,-1,-1
66,2,2,700,-1,-1,-1,-1,-1
55,4,1,700,-1,-1,-1,-1,-1
8,1,1,700,1,-1,-1,-1,-1
11,1,1,700,1,-1,-1,-1,-1
6,1,1,700,1,-1,-1,-1,-1
8,1,2,700,1,-1,-1,-1,-1
35,2,1,700,-1,-1,-1,-1,-1
17,1,1,700,1,2,-1,2,8
49,2,1,700,-1,1,-1,2,5
45,1,2,700,-1,-1,-1,-1,-1
72,3,2,700,-1,1,-1,2,6
36,2,1,700,-1,-1,-1,-1,-1
7,1,1,700,1,-1,-1,-1,-1
10,1,2,700,1,-1,-1,-1,-1
39,2,2,700,-1,-1,-1,-1,-1
29,2,2,700,-1,1,-1,2,7
52,3,2,700,-1,1,-1,2,7
17,1,2,700,2,2,-1,2,6
19,1,2,700,2,1,-1,2,1
43,2,1,700,-1,-1,-1,-1,-1
20,2,1,700,2,-1,-1,-1,-1
44,2,2,700,-1,-1,-1,-1,-1
20,1,1,700,2,-1,-1,-1,-1
30,2,1,700,-1,-1,-1,-1,-1
41,2,2,700,-1,-1,-1,-1,-1
25,1,2,700,-1,-1,-1,-1,-1
8,1,1,700,1,-1,-1,-1,-1
10,1,2,700,1,-1,-1,-1,-1
66,3,2,700,-1,1,-1,2,6
48,2,2,700,-1,1,-1,2,7
25,2,1,700,-1,-1,-1,-1,-1
8,1,2,700,1,-1,-1,-1,-1
46,2,1,700,-1,-1,-1,-1,-1
8,1,2,700,1,-1,-1,-1,-1
52,2,2,700,-1,-1,-1,-1,-1
52,2,2,700,-1,-1,-1,-1,-1
5,1,1,700,1,-1,-1,-1,-1
52,3,2,700,-1,1,-1,2,9
6,1,1,700,1,-1,-1,-1,-1
58,2,1,700,-1,-1,-1,-1,-1
12,1,2,700,1,-1,-1,-1,-1
63,2,2,700,-1,-1,-1,-1,-1
35,1,2,700,-1,-1,-1,-1,-1
40,2,1,700,-1,-1,-1,-1,-1
45,2,2,700,-1,-1,-1,-1,-1
31,2,1,700,-1,-1,-1,-1,-1
36,2,2,700,-1,-1,-1,-1,-1
9,1,2,700,1,-1,-1,-1,-1
63,2,1,700,-1,1,-1,2,6
7,1,2,700,1,-1,-1,-1,-1
56,2,1,700,-1,-1,-1,-1,-1
47,2,2,700,-1,-1,-1,-1,-1
11,1,2,700,1,-1,-1,-1,-1
48,2,1,700,-1,-1,-1,-1,-1
11,1,1,700,1,-1,-1,-1,-1
48,2,1,700,-1,-1,-1,-1,-1
30,1,1,700,-1,1,-1,2,5
14,1,1,700,1,-1,-1,-1,-1
30,2,1,700,-1,-1,-1,-1,-1
10,1,2,700,1,-1,-1,-1,-1
38,2,2,700,-1,-1,-1,-1,-1
13,1,2,700,1,-1,-1,-1,-1
10,1,2,700,1,-1,-1,-1,-1
65,2,1,700,-1,-1,-1,-1,-1
47,2,1,700,-1,-1,-1,-1,-1
50,2,1,700,-1,1,-1,2,7
18,1,1,700,2,-1,-1,-1,-1
37,2,1,700,-1,-1,-1,-1,-1
43,2,2,700,-1,-1,-1,-1,-1
17,1,2,700,2,2,-1,2,8
14,1,2,700,2,-1,-1,-1,-1
24,1,1,700,1,2,-1,2,8
11,1,1,700,1,-1,-1,-1,-1
53,3,2,700,-1,-1,-1,-1,-1
15,1,2,700,1,2,-1,2,8
64,2,1,700,-1,-1,-1,-1,-1
6,1,2,700,1,-1,-1,-1,-1
15,1,1,700,1,2,-1,2,8
52,2,1,700,-1,-1,-1,-1,-1
6,1,1,700,1,-1,-1,-1,-1
54,3,2,700,-1,1,-1,2,7
42,2,1,700,-1,-1,-1,-1,-1
36,2,1,700,-1,-1,-1,-1,-1
43,2,2,700,-1,-1,-1,-1,-1
34,2,2,700,-1,1,-1,2,7
65,3,1,700,-1,1,-1,2,6
30,2,2,700,-1,1,-1,2,7
10,1,1,700,1,-1,-1,-1,-1
48,2,2,700,-1,1,-1,2,7
29,1,2,700,-1,-1,-1,-1,-1
7,1,2,700,1,-1,-1,-1,-1
20,4,2,700,2,-1,-1,-1,-1
79,2,1,700,-1,1,-1,2,6
26,2,2,700,-1,1,-1,2,7
53,2,2,700,-1,-1,-1,-1,-1
18,1,1,700,1,2,-1,2,8
24,2,2,700,2,-1,-1,-1,-1
28,1,1,700,-1,1,2,1,-1
37,2,2,700,-1,-1,-1,-1,-1
17,1,2,700,1,2,-1,2,8
31,2,1,700,-1,-1,-1,-1,-1
29,2,2,700,-1,1,-1,2,7
22,1,1,700,2,-1,-1,-1,-1
10,1,1,700,1,-1,-1,-1,-1
44,2,2,700,-1,1,-1,2,7
10,1,1,700,1,-1,-1,-1,-1
29,2,1,700,-1,-1,-1,-1,-1
20,1,2,700,2,-1,-1,-1,-1
50,2,2,700,-1,1,-1,2,7
72,3,2,700,-1,-1,-1,-1,-1
28,2,2,700,-1,1,-1,2,7
40,2,1,700,-1,-1,-1,-1,-1
23,1,1,700,2,2,-1,2,7
62,2,1,700,-1,-1,-1,-1,-1
5,1,1,700,2,-1,-1,-1,-1
34,2,2,700,-1,1,-1,2,7
55,3,1,700,-1,-1,-1,-1,-1
56,3,2,700,-1,-1,-1,-1,-1
24,2,2,700,2,-1,-1,-1,-1
30,2,2,700,-1,1,-1,2,8
6,1,1,700,1,-1,-1,-1,-1
14,1,2,700,1,-1,-1,-1,-1
51,2,1,700,-1,-1,-1,-1,-1
21,1,2,700,2,2,-1,2,6
40,2,2,700,-1,-1,-1,-1,-1
22,1,1,700,1,2,-1,2,8
10,1,1,700,1,-1,-1,-1,-1
21,1,1,700,2,2,-1,2,1
47,2,1,700,-1,-1,-1,-1,-1
9,1,2,700,1,-1,-1,-1,-1
18,1,2,700,1,2,-1,2,8
16,1,1,700,2,-1,-1,-1,-1
70,3,2,700,-1,1,-1,2,6
46,2,2,700,-1,-1,-1,-1,-1
12,1,1,700,1,-1,-1,-1,-1
42,2,1,700,-1,-1,-1,-1,-1
24,2,2,700,2,2,-1,2,7
11,1,1,700,2,-1,-1,-1,-1
6,1,2,700,1,-1,-1,-1,-1
26,2,2,700,-1,-1,-1,-1,-1
61,2,2,700,-1,-1,-1,-1,-1
8,1,2,700,1,-1,-1,-1,-1
17,1,1,700,2,2,-1,2,7
5,1,2,700,1,-1,-1,-1,-1
11,1,2,700,1,-1,-1,-1,-1
13,1,1,700,1,-1,-1,-1,-1
77,3,2,700,-1,1,-1,2,6
52,2,1,700,-1,-1,-1,-1,-1
39,2,2,700,-1,-1,-1,-1,-1
35,2,1,700,-1,-1,-1,-1,-1
71,2,1,700,-1,-1,-1,-1,-1
61,1,1,700,-1,-1,-1,-1,-1
53,4,2,700,-1,1,-1,2,9
41,2,2,700,-1,-1,-1,-1,-1
73,3,2,700,-1,1,-1,2,6
22,2,2,700,2,1,-1,2,7
35,2,1,700,-1,-1,-1,-1,-1
38,2,2,700,-1,-1,-1,-1,-1
32,2,2,700,-1,1,-1,2,7
54,2,2,700,-1,1,-1,2,7
24,1,2,700,2,-1,-1,-1,-1
8,1,1,700,1,-1,-1,-1,-1
5,1,1,700,2,-1,-1,-1,-1
54,2,1,700,-1,-1,-1,-1,-1
21,1,1,700,1,2,-1,2,8
9,1,2,700,1,-1,-1,-1,-1
72,2,1,700,-1,-1,-1,-1,-1
22,1,2,700,2,-1,-1,-1,-1
31,1,2,700,-1,-1,-1,-1,-1
5,1,1,700,1,-1,-1,-1,-1
11,1,1,700,1,-1,-1,-1,-1
8,1,2,700,1,-1,-1,-1,-1
16,1,2,700,1,-1,-1,-1,-1
73,2,2,700,-1,2,-1,2,6
20,1,2,700,2,-1,-1,-1,-1
37,2,2,700,-1,-1,-1,-1,-1
53,2,1,700,-1,-1,-1,-1,-1
43,2,2,700,-1,-1,-1,-1,-1
64,2,1,700,-1,-1,-1,-1,-1
66,3,2,700,-1,-1,-1,-1,-1
7,1,1,700,1,-1,-1,-1,-1
61,2,2,700,-1,1,-1,2,7
57,3,2,700,-1,1,-1,2,7
6,1,2,700,1,-1,-1,-1,-1
21,1,2,700,1,-1,-1,-1,-1
16,1,2,700,1,2,-1,2,8
48,1,2,700,-1,2,-1,2,6
29,2,2,700,-1,-1,-1,-1,-1
23,1,2,700,2,2,-1,2,9
51,2,1,700,-1,-1,-1,-1,-1
49,2,2,700,-1,-1,-1,-1,-1
46,2,2,700,-1,-1,-1,-1,-1
27,1,2,700,-1,-1,-1,-1,-1
15,1,2,700,1,2,-1,2,8
35,1,2,700,-1,1,-1,2,7
21,1,2,700,2,2,1,1,-1
44,1,1,700,-1,-1,-1,-1,-1
20,2,1,700,2,-1,-1,-1,-1
15,1,1,700,2,-1,-1,-1,-1
55,2,2,700,-1,-1,-1,-1,-1
20,2,1,700,2,-1,-1,-1,-1
11,1,1,700,1,-1,-1,-1,-1
14,1,2,700,1,-1,-1,-1,-1
54,2,2,700,-1,1,-1,2,7
20,1,1,700,2,-1,-1,-1,-1
51,2,2,700,-1,-1,-1,-1,-1
15,1,1,700,1,2,-1,2,8
23,1,2,700,2,-1,-1,-1,-1
48,4,2,700,-1,-1,-1,-1,-1
17,1,1,700,1,2,-1,2,8
14,1,2,700,1,-1,-1,-1,-1
41,2,2,700,-1,1,-1,2,7
58,2,2,700,-1,1,-1,2,7
45,2,1,700,-1,-1,-1,-1,-1
32,2,1,700,-1,-1,-1,-1,-1
8,1,2,700,1,-1,-1,-1,-1
25,1,1,700,-1,-1,-1,-1,-1
38,2,2,700,-1,1,-1,2,7
12,1,2,700,1,-1,-1,-1,-1
11,1,1,700,1,-1,-1,-1,-1
19,1,1,700,1,1,-1,2,8
28,1,2,700,-1,1,-1,2,7
29,1,2,700,-1,-1,-1,-1,-1
58,1,1,700,-1,2,-1,2,7
26,1,1,700,-1,-1,-1,-1,-1
41,2,1,700,-1,-1,-1,-1,-1
38,2,1,700,-1,-1,-1,-1,-1
35,2,2,700,-1,1,-1,2,7
14,1,1,700,1,-1,-1,-1,-1
24,1,2,700,2,-1,-1,-1,-1
45,2,1,700,-1,-1,-1,-1,-1
46,2,2,700,-1,-1,-1,-1,-1
7,1,2,700,1,-1,-1,-1,-1
29,2,2,700,-1,2,-1,2,7
51,4,2,700,-1,1,-1,2,7
9,1,1,700,1,-1,-1,-1,-1
14,1,2,700,1,-1,-1,-1,-1
7,1,1,700,1,-1,-1,-1,-1
15,1,2,700,1,2,-1,2,8
14,1,2,700,1,-1,-1,-1,-1
33,1,1,700,-1,-1,-1,-1,-1
23,2,1,700,2,-1,-1,-1,-1
55,2,1,700,-1,-1,-1,-1,-1
45,3,2,700,-1,-1,-1,-1,-1
26,2,2,700,-1,-1,-1,-1,-1
46,2,1,700,-1,-1,-1,-1,-1
25,1,1,700,-1,-1,-1,-1,-1
21,1,2,700,1,2,-1,2,8
31,4,1,700,-1,-1,-1,-1,-1
33,2,1,700,-1,-1,-1,-1,-1
13,1,2,700,1,-1,-1,-1,-1
34,1,1,700,-1,-1,-1,-1,-1
56,2,2,700,-1,2,-1,2,7
44,4,1,700,-1,-1,-1,-1,-1
73,2,1,700,-1,-1,-1,-1,-1
8,1,1,700,1,-1,-1,-1,-1
38,2,2,700,-1,-1,-1,-1,-1
50,3,2,700,-1,1,-1,2,7
45,2,2,700,-1,-1,-1,-1,-1
44,2,2,700,-1,-1,-1,-1,-1
20,1,1,700,2,2,2,1,-1
5,1,1,700,2,-1,-1,-1,-1
40,2,1,700,-1,-1,-1,-1,-1
8,1,2,700,2,-1,-1,-1,-1
28,2,2,700,-1,-1,-1,-1,-1
68,2,2,700,-1,-1,-1,-1,-1
46,2,1,700,-1,-1,-1,-1,-1
27,1,2,700,-1,-1,-1,-1,-1
47,2,1,700,-1,1,-1,2,1
58,2,2,700,-1,1,-1,2,7
17,1,1,700,2,2,-1,2,7
5,1,1,700,2,-1,-1,-1,-1
11,1,1,700,1,-1,-1,-1,-1
7,1,2,700,1,-1,-1,-1,-1
22,1,1,700,2,-1,-1,-1,-1
49,2,1,700,-1,-1,-1,-1,-1
10,1,2,700,1,-1,-1,-1,-1
49,2,2,700,-1,2,-1,2,7
67,3,2,700,-1,1,-1,2,6
34,1,2,700,-1,1,-1,2,1
48,2,1,700,-1,-1,-1,-1,-1
25,2,2,700,-1,-1,-1,-1,-1
35,2,2,700,-1,1,-1,2,7
67,3,1,700,-1,-1,-1,-1,-1
16,1,1,700,1,2,-1,2,8
30,1,1,700,-1,-1,-1,-1,-1
6,1,1,700,1,-1,-1,-1,-1
47,2,2,700,-1,-1,-1,-1,-1
6,1,2,700,1,-1,-1,-1,-1
24,2,2,700,2,1,-1,2,7
57,2,1,700,-1,-1,-1,-1,-1
34,2,2,700,-1,-1,-1,-1,-1
30,2,1,700,-1,-1,-1,-1,-1
24,2,2,700,2,-1,-1,-1,-1
18,1,2,700,1,2,-1,2,8
48,2,2,700,-1,1,-1,2,7
13,1,1,700,1,-1,-1,-1,-1
23,2,1,700,2,1,-1,2,7
28,2,2,700,-1,-1,-1,-1,-1
12,1,1,700,1,-1,-1,-1,-1
40,2,1,700,-1,1,-1,2,1
6,1,2,700,1,-1,-1,-1,-1
27,2,1,700,-1,-1,-1,-1,-1
65,2,1,700,-1,1,-1,2,6
19,1,2,700,2,2,-1,2,5
12,1,2,700,1,-1,-1,-1,-1
70,3,2,700,-1,1,-1,2,7
81,3,2,700,-1,1,-1,2,6
9,1,1,700,1,-1,-1,-1,-1
38,2,2,700,-1,1,-1,2,7
10,1,1,700,1,-1,-1,-1,-1
31,2,2,700,-1,-1,-1,-1,-1
16,1,2,700,1,2,-1,2,8
37,1,2,700,-1,2,-1,2,6
43,2,1,700,-1,-1,-1,-1,-1
68,2,1,700,-1,-1,-1,-1,-1
18,1,1,700,2,-1,-1,-1,-1
45,2,1,700,-1,-1,-1,-1,-1
18,1,2,700,1,2,-1,2,8
30,1,2,700,-1,-1,-1,-1,-1
19,2,2,700,2,1,-1,2,7
56,1,2,700,-1,1,-1,2,7
50,3,2,700,-1,-1,-1,-1,-1
52,2,2,700,-1,1,-1,2,7
38,2,1,700,-1,-1,-1,-1,-1
39,2,2,700,-1,2,-1,2,7
53,3,2,700,-1,-1,-1,-1,-1
21,1,2,700,2,-1,-1,-1,-1
22,1,1,700,2,-1,-1,-1,-1
13,1,1,700,1,-1,-1,-1,-1
14,1,1,700,1,-1,-1,-1,-1
8,1,1,700,1,-1,-1,-1,-1
13,1,2,700,1,-1,-1,-1,-1
30,1,2,700,-1,-1,-1,-1,-1
41,2,1,700,-1,-1,-1,-1,-1
19,1,1,700,1,2,-1,2,8
24,1,1,700,1,2,-1,2,8
33,2,2,700,-1,-1,-1,-1,-1
19,1,1,700,1,2,-1,2,8
17,1,1,700,1,2,-1,2,8
14,1,1,700,2,-1,-1,-1,-1
20,1,1,700,2,-1,-1,-1,-1
26,2,2,700,-1,1,-1,2,7
48,2,2,700,-1,-1,-1,-1,-1
32,2,2,700,-1,2,-1,2,7
10,1,1,700,1,-1,-1,-1,-1
67,2,2,700,-1,-1,-1,-1,-1
16,1,2,700,1,2,-1,2,8
26,1,2,700,-1,-1,-1,-1,-1
48,2,1,700,-1,1,2,1,-1
51,2,1,700,-1,1,-1,2,3
25,1,2,700,-1,2,-1,2,2
11,1,1,700,1,-1,-1,-1,-1
12,1,1,700,1,-1,-1,-1,-1
29,1,1,700,-1,1,2,1,-1
31,2,2,700,-1,1,-1,2,7
15,1,1,700,1,2,-1,2,8
9,1,1,700,1,-1,-1,-1,-1
57,1,1,700,-1,1,-1,2,6
58,3,2,700,-1,-1,-1,-1,-1
75,3,2,700,-1,-1,-1,-1,-1
39,1,2,700,-1,-1,-1,-1,-1
48,4,2,700,-1,-1,-1,-1,-1
40,2,2,700,-1,2,-1,2,7
27,1,1,700,-1,-1,-1,-1,-1
55,2,1,700,-1,-1,-1,-1,-1
6,1,2,700,1,-1,-1,-1,-1
17,1,1,700,2,-1,-1,-1,-1
14,1,1,700,1,-1,-1,-1,-1
41,3,2,700,-1,-1,-1,-1,-1
65,2,2,700,-1,1,-1,2,7
13,1,2,700,1,-1,-1,-1,-1
26,1,2,700,-1,-1,-1,-1,-1
49,2,2,700,-1,1,-1,2,7
46,3,2,700,-1,-1,-1,-1,-1
31,2,2,700,-1,-1,-1,-1,-1
33,2,1,700,-1,-1,-1,-1,-1
42,2,1,700,-1,-1,-1,-1,-1
21,2,1,700,2,-1,-1,-1,-1
31,2,2,700,-1,-1,-1,-1,-1
8,1,2,700,1,-1,-1,-1,-1
14,1,1,700,2,-1,-1,-1,-1
15,1,2,700,1,2,-1,2,8
6,1,1,700,2,-1,-1,-1,-1
9,1,2,700,1,-1,-1,-1,-1
31,2,2,700,-1,1,-1,2,7
12,1,2,700,1,-1,-1,-1,-1
45,2,2,700,-1,-1,-1,-1,-1
13,1,2,700,1,-1,-1,-1,-1
26,2,2,700,-1,-1,-1,-1,-1
9,1,2,700,1,-1,-1,-1,-1
22,2,1,700,2,-1,-1,-1,-1
9,1,1,700,1,-1,-1,-1,-1
7,1,1,700,1,-1,-1,-1,-1
8,1,2,700,1,-1,-1,-1,-1
34,2,2,700,-1,1,-1,2,7
12,1,1,700,1,-1,-1,-1,-1
58,3,2,700,-1,-1,-1,-1,-1
19,1,1,700,2,-1,-1,-1,-1
5,1,2,700,2,-1,-1,-1,-1
8,1,1,700,1,-1,-1,-1,-1
24,1,2,700,2,-1,-1,-1,-1
11,1,2,700,1,-1,-1,-1,-1
11,1,2,700,1,-1,-1,-1,-1
18,2,2,700,2,1,-1,2,7
24,1,1,700,2,-1,-1,-1,-1
73,3,2,700,-1,1,-1,2,7
11,1,2,700,1,-1,-1,-1,-1
26,2,2,700,-1,1,-1,2,7
48,2,2,700,-1,-1,-1,-1,-1
11,1,1,700,1,-1,-1,-1,-1
30,2,1,700,-1,-1,-1,-1,-1
31,2,2,700,-1,-1,-1,-1,-1
6,1,1,700,1,-1,-1,-1,-1
27,2,2,700,-1,1,-1,2,7
26,2,1,700,-1,-1,-1,-1,-1
16,1,2,700,1,2,-1,2,8
31,1,1,700,-1,-1,-1,-1,-1
42,2,1,700,-1,-1,-1,-1,-1
50,2,2,700,-1,1,-1,2,7
32,2,2,700,-1,1,-1,2,7
7,1,2,700,1,-1,-1,-1,-1
16,1,1,700,2,2,-1,2,6
20,1,1,700,1,2,-1,2,8
46,2,1,700,-1,-1,-1,-1,-1
41,4,2,700,-1,1,-1,2,7
7,1,1,700,1,-1,-1,-1,-1
70,2,1,700,-1,1,-1,2,6
16,1,2,700,2,1,-1,2,9
19,2,1,700,2,-1,-1,-1,-1
43,1,1,700,-1,-1,-1,-1,-1
60,2,2,700,-1,2,-1,2,7
40,1,2,700,-1,2,-1,2,7
5,1,2,700,1,-1,-1,-1,-1
30,2,2,700,-1,-1,-1,-1,-1
49,2,2,700,-1,-1,-1,-1,-1
76,2,2,700,-1,1,-1,2,6
46,2,2,700,-1,-1,-1,-1,-1
26,2,1,700,-1,-1,-1,-1,-1
15,1,1,700,1,2,-1,2,8
19,1,2,700,1,2,-1,2,8
13,1,2,700,1,-1,-1,-1,-1
61,2,2,700,-1,1,-1,2,7
14,1,2,700,1,-1,-1,-1,-1
13,1,1,700,1,-1,-1,-1,-1
58,2,1,700,-1,-1,-1,-1,-1
60,2,1,700,-1,-1,-1,-1,-1
26,1,1,700,-1,-1,-1,-1,-1
6,1,2,700,1,-1,-1,-1,-1
35,2,1,700,-1,-1,-1,-1,-1
11,1,1,700,1,-1,-1,-1,-1
14,1,1,700,1,-1,-1,-1,-1
43,2,2,700,-1,-1,-1,-1,-1
29,2,2,700,-1,2,2,1,-1
8,1,1,700,1,-1,-1,-1,-1
45,2,1,700,-1,-1,-1,-1,-1
50,2,1,700,-1,-1,-1,-1,-1
64,2,2,700,-1,-1,-1,-1,-1
20,1,1,700,1,2,-1,2,8
5,1,2,700,1,-1,-1,-1,-1
35,1,1,700,-1,-1,-1,-1,-1
22,2,2,700,2,1,-1,2,7
44,1,2,700,-1,1,-1,2,7
18,1,1,700,1,2,-1,2,6
65,2,2,700,-1,1,-1,2,7
51,2,1,700,-1,-1,-1,-1,-1
67,3,1,700,-1,1,-1,2,6
5,1,1,700,2,-1,-1,-1,-1
51,2,2,700,-1,-1,-1,-1,-1
26,2,2,700,-1,-1,-1,-1,-1
6,1,2,700,1,-1,-1,-1,-1
10,1,2,700,1,-1,-1,-1,-1
42,2,2,700,-1,-1,-1,-1,-1
37,2,1,700,-1,-1,-1,-1,-1
60,2,2,700,-1,-1,-1,-1,-1
38,2,1,700,-1,-1,-1,-1,-1
6,1,2,700,1,-1,-1,-1,-1
50,2,1,700,-1,-1,-1,-1,-1
30,2,2,700,-1,1,-1,2,7
47,2,1,700,-1,-1,-1,-1,-1
37,2,2,700,-1,1,-1,2,7
34,4,2,700,-1,-1,-1,-1,-1
60,2,1,700,-1,-1,-1,-1,-1
18,1,2,700,1,1,-1,2,8
22,1,1,700,2,1,-1,2,5
22,1,2,700,2,-1,-1,-1,-1
8,1,2,700,1,-1,-1,-1,-1
9,1,2,700,1,-1,-1,-1,-1
9,1,1,700,1,-1,-1,-1,-1
6,1,1,700,2,-1,-1,-1,-1
52,4,1,700,-1,-1,-1,-1,-1
45,2,2,700,-1,-1,-1,-1,-1
47,2,1,700,-1,-1,-1,-1,-1
8,1,1,700,1,-1,-1,-1,-1
7,1,2,700,1,-1,-1,-1,-1
22,1,1,700,2,-1,-1,-1,-1
13,1,1,700,1,-1,-1,-1,-1
33,2,1,700,-1,-1,-1,-1,-1
21,1,1,700,2,-1,-1,-1,-1
28,2,1,700,-1,-1,-1,-1,-1
10,1,2,700,1,-1,-1,-1,-1
30,2,2,700,-1,-1,-1,-1,-1
59,3,2,700,-1,1,-1,2,7
17,1,2,700,1,2,-1,2,8
8,1,2,700,1,-1,-1,-1,-1
47,2,1,700,-1,-1,-1,-1,-1
44,1,1,700,-1,1,-1,2,7
40,2,1,700,-1,-1,-1,-1,-1
35,2,1,700,-1,-1,-1,-1,-1
54,2,1,700,-1,-1,-1,-1,-1
18,1,1,700,2,2,-1,2,6
12,1,1,700,1,-1,-1,-1,-1
33,3,1,700,-1,-1,-1,-1,-1
7,1,2,700,1,-1,-1,-1,-1
42,2,1,700,-1,-1,-1,-1,-1
9,1,2,700,2,-1,-1,-1,-1
16,1,2,700,1,2,-1,2,8
20,1,2,700,1,2,-1,2,8
21,1,2,700,1,1,-1,2,8
21,1,1,700,2,1,-1,2,5
25,1,1,700,-1,-1,-1,-1,-1
7,1,2,700,1,-1,-1,-1,-1
5,1,2,700,1,-1,-1,-1,-1
50,2,2,700,-1,1,-1,2,3
87,2,1,700,-1,1,-1,2,6
12,1,2,700,1,-1,-1,-1,-1
19,1,1,700,1,1,-1,2,7
34,2,2,700,-1,-1,-1,-1,-1
37,2,2,700,-1,-1,-1,-1,-1
7,1,2,700,1,-1,-1,-1,-1
6,1,1,700,1,-1,-1,-1,-1
10,1,2,700,1,-1,-1,-1,-1
66,3,2,700,-1,1,-1,2,6
20,1,2,700,2,-1,-1,-1,-1
22,1,1,700,2,1,-1,2,2
7,1,1,700,1,-1,-1,-1,-1
36,2,1,700,-1,-1,-1,-1,-1
40,2,2,700,-1,1,-1,2,7
16,1,1,700,1,1,-1,2,8
54,1,1,700,-1,1,2,1,-1
28,2,2,700,-1,1,-1,2,9
25,2,1,700,-1,-1,-1,-1,-1
13,1,1,700,1,-1,-1,-1,-1
37,2,1,700,-1,-1,-1,-1,-1
69,3,2,700,-1,1,-1,2,6
33,2,1,700,-1,-1,-1,-1,-1
6,1,1,700,1,-1,-1,-1,-1
36,2,1,700,-1,-1,-1,-1,-1
67,2,2,700,-1,-1,-1,-1,-1
6,1,2,700,1,-1,-1,-1,-1
44,2,1,700,-1,-1,-1,-1,-1
61,2,2,700,-1,1,-1,2,7
65,2,1,700,-1,-1,-1,-1,-1
36,2,2,700,-1,-1,-1,-1,-1
13,1,2,700,1,-1,-1,-1,-1
8,1,2,700,1,-1,-1,-1,-1
17,1,2,700,1,2,-1,2,8
7,1,1,700,1,-1,-1,-1,-1
62,3,2,700,-1,-1,-1,-1,-1
24,2,2,700,2,1,-1,2,7
23,1,1,700,2,-1,-1,-1,-1
65,2,1,700,-1,-1,-1,-1,-1
23,2,1,700,2,-1,-1,-1,-1
30,2,2,700,-1,-1,-1,-1,-1
36,2,2,700,-1,-1,-1,-1,-1
35,4,1,700,-1,-1,-1,-1,-1
22,1,2,700,2,-1,-1,-1,-1
26,1,1,700,-1,-1,-1,-1,-1
50,2,1,700,-1,1,-1,2,9
64,2,1,700,-1,-1,-1,-1,-1
25,1,1,700,-1,-1,-1,-1,-1
34,2,2,700,-1,-1,-1,-1,-1
9,1,1,700,1,-1,-1,-1,-1
60,2,2,700,-1,2,-1,2,6
58,2,1,700,-1,-1,-1,-1,-1
8,1,2,700,1,-1,-1,-1,-1
11,1,2,700,1,-1,-1,-1,-1
17,1,2,700,1,2,-1,2,7
15,1,1,700,2,2,-1,2,8
23,2,2,700,2,-1,-1,-1,-1
51,2,1,700,-1,-1,-1,-1,-1
55,2,2,700,-1,-1,-1,-1,-1
40,2,2,700,-1,-1,-1,-1,-1
45,2,1,700,-1,-1,-1,-1,-1
37,2,2,700,-1,-1,-1,-1,-1
34,2,1,700,-1,-1,-1,-1,-1
62,4,2,700,-1,-1,-1,-1,-1
21,2,2,700,2,-1,-1,-1,-1
49,2,1,700,-1,-1,-1,-1,-1
55,2,1,700,-1,-1,-1,-1,-1
6,1,1,700,1,-1,-1,-1,-1
48,2,1,700,-1,-1,-1,-1,-1
30,4,1,700,-1,-1,-1,-1,-1
43,2,2,700,-1,-1,-1,-1,-1
43,2,1,700,-1,-1,-1,-1,-1
75,3,1,700,-1,1,-1,2,6
36,2,2,700,-1,-1,-1,-1,-1
20,2,1,700,2,-1,-1,-1,-1
23,2,2,700,2,1,-1,2,7
35,4,1,700,-1,-1,-1,-1,-1
58,2,2,700,-1,1,-1,2,7
54,2,2,700,-1,-1,-1,-1,-1
26,2,2,700,-1,-1,-1,-1,-1
34,1,2,700,-1,-1,-1,-1,-1
13,1,1,700,1,-1,-1,-1,-1
23,2,2,700,2,-1,-1,-1,-1
22,2,2,700,2,1,-1,2,7
7,1,1,700,1,-1,-1,-1,-1
26,2,2,700,-1,-1,-1,-1,-1
14,1,1,700,1,-1,-1,-1,-1
26,2,1,700,-1,-1,-1,-1,-1
71,2,1,700,-1,1,-1,2,6
23,1,1,700,2,1,2,1,-1
16,1,2,700,1,2,-1,2,8
30,1,2,700,-1,-1,-1,-1,-1
41,2,2,700,-1,-1,-1,-1,-1
6,1,2,700,1,-1,-1,-1,-1
39,2,1,700,-1,-1,-1,-1,-1
35,2,2,700,-1,2,2,1,-1
51,2,2,700,-1,-1,-1,-1,-1
16,1,1,700,1,2,-1,2,8
22,1,1,700,2,-1,-1,-1,-1
21,4,2,700,2,2,-1,2,7
61,2,1,700,-1,1,-1,2,6
8,1,2,700,1,-1,-1,-1,-1
9,1,2,700,1,-1,-1,-1,-1
8,1,1,700,1,-1,-1,-1,-1
84,3,1,700,-1,1,-1,2,6
23,1,1,700,2,-1,-1,-1,-1
23,1,1,700,2,1,-1,2,2
6,1,1,700,1,-1,-1,-1,-1
17,1,2,700,1,2,-1,2,8
20,1,2,700,1,2,-1,2,8
26,2,2,700,-1,1,2,1,-1
23,2,1,700,2,-1,-1,-1,-1
52,2,2,700,-1,-1,-1,-1,-1
22,1,1,700,2,-1,-1,-1,-1
38,1,1,700,-1,-1,-1,-1,-1
11,1,1,700,1,-1,-1,-1,-1
33,4,2,700,-1,1,-1,2,7
16,1,2,700,2,2,-1,2,7
14,1,2,700,1,-1,-1,-1,-1
19,1,1,700,2,-1,-1,-1,-1
19,2,2,700,2,2,-1,2,7
7,1,2,700,1,-1,-1,-1,-1
41,2,2,700,-1,1,-1,2,7
30,1,1,700,-1,-1,-1,-1,-1
35,2,2,700,-1,-1,-1,-1,-1
55,2,2,700,-1,1,-1,2,7
30,2,2,700,-1,2,-1,2,7
23,1,1,700,2,-1,-1,-1,-1
24,1,2,700,1,-1,-1,-1,-1
24,1,1,700,2,1,2,1,-1
30,2,2,700,-1,1,-1,2,7
10,1,2,700,1,-1,-1,-1,-1
48,2,1,700,-1,-1,-1,-1,-1
21,1,1,700,2,1,-1,2,1
53,2,1,700,-1,-1,-1,-1,-1
14,1,1,700,1,-1,-1,-1,-1
61,1,2,700,-1,1,-1,2,1
56,2,2,700,-1,1,-1,2,7
16,1,1,700,1,2,-1,2,8
11,1,1,700,1,-1,-1,-1,-1
48,2,2,700,-1,-1,-1,-1,-1
74,2,1,700,-1,-1,-1,-1,-1
53,2,1,700,-1,-1,-1,-1,-1
52,2,2,700,-1,-1,-1,-1,-1
25,1,2,700,-1,-1,-1,-1,-1
11,1,1,700,1,-1,-1,-1,-1
15,1,2,700,1,2,-1,2,8
63,2,2,700,-1,1,-1,2,6
23,1,1,700,2,-1,-1,-1,-1
41,2,1,700,-1,-1,-1,-1,-1
10,1,2,700,1,-1,-1,-1,-1
13,1,2,700,1,-1,-1,-1,-1
30,2,2,700,-1,1,-1,2,7
52,2,2,700,-1,1,-1,2,7
7,1,1,700,1,-1,-1,-1,-1
58,2,1,700,-1,-1,-1,-1,-1
77,3,2,700,-1,2,-1,2,7
13,1,2,700,1,-1,-1,-1,-1
23,1,2,700,2,1,-1,2,7
20,1,2,700,2,1,2,1,-1
16,1,1,700,1,2,-1,2,8
5,1,2,700,1,-1,-1,-1,-1
15,1,1,700,1,2,-1,2,8
52,3,2,700,-1,-1,-1,-1,-1
15,1,2,700,1,2,-1,2,8
24,1,1,700,2,-1,-1,-1,-1
10,1,2,700,2,-1,-1,-1,-1
29,1,1,700,-1,2,-1,2,1
15,1,1,700,1,2,-1,2,8
21,2,2,700,2,2,-1,2,7
35,1,1,700,-1,-1,-1,-1,-1
8,1,2,700,1,-1,-1,-1,-1
28,1,1,700,-1,1,-1,2,2
26,1,1,700,-1,-1,-1,-1,-1
14,1,1,700,1,-1,-1,-1,-1
45,2,2,700,-1,1,-1,2,7
52,1,2,700,-1,1,-1,2,7
49,2,1,700,-1,-1,-1,-1,-1
9,1,1,700,1,-1,-1,-1,-1
66,2,2,700,-1,1,-1,2,6
66,2,2,700,-1,1,-1,2,7
48,2,1,700,-1,-1,-1,-1,-1
42,2,1,700,-1,-1,-1,-1,-1
17,1,2,700,1,2,-1,2,8
14,1,1,700,1,-1,-1,-1,-1
27,1,2,700,-1,2,-1,2,7
29,2,1,700,-1,-1,-1,-1,-1
45,1,2,700,-1,-1,-1,-1,-1
28,2,2,700,-1,1,-1,2,7
48,2,2,700,-1,1,-1,2,7
60,3,1,700,-1,1,-1,2,1
11,1,1,700,1,-1,-1,-1,-1
9,1,2,700,1,-1,-1,-1,-1
21,1,2,700,2,2,-1,2,7
12,1,2,700,1,-1,-1,-1,-1
71,2,1,700,-1,1,-1,2,6
90,2,1,700,-1,1,-1,2,6
14,1,2,700,1,-1,-1,-1,-1
7,1,2,700,1,-1,-1,-1,-1
26,2,1,700,-1,-1,-1,-1,-1
35,2,1,700,-1,-1,-1,-1,-1
31,2,2,700,-1,1,-1,2,7
29,2,2,700,-1,1,-1,2,7
37,1,1,700,-1,-1,-1,-1,-1
8,1,2,700,1,-1,-1,-1,-1
35,2,1,700,-1,-1,-1,-1,-1
23,1,1,700,1,2,-1,2,8
9,1,2,700,1,-1,-1,-1,-1
53,2,1,700,-1,-1,-1,-1,-1
54,2,2,700,-1,1,-1,2,7
6,1,2,700,1,-1,-1,-1,-1
65,2,2,700,-1,1,-1,2,6
26,2,2,700,-1,-1,-1,-1,-1
12,1,1,700,1,-1,-1,-1,-1
11,1,2,700,1,-1,-1,-1,-1
5,1,1,700,1,-1,-1,-1,-1
14,1,1,700,1,-1,-1,-1,-1
30,4,1,700,-1,-1,-1,-1,-1
42,2,1,700,-1,-1,-1,-1,-1
29,2,1,700,-1,-1,-1,-1,-1
8,1,1,700,1,-1,-1,-1,-1
26,1,1,700,-1,-1,-1,-1,-1
78,3,2,700,-1,1,-1,2,6
51,2,2,700,-1,2,-1,2,7
18,1,1,700,1,2,-1,2,8
28,1,2,700,-1,-1,-1,-1,-1
18,1,2,700,1,-1,-1,-1,-1
7,1,2,700,1,-1,-1,-1,-1
81,2,1,700,-1,-1,-1,-1,-1
14,1,2,700,1,-1,-1,-1,-1
28,2,2,700,-1,-1,-1,-1,-1
45,3,2,700,-1,-1,-1,-1,-1
31,2,1,700,-1,-1,-1,-1,-1
20,1,1,700,1,1,-1,2,8
27,2,2,700,-1,1,-1,2,7
10,1,1,700,1,-1,-1,-1,-1
63,2,1,700,-1,-1,-1,-1,-1
50,2,1,700,-1,-1,-1,-1,-1
55,2,1,700,-1,-1,-1,-1,-1
28,1,1,700,-1,-1,-1,-1,-1
47,2,1,700,-1,-1,-1,-1,-1
24,2,2,700,2,1,-1,2,7
60,4,2,700,-1,-1,-1,-1,-1
62,1,1,700,-1,-1,-1,-1,-1
33,2,2,700,-1,-1,-1,-1,-1
10,1,2,700,1,-1,-1,-1,-1
48,2,2,700,-1,-1,-1,-1,-1
5,1,1,700,1,-1,-1,-1,-1
39,2,1,700,-1,-1,-1,-1,-1
41,2,2,700,-1,-1,-1,-1,-1
6,1,2,700,1,-1,-1,-1,-1
65,3,2,700,-1,-1,-1,-1,-1
12,1,2,700,1,-1,-1,-1,-1
33,2,1,700,-1,-1,-1,-1,-1
30,2,2,700,-1,2,-1,2,7
17,1,1,700,2,-1,-1,-1,-1
33,2,2,700,-1,1,-1,2,7
37,1,2,700,-1,-1,-1,-1,-1
50,2,1,700,-1,-1,-1,-1,-1
38,2,1,700,-1,-1,-1,-1,-1
8,1,1,700,1,-1,-1,-1,-1
28,2,1,700,-1,-1,-1,-1,-1
16,1,1,700,1,2,-1,2,8
45,2,2,700,-1,-1,-1,-1,-1
23,2,1,700,2,-1,-1,-1,-1
57,2,1,700,-1,1,-1,2,9
22,2,2,700,2,1,-1,2,7
34,2,1,700,-1,-1,-1,-1,-1
48,2,1,700,-1,-1,-1,-1,-1
37,2,1,700,-1,-1,-1,-1,-1
18,1,2,700,1,2,-1,2,8
22,2,1,700,2,-1,-1,-1,-1
5,1,2,700,2,-1,-1,-1,-1
6,1,1,700,1,-1,-1,-1,-1
19,1,2,700,1,2,-1,2,8
7,1,2,700,1,-1,-1,-1,-1
9,1,1,700,1,-1,-1,-1,-1
47,2,2,700,-1,-1,-1,-1,-1
8,1,1,700,1,-1,-1,-1,-1
19,1,2,700,1,2,-1,2,8
16,1,1,700,1,2,-1,2,8
5,1,1,700,1,-1,-1,-1,-1
25,1,2,700,-1,-1,-1,-1,-1
6,1,2,700,2,-1,-1,-1,-1
41,1,1,700,-1,-1,-1,-1,-1
74,3,2,700,-1,-1,-1,-1,-1
32,2,2,700,-1,1,-1,2,7
83,3,2,700,-1,1,-1,2,6
26,1,2,700,-1,1,-1,2,5
7,1,1,700,1,-1,-1,-1,-1
39,2,2,700,-1,-1,-1,-1,-1
21,2,2,700,2,-1,-1,-1,-1
25,2,1,700,-1,-1,-1,-1,-1
39,2,1,700,-1,-1,-1,-1,-1
6,1,2,700,1,-1,-1,-1,-1
69,1,1,700,-1,1,-1,2,3
5,1,1,700,2,-1,-1,-1,-1
5,1,2,700,1,-1,-1,-1,-1
12,1,1,700,2,-1,-1,-1,-1
64,2,1,700,-1,-1,-1,-1,-1
48,2,2,700,-1,-1,-1,-1,-1
70,2,1,700,-1,1,-1,2,6
11,1,1,700,1,-1,-1,-1,-1
32,1,1,700,-1,-1,-1,-1,-1
53,2,1,700,-1,-1,-1,-1,-1
57,2,1,700,-1,1,-1,2,7
17,1,1,700,1,2,-1,2,8
14,1,2,700,1,-1,-1,-1,-1
18,1,1,700,2,-1,-1,-1,-1
56,3,2,700,-1,-1,-1,-1,-1
17,1,2,700,1,2,-1,2,8
25,2,2,700,-1,1,-1,2,7
12,1,1,700,1,-1,-1,-1,-1
15,1,1,700,2,-1,-1,-1,-1
71,2,1,700,-1,-1,-1,-1,-1
19,2,2,700,2,-1,-1,-1,-1
15,1,2,700,1,2,-1,2,8
42,2,2,700,-1,-1,-1,-1,-1
14,1,1,700,1,-1,-1,-1,-1
17,1,2,700,1,1,-1,2,8
46,2,2,700,-1,-1,-1,-1,-1
10,1,1,700,1,-1,-1,-1,-1
31,2,1,700,-1,-1,-1,-1,-1
22,2,2,700,2,-1,-1,-1,-1
16,1,1,700,1,2,-1,2,8
43,2,1,700,-1,-1,-1,-1,-1
22,2,2,700,2,2,-1,2,7
50,2,2,700,-1,-1,-1,-1,-1
54,2,2,700,-1,-1,-1,-1,-1
9,1,2,700,1,-1,-1,-1,-1
5,1,1,700,1,-1,-1,-1,-1
58,2,1,700,-1,-1,-1,-1,-1
60,2,1,700,-1,-1,-1,-1,-1
18,1,1,700,2,-1,-1,-1,-1
40,2,1,700,-1,-1,-1,-1,-1
64,3,2,700,-1,-1,-1,-1,-1
5,1,2,700,1,-1,-1,-1,-1
13,1,2,700,1,-1,-1,-1,-1
8,1,2,700,1,-1,-1,-1,-1
22,1,2,700,1,1,-1,2,8
5,1,1,700,1,-1,-1,-1,-1
18,1,1,700,1,2,-1,2,6
27,2,2,700,-1,-1,-1,-1,-1
11,1,1,700,1,-1,-1,-1,-1
29,4,2,700,-1,1,-1,2,7
9,1,1,700,1,-1,-1,-1,-1
24,1,1,700,2,-1,-1,-1,-1
25,2,2,700,-1,1,-1,2,1
51,2,2,700,-1,1,-1,2,3
57,4,2,700,-1,-1,-1,-1,-1
27,2,2,700,-1,1,-1,2,8
51,3,2,700,-1,-1,-1,-1,-1
49,2,1,700,-1,-1,-1,-1,-1
15,1,2,700,1,2,-1,2,8
15,1,2,700,1,2,-1,2,8
30,2,1,700,-1,-1,-1,-1,-1
6,1,1,700,1,-1,-1,-1,-1
43,2,1,700,-1,-1,-1,-1,-1
42,1,1,700,-1,-1,-1,-1,-1
80,2,2,700,-1,1,-1,2,6
5,1,2,700,1,-1,-1,-1,-1
54,2,2,700,-1,-1,-1,-1,-1
46,1,1,700,-1,-1,-1,-1,-1
23,1,2,700,2,2,-1,2,8
10,1,1,700,1,-1,-1,-1,-1
7,1,1,700,1,-1,-1,-1,-1
27,2,1,700,-1,-1,-1,-1,-1
16,1,1,700,1,2,-1,2,8
27,1,1,700,-1,-1,-1,-1,-1
13,1,1,700,1,-1,-1,-1,-1
19,2,1,700,2,-1,-1,-1,-1
53,3,2,700,-1,-1,-1,-1,-1
19,1,2,700,1,2,-1,2,8
52,1,2,700,-1,-1,-1,-1,-1
17,1,1,700,2,-1,-1,-1,-1
76,2,1,700,-1,1,-1,2,6
18,1,1,700,1,2,-1,2,6
63,2,1,700,-1,-1,-1,-1,-1
40,2,2,700,-1,-1,-1,-1,-1
8,1,2,700,1,-1,-1,-1,-1
70,1,2,700,-1,1,-1,2,6
23,1,1,700,2,-1,-1,-1,-1
17,1,1,700,1,-1,-1,-1,-1
25,1,2,700,-1,1,-1,2,3
40,2,1,700,-1,-1,-1,-1,-1
35,1,2,700,-1,-1,-1,-1,-1
13,1,2,700,1,-1,-1,-1,-1
15,1,2,700,1,-1,-1,-1,-1
42,2,1,700,-1,-1,-1,-1,-1
73,3,2,700,-1,2,-1,2,7
16,1,1,700,1,1,-1,2,8
57,2,2,700,-1,-1,-1,-1,-1
63,2,2,700,-1,-1,-1,-1,-1
57,2,2,700,-1,1,-1,2,7
18,1,1,700,2,-1,-1,-1,-1
36,4,1,700,-1,-1,-1,-1,-1
36,2,1,700,-1,-1,-1,-1,-1
23,2,2,700,2,1,-1,2,7
60,2,1,700,-1,-1,-1,-1,-1
45,2,2,700,-1,-1,-1,-1,-1
43,2,2,700,-1,-1,-1,-1,-1
28,2,2,700,-1,-1,-1,-1,-1
32,2,1,700,-1,-1,-1,-1,-1
17,1,1,700,1,2,-1,2,8
10,1,1,700,1,-1,-1,-1,-1
20,1,1,700,1,2,-1,2,8
40,2,2,700,-1,-1,-1,-1,-1
51,2,1,700,-1,-1,-1,-1,-1
22,2,2,700,2,-1,-1,-1,-1
6,1,2,700,2,-1,-1,-1,-1
11,1,1,700,1,-1,-1,-1,-1
42,2,2,700,-1,-1,-1,-1,-1
7,1,1,700,1,-1,-1,-1,-1
24,1,2,700,2,-1,-1,-1,-1
6,1,1,700,1,-1,-1,-1,-1
15,1,2,700,1,2,-1,2,8
22,1,2,700,2,1,-1,2,7
10,1,1,700,1,-1,-1,-1,-1
13,1,2,700,1,-1,-1,-1,-1
43,2,1,700,-1,-1,-1,-1,-1
13,1,1,700,1,-1,-1,-1,-1
56,2,2,700,-1,1,-1,2,7
23,1,1,700,1,2,-1,2,8
30,2,2,700,-1,2,-1,2,7
26,1,2,700,-1,-1,-1,-1,-1
53,2,1,700,-1,-1,-1,-1,-1
18,1,2,700,1,2,-1,2,8
38,2,1,700,-1,-1,-1,-1,-1
10,1,2,700,1,-1,-1,-1,-1
69,2,1,700,-1,1,-1,2,6
53,3,2,700,-1,1,-1,2,7
11,1,1,700,1,-1,-1,-1,-1
85,1,2,700,-1,1,-1,2,6
17,1,2,700,1,2,-1,2,7
13,1,2,700,1,-1,-1,-1,-1
56,2,2,700,-1,1,-1,2,7
31,1,1,700,-1,1,-1,2,9
11,1,1,700,1,-1,-1,-1,-1
18,1,1,700,1,2,-1,2,8
43,2,1,700,-1,-1,-1,-1,-1
6,1,1,700,1,-1,-1,-1,-1
25,1,2,700,-1,1,2,1,-1
52,3,2,700,-1,1,-1,2,7
58,2,1,700,-1,1,-1,2,7
26,2,2,700,-1,1,-1,2,7
13,1,1,700,1,-1,-1,-1,-1
33,2,2,700,-1,-1,-1,-1,-1
23,1,2,700,2,1,2,1,-1
11,1,1,700,1,-1,-1,-1,-1
16,1,1,700,1,2,-1,2,8
17,1,2,700,1,2,-1,2,8
73,3,2,700,-1,1,-1,2,6
18,1,1,700,2,-1,-1,-1,-1
13,1,1,700,2,-1,-1,-1,-1
30,1,2,700,-1,1,-1,2,7
52,2,2,700,-1,-1,-1,-1,-1
20,1,1,700,2,-1,-1,-1,-1
15,1,1,700,1,2,-1,2,8
41,2,1,700,-1,-1,-1,-1,-1
26,1,2,700,-1,1,-1,2,7
32,1,1,700,-1,-1,-1,-1,-1
72,2,1,700,-1,-1,-1,-1,-1
20,1,1,700,2,-1,-1,-1,-1
5,1,2,700,1,-1,-1,-1,-1
44,1,1,700,-1,1,-1,2,3
69,2,1,700,-1,-1,-1,-1,-1
47,2,2,700,-1,-1,-1,-1,-1
34,1,1,700,-1,1,-1,2,8
31,2,2,700,-1,1,-1,2,7
7,1,2,700,1,-1,-1,-1,-1
19,1,1,700,2,-1,-1,-1,-1
19,1,1,700,1,2,-1,2,8
34,2,2,700,-1,-1,-1,-1,-1
8,1,2,700,1,-1,-1,-1,-1
35,2,2,700,-1,-1,-1,-1,-1
25,1,1,700,-1,-1,-1,-1,-1
28,2,2,700,-1,1,-1,2,7
54,3,1,700,-1,1,-1,2,7
19,1,2,700,2,-1,-1,-1,-1
41,2,2,700,-1,1,-1,2,7
29,2,1,700,-1,-1,-1,-1,-1
5,1,1,700,1,-1,-1,-1,-1
14,1,1,700,1,-1,-1,-1,-1
7,1,2,700,1,-1,-1,-1,-1
46,1,1,700,-1,2,-1,2,6
20,1,2,700,2,-1,-1,-1,-1
25,2,2,700,-1,1,-1,2,7
15,1,1,700,1,2,-1,2,8
25,1,1,700,-1,2,-1,2,7
11,1,2,700,1,-1,-1,-1,-1
80,3,2,700,-1,1,-1,2,6
44,2,2,700,-1,-1,-1,-1,-1
49,2,1,700,-1,-1,-1,-1,-1
17,1,1,700,1,2,-1,2,8
54,2,2,700,-1,1,-1,2,7
63,2,2,700,-1,-1,-1,-1,-1
5,1,1,700,1,-1,-1,-1,-1
16,1,1,700,1,2,-1,2,8
45,2,1,700,-1,-1,-1,-1,-1
9,1,1,700,1,-1,-1,-1,-1
66,2,1,700,-1,-1,-1,-1,-1
27,2,1,700,-1,-1,-1,-1,-1
47,3,2,700,-1,1,-1,2,6
59,2,1,700,-1,-1,-1,-1,-1
39,2,1,700,-1,-1,-1,-1,-1
50,2,1,700,-1,-1,-1,-1,-1
50,1,2,700,-1,-1,-1,-1,-1
59,2,2,700,-1,-1,-1,-1,-1
15,1,2,700,1,-1,-1,-1,-1
37,2,1,700,-1,-1,-1,-1,-1
41,2,2,700,-1,-1,-1,-1,-1
52,2,1,700,-1,-1,-1,-1,-1
13,1,1,700,1,-1,-1,-1,-1
15,1,2,700,1,2,-1,2,8
33,2,1,700,-1,-1,-1,-1,-1
33,1,2,700,-1,-1,-1,-1,-1
42,2,1,700,-1,-1,-1,-1,-1
46,2,1,700,-1,-1,-1,-1,-1
20,1,1,700,2,-1,-1,-1,-1
48,2,1,700,-1,-1,-1,-1,-1
27,1,1,700,-1,-1,-1,-1,-1
18,1,1,700,2,-1,-1,-1,-1
12,1,2,700,1,-1,-1,-1,-1
10,1,1,700,1,-1,-1,-1,-1
20,2,2,700,2,2,-1,2,8
31,2,1,700,-1,-1,-1,-1,-1
14,1,1,700,1,-1,-1,-1,-1
53,2,2,700,-1,-1,-1,-1,-1
35,2,2,700,-1,-1,-1,-1,-1
26,1,1,700,-1,-1,-1,-1,-1
7,1,1,700,1,-1,-1,-1,-1
28,1,2,700,-1,2,-1,2,8
8,1,2,700,1,-1,-1,-1,-1
45,2,1,700,-1,1,-1,2,7
58,2,1,700,-1,1,-1,2,3
27,2,1,700,-1,-1,-1,-1,-1
18,1,2,700,2,2,-1,2,7
14,1,2,700,1,-1,-1,-1,-1
42,1,2,700,-1,-1,-1,-1,-1
17,1,1,700,1,2,-1,2,8
19,1,1,700,2,-1,-1,-1,-1
62,1,2,700,-1,1,-1,2,7
24,1,2,700,2,-1,-1,-1,-1
28,1,2,700,-1,-1,-1,-1,-1
19,1,2,700,2,-1,-1,-1,-1
68,2,1,700,-1,1,-1,2,6
20,1,2,700,1,2,-1,2,8
21,1,1,700,2,-1,-1,-1,-1
31,2,1,700,-1,-1,-1,-1,-1
62,2,1,700,-1,-1,-1,-1,-1
19,1,1,700,1,2,-1,2,8
50,2,1,700,-1,-1,-1,-1,-1
14,1,2,700,1,-1,-1,-1,-1
36,1,2,700,-1,-1,-1,-1,-1
38,2,1,700,-1,-1,-1,-1,-1
6,1,2,700,1,-1,-1,-1,-1
8,1,1,700,1,-1,-1,-1,-1
28,2,2,700,-1,2,-1,2,7
14,1,2,700,1,-1,-1,-1,-1
58,2,2,700,-1,-1,-1,-1,-1
8,1,1,700,1,-1,-1,-1,-1
20,1,1,700,1,2,-1,2,8
11,1,1,700,1,-1,-1,-1,-1
31,2,2,700,-1,1,-1,2,7
31,2,2,700,-1,-1,-1,-1,-1
50,4,1,700,-1,-1,-1,-1,-1
13,1,2,700,1,-1,-1,-1,-1
33,2,2,700,-1,-1,-1,-1,-1
28,2,2,700,-1,1,-1,2,7
56,1,1,700,-1,1,-1,2,7
36,2,2,700,-1,-1,-1,-1,-1
23,2,1,700,2,1,-1,2,7
78,2,2,700,-1,1,-1,2,6
8,1,2,700,1,-1,-1,-1,-1
52,2,1,700,-1,-1,-1,-1,-1
51,2,2,700,-1,1,-1,2,3
21,1,1,700,2,-1,-1,-1,-1
9,1,1,700,1,-1,-1,-1,-1
64,2,1,700,-1,-1,-1,-1,-1
9,1,2,700,1,-1,-1,-1,-1
30,2,1,700,-1,-1,-1,-1,-1
5,1,2,700,1,-1,-1,-1,-1
53,2,2,700,-1,1,-1,2,7
31,1,1,700,-1,-1,-1,-1,-1
19,1,2,700,2,-1,-1,-1,-1
62,3,2,700,-1,2,-1,2,6
7,1,2,700,1,-1,-1,-1,-1
11,1,1,700,1,-1,-1,-1,-1
7,1,1,700,1,-1,-1,-1,-1
23,1,2,700,2,-1,-1,-1,-1
33,2,2,700,-1,1,-1,2,7
8,1,2,700,1,-1,-1,-1,-1
5,1,2,700,1,-1,-1,-1,-1
47,2,1,700,-1,-1,-1,-1,-1
53,2,2,700,-1,-1,-1,-1,-1
51,2,1,700,-1,1,-1,2,7
22,1,1,700,2,-1,-1,-1,-1
12,1,2,700,1,-1,-1,-1,-1
62,3,2,700,-1,1,-1,2,7
11,1,1,700,1,-1,-1,-1,-1
20,1,1,700,1,2,-1,2,8
12,1,2,700,1,-1,-1,-1,-1
33,2,1,700,-1,-1,-1,-1,-1
29,2,1,700,-1,-1,-1,-1,-1
6,1,1,700,1,-1,-1,-1,-1
21,2,1,700,2,-1,-1,-1,-1
35,2,1,700,-1,-1,-1,-1,-1
25,2,2,700,-1,1,-1,2,7
42,2,1,700,-1,-1,-1,-1,-1
25,2,2,700,-1,1,-1,2,7
46,3,2,700,-1,-1,-1,-1,-1
21,2,2,700,2,1,-1,2,1
25,2,2,700,-1,1,-1,2,7
49,2,2,700,-1,-1,-1,-1,-1
13,1,2,700,1,-1,-1,-1,-1
11,1,2,700,1,-1,-1,-1,-1
32,2,1,700,-1,-1,-1,-1,-1
15,1,2,700,1,2,-1,2,8
25,2,2,700,-1,2,-1,2,7
17,1,1,700,1,2,-1,2,8
58,2,1,700,-1,-1,-1,-1,-1
20,1,1,700,2,-1,-1,-1,-1
33,2,1,700,-1,-1,-1,-1,-1
20,1,1,700,2,-1,-1,-1,-1
33,2,1,700,-1,-1,-1,-1,-1
19,1,2,700,1,1,-1,2,8
21,2,2,700,2,1,-1,2,7
41,2,2,700,-1,1,-1,2,7
34,2,1,700,-1,-1,-1,-1,-1
29,2,1,700,-1,-1,-1,-1,-1
19,1,2,700,2,-1,-1,-1,-1
13,1,2,700,1,-1,-1,-1,-1
40,2,2,700,-1,-1,-1,-1,-1
5,1,2,700,2,-1,-1,-1,-1
9,1,1,700,2,-1,-1,-1,-1
49,3,1,700,-1,-1,-1,-1,-1
29,2,2,700,-1,-1,-1,-1,-1
34,2,1,700,-1,-1,-1,-1,-1
73,2,1,700,-1,2,-1,2,6
34,1,1,700,-1,-1,-1,-1,-1
36,2,2,700,-1,1,-1,2,7
58,4,2,700,-1,-1,-1,-1,-1
20,1,1,700,2,-1,-1,-1,-1
26,2,2,700,-1,-1,-1,-1,-1
31,1,1,700,-1,-1,-1,-1,-1
54,2,2,700,-1,-1,-1,-1,-1
54,1,2,700,-1,-1,-1,-1,-1
45,2,1,700,-1,-1,-1,-1,-1
42,2,1,700,-1,-1,-1,-1,-1
18,1,2,700,2,-1,-1,-1,-1
46,2,2,700,-1,1,-1,2,7
21,1,2,700,2,-1,-1,-1,-1
87,3,2,700,-1,1,-1,2,6
32,2,1,700,-1,-1,-1,-1,-1
24,1,2,700,2,-1,-1,-1,-1
59,2,1,700,-1,1,2,1,-1
7,1,1,700,1,-1,-1,-1,-1
48,2,2,700,-1,2,-1,2,7
11,1,1,700,2,-1,-1,-1,-1
10,1,1,700,1,-1,-1,-1,-1
37,2,1,700,-1,-1,-1,-1,-1
41,2,2,700,-1,1,-1,2,7
18,1,1,700,2,-1,-1,-1,-1
25,1,2,700,-1,2,-1,2,7
43,1,1,700,-1,-1,-1,-1,-1
9,1,2,700,1,-1,-1,-1,-1
43,2,2,700,-1,1,-1,2,7
25,1,1,700,-1,-1,-1,-1,-1
11,1,2,700,1,-1,-1,-1,-1
37,2,2,700,-1,1,-1,2,7
60,2,1,700,-1,-1,-1,-1,-1
23,2,2,700,2,2,-1,2,7
28,2,2,700,-1,-1,-1,-1,-1
21,1,1,700,2,2,-1,2,2
17,1,1,700,2,2,-1,2,6
26,1,1,700,-1,-1,-1,-1,-1
27,2,2,700,-1,2,-1,2,7
67,2,1,700,-1,-1,-1,-1,-1
17,1,1,700,1,1,-1,2,8
38,2,1,700,-1,-1,-1,-1,-1
11,1,2,700,1,-1,-1,-1,-1
17,1,1,700,1,2,-1,2,8
52,2,2,700,-1,-1,-1,-1,-1
31,2,2,700,-1,1,-1,2,2
9,1,1,700,1,-1,-1,-1,-1
8,1,1,700,2,-1,-1,-1,-1
18,1,1,700,1,2,-1,2,8
10,1,2,700,1,-1,-1,-1,-1
65,3,2,700,-1,1,-1,2,6
50,2,1,700,-1,1,-1,2,3
14,1,2,700,1,-1,-1,-1,-1
7,1,1,700,1,-1,-1,-1,-1
53,2,1,700,-1,-1,-1,-1,-1
54,2,1,700,-1,-1,-1,-1,-1
22,2,1,700,1,1,-1,2,8
36,2,2,700,-1,1,-1,2,7
41,2,1,700,-1,-1,-1,-1,-1
20,1,2,700,2,1,-1,2,7
47,2,2,700,-1,-1,-1,-1,-1
23,1,1,700,2,1,2,1,-1
26,1,1,700,-1,1,2,1,-1
27,2,1,700,-1,-1,-1,-1,-1
59,2,1,700,-1,1,-1,2,1
53,2,2,700,-1,-1,-1,-1,-1
62,2,2,700,-1,-1,-1,-1,-1
28,1,1,700,-1,-1,-1,-1,-1
16,1,2,700,2,2,-1,2,8
55,2,2,700,-1,-1,-1,-1,-1
10,1,1,700,1,-1,-1,-1,-1
42,2,1,700,-1,-1,-1,-1,-1
12,1,1,700,1,-1,-1,-1,-1
72,3,2,700,-1,1,-1,2,6
47,3,2,700,-1,-1,-1,-1,-1
37,2,1,700,-1,-1,-1,-1,-1
12,1,2,700,1,-1,-1,-1,-1
26,2,1,700,-1,-1,-1,-1,-1
19,1,2,700,1,1,-1,2,8
33,2,1,700,-1,-1,-1,-1,-1
27,1,1,700,-1,-1,-1,-1,-1
71,2,1,700,-1,1,-1,2,6
22,1,1,700,2,-1,-1,-1,-1
17,1,1,700,1,2,-1,2,8
29,2,2,700,-1,1,-1,2,7
28,2,1,700,-1,-1,-1,-1,-1
42,2,2,700,-1,-1,-1,-1,-1
9,1,2,700,1,-1,-1,-1,-1
40,2,1,700,-1,1,-1,2,3
35,4,2,700,-1,-1,-1,-1,-1
55,2,1,700,-1,-1,-1,-1,-1
55,2,2,700,-1,1,-1,2,7
58,2,1,700,-1,-1,-1,-1,-1
12,1,1,700,1,-1,-1,-1,-1
43,2,1,700,-1,-1,-1,-1,-1
46,2,1,700,-1,-1,-1,-1,-1
28,1,1,700,-1,-1,-1,-1,-1
17,1,1,700,1,1,-1,2,8
58,2,1,700,-1,-1,-1,-1,-1
18,1,2,700,1,2,-1,2,8
16,1,2,700,1,-1,-1,-1,-1
47,2,1,700,-1,-1,-1,-1,-1
21,1,1,700,2,-1,-1,-1,-1
37,2,2,700,-1,-1,-1,-1,-1
72,3,1,700,-1,1,-1,2,6
48,2,2,700,-1,1,-1,2,7
68,1,2,700,-1,-1,-1,-1,-1
33,2,1,700,-1,1,-1,2,7
11,1,2,700,1,-1,-1,-1,-1
24,1,1,700,2,-1,-1,-1,-1
74,3,2,700,-1,1,-1,2,6
29,2,1,700,-1,-1,-1,-1,-1
36,2,1,700,-1,-1,-1,-1,-1
6,1,2,700,1,-1,-1,-1,-1
26,1,1,700,-1,-1,-1,-1,-1
65,1,2,700,-1,1,-1,2,6
13,1,2,700,2,-1,-1,-1,-1
32,2,1,700,-1,-1,-1,-1,-1
19,1,1,700,1,2,-1,2,8
38,2,2,700,-1,-1,-1,-1,-1
73,2,1,700,-1,-1,-1,-1,-1
14,1,2,700,1,-1,-1,-1,-1
7,1,1,700,1,-1,-1,-1,-1
14,1,2,700,1,-1,-1,-1,-1
53,2,1,700,-1,-1,-1,-1,-1
17,1,1,700,2,-1,-1,-1,-1
30,2,2,700,-1,-1,-1,-1,-1
9,1,2,700,1,-1,-1,-1,-1
49,2,2,700,-1,1,-1,2,3
20,2,2,700,2,2,-1,2,7
11,1,1,700,1,-1,-1,-1,-1
34,2,1,700,-1,-1,-1,-1,-1
24,2,2,700,2,1,-1,2,7
29,2,1,700,-1,-1,-1,-1,-1
7,1,2,700,1,-1,-1,-1,-1
52,2,1,700,-1,-1,-1,-1,-1
49,2,2,700,-1,-1,-1,-1,-1
15,1,2,700,1,-1,-1,-1,-1
25,1,1,700,-1,1,-1,2,7
10,1,1,700,1,-1,-1,-1,-1
43,2,1,700,-1,-1,-1,-1,-1
9,1,2,700,1,-1,-1,-1,-1
35,2,2,700,-1,1,-1,2,7
48,2,2,700,-1,1,-1,2,7
54,2,2,700,-1,1,-1,2,7
24,1,1,700,2,-1,-1,-1,-1
34,2,2,700,-1,1,-1,2,7
72,2,2,700,-1,1,-1,2,6
39,2,1,700,-1,-1,-1,-1,-1
10,1,2,700,1,-1,-1,-1,-1
24,2,2,700,2,2,-1,2,7
83,2,1,700,-1,1,-1,2,6
11,1,2,700,1,-1,-1,-1,-1
13,1,2,700,1,-1,-1,-1,-1
12,1,1,700,1,-1,-1,-1,-1
25,1,1,700,-1,-1,-1,-1,-1
9,1,1,700,1,-1,-1,-1,-1
85,2,2,700,-1,1,-1,2,6
16,1,2,700,1,2,-1,2,8
14,1,2,700,1,-1,-1,-1,-1
30,2,1,700,-1,-1,-1,-1,-1
53,4,2,700,-1,-1,-1,-1,-1
12,1,1,700,1,-1,-1,-1,-1
59,2,2,700,-1,1,-1,2,7
14,1,1,700,1,-1,-1,-1,-1
63,2,1,700,-1,-1,-1,-1,-1
5,1,2,700,1,-1,-1,-1,-1
12,1,1,700,1,-1,-1,-1,-1
11,1,1,700,1,-1,-1,-1,-1
31,2,1,700,-1,-1,-1,-1,-1
36,2,2,700,-1,-1,-1,-1,-1
10,1,1,700,1,-1,-1,-1,-1
6,1,1,700,1,-1,-1,-1,-1
39,4,1,700,-1,-1,-1,-1,-1
13,1,1,700,1,-1,-1,-1,-1
9,1,2,700,1,-1,-1,-1,-1
18,1,1,700,2,-1,-1,-1,-1
14,1,2,700,1,-1,-1,-1,-1
35,1,1,700,-1,-1,-1,-1,-1
13,1,1,700,1,-1,-1,-1,-1
29,4,1,700,-1,-1,-1,-1,-1
12,1,2,700,1,-1,-1,-1,-1
19,1,2,700,1,2,-1,2,8
6,1,1,700,1,-1,-1,-1,-1
26,2,1,700,-1,-1,-1,-1,-1
7,1,2,700,1,-1,-1,-1,-1
5,1,1,700,1,-1,-1,-1,-1
8,1,1,700,1,-1,-1,-1,-1
14,1,2,700,1,-1,-1,-1,-1
45,2,1,700,-1,-1,-1,-1,-1
20,1,1,700,2,2,-1,2,7
28,2,1,700,-1,-1,-1,-1,-1
33,4,2,700,-1,-1,-1,-1,-1
12,1,2,700,1,-1,-1,-1,-1
22,1,1,700,1,2,-1,2,8
34,2,2,700,-1,2,-1,2,7
59,2,1,700,-1,-1,-1,-1,-1
24,2,2,700,2,1,-1,2,7
36,1,1,700,-1,-1,-1,-1,-1
36,2,2,700,-1,1,-1,2,7
40,2,2,700,-1,1,-1,2,7
5,1,2,700,1,-1,-1,-1,-1
16,1,2,700,1,2,-1,2,8
37,2,1,700,-1,-1,-1,-1,-1
58,2,1,700,-1,1,-1,2,3
32,2,1,700,-1,-1,-1,-1,-1
13,1,1,700,1,-1,-1,-1,-1
49,2,2,700,-1,-1,-1,-1,-1
27,1,1,700,-1,2,-1,2,8
21,1,1,700,2,2,-1,2,2
60,3,1,700,-1,1,-1,2,6
23,1,2,700,2,1,2,1,-1
18,1,1,700,2,2,-1,2,9
35,2,2,700,-1,-1,-1,-1,-1
25,1,2,700,-1,-1,-1,-1,-1
16,1,2,700,1,2,-1,2,8
21,1,1,700,2,2,-1,2,8
36,2,1,700,-1,-1,-1,-1,-1
25,2,2,700,-1,-1,-1,-1,-1
51,2,1,700,-1,-1,-1,-1,-1
46,2,2,700,-1,-1,-1,-1,-1
24,1,1,700,2,2,-1,2,2
17,1,1,700,1,2,-1,2,8
30,2,2,700,-1,1,-1,2,7
11,1,1,700,1,-1,-1,-1,-1
11,1,1,700,1,-1,-1,-1,-1
26,2,2,700,-1,1,-1,2,7
30,1,1,700,-1,1,-1,2,1
26,1,2,700,-1,-1,-1,-1,-1
5,1,2,700,1,-1,-1,-1,-1
13,1,1,700,1,-1,-1,-1,-1
65,2,2,700,-1,1,-1,2,7
8,1,2,700,1,-1,-1,-1,-1
24,1,2,700,2,-1,-1,-1,-1
36,2,2,700,-1,-1,-1,-1,-1
9,1,1,700,1,-1,-1,-1,-1
39,2,2,700,-1,1,-1,2,7
7,1,2,700,1,-1,-1,-1,-1
77,2,1,700,-1,-1,-1,-1,-1
11,1,2,700,1,-1,-1,-1,-1
62,2,2,700,-1,1,-1,2,7
51,1,1,700,-1,1,-1,2,7
50,2,2,700,-1,-1,-1,-1,-1
27,4,2,700,-1,1,-1,2,7
12,1,1,700,1,-1,-1,-1,-1
30,2,2,700,-1,1,-1,2,7
31,2,1,700,-1,-1,-1,-1,-1
34,1,1,700,-1,-1,-1,-1,-1
10,1,2,700,2,-1,-1,-1,-1
51,4,1,700,-1,-1,-1,-1,-1
18,1,1,700,2,-1,-1,-1,-1
9,1,2,700,1,-1,-1,-1,-1
73,2,1,700,-1,-1,-1,-1,-1
48,2,2,700,-1,-1,-1,-1,-1
40,2,2,700,-1,-1,-1,-1,-1
39,1,2,700,-1,-1,-1,-1,-1
17,1,2,700,2,2,-1,2,7
19,2,1,700,2,-1,-1,-1,-1
32,2,1,700,-1,-1,-1,-1,-1
35,2,2,700,-1,1,-1,2,8
67,1,2,700,-1,1,-1,2,6
45,2,2,700,-1,-1,-1,-1,-1
14,1,1,700,1,-1,-1,-1,-1
8,1,2,700,1,-1,-1,-1,-1
8,1,1,700,2,-1,-1,-1,-1
15,1,2,700,1,2,-1,2,8
13,1,1,700,1,-1,-1,-1,-1
10,1,2,700,1,-1,-1,-1,-1
56,2,2,700,-1,-1,-1,-1,-1
13,1,1,700,1,-1,-1,-1,-1
7,1,1,700,1,-1,-1,-1,-1
9,1,2,700,1,-1,-1,-1,-1
20,1,2,700,2,2,-1,2,8
26,2,2,700,-1,-1,-1,-1,-1
45,2,2,700,-1,-1,-1,-1,-1
34,2,1,700,-1,-1,-1,-1,-1
7,1,2,700,1,-1,-1,-1,-1
33,2,2,700,-1,-1,-1,-1,-1
50,2,1,700,-1,-1,-1,-1,-1
68,2,1,700,-1,1,-1,2,7
51,4,1,700,-1,-1,-1,-1,-1
17,1,2,700,1,2,-1,2,8
10,1,2,700,1,-1,-1,-1,-1
18,1,1,700,1,2,-1,2,8
5,1,1,700,1,-1,-1,-1,-1
22,1,1,700,2,-1,-1,-1,-1
13,1,1,700,1,-1,-1,-1,-1
5,1,2,700,1,-1,-1,-1,-1
9,1,1,700,1,-1,-1,-1,-1
40,2,2,700,-1,-1,-1,-1,-1
48,2,1,700,-1,-1,-1,-1,-1
5,1,2,700,1,-1,-1,-1,-1
55,2,1,700,-1,-1,-1,-1,-1
46,1,1,700,-1,-1,-1,-1,-1
16,1,2,700,1,-1,-1,-1,-1
19,1,1,700,2,-1,-1,-1,-1
26,2,2,700,-1,-1,-1,-1,-1
20,1,1,700,2,2,-1,2,2
32,2,2,700,-1,1,-1,2,7
58,2,1,700,-1,1,-1,2,6
43,1,1,700,-1,-1,-1,-1,-1
20,1,2,700,1,2,-1,2,8
7,1,2,700,1,-1,-1,-1,-1
13,1,2,700,1,-1,-1,-1,-1
61,2,1,700,-1,-1,-1,-1,-1
10,1,2,700,1,-1,-1,-1,-1
62,2,1,700,-1,-1,-1,-1,-1
67,3,1,700,-1,1,-1,2,6
45,2,2,700,-1,1,-1,2,7
6,1,1,700,1,-1,-1,-1,-1
14,1,2,700,2,-1,-1,-1,-1
20,1,2,700,2,-1,-1,-1,-1
10,1,1,700,1,-1,-1,-1,-1
46,2,2,700,-1,-1,-1,-1,-1
27,1,2,700,-1,1,-1,2,7
28,2,2,700,-1,-1,-1,-1,-1
63,2,2,700,-1,2,-1,2,6
21,1,1,700,1,2,-1,2,8
29,1,2,700,-1,2,-1,2,2
9,1,1,700,1,-1,-1,-1,-1
43,2,2,700,-1,-1,-1,-1,-1
10,1,1,700,1,-1,-1,-1,-1
26,1,1,700,-1,2,-1,2,8
26,2,1,700,-1,-1,-1,-1,-1
5,1,2,700,2,-1,-1,-1,-1
28,1,2,700,-1,-1,-1,-1,-1
50,2,1,700,-1,-1,-1,-1,-1
8,1,1,700,1,-1,-1,-1,-1
8,1,2,700,1,-1,-1,-1,-1
10,1,1,700,1,-1,-1,-1,-1
52,2,2,700,-1,-1,-1,-1,-1
43,2,1,700,-1,-1,-1,-1,-1
43,2,2,700,-1,-1,-1,-1,-1
13,1,1,700,1,-1,-1,-1,-1
27,2,2,700,-1,-1,-1,-1,-1
44,2,1,700,-1,-1,-1,-1,-1
27,2,2,700,-1,1,-1,2,7
8,1,1,700,1,-1,-1,-1,-1
15,1,1,700,2,1,-1,2,2
18,1,1,700,1,2,-1,2,8
27,2,1,700,-1,-1,-1,-1,-1
28,4,1,700,-1,1,-1,2,3
29,1,1,700,-1,1,-1,2,1
30,2,2,700,-1,1,-1,2,7
58,2,2,700,-1,1,-1,2,7
5,1,1,700,1,-1,-1,-1,-1
60,2,1,700,-1,-1,-1,-1,-1
17,1,1,700,1,-1,-1,-1,-1
40,1,1,700,-1,-1,-1,-1,-1
8,1,2,700,1,-1,-1,-1,-1
18,1,1,700,1,2,-1,2,8
30,2,2,700,-1,2,-1,2,7
51,2,2,700,-1,-1,-1,-1,-1
37,2,1,700,-1,-1,-1,-1,-1
11,1,1,700,1,-1,-1,-1,-1
17,1,1,700,1,2,-1,2,8
6,1,2,700,1,-1,-1,-1,-1
14,1,2,700,1,-1,-1,-1,-1
26,1,1,700,-1,-1,-1,-1,-1
64,2,2,700,-1,-1,-1,-1,-1
12,1,1,700,1,-1,-1,-1,-1
14,1,2,700,2,-1,-1,-1,-1
67,3,1,700,-1,-1,-1,-1,-1
38,2,2,700,-1,1,-1,2,7
39,2,1,700,-1,-1,-1,-1,-1
19,1,2,700,1,2,-1,2,7
7,1,2,700,1,-1,-1,-1,-1
42,2,2,700,-1,1,-1,2,7
16,1,2,700,2,2,-1,2,6
11,1,1,700,1,-1,-1,-1,-1
37,2,1,700,-1,-1,-1,-1,-1
9,1,1,700,1,-1,-1,-1,-1
25,2,1,700,-1,-1,-1,-1,-1
11,1,2,700,1,-1,-1,-1,-1
15,1,2,700,2,2,-1,2,6
12,1,2,700,1,-1,-1,-1,-1
75,2,2,700,-1,1,-1,2,6
23,1,1,700,2,-1,-1,-1,-1
22,2,2,700,2,-1,-1,-1,-1
66,2,1,700,-1,-1,-1,-1,-1
64,2,1,700,-1,-1,-1,-1,-1
35,1,1,700,-1,-1,-1,-1,-1
8,1,1,700,1,-1,-1,-1,-1
8,1,2,700,1,-1,-1,-1,-1
12,1,2,700,1,-1,-1,-1,-1
13,1,2,700,1,-1,-1,-1,-1
52,2,1,700,-1,-1,-1,-1,-1
22,4,2,700,2,2,-1,2,7
18,1,2,700,2,2,-1,2,3
19,1,2,700,1,-1,-1,-1,-1
21,1,1,700,2,2,-1,2,7
14,1,2,700,1,-1,-1,-1,-1
41,2,2,700,-1,-1,-1,-1,-1
48,2,1,700,-1,-1,-1,-1,-1
16,1,2,700,1,2,-1,2,8
25,2,2,700,-1,1,-1,2,7
65,2,1,700,-1,-1,-1,-1,-1
35,2,1,700,-1,-1,-1,-1,-1
13,1,2,700,1,-1,-1,-1,-1
24,1,2,700,2,-1,-1,-1,-1
49,2,1,700,-1,-1,-1,-1,-1
38,2,2,700,-1,-1,-1,-1,-1
40,2,2,700,-1,1,-1,2,8
5,1,2,700,1,-1,-1,-1,-1
23,1,2,700,2,-1,-1,-1,-1
11,1,1,700,1,-1,-1,-1,-1
41,2,1,700,-1,-1,-1,-1,-1
20,2,2,700,2,2,-1,2,7
37,2,1,700,-1,1,-1,2,3
53,2,1,700,-1,-1,-1,-1,-1
56,3,2,700,-1,-1,-1,-1,-1
63,2,1,700,-1,1,-1,2,6
7,1,1,700,1,-1,-1,-1,-1
33,2,1,700,-1,-1,-1,-1,-1
21,1,2,700,2,1,-1,2,5
19,1,2,700,2,-1,-1,-1,-1
56,2,2,700,-1,1,-1,2,7
5,1,2,700,2,-1,-1,-1,-1
33,2,1,700,-1,-1,-1,-1,-1
41,2,1,700,-1,-1,-1,-1,-1
40,2,2,700,-1,1,-1,2,7
8,1,2,700,1,-1,-1,-1,-1
9,1,1,700,1,-1,-1,-1,-1
47,2,1,700,-1,1,-1,2,7
61,2,2,700,-1,-1,-1,-1,-1
69,2,1,700,-1,-1,-1,-1,-1
67,2,2,700,-1,1,-1,2,6
46,2,1,700,-1,-1,-1,-1,-1
51,2,1,700,-1,-1,-1,-1,-1
44,2,2,700,-1,-1,-1,-1,-1
9,1,1,700,1,-1,-1,-1,-1
11,1,2,700,1,-1,-1,-1,-1
50,2,1,700,-1,-1,-1,-1,-1
33,2,2,700,-1,-1,-1,-1,-1
31,2,2,700,-1,1,-1,2,7
14,1,1,700,1,-1,-1,-1,-1
30,1,1,700,-1,-1,-1,-1,-1
53,2,2,700,-1,-1,-1,-1,-1
29,1,1,700,-1,-1,-1,-1,-1
29,1,2,700,-1,1,-1,2,7
43,2,1,700,-1,-1,-1,-1,-1
81,2,1,700,-1,1,-1,2,6
24,2,2,700,2,1,-1,2,7
18,1,1,700,2,2,-1,2,2
35,2,1,700,-1,-1,-1,-1,-1
46,2,1,700,-1,-1,-1,-1,-1
46,1,1,700,-1,-1,-1,-1,-1
22,2,1,700,2,1,-1,2,2
12,1,2,700,1,-1,-1,-1,-1
7,1,2,700,1,-1,-1,-1,-1
77,3,1,700,-1,1,-1,2,6
23,1,1,700,2,-1,-1,-1,-1
25,2,2,700,-1,-1,-1,-1,-1
10,1,1,700,1,-1,-1,-1,-1
23,1,2,700,2,-1,-1,-1,-1
40,2,2,700,-1,-1,-1,-1,-1
21,1,2,700,1,1,-1,2,8
67,2,2,700,-1,1,-1,2,7
76,3,2,700,-1,1,-1,2,6
34,2,2,700,-1,-1,-1,-1,-1
53,2,1,700,-1,-1,-1,-1,-1
34,2,1,700,-1,-1,-1,-1,-1
34,1,1,700,-1,-1,-1,-1,-1
43,2,1,700,-1,-1,-1,-1,-1
9,1,2,700,1,-1,-1,-1,-1
30,2,1,700,-1,-1,-1,-1,-1
49,2,2,700,-1,-1,-1,-1,-1
36,2,2,700,-1,1,-1,2,7
7,1,1,700,1,-1,-1,-1,-1
67,3,2,700,-1,1,-1,2,6
15,1,1,700,1,2,-1,2,8
7,1,1,700,1,-1,-1,-1,-1
57,2,1,700,-1,1,-1,2,3
32,1,1,700,-1,-1,-1,-1,-1
24,1,1,700,2,-1,-1,-1,-1
31,2,2,700,-1,1,-1,2,7
31,2,2,700,-1,1,-1,2,7
12,1,1,700,1,-1,-1,-1,-1
39,2,2,700,-1,1,-1,2,7
24,1,1,700,2,-1,-1,-1,-1
44,2,2,700,-1,-1,-1,-1,-1
23,1,1,700,1,2,-1,2,8
20,1,1,700,2,2,-1,2,7
85,3,2,700,-1,1,-1,2,6
27,2,1,700,-1,-1,-1,-1,-1
20,1,2,700,2,-1,-1,-1,-1
18,1,1,700,1,2,-1,2,8
32,2,1,700,-1,1,2,1,-1
43,1,1,700,-1,-1,-1,-1,-1
16,1,1,700,1,2,-1,2,8
5,1,1,700,1,-1,-1,-1,-1
78,2,2,700,-1,1,-1,2,6
16,1,1,700,1,2,-1,2,8
14,1,1,700,1,-1,-1,-1,-1
20,2,1,700,2,1,-1,2,7
46,2,1,700,-1,-1,-1,-1,-1
40,2,1,700,-1,-1,-1,-1,-1
37,2,1,700,-1,-1,-1,-1,-1
83,3,2,700,-1,1,-1,2,6
9,1,2,700,1,-1,-1,-1,-1
29,2,1,700,-1,-1,-1,-1,-1
73,2,1,700,-1,-1,-1,-1,-1
6,1,1,700,2,-1,-1,-1,-1
10,1,1,700,1,-1,-1,-1,-1
68,2,1,700,-1,1,-1,2,6
13,1,1,700,1,-1,-1,-1,-1
22,2,2,700,2,1,-1,2,5
61,2,2,700,-1,-1,-1,-1,-1
6,1,2,700,1,-1,-1,-1,-1
19,1,2,700,1,1,-1,2,7
18,1,2,700,2,-1,-1,-1,-1
38,2,1,700,-1,-1,-1,-1,-1
11,1,2,700,1,-1,-1,-1,-1
29,2,1,700,-1,-1,-1,-1,-1
66,2,2,700,-1,1,-1,2,7
16,1,2,700,1,2,-1,2,8
46,2,2,700,-1,2,-1,2,7
34,2,1,700,-1,-1,-1,-1,-1
14,1,1,700,1,-1,-1,-1,-1
40,2,2,700,-1,1,-1,2,7
32,2,1,700,-1,-1,-1,-1,-1
64,2,2,700,-1,-1,-1,-1,-1
33,2,1,700,-1,1,2,1,-1
59,2,1,700,-1,-1,-1,-1,-1
21,1,1,700,2,-1,-1,-1,-1
26,2,2,700,-1,-1,-1,-1,-1
62,2,1,700,-1,1,-1,2,6
60,2,2,700,-1,-1,-1,-1,-1
30,2,2,700,-1,-1,-1,-1,-1
45,2,1,700,-1,-1,-1,-1,-1
69,3,2,700,-1,1,-1,2,6
38,2,2,700,-1,-1,-1,-1,-1
7,1,2,700,1,-1,-1,-1,-1
15,1,2,700,1,2,-1,2,8
9,1,1,700,1,-1,-1,-1,-1
9,1,2,700,1,-1,-1,-1,-1
40,2,1,700,-1,-1,-1,-1,-1
56,2,1,700,-1,-1,-1,-1,-1
65,3,2,700,-1,2,-1,2,6
75,3,2,700,-1,1,-1,2,7
40,2,1,700,-1,-1,-1,-1,-1
15,1,1,700,2,-1,-1,-1,-1
12,1,2,700,1,-1,-1,-1,-1
66,2,2,700,-1,-1,-1,-1,-1
52,4,1,700,-1,1,-1,2,4
32,2,1,700,-1,-1,-1,-1,-1
54,2,2,700,-1,1,-1,2,7
34,2,1,700,-1,-1,-1,-1,-1
19,1,1,700,1,2,-1,2,8
11,1,1,700,1,-1,-1,-1,-1
23,1,1,700,2,-1,-1,-1,-1
43,1,1,700,-1,1,-1,2,3
48,2,2,700,-1,1,-1,2,7
28,2,2,700,-1,-1,-1,-1,-1
8,1,1,700,1,-1,-1,-1,-1
28,1,1,700,-1,-1,-1,-1,-1
26,2,2,700,-1,-1,-1,-1,-1
15,1,1,700,1,2,-1,2,8
73,2,1,700,-1,-1,-1,-1,-1
57,3,2,700,-1,2,-1,2,6
72,2,2,700,-1,1,-1,2,6
10,1,1,700,1,-1,-1,-1,-1
10,1,1,700,1,-1,-1,-1,-1
38,2,1,700,-1,-1,-1,-1,-1
58,3,2,700,-1,-1,-1,-1,-1
26,2,1,700,-1,1,2,1,-1
31,2,2,700,-1,1,-1,2,7
24,1,1,700,2,1,-1,2,5
32,2,2,700,-1,2,-1,2,7
34,1,1,700,-1,-1,-1,-1,-1
16,1,1,700,1,2,-1,2,8
27,1,1,700,-1,-1,-1,-1,-1
11,1,1,700,1,-1,-1,-1,-1
17,1,1,700,1,2,-1,2,8
43,1,1,700,-1,-1,-1,-1,-1
43,3,2,700,-1,-1,-1,-1,-1
19,1,2,700,2,2,-1,2,8
9,1,1,700,1,-1,-1,-1,-1
24,1,2,700,2,-1,-1,-1,-1
16,1,2,700,1,2,-1,2,8
46,2,2,700,-1,1,-1,2,7
12,1,2,700,1,-1,-1,-1,-1
52,2,1,700,-1,-1,-1,-1,-1
20,1,2,700,2,1,-1,2,7
5,1,1,700,1,-1,-1,-1,-1
10,1,2,700,1,-1,-1,-1,-1
20,1,2,700,2,2,1,1,-1
17,1,1,700,1,2,-1,2,8
14,1,1,700,2,-1,-1,-1,-1
38,2,2,700,-1,-1,-1,-1,-1
5,1,1,700,2,-1,-1,-1,-1
33,2,1,700,-1,-1,-1,-1,-1
8,1,2,700,1,-1,-1,-1,-1
23,1,2,700,2,-1,-1,-1,-1
16,1,1,700,2,2,-1,2,7
57,2,1,700,-1,-1,-1,-1,-1
8,1,2,700,1,-1,-1,-1,-1
33,2,1,700,-1,-1,-1,-1,-1
8,1,2,700,1,-1,-1,-1,-1
35,2,2,700,-1,1,-1,2,7
50,2,1,700,-1,-1,-1,-1,-1
10,1,1,700,1,-1,-1,-1,-1
57,3,1,700,-1,-1,-1,-1,-1
41,2,1,700,-1,-1,-1,-1,-1
10,1,2,700,1,-1,-1,-1,-1
38,1,2,700,-1,-1,-1,-1,-1
17,1,1,700,1,2,-1,2,8
18,1,1,700,1,2,-1,2,8
25,1,2,700,-1,-1,-1,-1,-1
50,2,1,700,-1,1,-1,2,1
5,1,1,700,1,-1,-1,-1,-1
93,2,2,700,-1,1,-1,2,6
17,1,1,700,2,1,-1,2,7
30,2,2,700,-1,1,-1,2,7
37,2,2,700,-1,1,-1,2,7
6,1,1,700,1,-1,-1,-1,-1
39,2,1,700,-1,-1,-1,-1,-1
15,1,2,700,1,2,-1,2,8
33,2,1,700,-1,-1,-1,-1,-1
42,1,1,700,-1,-1,-1,-1,-1
21,1,1,700,2,-1,-1,-1,-1
26,2,2,700,-1,2,-1,2,7
36,2,1,700,-1,-1,-1,-1,-1
55,2,2,700,-1,-1,-1,-1,-1
12,1,1,700,1,-1,-1,-1,-1
43,2,1,700,-1,-1,-1,-1,-1
20,1,1,700,2,-1,-1,-1,-1
23,1,1,700,2,-1,-1,-1,-1
43,2,1,700,-1,-1,-1,-1,-1
58,2,1,700,-1,-1,-1,-1,-1
40,2,2,700,-1,-1,-1,-1,-1
13,1,1,700,1,-1,-1,-1,-1
15,1,1,700,1,2,-1,2,8
8,1,2,700,1,-1,-1,-1,-1
25,1,2,700,-1,1,2,1,-1
76,2,1,700,-1,1,-1,2,6
10,1,2,700,1,-1,-1,-1,-1
10,1,1,700,1,-1,-1,-1,-1
14,1,2,700,1,-1,-1,-1,-1
7,1,1,700,1,-1,-1,-1,-1
32,2,2,700,-1,-1,-1,-1,-1
10,1,1,700,1,-1,-1,-1,-1
17,1,1,700,1,2,-1,2,8
41,2,2,700,-1,-1,-1,-1,-1
19,1,1,700,2,-1,-1,-1,-1
28,1,1,700,-1,-1,-1,-1,-1
16,1,2,700,1,2,-1,2,8
5,1,1,700,2,-1,-1,-1,-1
28,1,2,700,-1,1,-1,2,2
14,1,2,700,1,-1,-1,-1,-1
11,1,1,700,1,-1,-1,-1,-1
14,1,2,700,1,-1,-1,-1,-1
65,2,1,700,-1,-1,-1,-1,-1
12,1,2,700,1,-1,-1,-1,-1
35,2,1,700,-1,-1,-1,-1,-1
7,1,1,700,1,-1,-1,-1,-1
32,2,2,700,-1,2,-1,2,7
17,1,2,700,1,2,-1,2,8
58,2,1,700,-1,1,-1,2,6
18,1,2,700,1,2,-1,2,8
8,1,1,700,1,-1,-1,-1,-1
24,1,1,700,2,-1,-1,-1,-1
27,2,1,700,-1,-1,-1,-1,-1
54,3,2,700,-1,-1,-1,-1,-1
18,1,2,700,1,2,-1,2,8
31,2,1,700,-1,-1,-1,-1,-1
12,1,2,700,1,-1,-1,-1,-1
36,2,1,700,-1,-1,-1,-1,-1
5,1,1,700,1,-1,-1,-1,-1
18,1,1,700,2,1,2,1,-1
45,2,1,700,-1,-1,-1,-1,-1
5,1,1,700,2,-1,-1,-1,-1
18,1,2,700,1,2,-1,2,8
8,1,1,700,1,-1,-1,-1,-1
26,2,2,700,-1,-1,-1,-1,-1
58,3,2,700,-1,-1,-1,-1,-1
31,2,2,700,-1,1,-1,2,7
28,2,2,700,-1,-1,-1,-1,-1
7,1,2,700,1,-1,-1,-1,-1
54,2,2,700,-1,-1,-1,-1,-1
68,1,1,700,-1,1,-1,2,7
46,2,1,700,-1,-1,-1,-1,-1
67,2,1,700,-1,1,-1,2,6
48,2,1,700,-1,-1,-1,-1,-1
48,2,2,700,-1,-1,-1,-1,-1
14,1,2,700,1,-1,-1,-1,-1
84,3,2,700,-1,1,-1,2,6
33,2,1,700,-1,-1,-1,-1,-1
28,2,1,700,-1,-1,-1,-1,-1
39,2,2,700,-1,-1,-1,-1,-1
60,2,1,700,-1,1,-1,2,3
63,3,2,700,-1,1,-1,2,6
7,1,1,700,1,-1,-1,-1,-1
48,2,2,700,-1,-1,-1,-1,-1
38,2,1,700,-1,-1,-1,-1,-1
55,2,2,700,-1,1,-1,2,7
5,1,1,700,2,-1,-1,-1,-1
49,1,1,700,-1,-1,-1,-1,-1
16,1,1,700,1,-1,-1,-1,-1
12,1,1,700,1,-1,-1,-1,-1
6,1,1,700,1,-1,-1,-1,-1
24,2,1,700,2,-1,-1,-1,-1
27,2,2,700,-1,1,-1,2,7
72,3,1,700,-1,-1,-1,-1,-1
66,3,2,700,-1,2,-1,2,6
20,1,1,700,2,2,-1,2,8
8,1,2,700,1,-1,-1,-1,-1
12,1,1,700,1,-1,-1,-1,-1
32,2,2,700,-1,-1,-1,-1,-1
17,1,1,700,2,-1,-1,-1,-1
24,1,1,700,2,-1,-1,-1,-1
19,1,2,700,1,2,-1,2,8
12,1,2,700,1,-1,-1,-1,-1
17,1,1,700,1,2,-1,2,8
16,1,1,700,1,2,-1,2,8
52,2,1,700,-1,-1,-1,-1,-1
19,1,2,700,2,-1,-1,-1,-1
43,2,2,700,-1,1,-1,2,7
43,2,2,700,-1,-1,-1,-1,-1
7,1,1,700,1,-1,-1,-1,-1
32,4,1,700,-1,-1,-1,-1,-1
21,1,1,700,2,-1,-1,-1,-1
44,2,2,700,-1,1,-1,2,6
24,1,2,700,2,-1,-1,-1,-1
29,1,1,700,-1,-1,-1,-1,-1
85,2,1,700,-1,1,-1,2,6
23,1,2,700,2,-1,-1,-1,-1
7,1,1,700,1,-1,-1,-1,-1
15,1,2,700,1,2,-1,2,8
12,1,1,700,1,-1,-1,-1,-1
24,2,2,700,2,-1,-1,-1,-1
49,2,1,700,-1,-1,-1,-1,-1
12,1,1,700,1,-1,-1,-1,-1
6,1,1,700,1,-1,-1,-1,-1
26,1,2,700,-1,-1,-1,-1,-1
45,2,2,700,-1,1,-1,2,7
30,2,2,700,-1,-1,-1,-1,-1
17,1,1,700,1,2,-1,2,8
55,1,2,700,-1,2,-1,2,7
46,2,1,700,-1,-1,-1,-1,-1
29,4,2,700,-1,-1,-1,-1,-1
43,1,1,700,-1,-1,-1,-1,-1
15,1,2,700,1,2,-1,2,8
72,3,2,700,-1,1,-1,2,6
48,2,1,700,-1,-1,-1,-1,-1
30,1,1,700,-1,-1,-1,-1,-1
57,2,1,700,-1,-1,-1,-1,-1
8,1,1,700,1,-1,-1,-1,-1
58,2,1,700,-1,-1,-1,-1,-1
30,1,2,700,-1,2,-1,2,8
53,2,2,700,-1,-1,-1,-1,-1
5,1,2,700,1,-1,-1,-1,-1
23,1,1,700,2,-1,-1,-1,-1
40,2,1,700,-1,-1,-1,-1,-1
82,2,1,700,-1,-1,-1,-1,-1
42,2,2,700,-1,1,-1,2,7
43,3,2,700,-1,-1,-1,-1,-1
12,1,1,700,1,-1,-1,-1,-1
64,2,2,700,-1,1,-1,2,6
30,2,2,700,-1,1,-1,2,7
7,1,2,700,1,-1,-1,-1,-1
13,1,2,700,1,-1,-1,-1,-1
19,2,2,700,2,2,-1,2,7
42,2,2,700,-1,-1,-1,-1,-1
51,2,1,700,-1,1,-1,2,5
13,1,2,700,1,-1,-1,-1,-1
82,2,2,700,-1,1,-1,2,6
11,1,1,700,1,-1,-1,-1,-1
6,1,2,700,1,-1,-1,-1,-1
12,1,2,700,1,-1,-1,-1,-1
63,1,2,700,-1,1,-1,2,6
36,2,1,700,-1,-1,-1,-1,-1
17,1,1,700,2,1,-1,2,5
10,1,2,700,1,-1,-1,-1,-1
19,1,1,700,2,-1,-1,-1,-1
15,1,2,700,1,2,-1,2,8
25,2,2,700,-1,-1,-1,-1,-1
11,1,2,700,1,-1,-1,-1,-1
67,3,2,700,-1,-1,-1,-1,-1
11,1,1,700,1,-1,-1,-1,-1
15,1,1,700,1,2,-1,2,8
25,2,2,700,-1,1,-1,2,7
6,1,1,700,1,-1,-1,-1,-1
36,2,1,700,-1,-1,-1,-1,-1
42,2,1,700,-1,-1,-1,-1,-1
50,3,2,700,-1,-1,-1,-1,-1
45,2,2,700,-1,-1,-1,-1,-1
9,1,1,700,1,-1,-1,-1,-1
5,1,1,700,1,-1,-1,-1,-1
20,1,2,700,2,-1,-1,-1,-1
20,1,2,700,1,2,-1,2,8
6,1,2,700,1,-1,-1,-1,-1
35,2,1,700,-1,2,-1,2,7
38,2,1,700,-1,-1,-1,-1,-1
34,2,2,700,-1,-1,-1,-1,-1
74,2,1,700,-1,-1,-1,-1,-1
28,2,1,700,-1,-1,-1,-1,-1
37,2,2,700,-1,2,-1,2,7
53,2,1,700,-1,-1,-1,-1,-1
58,2,1,700,-1,-1,-1,-1,-1
27,2,2,700,-1,1,-1,2,7
43,2,1,700,-1,-1,-1,-1,-1
12,1,1,700,1,-1,-1,-1,-1
7,1,2,700,1,-1,-1,-1,-1
26,2,1,700,-1,-1,-1,-1,-1
46,2,2,700,-1,1,-1,2,7
15,1,1,700,1,2,-1,2,8
11,1,1,700,1,-1,-1,-1,-1
23,2,1,700,2,1,-1,2,5
5,1,1,700,1,-1,-1,-1,-1
17,1,1,700,1,2,-1,2,8
56,2,1,700,-1,-1,-1,-1,-1
9,1,2,700,1,-1,-1,-1,-1
32,3,2,700,-1,-1,-1,-1,-1
50,2,1,700,-1,-1,-1,-1,-1
23,1,2,700,2,-1,-1,-1,-1
31,2,2,700,-1,1,-1,2,7
30,2,1,700,-1,-1,-1,-1,-1
66,2,2,700,-1,-1,-1,-1,-1
45,2,1,700,-1,-1,-1,-1,-1
12,1,2,700,1,-1,-1,-1,-1
11,1,2,700,1,-1,-1,-1,-1
26,1,1,700,-1,1,2,1,-1
13,1,1,700,1,-1,-1,-1,-1
10,1,2,700,1,-1,-1,-1,-1
17,1,1,700,1,2,-1,2,8
65,2,1,700,-1,-1,-1,-1,-1
31,2,2,700,-1,1,-1,2,7
29,1,2,700,-1,-1,-1,-1,-1
55,2,2,700,-1,-1,-1,-1,-1
40,2,1,700,-1,-1,-1,-1,-1
31,1,2,700,-1,1,-1,2,7
57,2,1,700,-1,-1,-1,-1,-1
39,2,1,700,-1,-1,-1,-1,-1
19,1,2,700,1,2,-1,2,7
61,3,2,700,-1,1,-1,2,6
59,2,2,700,-1,-1,-1,-1,-1
22,1,1,700,2,1,2,1,-1
38,2,2,700,-1,-1,-1,-1,-1
11,1,1,700,1,-1,-1,-1,-1
43,2,2,700,-1,-1,-1,-1,-1
50,2,2,700,-1,-1,-1,-1,-1
33,2,2,700,-1,1,-1,2,7
25,1,2,700,-1,-1,-1,-1,-1
20,1,2,700,1,1,-1,2,7
21,1,1,700,2,-1,-1,-1,-1
10,1,1,700,2,-1,-1,-1,-1
76,3,2,700,-1,2,-1,2,6
7,1,2,700,1,-1,-1,-1,-1
59,2,2,700,-1,1,-1,2,7
56,2,2,700,-1,-1,-1,-1,-1
23,2,2,700,2,2,-1,2,7
28,2,1,700,-1,-1,-1,-1,-1
6,1,1,700,1,-1,-1,-1,-1
20,1,1,700,2,2,-1,2,7
67,4,2,700,-1,-1,-1,-1,-1
46,2,2,700,-1,-1,-1,-1,-1
10,1,1,700,1,-1,-1,-1,-1
27,2,2,700,-1,-1,-1,-1,-1
59,2,2,700,-1,-1,-1,-1,-1
18,1,1,700,1,2,-1,2,8
46,2,1,700,-1,-1,-1,-1,-1
13,1,1,700,1,-1,-1,-1,-1
16,1,2,700,1,2,-1,2,8
23,1,1,700,2,-1,-1,-1,-1
26,2,2,700,-1,-1,-1,-1,-1
23,1,2,700,2,-1,-1,-1,-1
39,2,1,700,-1,-1,-1,-1,-1
21,2,2,700,2,1,-1,2,7
32,2,1,700,-1,1,-1,2,5
11,1,2,700,1,-1,-1,-1,-1
24,2,2,700,2,-1,-1,-1,-1
18,1,2,700,2,-1,-1,-1,-1
9,1,2,700,1,-1,-1,-1,-1
7,1,1,700,1,-1,-1,-1,-1
16,1,2,700,2,2,-1,2,6
53,2,2,700,-1,1,-1,2,7
31,2,2,700,-1,1,-1,2,7
29,2,1,700,-1,-1,-1,-1,-1
21,2,2,700,2,1,-1,2,7
5,1,1,700,1,-1,-1,-1,-1
18,1,1,700,2,-1,-1,-1,-1
10,1,1,700,1,-1,-1,-1,-1
14,1,1,700,1,-1,-1,-1,-1
20,1,2,700,1,2,-1,2,8
65,1,2,700,-1,-1,-1,-1,-1
5,1,1,700,1,-1,-1,-1,-1
14,1,1,700,1,-1,-1,-1,-1
13,1,2,700,1,-1,-1,-1,-1
24,2,2,700,2,-1,-1,-1,-1
12,1,2,700,1,-1,-1,-1,-1
59,2,1,700,-1,-1,-1,-1,-1
40,2,2,700,-1,-1,-1,-1,-1
31,1,2,700,-1,1,2,1,-1
11,1,1,700,1,-1,-1,-1,-1
39,2,2,700,-1,1,-1,2,7
48,2,1,700,-1,-1,-1,-1,-1
19,1,1,700,2,-1,-1,-1,-1
70,2,2,700,-1,1,-1,2,6
17,1,2,700,1,2,-1,2,8
25,2,1,700,-1,-1,-1,-1,-1
9,1,1,700,1,-1,-1,-1,-1
5,1,1,700,1,-1,-1,-1,-1
47,2,2,700,-1,-1,-1,-1,-1
31,2,1,700,-1,-1,-1,-1,-1
5,1,1,700,1,-1,-1,-1,-1
11,1,1,700,1,-1,-1,-1,-1
23,2,2,700,2,-1,-1,-1,-1
19,1,1,700,2,-1,-1,-1,-1
47,2,2,700,-1,2,-1,2,7
8,1,1,700,1,-1,-1,-1,-1
29,2,1,700,-1,-1,-1,-1,-1
14,1,1,700,1,-1,-1,-1,-1
72,1,2,700,-1,-1,-1,-1,-1
7,1,1,700,1,-1,-1,-1,-1
25,2,1,700,-1,-1,-1,-1,-1
7,1,1,700,1,-1,-1,-1,-1
37,2,2,700,-1,-1,-1,-1,-1
62,2,1,700,-1,1,-1,2,6
18,1,2,700,1,2,-1,2,8
33,2,2,700,-1,-1,-1,-1,-1
72,3,2,700,-1,1,-1,2,6
6,1,1,700,1,-1,-1,-1,-1
69,3,2,700,-1,-1,-1,-1,-1
64,2,2,700,-1,2,-1,2,7
16,1,2,700,1,2,-1,2,8
30,4,1,700,-1,-1,-1,-1,-1
41,2,1,700,-1,-1,-1,-1,-1
49,2,1,700,-1,-1,-1,-1,-1
16,1,1,700,2,1,-1,2,7
15,1,2,700,2,2,-1,2,1
5,1,2,700,1,-1,-1,-1,-1
76,2,1,700,-1,1,-1,2,6
40,2,2,700,-1,1,-1,2,7
37,2,1,700,-1,-1,-1,-1,-1
75,3,2,700,-1,-1,-1,-1,-1
52,2,1,700,-1,-1,-1,-1,-1
11,1,1,700,1,-1,-1,-1,-1
74,2,1,700,-1,1,-1,2,3
10,1,1,700,1,-1,-1,-1,-1
15,1,1,700,1,2,-1,2,6
9,1,1,700,1,-1,-1,-1,-1
10,1,1,700,1,-1,-1,-1,-1
74,3,2,700,-1,1,-1,2,6
47,2,1,700,-1,-1,-1,-1,-1
28,1,1,700,-1,-1,-1,-1,-1
12,1,2,700,1,-1,-1,-1,-1
47,2,2,700,-1,-1,-1,-1,-1
23,1,2,700,2,-1,-1,-1,-1
31,2,2,700,-1,2,-1,2,7
48,2,1,700,-1,-1,-1,-1,-1
74,2,2,700,-1,-1,-1,-1,-1
13,1,2,700,1,-1,-1,-1,-1
55,2,1,700,-1,-1,-1,-1,-1
55,2,2,700,-1,-1,-1,-1,-1
34,2,1,700,-1,-1,-1,-1,-1
12,1,1,700,1,-1,-1,-1,-1
19,1,1,700,2,-1,-1,-1,-1
12,1,1,700,1,-1,-1,-1,-1
14,1,2,700,1,-1,-1,-1,-1
20,2,2,700,2,1,-1,2,7
39,2,1,700,-1,-1,-1,-1,-1
20,1,1,700,2,-1,-1,-1,-1
22,1,1,700,2,-1,-1,-1,-1
15,1,1,700,1,2,-1,2,8
26,2,2,700,-1,-1,-1,-1,-1
53,1,2,700,-1,1,-1,2,7
70,4,2,700,-1,1,-1,2,6
8,1,2,700,1,-1,-1,-1,-1
17,1,2,700,1,2,-1,2,8
39,2,2,700,-1,1,-1,2,7
38,2,1,700,-1,-1,-1,-1,-1
26,1,1,700,-1,-1,-1,-1,-1
14,1,1,700,1,-1,-1,-1,-1
58,2,1,700,-1,-1,-1,-1,-1
8,1,2,700,1,-1,-1,-1,-1
52,2,1,700,-1,-1,-1,-1,-1
26,1,1,700,-1,-1,-1,-1,-1
18,1,2,700,1,2,-1,2,7
22,1,1,700,2,2,1,1,-1
7,1,2,700,2,-1,-1,-1,-1
11,1,1,700,1,-1,-1,-1,-1
18,2,1,700,2,-1,-1,-1,-1
10,1,1,700,1,-1,-1,-1,-1
17,1,2,700,1,2,-1,2,8
35,2,2,700,-1,1,-1,2,7
13,1,2,700,1,-1,-1,-1,-1
24,1,2,700,2,-1,-1,-1,-1
20,1,1,700,2,-1,-1,-1,-1
13,1,2,700,1,-1,-1,-1,-1
12,1,2,700,1,-1,-1,-1,-1
55,2,1,700,-1,1,-1,2,7
8,1,1,700,1,-1,-1,-1,-1
35,2,1,700,-1,-1,-1,-1,-1
32,2,1,700,-1,1,2,1,-1
31,2,1,700,-1,-1,-1,-1,-1
23,1,1,700,2,-1,-1,-1,-1
10,1,1,700,1,-1,-1,-1,-1
13,1,2,700,1,-1,-1,-1,-1
44,2,1,700,-1,1,-1,2,7
28,2,2,700,-1,1,-1,2,7
30,2,1,700,-1,-1,-1,-1,-1
50,2,1,700,-1,-1,-1,-1,-1
14,1,1,700,1,-1,-1,-1,-1
17,1,1,700,2,2,-1,2,8
14,1,2,700,1,-1,-1,-1,-1
36,2,2,700,-1,-1,-1,-1,-1
13,1,1,700,1,-1,-1,-1,-1
25,1,1,700,-1,1,-1,2,2
25,2,1,700,-1,-1,-1,-1,-1
14,1,1,700,1,-1,-1,-1,-1
21,1,2,700,1,2,-1,2,8
63,2,2,700,-1,-1,-1,-1,-1
26,2,1,700,-1,-1,-1,-1,-1
54,2,2,700,-1,-1,-1,-1,-1
51,2,2,700,-1,-1,-1,-1,-1
42,2,2,700,-1,-1,-1,-1,-1
36,2,2,700,-1,1,-1,2,7
31,2,1,700,-1,-1,-1,-1,-1
40,2,2,700,-1,2,-1,2,7
66,2,1,700,-1,-1,-1,-1,-1
62,3,2,700,-1,-1,-1,-1,-1
61,2,2,700,-1,-1,-1,-1,-1
35,2,2,700,-1,-1,-1,-1,-1
56,2,2,700,-1,-1,-1,-1,-1
40,4,2,700,-1,-1,-1,-1,-1
13,1,1,700,1,-1,-1,-1,-1
66,2,1,700,-1,-1,-1,-1,-1
61,2,2,700,-1,-1,-1,-1,-1
31,1,1,700,-1,-1,-1,-1,-1
59,1,1,700,-1,1,-1,2,1
58,2,2,700,-1,1,-1,2,7
14,1,1,700,1,-1,-1,-1,-1
9,1,2,700,1,-1,-1,-1,-1
15,1,2,700,1,2,-1,2,8
64,2,2,700,-1,1,-1,2,7
23,1,1,700,2,-1,-1,-1,-1
6,1,2,700,1,-1,-1,-1,-1
24,2,2,700,2,1,-1,2,7
41,2,1,700,-1,-1,-1,-1,-1
72,2,1,700,-1,1,-1,2,6
33,2,2,700,-1,1,-1,2,7
63,2,1,700,-1,1,-1,2,6
35,2,1,700,-1,-1,-1,-1,-1
6,1,1,700,1,-1,-1,-1,-1
37,2,1,700,-1,-1,-1,-1,-1
69,2,1,700,-1,-1,-1,-1,-1
7,1,2,700,1,-1,-1,-1,-1
27,2,2,700,-1,-1,-1,-1,-1
28,2,2,700,-1,1,-1,2,7
17,1,1,700,1,-1,-1,-1,-1
58,3,2,700,-1,-1,-1,-1,-1
11,1,2,700,1,-1,-1,-1,-1
56,2,1,700,-1,-1,-1,-1,-1
62,2,2,700,-1,1,-1,2,7
5,1,2,700,1,-1,-1,-1,-1
69,3,2,700,-1,1,-1,2,6
6,1,1,700,1,-1,-1,-1,-1
21,1,1,700,2,-1,-1,-1,-1
18,1,1,700,1,2,-1,2,8
9,1,1,700,1,-1,-1,-1,-1
20,1,2,700,2,-1,-1,-1,-1
9,1,1,700,1,-1,-1,-1,-1
59,2,1,700,-1,1,-1,2,3
12,1,1,700,1,-1,-1,-1,-1
8,1,1,700,1,-1,-1,-1,-1
7,1,2,700,1,-1,-1,-1,-1
14,1,1,700,2,-1,-1,-1,-1
9,1,1,700,1,-1,-1,-1,-1
34,2,1,700,-1,-1,-1,-1,-1
7,1,1,700,1,-1,-1,-1,-1
86,2,1,700,-1,1,-1,2,6
7,1,1,700,1,-1,-1,-1,-1
9,1,1,700,1,-1,-1,-1,-1
5,1,1,700,1,-1,-1,-1,-1
9,1,2,700,1,-1,-1,-1,-1
37,2,1,700,-1,-1,-1,-1,-1
48,2,2,700,-1,-1,-1,-1,-1
29,1,1,700,-1,-1,-1,-1,-1
90,3,2,700,-1,1,-1,2,7
7,1,2,700,1,-1,-1,-1,-1
14,1,1,700,1,-1,-1,-1,-1
9,1,2,700,1,-1,-1,-1,-1
9,1,2,700,1,-1,-1,-1,-1
6,1,2,700,1,-1,-1,-1,-1
13,1,2,700,1,-1,-1,-1,-1
32,2,2,700,-1,-1,-1,-1,-1
9,1,2,700,1,-1,-1,-1,-1
31,2,2,700,-1,-1,-1,-1,-1
62,2,1,700,-1,1,-1,2,6
41,2,1,700,-1,-1,-1,-1,-1
38,2,2,700,-1,1,-1,2,7
65,2,1,700,-1,2,-1,2,6
9,1,2,700,1,-1,-1,-1,-1
50,1,2,700,-1,-1,-1,-1,-1
62,2,1,700,-1,1,-1,2,9
47,2,2,700,-1,-1,-1,-1,-1
40,2,2,700,-1,-1,-1,-1,-1
7,1,2,700,2,-1,-1,-1,-1
32,2,1,700,-1,-1,-1,-1,-1
5,1,2,700,1,-1,-1,-1,-1
26,1,2,700,-1,-1,-1,-1,-1
44,2,1,700,-1,-1,-1,-1,-1
15,1,1,700,2,-1,-1,-1,-1
9,1,1,700,1,-1,-1,-1,-1
28,2,2,700,-1,1,-1,2,7
8,1,1,700,1,-1,-1,-1,-1
7,1,2,700,1,-1,-1,-1,-1
42,4,2,700,-1,-1,-1,-1,-1
14,1,1,700,2,-1,-1,-1,-1
24,2,1,700,2,-1,-1,-1,-1
13,1,2,700,1,-1,-1,-1,-1
50,2,1,700,-1,1,-1,2,7
24,1,2,700,2,-1,-1,-1,-1
17,1,2,700,1,2,-1,2,8
55,1,1,700,-1,-1,-1,-1,-1
20,2,2,700,2,1,-1,2,7
72,3,2,700,-1,1,-1,2,6
39,2,2,700,-1,2,-1,2,7
80,2,1,700,-1,1,-1,2,6
46,2,1,700,-1,-1,-1,-1,-1
43,2,1,700,-1,-1,-1,-1,-1
23,2,2,700,2,1,-1,2,7
8,1,1,700,1,-1,-1,-1,-1
51,2,1,700,-1,-1,-1,-1,-1
33,2,1,700,-1,-1,-1,-1,-1
38,2,1,700,-1,-1,-1,-1,-1
42,4,2,700,-1,-1,-1,-1,-1
20,1,1,700,2,-1,-1,-1,-1
6,1,1,700,1,-1,-1,-1,-1
49,2,1,700,-1,-1,-1,-1,-1
8,1,1,700,1,-1,-1,-1,-1
21,1,2,700,2,-1,-1,-1,-1
16,1,1,700,1,2,-1,2,8
61,2,1,700,-1,-1,-1,-1,-1
42,2,1,700,-1,-1,-1,-1,-1
24,2,1,700,2,-1,-1,-1,-1
12,1,2,700,1,-1,-1,-1,-1
18,1,1,700,2,-1,-1,-1,-1
29,2,2,700,-1,1,-1,2,7
34,1,2,700,-1,-1,-1,-1,-1
40,2,1,700,-1,-1,-1,-1,-1
24,1,1,700,2,-1,-1,-1,-1
10,1,1,700,1,-1,-1,-1,-1
47,2,2,700,-1,-1,-1,-1,-1
17,1,1,700,1,2,-1,2,8
17,1,2,700,1,2,-1,2,8
45,2,2,700,-1,1,-1,2,7
48,3,2,700,-1,-1,-1,-1,-1
65,2,1,700,-1,-1,-1,-1,-1
41,1,1,700,-1,2,-1,2,6
23,2,1,700,2,-1,-1,-1,-1
20,2,2,700,2,2,-1,2,7
28,2,1,700,-1,-1,-1,-1,-1
22,1,2,700,2,-1,-1,-1,-1
10,1,1,700,1,-1,-1,-1,-1
38,2,2,700,-1,1,-1,2,7
7,1,2,700,1,-1,-1,-1,-1
30,2,2,700,-1,-1,-1,-1,-1
10,1,2,700,1,-1,-1,-1,-1
19,1,1,700,1,2,-1,2,8
16,1,1,700,1,-1,-1,-1,-1
17,1,1,700,2,-1,-1,-1,-1
35,2,2,700,-1,-1,-1,-1,-1
27,1,1,700,-1,-1,-1,-1,-1
43,2,2,700,-1,-1,-1,-1,-1
25,1,2,700,-1,1,-1,2,7
36,2,2,700,-1,-1,-1,-1,-1
45,2,2,700,-1,-1,-1,-1,-1
7,1,1,700,1,-1,-1,-1,-1
16,1,2,700,2,2,-1,2,7
24,2,2,700,2,1,-1,2,7
47,2,2,700,-1,1,-1,2,7
13,1,1,700,1,-1,-1,-1,-1
15,1,1,700,1,2,-1,2,8
12,1,2,700,1,-1,-1,-1,-1
34,2,1,700,-1,-1,-1,-1,-1
14,1,1,700,2,-1,-1,-1,-1
35,2,2,700,-1,-1,-1,-1,-1
56,2,2,700,-1,1,-1,2,7
35,2,1,700,-1,-1,-1,-1,-1
18,1,2,700,2,2,-1,2,7
42,2,2,700,-1,1,-1,2,7
6,1,1,700,1,-1,-1,-1,-1
17,1,1,700,2,-1,-1,-1,-1
5,1,2,700,1,-1,-1,-1,-1
25,1,1,700,-1,-1,-1,-1,-1
50,4,2,700,-1,-1,-1,-1,-1
34,2,1,700,-1,-1,-1,-1,-1
55,1,2,700,-1,-1,-1,-1,-1
6,1,1,700,1,-1,-1,-1,-1
30,2,2,700,-1,1,-1,2,7
11,1,1,700,1,-1,-1,-1,-1
41,2,1,700,-1,-1,-1,-1,-1
25,1,1,700,-1,-1,-1,-1,-1
11,1,2,700,1,-1,-1,-1,-1
12,1,2,700,1,-1,-1,-1,-1
26,2,1,700,-1,-1,-1,-1,-1
13,1,2,700,2,-1,-1,-1,-1
11,1,2,700,1,-1,-1,-1,-1
7,1,1,700,1,-1,-1,-1,-1
6,1,2,700,1,-1,-1,-1,-1
8,1,1,700,1,-1,-1,-1,-1
17,1,2,700,1,2,-1,2,8
40,2,1,700,-1,-1,-1,-1,-1
17,1,2,700,1,2,-1,2,8
43,2,1,700,-1,-1,-1,-1,-1
51,2,2,700,-1,-1,-1,-1,-1
33,2,2,700,-1,-1,-1,-1,-1
26,2,2,700,-1,-1,-1,-1,-1
14,1,1,700,1,-1,-1,-1,-1
5,1,2,700,1,-1,-1,-1,-1
6,1,1,700,1,-1,-1,-1,-1
31,1,1,700,-1,-1,-1,-1,-1
17,1,2,700,2,1,-1,2,7
61,2,1,700,-1,-1,-1,-1,-1
17,1,2,700,1,1,-1,2,8
17,1,2,700,1,2,-1,2,8
65,2,2,700,-1,-1,-1,-1,-1
7,1,2,700,1,-1,-1,-1,-1
44,2,1,700,-1,-1,-1,-1,-1
9,1,1,700,1,-1,-1,-1,-1
54,2,2,700,-1,-1,-1,-1,-1
48,2,1,700,-1,-1,-1,-1,-1
46,2,1,700,-1,-1,-1,-1,-1
26,2,1,700,-1,-1,-1,-1,-1
55,2,2,700,-1,-1,-1,-1,-1
51,2,2,700,-1,1,-1,2,7
36,2,1,700,-1,-1,-1,-1,-1
14,1,2,700,1,-1,-1,-1,-1
5,1,1,700,1,-1,-1,-1,-1
57,2,2,700,-1,1,-1,2,7
8,1,1,700,1,-1,-1,-1,-1
69,2,1,700,-1,1,-1,2,6
70,3,2,700,-1,1,-1,2,7
42,2,2,700,-1,-1,-1,-1,-1
14,1,1,700,1,-1,-1,-1,-1
14,1,2,700,1,-1,-1,-1,-1
11,1,2,700,1,-1,-1,-1,-1
16,1,2,700,1,2,-1,2,8
21,1,2,700,1,2,-1,2,8
26,2,2,700,-1,2,-1,2,7
5,1,2,700,1,-1,-1,-1,-1
12,1,1,700,1,-1,-1,-1,-1
37,2,1,700,-1,-1,-1,-1,-1
62,3,2,700,-1,1,-1,2,7
20,1,1,700,2,1,-1,2,2
44,2,2,700,-1,2,-1,2,7
30,1,2,700,-1,-1,-1,-1,-1
57,2,1,700,-1,1,-1,2,7
13,1,2,700,1,-1,-1,-1,-1
47,2,2,700,-1,1,-1,2,7
7,1,1,700,1,-1,-1,-1,-1
20,1,1,700,2,-1,-1,-1,-1
57,2,2,700,-1,-1,-1,-1,-1
19,1,2,700,2,-1,-1,-1,-1
40,1,1,700,-1,-1,-1,-1,-1
72,2,1,700,-1,1,-1,2,7
23,1,1,700,2,-1,-1,-1,-1
10,1,1,700,1,-1,-1,-1,-1
62,2,2,700,-1,2,-1,2,6
49,2,2,700,-1,-1,-1,-1,-1
40,2,1,700,-1,-1,-1,-1,-1
9,1,2,700,1,-1,-1,-1,-1
50,2,1,700,-1,-1,-1,-1,-1
26,2,2,700,-1,1,-1,2,7
23,1,2,700,1,-1,-1,-1,-1
6,1,1,700,1,-1,-1,-1,-1
48,2,1,700,-1,-1,-1,-1,-1
6,1,2,700,1,-1,-1,-1,-1
32,2,1,700,-1,-1,-1,-1,-1
23,2,2,700,2,2,-1,2,7
40,2,1,700,-1,-1,-1,-1,-1
33,1,1,700,-1,-1,-1,-1,-1
7,1,2,700,1,-1,-1,-1,-1
23,1,2,700,1,-1,-1,-1,-1
40,2,1,700,-1,-1,-1,-1,-1
15,1,2,700,1,2,-1,2,8
7,1,2,700,1,-1,-1,-1,-1
7,1,1,700,1,-1,-1,-1,-1
28,1,2,700,-1,-1,-1,-1,-1
30,2,1,700,-1,-1,-1,-1,-1
7,1,2,700,1,-1,-1,-1,-1
30,1,2,700,-1,-1,-1,-1,-1
60,2,2,700,-1,-1,-1,-1,-1
22,1,1,700,2,2,1,1,-1
30,2,2,700,-1,1,-1,2,7
21,1,1,700,2,1,-1,2,3
28,2,2,700,-1,-1,-1,-1,-1
18,1,1,700,1,2,-1,2,8
15,1,1,700,1,2,-1,2,6
38,1,1,700,-1,-1,-1,-1,-1
13,1,1,700,1,-1,-1,-1,-1
13,1,1,700,1,-1,-1,-1,-1
52,2,2,700,-1,-1,-1,-1,-1
48,1,1,700,-1,-1,-1,-1,-1
33,2,1,700,-1,-1,-1,-1,-1
25,1,1,700,-1,1,2,1,-1
47,2,2,700,-1,-1,-1,-1,-1
15,1,2,700,1,2,-1,2,8
29,2,1,700,-1,-1,-1,-1,-1
85,3,1,700,-1,1,-1,2,6
50,2,2,700,-1,2,-1,2,7
28,2,1,700,-1,-1,-1,-1,-1
34,2,2,700,-1,1,-1,2,7
49,2,1,700,-1,-1,-1,-1,-1
82,3,2,700,-1,1,-1,2,6
9,1,2,700,1,-1,-1,-1,-1
61,3,2,700,-1,-1,-1,-1,-1
8,1,1,700,1,-1,-1,-1,-1
39,2,2,700,-1,-1,-1,-1,-1
48,2,1,700,-1,-1,-1,-1,-1
49,2,1,700,-1,-1,-1,-1,-1
50,2,1,700,-1,-1,-1,-1,-1
16,1,1,700,1,-1,-1,-1,-1
13,1,1,700,1,-1,-1,-1,-1
9,1,1,700,1,-1,-1,-1,-1
74,2,1,700,-1,1,-1,2,6
42,2,2,700,-1,1,-1,2,7
23,2,1,700,2,-1,-1,-1,-1
26,1,1,700,-1,-1,-1,-1,-1
11,1,2,700,1,-1,-1,-1,-1
13,1,2,700,1,-1,-1,-1,-1
8,1,2,700,1,-1,-1,-1,-1
16,1,2,700,1,2,-1,2,8
13,1,1,700,1,-1,-1,-1,-1
20,1,2,700,2,-1,-1,-1,-1
49,2,2,700,-1,-1,-1,-1,-1
52,2,2,700,-1,1,-1,2,7
26,1,2,700,-1,1,-1,2,5
43,4,2,700,-1,-1,-1,-1,-1
11,1,1,700,1,-1,-1,-1,-1
6,1,1,700,1,-1,-1,-1,-1
7,1,1,700,1,-1,-1,-1,-1
20,1,1,700,2,-1,-1,-1,-1
32,2,1,700,-1,-1,-1,-1,-1
40,2,2,700,-1,-1,-1,-1,-1
23,2,1,700,2,-1,-1,-1,-1
30,1,1,700,-1,-1,-1,-1,-1
19,1,1,700,2,-1,-1,-1,-1
40,2,1,700,-1,-1,-1,-1,-1
19,1,1,700,2,-1,-1,-1,-1
11,1,1,700,1,-1,-1,-1,-1
51,2,1,700,-1,-1,-1,-1,-1
9,1,1,700,1,-1,-1,-1,-1
8,1,2,700,1,-1,-1,-1,-1
75,2,1,700,-1,1,-1,2,6
73,2,1,700,-1,-1,-1,-1,-1
23,1,2,700,2,1,2,1,-1
37,2,1,700,-1,-1,-1,-1,-1
70,2,1,700,-1,-1,-1,-1,-1
16,1,1,700,2,-1,-1,-1,-1
18,1,1,700,1,2,-1,2,8
53,2,2,700,-1,-1,-1,-1,-1
19,1,2,700,1,2,-1,2,8
20,1,2,700,2,-1,-1,-1,-1
34,2,1,700,-1,-1,-1,-1,-1
6,1,1,700,1,-1,-1,-1,-1
11,1,2,700,1,-1,-1,-1,-1
11,1,2,700,1,-1,-1,-1,-1
56,2,2,700,-1,-1,-1,-1,-1
19,1,1,700,1,1,-1,2,8
16,1,2,700,1,2,-1,2,8
11,1,1,700,1,-1,-1,-1,-1
68,2,1,700,-1,-1,-1,-1,-1
43,2,2,700,-1,-1,-1,-1,-1
34,2,2,700,-1,-1,-1,-1,-1
23,2,2,700,2,-1,-1,-1,-1
10,1,2,700,1,-1,-1,-1,-1
19,1,2,700,2,1,-1,2,7
5,1,2,700,1,-1,-1,-1,-1
55,2,1,700,-1,-1,-1,-1,-1
21,2,2,700,2,1,-1,2,7
14,1,1,700,1,-1,-1,-1,-1
20,2,2,700,2,2,-1,2,7
21,1,2,700,2,1,-1,2,9
29,2,2,700,-1,1,-1,2,7
29,2,1,700,-1,-1,-1,-1,-1
60,2,2,700,-1,1,-1,2,7
53,2,1,700,-1,-1,-1,-1,-1
82,2,1,700,-1,1,-1,2,6
44,2,2,700,-1,1,-1,2,7
14,1,2,700,1,-1,-1,-1,-1
6,1,1,700,1,-1,-1,-1,-1
32,2,1,700,-1,-1,-1,-1,-1
35,2,1,700,-1,-1,-1,-1,-1
37,2,1,700,-1,-1,-1,-1,-1
17,1,2,700,2,-1,-1,-1,-1
10,1,1,700,1,-1,-1,-1,-1
7,1,1,700,1,-1,-1,-1,-1
44,2,2,700,-1,2,-1,2,7
15,1,1,700,1,-1,-1,-1,-1
79,2,1,700,-1,1,-1,2,6
14,1,2,700,1,-1,-1,-1,-1
45,2,1,700,-1,-1,-1,-1,-1
8,1,2,700,1,-1,-1,-1,-1
41,4,2,700,-1,-1,-1,-1,-1
7,1,2,700,1,-1,-1,-1,-1
18,2,2,700,2,1,-1,2,7
65,2,1,700,-1,1,-1,2,6
6,1,1,700,1,-1,-1,-1,-1
33,2,2,700,-1,1,-1,2,7
22,1,1,700,2,-1,-1,-1,-1
18,1,2,700,2,2,1,1,-1
13,1,2,700,1,-1,-1,-1,-1
11,1,1,700,2,-1,-1,-1,-1
11,1,2,700,1,-1,-1,-1,-1
20,1,2,700,2,2,2,1,-1
7,1,2,700,1,-1,-1,-1,-1
10,1,1,700,1,-1,-1,-1,-1
62,2,1,700,-1,1,-1,2,6
16,1,1,700,1,2,-1,2,8
53,1,1,700,-1,-1,-1,-1,-1
57,3,1,700,-1,-1,-1,-1,-1
24,1,2,700,2,-1,-1,-1,-1
45,2,1,700,-1,-1,-1,-1,-1
28,2,2,700,-1,2,-1,2,7
51,2,2,700,-1,1,-1,2,7
9,1,2,700,1,-1,-1,-1,-1
38,2,2,700,-1,2,-1,2,7
46,2,2,700,-1,1,-1,2,7
29,2,2,700,-1,-1,-1,-1,-1
25,1,2,700,-1,-1,-1,-1,-1
29,2,2,700,-1,-1,-1,-1,-1
15,1,1,700,1,1,-1,2,8
13,1,1,700,1,-1,-1,-1,-1
5,1,1,700,1,-1,-1,-1,-1
45,2,1,700,-1,-1,-1,-1,-1
43,2,2,700,-1,-1,-1,-1,-1
50,2,1,700,-1,-1,-1,-1,-1
84,2,1,700,-1,1,-1,2,6
7,1,1,700,1,-1,-1,-1,-1
37,1,1,700,-1,-1,-1,-1,-1
39,2,2,700,-1,2,-1,2,7
20,2,2,700,2,-1,-1,-1,-1
47,1,1,700,-1,-1,-1,-1,-1
55,1,1,700,-1,-1,-1,-1,-1
11,1,1,700,1,-1,-1,-1,-1
77,2,1,700,-1,1,-1,2,6
30,2,1,700,-1,-1,-1,-1,-1
19,1,1,700,2,-1,-1,-1,-1
29,2,2,700,-1,-1,-1,-1,-1
8,1,2,700,1,-1,-1,-1,-1
8,1,2,700,1,-1,-1,-1,-1
48,2,1,700,-1,-1,-1,-1,-1
65,2,2,700,-1,-1,-1,-1,-1
28,2,1,700,-1,-1,-1,-1,-1
17,1,2,700,2,2,-1,2,7
16,1,1,700,1,2,-1,2,8
43,2,1,700,-1,-1,-1,-1,-1
54,2,2,700,-1,-1,-1,-1,-1
13,1,1,700,1,-1,-1,-1,-1
18,1,1,700,2,1,-1,2,1
63,1,1,700,-1,-1,-1,-1,-1
10,1,1,700,1,-1,-1,-1,-1
14,1,2,700,1,-1,-1,-1,-1
10,1,1,700,1,-1,-1,-1,-1
14,1,2,700,1,-1,-1,-1,-1
18,1,1,700,1,2,-1,2,8
9,1,2,700,1,-1,-1,-1,-1
16,1,2,700,1,2,-1,2,8
53,2,2,700,-1,-1,-1,-1,-1
22,1,2,700,2,1,-1,2,7
11,1,1,700,1,-1,-1,-1,-1
6,1,2,700,1,-1,-1,-1,-1
45,4,2,700,-1,-1,-1,-1,-1
34,2,2,700,-1,1,-1,2,7
43,2,1,700,-1,-1,-1,-1,-1
16,1,2,700,1,2,-1,2,8
32,2,2,700,-1,2,-1,2,7
22,1,1,700,1,2,-1,2,8
7,1,2,700,1,-1,-1,-1,-1
56,2,1,700,-1,-1,-1,-1,-1
25,2,2,700,-1,2,-1,2,7
30,2,1,700,-1,-1,-1,-1,-1
17,1,1,700,1,2,-1,2,8
15,1,2,700,1,2,-1,2,8
45,2,2,700,-1,-1,-1,-1,-1
21,2,2,700,2,2,-1,2,7
9,1,2,700,1,-1,-1,-1,-1
25,1,1,700,-1,1,2,1,-1
18,1,2,700,2,-1,-1,-1,-1
5,1,2,700,1,-1,-1,-1,-1
51,2,1,700,-1,-1,-1,-1,-1
77,2,1,700,-1,1,-1,2,6
28,1,2,700,-1,-1,-1,-1,-1
29,1,1,700,-1,-1,-1,-1,-1
15,1,2,700,1,-1,-1,-1,-1
33,2,2,700,-1,-1,-1,-1,-1
71,3,2,700,-1,-1,-1,-1,-1
35,2,2,700,-1,1,-1,2,2
21,1,2,700,2,1,2,1,-1
60,2,2,700,-1,1,-1,2,6
57,2,1,700,-1,-1,-1,-1,-1
18,1,2,700,1,2,-1,2,8
48,2,1,700,-1,-1,-1,-1,-1
23,2,2,700,2,1,-1,2,7
67,2,1,700,-1,-1,-1,-1,-1
55,2,2,700,-1,-1,-1,-1,-1
28,2,1,700,-1,-1,-1,-1,-1
43,2,1,700,-1,-1,-1,-1,-1
12,1,1,700,1,-1,-1,-1,-1
40,2,1,700,-1,-1,-1,-1,-1
70,2,2,700,-1,1,-1,2,6
34,2,1,700,-1,-1,-1,-1,-1
38,2,1,700,-1,1,2,1,-1
45,2,1,700,-1,-1,-1,-1,-1
22,1,2,700,2,-1,-1,-1,-1
24,1,2,700,2,2,-1,2,7
20,2,2,700,2,2,-1,2,7
31,2,2,700,-1,2,-1,2,7
35,2,1,700,-1,-1,-1,-1,-1
12,1,2,700,1,-1,-1,-1,-1
21,1,2,700,2,2,-1,2,2
7,1,1,700,1,-1,-1,-1,-1
39,2,1,700,-1,-1,-1,-1,-1
58,2,1,700,-1,1,-1,2,6
21,2,2,700,2,1,-1,2,7
47,2,1,700,-1,-1,-1,-1,-1
38,2,2,700,-1,1,-1,2,7
69,2,1,700,-1,-1,-1,-1,-1
34,2,1,700,-1,-1,-1,-1,-1
38,2,1,700,-1,-1,-1,-1,-1
24,4,1,700,2,-1,-1,-1,-1
58,2,1,700,-1,-1,-1,-1,-1
54,2,2,700,-1,-1,-1,-1,-1
23,2,2,700,2,1,-1,2,7
64,2,1,700,-1,1,-1,2,6
67,2,1,700,-1,1,-1,2,6
20,1,1,700,2,2,1,1,-1
13,1,1,700,1,-1,-1,-1,-1
71,3,1,700,-1,-1,-1,-1,-1
57,2,2,700,-1,1,-1,2,7
30,1,2,700,-1,-1,-1,-1,-1
15,1,1,700,1,2,-1,2,8
23,1,1,700,2,1,-1,2,2
16,1,2,700,2,1,-1,2,3
7,1,2,700,1,-1,-1,-1,-1
17,1,1,700,2,2,2,1,-1
15,1,2,700,1,2,-1,2,8
47,2,2,700,-1,-1,-1,-1,-1
16,1,1,700,2,-1,-1,-1,-1
51,2,2,700,-1,-1,-1,-1,-1
39,2,1,700,-1,-1,-1,-1,-1
5,1,2,700,1,-1,-1,-1,-1
11,1,1,700,1,-1,-1,-1,-1
11,1,2,700,1,-1,-1,-1,-1
12,1,1,700,1,-1,-1,-1,-1
8,1,1,700,1,-1,-1,-1,-1
68,3,2,700,-1,-1,-1,-1,-1
43,2,1,700,-1,-1,-1,-1,-1
30,2,2,700,-1,1,-1,2,7
16,1,2,700,1,2,-1,2,8
7,1,2,700,1,-1,-1,-1,-1
12,1,1,700,1,-1,-1,-1,-1
23,1,1,700,2,-1,-1,-1,-1
32,1,1,700,-1,1,-1,2,5
10,1,2,700,1,-1,-1,-1,-1
18,1,1,700,1,-1,-1,-1,-1
17,1,2,700,1,2,-1,2,8
58,3,2,700,-1,-1,-1,-1,-1
45,2,1,700,-1,-1,-1,-1,-1
43,2,1,700,-1,-1,-1,-1,-1
86,3,2,700,-1,1,-1,2,6
24,1,1,700,2,-1,-1,-1,-1
51,1,1,700,-1,1,2,1,-1
48,2,2,700,-1,1,-1,2,7
17,2,2,700,2,2,-1,2,7
28,1,2,700,-1,-1,-1,-1,-1
16,1,1,700,1,2,-1,2,8
94,3,2,700,-1,1,-1,2,6
24,2,2,700,2,2,-1,2,7
10,1,2,700,1,-1,-1,-1,-1
50,2,2,700,-1,-1,-1,-1,-1
53,2,2,700,-1,-1,-1,-1,-1
57,2,2,700,-1,-1,-1,-1,-1
17,1,2,700,1,2,-1,2,8
23,1,1,700,2,-1,-1,-1,-1
21,1,2,700,2,2,-1,2,7
18,1,2,700,2,2,-1,2,7
36,2,2,700,-1,-1,-1,-1,-1
31,2,1,700,-1,-1,-1,-1,-1
62,2,2,700,-1,-1,-1,-1,-1
15,1,2,700,1,2,-1,2,8
39,2,2,700,-1,1,-1,2,8
19,1,2,700,1,2,-1,2,8
22,2,2,700,2,1,-1,2,7
48,2,1,700,-1,-1,-1,-1,-1
57,2,2,700,-1,1,-1,2,7
79,2,2,700,-1,1,-1,2,6
28,2,2,700,-1,-1,-1,-1,-1
38,2,2,700,-1,1,-1,2,7
87,3,2,700,-1,1,-1,2,6
41,2,2,700,-1,-1,-1,-1,-1
53,2,1,700,-1,-1,-1,-1,-1
48,2,2,700,-1,1,-1,2,7
16,1,1,700,2,-1,-1,-1,-1
17,1,2,700,1,2,-1,2,8
24,1,2,700,2,1,2,1,-1
10,1,2,700,1,-1,-1,-1,-1
23,1,2,700,2,1,-1,2,2
56,2,1,700,-1,1,-1,2,7
30,2,2,700,-1,-1,-1,-1,-1
19,1,1,700,2,-1,-1,-1,-1
37,2,2,700,-1,1,-1,2,7
14,1,2,700,1,-1,-1,-1,-1
22,1,2,700,2,-1,-1,-1,-1
57,2,2,700,-1,-1,-1,-1,-1
21,2,2,700,2,-1,-1,-1,-1
24,2,2,700,2,1,-1,2,7
19,1,2,700,1,2,-1,2,8
14,1,1,700,1,-1,-1,-1,-1
16,1,1,700,1,-1,-1,-1,-1
13,1,2,700,1,-1,-1,-1,-1
42,2,1,700,-1,-1,-1,-1,-1
17,1,1,700,1,2,-1,2,8
13,1,2,700,1,-1,-1,-1,-1
29,2,1,700,-1,-1,-1,-1,-1
11,1,1,700,1,-1,-1,-1,-1
13,1,2,700,1,-1,-1,-1,-1
76,3,2,700,-1,1,-1,2,6
10,1,2,700,1,-1,-1,-1,-1
39,2,1,700,-1,-1,-1,-1,-1
55,3,1,700,-1,-1,-1,-1,-1
5,1,1,700,1,-1,-1,-1,-1
67,3,2,700,-1,1,-1,2,6
9,1,2,700,1,-1,-1,-1,-1
34,4,1,700,-1,-1,-1,-1,-1
20,1,1,700,2,2,-1,2,9
18,1,2,700,2,2,-1,2,7
44,1,1,700,-1,-1,-1,-1,-1
45,2,2,700,-1,1,-1,2,9
5,1,1,700,1,-1,-1,-1,-1
55,2,1,700,-1,-1,-1,-1,-1
13,1,1,700,1,-1,-1,-1,-1
81,3,2,700,-1,1,-1,2,6
37,2,2,700,-1,-1,-1,-1,-1
48,2,2,700,-1,-1,-1,-1,-1
20,1,2,700,2,2,-1,2,7
26,2,1,700,-1,-1,-1,-1,-1
52,2,1,700,-1,-1,-1,-1,-1
20,1,2,700,1,2,-1,2,8
37,1,1,700,-1,-1,-1,-1,-1
26,1,1,700,-1,-1,-1,-1,-1
33,1,1,700,-1,-1,-1,-1,-1
49,2,1,700,-1,-1,-1,-1,-1
20,1,2,700,2,2,-1,2,9
52,4,2,700,-1,-1,-1,-1,-1
8,1,2,700,1,-1,-1,-1,-1
43,2,2,700,-1,-1,-1,-1,-1
27,2,1,700,-1,-1,-1,-1,-1
29,1,2,700,-1,-1,-1,-1,-1
50,2,2,700,-1,-1,-1,-1,-1
35,1,1,700,-1,-1,-1,-1,-1
58,2,1,700,-1,-1,-1,-1,-1
22,4,2,700,2,1,-1,2,7
34,2,1,700,-1,-1,-1,-1,-1
43,2,2,700,-1,-1,-1,-1,-1
30,2,1,700,-1,-1,-1,-1,-1
12,1,2,700,1,-1,-1,-1,-1
54,2,1,700,-1,-1,-1,-1,-1
64,2,1,700,-1,1,-1,2,6
31,2,2,700,-1,-1,-1,-1,-1
8,1,2,700,1,-1,-1,-1,-1
59,3,2,700,-1,2,-1,2,7
8,1,1,700,1,-1,-1,-1,-1
15,1,1,700,1,2,-1,2,8
11,1,2,700,1,-1,-1,-1,-1
11,1,1,700,1,-1,-1,-1,-1
20,1,2,700,1,2,-1,2,8
35,1,1,700,-1,1,-1,2,1
30,2,2,700,-1,-1,-1,-1,-1
22,1,2,700,2,-1,-1,-1,-1
10,1,1,700,1,-1,-1,-1,-1
43,2,2,700,-1,-1,-1,-1,-1
5,1,1,700,1,-1,-1,-1,-1
52,2,1,700,-1,-1,-1,-1,-1
43,2,1,700,-1,-1,-1,-1,-1
6,1,1,700,1,-1,-1,-1,-1
12,1,1,700,1,-1,-1,-1,-1
17,1,1,700,1,2,-1,2,8
5,1,1,700,2,-1,-1,-1,-1
14,1,1,700,2,-1,-1,-1,-1
25,2,1,700,-1,-1,-1,-1,-1
15,1,2,700,1,2,-1,2,6
25,2,1,700,-1,-1,-1,-1,-1
5,1,2,700,2,-1,-1,-1,-1
25,2,2,700,-1,1,-1,2,7
52,2,1,700,-1,-1,-1,-1,-1
12,1,2,700,1,-1,-1,-1,-1
51,3,2,700,-1,1,-1,2,7
10,1,2,700,1,-1,-1,-1,-1
19,1,1,700,2,2,-1,2,6
28,2,2,700,-1,1,-1,2,7
36,2,1,700,-1,-1,-1,-1,-1
66,2,1,700,-1,-1,-1,-1,-1
50,2,1,700,-1,-1,-1,-1,-1
21,1,2,700,1,1,-1,2,7
9,1,1,700,1,-1,-1,-1,-1
18,1,2,700,2,2,-1,2,9
40,2,2,700,-1,1,-1,2,7
22,1,2,700,2,2,-1,2,8
12,1,2,700,1,-1,-1,-1,-1
18,1,1,700,1,2,-1,2,8
17,1,2,700,1,2,-1,2,8
56,2,2,700,-1,1,-1,2,7
70,2,2,700,-1,1,-1,2,6
63,2,2,700,-1,1,-1,2,6
34,2,1,700,-1,-1,-1,-1,-1
24,1,1,700,2,1,2,1,-1
32,2,2,700,-1,-1,-1,-1,-1
70,2,2,700,-1,-1,-1,-1,-1
19,1,1,700,2,2,-1,2,7
28,2,2,700,-1,1,-1,2,7
42,2,1,700,-1,-1,-1,-1,-1
49,2,2,700,-1,-1,-1,-1,-1
23,2,2,700,2,-1,-1,-1,-1
8,1,1,700,1,-1,-1,-1,-1
8,1,2,700,1,-1,-1,-1,-1
27,2,2,700,-1,1,-1,2,7
66,2,2,700,-1,1,-1,2,6
12,1,2,700,1,-1,-1,-1,-1
45,2,2,700,-1,-1,-1,-1,-1
64,3,2,700,-1,-1,-1,-1,-1
18,1,2,700,2,2,-1,2,7
11,1,1,700,1,-1,-1,-1,-1
61,2,2,700,-1,-1,-1,-1,-1
30,1,1,700,-1,-1,-1,-1,-1
28,1,1,700,-1,-1,-1,-1,-1
42,2,2,700,-1,1,-1,2,7
34,2,2,700,-1,-1,-1,-1,-1
19,1,1,700,2,1,-1,2,7
46,2,2,700,-1,1,-1,2,7
15,1,1,700,1,2,-1,2,8
50,2,2,700,-1,-1,-1,-1,-1
20,2,2,700,2,2,-1,2,7
12,1,1,700,1,-1,-1,-1,-1
8,1,2,700,1,-1,-1,-1,-1
60,2,1,700,-1,-1,-1,-1,-1
35,2,2,700,-1,1,-1,2,7
25,2,2,700,-1,1,-1,2,7
10,1,1,700,1,-1,-1,-1,-1
25,2,2,700,-1,-1,-1,-1,-1
7,1,1,700,1,-1,-1,-1,-1
50,2,2,700,-1,-1,-1,-1,-1
56,2,2,700,-1,-1,-1,-1,-1
9,1,2,700,1,-1,-1,-1,-1
45,2,2,700,-1,-1,-1,-1,-1
31,1,1,700,-1,-1,-1,-1,-1
7,1,1,700,1,-1,-1,-1,-1
22,1,2,700,2,-1,-1,-1,-1
33,2,1,700,-1,-1,-1,-1,-1
42,2,2,700,-1,-1,-1,-1,-1
32,2,2,700,-1,1,-1,2,7
11,1,1,700,1,-1,-1,-1,-1
51,2,2,700,-1,-1,-1,-1,-1
14,1,2,700,1,-1,-1,-1,-1
79,2,2,700,-1,-1,-1,-1,-1
6,1,1,700,1,-1,-1,-1,-1
59,2,2,700,-1,-1,-1,-1,-1
18,1,1,700,1,2,-1,2,8
17,1,1,700,2,1,-1,2,7
13,1,1,700,1,-1,-1,-1,-1
11,1,1,700,1,-1,-1,-1,-1
8,1,1,700,2,-1,-1,-1,-1
33,2,1,700,-1,-1,-1,-1,-1
7,1,2,700,1,-1,-1,-1,-1
40,2,1,700,-1,-1,-1,-1,-1
44,2,2,700,-1,-1,-1,-1,-1
23,1,1,700,2,-1,-1,-1,-1
27,2,2,700,-1,1,-1,2,7
21,1,2,700,2,-1,-1,-1,-1
8,1,1,700,1,-1,-1,-1,-1
10,1,2,700,1,-1,-1,-1,-1
7,1,2,700,1,-1,-1,-1,-1
27,1,2,700,-1,-1,-1,-1,-1
48,2,2,700,-1,1,-1,2,7
49,2,2,700,-1,-1,-1,-1,-1
23,2,2,700,2,1,-1,2,7
75,1,1,700,-1,-1,-1,-1,-1
56,2,2,700,-1,-1,-1,-1,-1
49,2,2,700,-1,-1,-1,-1,-1
18,2,2,700,2,2,-1,2,7
38,2,1,700,-1,-1,-1,-1,-1
13,1,2,700,1,-1,-1,-1,-1
8,1,1,700,1,-1,-1,-1,-1
61,2,2,700,-1,-1,-1,-1,-1
15,1,1,700,1,2,-1,2,8
18,1,1,700,1,1,-1,2,6
14,1,2,700,1,-1,-1,-1,-1
6,1,2,700,1,-1,-1,-1,-1
32,1,1,700,-1,-1,-1,-1,-1
49,2,1,700,-1,-1,-1,-1,-1
48,2,1,700,-1,-1,-1,-1,-1
22,1,2,700,1,2,-1,2,8
72,2,1,700,-1,-1,-1,-1,-1
32,2,1,700,-1,-1,-1,-1,-1
10,1,2,700,1,-1,-1,-1,-1
18,2,2,700,2,1,-1,2,7
51,2,1,700,-1,-1,-1,-1,-1
42,4,1,700,-1,-1,-1,-1,-1
76,3,2,700,-1,-1,-1,-1,-1
26,2,1,700,-1,-1,-1,-1,-1
49,1,1,700,-1,-1,-1,-1,-1
66,2,2,700,-1,-1,-1,-1,-1
12,1,2,700,1,-1,-1,-1,-1
31,1,2,700,-1,1,-1,2,7
5,1,2,700,1,-1,-1,-1,-1
26,2,2,700,-1,2,-1,2,7
25,1,1,700,-1,-1,-1,-1,-1
15,1,1,700,1,2,-1,2,8
25,1,2,700,-1,-1,-1,-1,-1
9,1,1,700,1,-1,-1,-1,-1
15,1,1,700,1,2,-1,2,8
26,2,2,700,-1,-1,-1,-1,-1
20,1,1,700,2,-1,-1,-1,-1
21,1,1,700,2,-1,-1,-1,-1
16,1,2,700,1,2,-1,2,8
9,1,1,700,1,-1,-1,-1,-1
47,2,2,700,-1,-1,-1,-1,-1
65,4,2,700,-1,-1,-1,-1,-1
9,1,1,700,1,-1,-1,-1,-1
56,3,2,700,-1,-1,-1,-1,-1
62,4,2,700,-1,-1,-1,-1,-1
47,2,1,700,-1,-1,-1,-1,-1
13,1,1,700,1,-1,-1,-1,-1
22,2,1,700,2,-1,-1,-1,-1
35,1,1,700,-1,-1,-1,-1,-1
27,2,2,700,-1,-1,-1,-1,-1
67,3,1,700,-1,-1,-1,-1,-1
18,1,1,700,2,-1,-1,-1,-1
49,2,1,700,-1,1,-1,2,6
20,1,1,700,1,2,-1,2,8
33,2,1,700,-1,-1,-1,-1,-1
43,3,2,700,-1,-1,-1,-1,-1
17,1,1,700,2,-1,-1,-1,-1
17,1,1,700,1,2,-1,2,8
23,1,2,700,2,2,-1,2,7
56,3,2,700,-1,-1,-1,-1,-1
44,2,1,700,-1,-1,-1,-1,-1
55,2,2,700,-1,1,-1,2,7
7,1,1,700,1,-1,-1,-1,-1
19,1,1,700,2,-1,-1,-1,-1
53,2,1,700,-1,1,-1,2,3
50,4,1,700,-1,-1,-1,-1,-1
15,1,1,700,1,-1,-1,-1,-1
67,3,2,700,-1,1,-1,2,6
45,1,2,700,-1,-1,-1,-1,-1
33,2,2,700,-1,1,-1,2,7
24,2,1,700,1,1,-1,2,9
18,1,1,700,2,2,-1,2,8
5,1,2,700,2,-1,-1,-1,-1
9,1,1,700,1,-1,-1,-1,-1
28,2,2,700,-1,1,-1,2,7
20,1,1,700,2,1,-1,2,6
19,1,1,700,1,1,-1,2,8
28,1,2,700,-1,2,2,1,-1
15,1,1,700,1,1,-1,2,7
43,2,2,700,-1,1,-1,2,7
12,1,1,700,1,-1,-1,-1,-1
7,1,1,700,1,-1,-1,-1,-1
36,2,1,700,-1,-1,-1,-1,-1
45,2,1,700,-1,-1,-1,-1,-1
58,3,1,700,-1,-1,-1,-1,-1
42,2,2,700,-1,-1,-1,-1,-1
15,1,2,700,1,2,-1,2,8
44,2,1,700,-1,-1,-1,-1,-1
66,2,1,700,-1,-1,-1,-1,-1
39,2,2,700,-1,-1,-1,-1,-1
12,1,1,700,1,-1,-1,-1,-1
49,2,2,700,-1,-1,-1,-1,-1
29,2,1,700,-1,-1,-1,-1,-1
11,1,1,700,1,-1,-1,-1,-1
21,1,1,700,1,2,-1,2,8
6,1,2,700,1,-1,-1,-1,-1
17,1,2,700,1,-1,-1,-1,-1
9,1,1,700,1,-1,-1,-1,-1
35,1,2,700,-1,1,-1,2,6
20,1,1,700,1,2,-1,2,8
9,1,2,700,1,-1,-1,-1,-1
43,2,1,700,-1,-1,-1,-1,-1
17,1,2,700,1,2,-1,2,8
34,2,2,700,-1,-1,-1,-1,-1
27,1,1,700,-1,-1,-1,-1,-1
10,1,2,700,1,-1,-1,-1,-1
29,1,1,700,-1,1,-1,2,8
10,1,1,700,1,-1,-1,-1,-1
50,2,1,700,-1,-1,-1,-1,-1
9,1,2,700,1,-1,-1,-1,-1
25,1,1,700,-1,-1,-1,-1,-1
44,2,2,700,-1,-1,-1,-1,-1
42,2,1,700,-1,-1,-1,-1,-1
16,1,2,700,1,2,-1,2,8
18,1,2,700,1,2,-1,2,8
13,1,1,700,1,-1,-1,-1,-1
32,2,2,700,-1,-1,-1,-1,-1
14,1,2,700,1,-1,-1,-1,-1
25,2,1,700,-1,-1,-1,-1,-1
20,1,1,700,1,2,-1,2,8
13,1,1,700,1,-1,-1,-1,-1
13,1,1,700,1,-1,-1,-1,-1
14,1,1,700,1,-1,-1,-1,-1
17,1,2,700,1,2,-1,2,8
10,1,2,700,1,-1,-1,-1,-1
21,1,2,700,2,-1,-1,-1,-1
38,2,2,700,-1,-1,-1,-1,-1
18,2,2,700,2,1,-1,2,7
43,2,1,700,-1,-1,-1,-1,-1
9,1,1,700,1,-1,-1,-1,-1
36,2,2,700,-1,1,-1,2,7
6,1,1,700,1,-1,-1,-1,-1
40,2,1,700,-1,-1,-1,-1,-1
40,1,2,700,-1,-1,-1,-1,-1
10,1,2,700,1,-1,-1,-1,-1
25,1,1,700,-1,-1,-1,-1,-1
37,2,2,700,-1,1,-1,2,7
60,4,2,700,-1,1,-1,2,6
40,2,1,700,-1,-1,-1,-1,-1
56,2,1,700,-1,-1,-1,-1,-1
40,2,2,700,-1,-1,-1,-1,-1
28,2,2,700,-1,-1,-1,-1,-1
40,2,1,700,-1,-1,-1,-1,-1
19,1,2,700,2,2,-1,2,8
26,2,2,700,-1,2,-1,2,7
28,2,2,700,-1,-1,-1,-1,-1
60,1,1,700,-1,2,-1,2,7
13,1,2,700,1,-1,-1,-1,-1
24,1,1,700,2,-1,-1,-1,-1
34,2,2,700,-1,-1,-1,-1,-1
28,2,2,700,-1,1,-1,2,7
31,2,1,700,-1,-1,-1,-1,-1
11,1,1,700,1,-1,-1,-1,-1
58,3,2,700,-1,-1,-1,-1,-1
5,1,2,700,2,-1,-1,-1,-1
18,1,1,700,1,2,-1,2,8
13,1,1,700,1,-1,-1,-1,-1
8,1,1,700,1,-1,-1,-1,-1
72,2,2,700,-1,1,-1,2,7
18,1,2,700,1,2,-1,2,8
47,2,2,700,-1,-1,-1,-1,-1
33,2,1,700,-1,-1,-1,-1,-1
15,1,1,700,1,2,-1,2,8
11,1,2,700,1,-1,-1,-1,-1
81,3,1,700,-1,1,-1,2,6
77,2,1,700,-1,-1,-1,-1,-1
5,1,2,700,2,-1,-1,-1,-1
16,1,2,700,1,2,-1,2,8
22,1,2,700,1,2,-1,2,8
52,2,1,700,-1,-1,-1,-1,-1
21,1,2,700,2,-1,-1,-1,-1
26,1,1,700,-1,2,2,1,-1
8,1,1,700,1,-1,-1,-1,-1
32,2,1,700,-1,-1,-1,-1,-1
13,1,2,700,1,-1,-1,-1,-1
14,1,1,700,1,-1,-1,-1,-1
14,1,1,700,1,-1,-1,-1,-1
36,2,2,700,-1,-1,-1,-1,-1
45,2,1,700,-1,-1,-1,-1,-1
17,1,1,700,1,2,-1,2,8
18,1,1,700,2,2,-1,2,7
9,1,2,700,1,-1,-1,-1,-1
42,1,1,700,-1,-1,-1,-1,-1
32,4,1,700,-1,-1,-1,-1,-1
19,1,1,700,2,-1,-1,-1,-1
60,2,2,700,-1,1,-1,2,9
12,1,1,700,1,-1,-1,-1,-1
32,2,1,700,-1,-1,-1,-1,-1
36,2,1,700,-1,1,-1,2,2
65,2,1,700,-1,1,-1,2,6
24,2,2,700,2,1,-1,2,7
58,2,1,700,-1,1,-1,2,7
48,4,2,700,-1,-1,-1,-1,-1
41,2,1,700,-1,-1,-1,-1,-1
24,1,1,700,2,-1,-1,-1,-1
26,2,1,700,-1,-1,-1,-1,-1
18,1,2,700,1,2,-1,2,8
11,1,2,700,1,-1,-1,-1,-1
53,2,1,700,-1,-1,-1,-1,-1
43,2,1,700,-1,-1,-1,-1,-1
12,1,2,700,2,-1,-1,-1,-1
12,1,1,700,1,-1,-1,-1,-1
8,1,2,700,1,-1,-1,-1,-1
20,1,2,700,1,2,-1,2,8
5,1,2,700,1,-1,-1,-1,-1
31,2,2,700,-1,-1,-1,-1,-1
69,3,2,700,-1,-1,-1,-1,-1
21,1,2,700,1,2,-1,2,8
20,2,2,700,2,1,-1,2,7
26,2,1,700,-1,-1,-1,-1,-1
44,2,1,700,-1,2,-1,2,8
70,3,2,700,-1,1,-1,2,6
74,2,2,700,-1,1,-1,2,6
11,1,2,700,1,-1,-1,-1,-1
9,1,1,700,1,-1,-1,-1,-1
47,2,1,700,-1,-1,-1,-1,-1
38,2,1,700,-1,2,-1,2,3
77,3,2,700,-1,1,-1,2,7
20,1,1,700,1,2,-1,2,8
32,2,1,700,-1,-1,-1,-1,-1
39,2,2,700,-1,-1,-1,-1,-1
29,2,1,700,-1,-1,-1,-1,-1
57,2,1,700,-1,1,-1,2,3
22,1,2,700,2,2,2,1,-1
16,1,2,700,1,-1,-1,-1,-1
64,2,2,700,-1,-1,-1,-1,-1
60,2,1,700,-1,1,-1,2,9
66,2,1,700,-1,-1,-1,-1,-1
29,2,2,700,-1,-1,-1,-1,-1
24,1,1,700,2,-1,-1,-1,-1
58,4,2,700,-1,-1,-1,-1,-1
60,4,2,700,-1,-1,-1,-1,-1
12,1,2,700,1,-1,-1,-1,-1
47,3,2,700,-1,-1,-1,-1,-1
54,2,2,700,-1,1,-1,2,7
8,1,1,700,1,-1,-1,-1,-1
6,1,1,700,1,-1,-1,-1,-1
50,2,1,700,-1,2,-1,2,7
19,1,1,700,1,-1,-1,-1,-1
45,2,1,700,-1,-1,-1,-1,-1
12,1,2,700,1,-1,-1,-1,-1
7,1,1,700,1,-1,-1,-1,-1
14,1,2,700,1,-1,-1,-1,-1
14,1,2,700,1,-1,-1,-1,-1
25,1,1,700,-1,-1,-1,-1,-1
7,1,1,700,1,-1,-1,-1,-1
26,2,1,700,-1,-1,-1,-1,-1
17,1,1,700,2,2,-1,2,8
9,1,1,700,1,-1,-1,-1,-1
51,2,1,700,-1,1,-1,2,7
56,2,2,700,-1,-1,-1,-1,-1
17,1,1,700,2,2,-1,2,6
30,1,2,700,-1,1,2,1,-1
53,2,1,700,-1,-1,-1,-1,-1
6,1,2,700,1,-1,-1,-1,-1
5,1,2,700,2,-1,-1,-1,-1
55,2,1,700,-1,-1,-1,-1,-1
27,2,1,700,-1,-1,-1,-1,-1
58,2,2,700,-1,1,-1,2,9
29,1,1,700,-1,-1,-1,-1,-1
33,2,2,700,-1,-1,-1,-1,-1
50,2,1,700,-1,-1,-1,-1,-1
17,1,1,700,1,-1,-1,-1,-1
59,2,1,700,-1,1,-1,2,6
14,1,2,700,1,-1,-1,-1,-1
55,2,1,700,-1,-1,-1,-1,-1
64,2,2,700,-1,-1,-1,-1,-1
25,1,1,700,-1,-1,-1,-1,-1
5,1,2,700,2,-1,-1,-1,-1
16,1,2,700,1,2,-1,2,8
17,1,2,700,1,2,-1,2,8
24,1,2,700,2,-1,-1,-1,-1
10,1,1,700,1,-1,-1,-1,-1
38,2,1,700,-1,-1,-1,-1,-1
61,3,1,700,-1,1,-1,2,4
57,2,1,700,-1,-1,-1,-1,-1
23,2,1,700,2,-1,-1,-1,-1
17,1,2,700,1,2,-1,2,8
48,2,2,700,-1,2,-1,2,7
32,2,2,700,-1,1,-1,2,7
26,1,1,700,-1,-1,-1,-1,-1
35,2,2,700,-1,-1,-1,-1,-1
22,2,2,700,2,1,-1,2,7
16,1,1,700,2,2,-1,2,7
10,1,2,700,1,-1,-1,-1,-1
40,2,2,700,-1,-1,-1,-1,-1
10,1,1,700,1,-1,-1,-1,-1
5,1,1,700,1,-1,-1,-1,-1
16,1,2,700,1,-1,-1,-1,-1
14,1,2,700,1,-1,-1,-1,-1
40,4,1,700,-1,-1,-1,-1,-1
41,2,1,700,-1,-1,-1,-1,-1
25,2,1,700,-1,-1,-1,-1,-1
13,1,1,700,1,-1,-1,-1,-1
40,2,1,700,-1,-1,-1,-1,-1
5,1,1,700,2,-1,-1,-1,-1
13,1,1,700,1,-1,-1,-1,-1
30,2,2,700,-1,-1,-1,-1,-1
7,1,1,700,1,-1,-1,-1,-1
11,1,1,700,1,-1,-1,-1,-1
55,2,1,700,-1,1,-1,2,6
27,2,2,700,-1,1,-1,2,7
15,1,2,700,1,2,-1,2,8
9,1,1,700,1,-1,-1,-1,-1
42,4,1,700,-1,-1,-1,-1,-1
51,2,1,700,-1,-1,-1,-1,-1
7,1,2,700,1,-1,-1,-1,-1
7,1,2,700,1,-1,-1,-1,-1
24,1,1,700,2,-1,-1,-1,-1
52,2,1,700,-1,-1,-1,-1,-1
45,4,2,700,-1,1,2,1,-1
25,1,1,700,-1,-1,-1,-1,-1
11,1,1,700,1,-1,-1,-1,-1
72,3,2,700,-1,1,-1,2,6
14,1,1,700,1,-1,-1,-1,-1
24,1,1,700,2,2,-1,2,7
23,2,2,700,2,1,-1,2,7
10,1,2,700,1,-1,-1,-1,-1
14,1,2,700,1,-1,-1,-1,-1
9,1,1,700,1,-1,-1,-1,-1
55,2,2,700,-1,-1,-1,-1,-1
25,1,1,700,-1,-1,-1,-1,-1
53,2,1,700,-1,-1,-1,-1,-1
68,2,1,700,-1,1,-1,2,6
55,3,2,700,-1,-1,-1,-1,-1
22,1,1,700,2,-1,-1,-1,-1
18,1,1,700,2,-1,-1,-1,-1
59,2,1,700,-1,-1,-1,-1,-1
19,1,2,700,1,2,-1,2,8
47,2,1,700,-1,-1,-1,-1,-1
23,2,2,700,2,-1,-1,-1,-1
17,1,1,700,1,2,-1,2,8
32,1,1,700,-1,1,-1,2,7
80,3,2,700,-1,1,-1,2,6
42,2,2,700,-1,-1,-1,-1,-1
8,1,1,700,1,-1,-1,-1,-1
18,1,2,700,1,2,-1,2,8
21,1,2,700,2,-1,-1,-1,-1
24,1,1,700,2,-1,-1,-1,-1
61,2,2,700,-1,1,-1,2,7
10,1,1,700,1,-1,-1,-1,-1
6,1,2,700,2,-1,-1,-1,-1
19,1,2,700,2,-1,-1,-1,-1
13,1,2,700,1,-1,-1,-1,-1
58,2,2,700,-1,-1,-1,-1,-1
41,2,1,700,-1,-1,-1,-1,-1
22,2,2,700,2,-1,-1,-1,-1
35,2,2,700,-1,1,-1,2,7
15,1,1,700,1,2,-1,2,8
6,1,1,700,1,-1,-1,-1,-1
14,1,1,700,1,-1,-1,-1,-1
32,2,1,700,-1,-1,-1,-1,-1
58,3,2,700,-1,-1,-1,-1,-1
45,2,1,700,-1,-1,-1,-1,-1
31,2,2,700,-1,1,-1,2,7
43,2,2,700,-1,1,2,1,-1
42,4,1,700,-1,-1,-1,-1,-1
32,2,2,700,-1,-1,-1,-1,-1
29,2,1,700,-1,-1,-1,-1,-1
37,2,2,700,-1,-1,-1,-1,-1
43,2,2,700,-1,1,-1,2,7
18,1,2,700,2,-1,-1,-1,-1
71,2,1,700,-1,1,-1,2,6
24,2,1,700,2,-1,-1,-1,-1
40,2,1,700,-1,-1,-1,-1,-1
46,2,1,700,-1,-1,-1,-1,-1
40,2,1,700,-1,1,-1,2,7
12,1,1,700,1,-1,-1,-1,-1
51,4,1,700,-1,1,-1,2,3
49,2,2,700,-1,1,-1,2,7
9,1,1,700,1,-1,-1,-1,-1
29,1,2,700,-1,-1,-1,-1,-1
12,1,1,700,1,-1,-1,-1,-1
10,1,2,700,1,-1,-1,-1,-1
47,1,1,700,-1,2,-1,2,6
57,2,1,700,-1,-1,-1,-1,-1
21,1,1,700,2,-1,-1,-1,-1
24,2,2,700,2,-1,-1,-1,-1
46,2,2,700,-1,-1,-1,-1,-1
11,1,2,700,1,-1,-1,-1,-1
17,1,2,700,1,2,-1,2,8
21,2,2,700,2,-1,-1,-1,-1
38,2,2,700,-1,-1,-1,-1,-1
7,1,1,700,1,-1,-1,-1,-1
48,2,2,700,-1,1,-1,2,7
46,2,1,700,-1,-1,-1,-1,-1
37,2,1,700,-1,-1,-1,-1,-1
15,1,1,700,1,2,-1,2,8
32,2,1,700,-1,-1,-1,-1,-1
42,2,2,700,-1,1,-1,2,7
27,2,1,700,-1,-1,-1,-1,-1
54,2,1,700,-1,-1,-1,-1,-1
6,1,2,700,1,-1,-1,-1,-1
21,1,2,700,2,-1,-1,-1,-1
11,1,2,700,1,-1,-1,-1,-1
35,2,2,700,-1,-1,-1,-1,-1
39,1,2,700,-1,-1,-1,-1,-1
9,1,2,700,1,-1,-1,-1,-1
41,2,1,700,-1,-1,-1,-1,-1
52,2,2,700,-1,2,-1,2,7
28,2,2,700,-1,2,-1,2,7
32,2,2,700,-1,-1,-1,-1,-1
14,1,1,700,1,-1,-1,-1,-1
36,2,1,700,-1,-1,-1,-1,-1
20,1,1,700,1,2,-1,2,8
47,2,2,700,-1,-1,-1,-1,-1
58,2,1,700,-1,-1,-1,-1,-1
23,1,2,700,2,2,1,1,-1
19,1,2,700,1,2,-1,2,8
22,2,2,700,2,1,-1,2,7
32,1,2,700,-1,-1,-1,-1,-1
18,1,1,700,2,2,-1,2,9
46,2,1,700,-1,-1,-1,-1,-1
12,1,1,700,1,-1,-1,-1,-1
42,2,2,700,-1,-1,-1,-1,-1
7,1,2,700,1,-1,-1,-1,-1
48,2,1,700,-1,-1,-1,-1,-1
51,2,1,700,-1,-1,-1,-1,-1
40,2,2,700,-1,-1,-1,-1,-1
24,1,2,700,2,-1,-1,-1,-1
38,2,1,700,-1,-1,-1,-1,-1
5,1,1,700,1,-1,-1,-1,-1
23,1,1,700,2,-1,-1,-1,-1
21,4,1,700,2,-1,-1,-1,-1
41,2,2,700,-1,-1,-1,-1,-1
58,2,2,700,-1,-1,-1,-1,-1
45,2,2,700,-1,-1,-1,-1,-1
18,1,1,700,1,-1,-1,-1,-1
16,1,1,700,1,1,-1,2,8
55,3,2,700,-1,1,-1,2,6
15,1,2,700,1,2,-1,2,8
20,1,1,700,1,2,-1,2,8
10,1,2,700,1,-1,-1,-1,-1
63,2,1,700,-1,-1,-1,-1,-1
38,2,2,700,-1,1,-1,2,7
30,1,2,700,-1,-1,-1,-1,-1
14,1,1,700,1,-1,-1,-1,-1
51,2,2,700,-1,-1,-1,-1,-1
11,1,1,700,1,-1,-1,-1,-1
36,2,1,700,-1,-1,-1,-1,-1
33,2,1,700,-1,-1,-1,-1,-1
68,1,1,700,-1,-1,-1,-1,-1
50,3,2,700,-1,1,-1,2,7
29,2,2,700,-1,1,-1,2,7
7,1,1,700,1,-1,-1,-1,-1
14,1,1,700,1,-1,-1,-1,-1
30,2,1,700,-1,-1,-1,-1,-1
11,1,1,700,1,-1,-1,-1,-1
10,1,1,700,1,-1,-1,-1,-1
14,1,1,700,1,-1,-1,-1,-1
45,2,2,700,-1,-1,-1,-1,-1
28,1,1,700,-1,-1,-1,-1,-1
52,3,2,700,-1,-1,-1,-1,-1
31,2,2,700,-1,1,-1,2,7
55,2,1,700,-1,-1,-1,-1,-1
23,1,2,700,2,1,2,1,-1
53,2,2,700,-1,-1,-1,-1,-1
38,2,1,700,-1,-1,-1,-1,-1
6,1,2,700,1,-1,-1,-1,-1
8,1,2,700,1,-1,-1,-1,-1
10,1,1,700,1,-1,-1,-1,-1
8,1,1,700,1,-1,-1,-1,-1
33,2,1,700,-1,-1,-1,-1,-1
55,3,2,700,-1,1,-1,2,7
37,2,1,700,-1,-1,-1,-1,-1
37,2,1,700,-1,-1,-1,-1,-1
34,2,2,700,-1,1,-1,2,7
46,2,2,700,-1,1,-1,2,7
67,3,2,700,-1,-1,-1,-1,-1
11,1,1,700,1,-1,-1,-1,-1
32,2,2,700,-1,1,-1,2,7
18,1,2,700,2,2,-1,2,6
20,1,1,700,2,-1,-1,-1,-1
46,2,1,700,-1,-1,-1,-1,-1
19,1,1,700,1,2,-1,2,8
18,1,2,700,1,2,-1,2,8
15,1,1,700,1,2,-1,2,8
17,1,2,700,1,2,-1,2,8
20,1,1,700,2,-1,-1,-1,-1
15,1,1,700,1,2,-1,2,8
20,1,1,700,1,2,-1,2,8
44,2,2,700,-1,-1,-1,-1,-1
22,1,2,700,2,-1,-1,-1,-1
10,1,1,700,1,-1,-1,-1,-1
17,1,1,700,1,2,-1,2,8
11,1,2,700,1,-1,-1,-1,-1
22,1,2,700,2,-1,-1,-1,-1
39,2,2,700,-1,1,-1,2,9
22,1,2,700,2,2,-1,2,2
23,2,1,700,2,-1,-1,-1,-1
13,1,1,700,1,-1,-1,-1,-1
19,1,2,700,2,-1,-1,-1,-1
45,2,1,700,-1,-1,-1,-1,-1
46,2,1,700,-1,-1,-1,-1,-1
55,2,1,700,-1,-1,-1,-1,-1
60,1,2,700,-1,-1,-1,-1,-1
30,2,1,700,-1,-1,-1,-1,-1
67,2,2,700,-1,-1,-1,-1,-1
23,2,1,700,2,-1,-1,-1,-1
64,2,1,700,-1,-1,-1,-1,-1
44,2,2,700,-1,1,-1,2,7
38,2,2,700,-1,1,-1,2,7
52,2,1,700,-1,-1,-1,-1,-1
35,2,1,700,-1,-1,-1,-1,-1
14,1,2,700,2,-1,-1,-1,-1
22,1,2,700,2,-1,-1,-1,-1
7,1,1,700,1,-1,-1,-1,-1
21,1,1,700,2,-1,-1,-1,-1
34,2,2,700,-1,2,-1,2,7
38,2,2,700,-1,-1,-1,-1,-1
56,4,2,700,-1,1,-1,2,7
11,1,2,700,1,-1,-1,-1,-1
23,1,2,700,2,-1,-1,-1,-1
8,1,1,700,1,-1,-1,-1,-1
13,1,2,700,1,-1,-1,-1,-1
23,2,2,700,2,1,-1,2,7
25,2,2,700,-1,2,-1,2,7
34,2,2,700,-1,1,-1,2,7
6,1,2,700,1,-1,-1,-1,-1
70,3,2,700,-1,-1,-1,-1,-1
65,1,2,700,-1,2,-1,2,6
22,2,2,700,2,2,-1,2,7
10,1,1,700,1,-1,-1,-1,-1
22,2,2,700,2,1,-1,2,7
18,2,2,700,2,2,-1,2,7
19,1,1,700,2,-1,-1,-1,-1
51,2,1,700,-1,-1,-1,-1,-1
75,2,2,700,-1,1,-1,2,6
72,2,1,700,-1,1,-1,2,6
8,1,1,700,1,-1,-1,-1,-1
18,1,1,700,2,-1,-1,-1,-1
20,1,1,700,2,-1,-1,-1,-1
45,2,1,700,-1,-1,-1,-1,-1
8,1,1,700,1,-1,-1,-1,-1
40,2,1,700,-1,-1,-1,-1,-1
20,1,1,700,2,2,-1,2,8
22,2,2,700,1,1,-1,2,7
53,2,1,700,-1,-1,-1,-1,-1
29,2,2,700,-1,-1,-1,-1,-1
9,1,2,700,1,-1,-1,-1,-1
21,1,2,700,2,-1,-1,-1,-1
22,2,2,700,2,1,-1,2,7
8,1,1,700,1,-1,-1,-1,-1
50,1,2,700,-1,-1,-1,-1,-1
27,1,1,700,-1,-1,-1,-1,-1
26,6,1,700,-1,-1,-1,-1,-1
71,2,1,700,-1,-1,-1,-1,-1
24,1,1,700,2,-1,-1,-1,-1
49,2,1,700,-1,-1,-1,-1,-1
13,1,2,700,1,-1,-1,-1,-1
24,1,2,700,2,-1,-1,-1,-1
14,1,2,700,1,-1,-1,-1,-1
16,1,2,700,1,1,-1,2,8
50,2,1,700,-1,-1,-1,-1,-1
56,2,1,700,-1,-1,-1,-1,-1
16,1,2,700,1,2,1,1,-1
51,3,1,700,-1,-1,-1,-1,-1
34,2,2,700,-1,-1,-1,-1,-1
26,1,1,700,-1,-1,-1,-1,-1
50,2,1,700,-1,-1,-1,-1,-1
8,1,1,700,1,-1,-1,-1,-1
9,1,2,700,1,-1,-1,-1,-1
69,1,1,700,-1,-1,-1,-1,-1
13,1,2,700,1,-1,-1,-1,-1
7,1,1,700,2,-1,-1,-1,-1
53,2,2,700,-1,-1,-1,-1,-1
13,1,2,700,1,-1,-1,-1,-1
32,2,1,700,-1,-1,-1,-1,-1
49,1,1,700,-1,-1,-1,-1,-1
15,1,2,700,1,2,-1,2,8
48,1,2,700,-1,-1,-1,-1,-1
11,1,2,700,1,-1,-1,-1,-1
26,2,1,700,-1,-1,-1,-1,-1
61,2,2,700,-1,-1,-1,-1,-1
12,1,2,700,2,-1,-1,-1,-1
46,2,1,700,-1,-1,-1,-1,-1
20,1,2,700,2,2,-1,2,9
23,2,2,700,2,-1,-1,-1,-1
11,1,2,700,1,-1,-1,-1,-1
11,1,1,700,1,-1,-1,-1,-1
6,1,2,700,1,-1,-1,-1,-1
43,3,2,700,-1,-1,-1,-1,-1
46,2,2,700,-1,-1,-1,-1,-1
9,1,2,700,1,-1,-1,-1,-1
54,2,1,700,-1,-1,-1,-1,-1
16,1,2,700,1,2,-1,2,8
8,1,1,700,1,-1,-1,-1,-1
66,3,2,700,-1,-1,-1,-1,-1
19,1,2,700,1,2,-1,2,8
27,2,1,700,-1,-1,-1,-1,-1
48,3,2,700,-1,-1,-1,-1,-1
55,2,2,700,-1,-1,-1,-1,-1
17,1,2,700,2,1,-1,2,7
63,1,1,700,-1,-1,-1,-1,-1
26,1,2,700,-1,2,-1,2,7
23,1,1,700,2,-1,-1,-1,-1
84,3,2,700,-1,1,-1,2,6
5,1,2,700,1,-1,-1,-1,-1
35,1,2,700,-1,-1,-1,-1,-1
43,2,2,700,-1,-1,-1,-1,-1
75,3,1,700,-1,1,-1,2,6
37,2,1,700,-1,-1,-1,-1,-1
22,2,1,700,2,-1,-1,-1,-1
8,1,1,700,1,-1,-1,-1,-1
6,1,1,700,1,-1,-1,-1,-1
59,1,2,700,-1,-1,-1,-1,-1
5,1,2,700,1,-1,-1,-1,-1
50,2,1,700,-1,-1,-1,-1,-1
14,1,1,700,1,-1,-1,-1,-1
38,2,2,700,-1,-1,-1,-1,-1
17,1,1,700,1,2,-1,2,8
16,1,1,700,1,2,-1,2,8
38,2,1,700,-1,-1,-1,-1,-1
43,2,2,700,-1,-1,-1,-1,-1
31,2,2,700,-1,1,-1,2,7
74,3,2,700,-1,1,-1,2,6
9,1,1,700,2,-1,-1,-1,-1
65,2,1,700,-1,1,-1,2,6
52,2,1,700,-1,-1,-1,-1,-1
24,2,1,700,2,-1,-1,-1,-1
10,1,1,700,1,-1,-1,-1,-1
73,3,2,700,-1,1,-1,2,6
15,1,2,700,1,2,-1,2,7
56,2,1,700,-1,-1,-1,-1,-1
79,3,1,700,-1,2,-1,2,6
42,2,2,700,-1,-1,-1,-1,-1
30,2,2,700,-1,-1,-1,-1,-1
9,1,2,700,1,-1,-1,-1,-1
68,4,1,700,-1,1,-1,2,6
75,2,1,700,-1,1,-1,2,6
22,2,1,700,2,-1,-1,-1,-1
52,3,2,700,-1,-1,-1,-1,-1
47,2,1,700,-1,-1,-1,-1,-1
42,2,1,700,-1,-1,-1,-1,-1
7,1,1,700,1,-1,-1,-1,-1
84,3,2,700,-1,1,-1,2,6
21,1,1,700,2,1,2,1,-1
74,2,2,700,-1,1,-1,2,6
5,1,2,700,2,-1,-1,-1,-1
58,2,1,700,-1,1,-1,2,7
52,2,2,700,-1,-1,-1,-1,-1
13,1,2,700,1,-1,-1,-1,-1
19,1,2,700,2,-1,-1,-1,-1
32,2,1,700,-1,-1,-1,-1,-1
52,2,2,700,-1,-1,-1,-1,-1
37,2,2,700,-1,-1,-1,-1,-1
51,2,2,700,-1,-1,-1,-1,-1
38,1,1,700,-1,-1,-1,-1,-1
15,1,2,700,1,2,-1,2,8
70,3,2,700,-1,1,-1,2,6
31,1,2,700,-1,-1,-1,-1,-1
7,1,1,700,1,-1,-1,-1,-1
29,2,1,700,-1,-1,-1,-1,-1
6,1,1,700,1,-1,-1,-1,-1
18,2,2,700,2,-1,-1,-1,-1
21,1,1,700,1,2,-1,2,8
20,1,2,700,1,2,-1,2,8
50,3,2,700,-1,-1,-1,-1,-1
41,2,2,700,-1,-1,-1,-1,-1
7,1,2,700,1,-1,-1,-1,-1
62,2,2,700,-1,-1,-1,-1,-1
24,1,2,700,2,1,2,1,-1
5,1,1,700,1,-1,-1,-1,-1
16,1,1,700,1,2,-1,2,8
50,2,1,700,-1,-1,-1,-1,-1
50,2,1,700,-1,-1,-1,-1,-1
27,2,2,700,-1,-1,-1,-1,-1
23,1,1,700,1,1,-1,2,8
36,2,1,700,-1,-1,-1,-1,-1
58,2,1,700,-1,1,-1,2,1
34,2,1,700,-1,-1,-1,-1,-1
74,2,2,700,-1,1,-1,2,6
19,1,1,700,1,-1,-1,-1,-1
41,1,2,700,-1,-1,-1,-1,-1
13,1,2,700,1,-1,-1,-1,-1
51,2,1,700,-1,-1,-1,-1,-1
32,2,1,700,-1,-1,-1,-1,-1
17,1,1,700,1,2,-1,2,8
77,3,2,700,-1,1,-1,2,6
58,2,1,700,-1,1,-1,2,6
31,2,1,700,-1,-1,-1,-1,-1
12,1,2,700,1,-1,-1,-1,-1
69,2,1,700,-1,1,-1,2,6
29,2,2,700,-1,1,-1,2,7
21,2,2,700,2,1,-1,2,7
7,1,2,700,1,-1,-1,-1,-1
30,2,1,700,-1,-1,-1,-1,-1
5,1,2,700,2,-1,-1,-1,-1
14,1,1,700,1,-1,-1,-1,-1
12,1,2,700,1,-1,-1,-1,-1
6,1,2,700,1,-1,-1,-1,-1
59,2,2,700,-1,-1,-1,-1,-1
7,1,1,700,1,-1,-1,-1,-1
9,1,2,700,1,-1,-1,-1,-1
16,1,1,700,1,2,-1,2,8
35,2,1,700,-1,-1,-1,-1,-1
23,1,1,700,2,-1,-1,-1,-1
53,3,2,700,-1,-1,-1,-1,-1
37,2,1,700,-1,-1,-1,-1,-1
38,2,1,700,-1,-1,-1,-1,-1
40,2,2,700,-1,1,-1,2,7
11,1,1,700,1,-1,-1,-1,-1
8,1,1,700,1,-1,-1,-1,-1
29,1,1,700,-1,1,-1,2,2
9,1,1,700,1,-1,-1,-1,-1
85,3,1,700,-1,-1,-1,-1,-1
23,1,2,700,1,2,-1,2,8
17,1,1,700,1,1,-1,2,8
17,1,2,700,1,2,1,1,-1
23,1,1,700,2,1,2,1,-1
17,1,1,700,2,1,-1,2,7
74,3,1,700,-1,1,-1,2,6
27,1,2,700,-1,1,-1,2,7
8,1,1,700,1,-1,-1,-1,-1
39,2,1,700,-1,-1,-1,-1,-1
46,1,1,700,-1,-1,-1,-1,-1
9,1,2,700,1,-1,-1,-1,-1
23,1,2,700,2,-1,-1,-1,-1
42,2,1,700,-1,-1,-1,-1,-1
43,2,2,700,-1,-1,-1,-1,-1
45,3,2,700,-1,-1,-1,-1,-1
22,1,2,700,2,-1,-1,-1,-1
22,1,2,700,2,-1,-1,-1,-1
15,1,1,700,1,2,-1,2,8
71,2,2,700,-1,1,-1,2,7
60,3,2,700,-1,-1,-1,-1,-1
33,2,2,700,-1,-1,-1,-1,-1
43,2,2,700,-1,-1,-1,-1,-1
28,2,2,700,-1,1,-1,2,7
67,2,1,700,-1,-1,-1,-1,-1
8,1,1,700,1,-1,-1,-1,-1
16,1,1,700,1,1,-1,2,8
32,1,1,700,-1,-1,-1,-1,-1
6,1,1,700,1,-1,-1,-1,-1
17,1,1,700,2,1,-1,2,3
20,1,2,700,2,1,-1,2,7
10,1,2,700,1,-1,-1,-1,-1
34,2,2,700,-1,-1,-1,-1,-1
8,1,1,700,1,-1,-1,-1,-1
47,2,1,700,-1,-1,-1,-1,-1
10,1,2,700,1,-1,-1,-1,-1
41,2,2,700,-1,-1,-1,-1,-1
15,1,1,700,1,1,-1,2,8
30,1,2,700,-1,1,-1,2,9
18,1,2,700,2,2,-1,2,7
16,1,2,700,2,-1,-1,-1,-1
12,1,1,700,1,-1,-1,-1,-1
18,1,1,700,2,1,2,1,-1
50,2,2,700,-1,1,-1,2,7
22,1,1,700,2,-1,-1,-1,-1
71,2,1,700,-1,1,-1,2,6
10,1,2,700,1,-1,-1,-1,-1
33,2,2,700,-1,-1,-1,-1,-1
12,1,2,700,1,-1,-1,-1,-1
17,1,2,700,1,2,-1,2,8
61,2,2,700,-1,1,-1,2,7
19,1,1,700,2,-1,-1,-1,-1
31,2,1,700,-1,-1,-1,-1,-1
21,1,2,700,2,-1,-1,-1,-1
40,2,2,700,-1,1,-1,2,7
20,1,2,700,2,2,-1,2,9
19,1,1,700,2,-1,-1,-1,-1
8,1,2,700,1,-1,-1,-1,-1
78,2,2,700,-1,1,-1,2,6
30,2,2,700,-1,-1,-1,-1,-1
10,1,2,700,1,-1,-1,-1,-1
11,1,2,700,1,-1,-1,-1,-1
14,1,1,700,1,-1,-1,-1,-1
19,1,1,700,2,2,-1,2,7
19,1,2,700,2,-1,-1,-1,-1
12,1,1,700,1,-1,-1,-1,-1
27,2,1,700,-1,-1,-1,-1,-1
11,1,1,700,1,-1,-1,-1,-1
8,1,1,700,1,-1,-1,-1,-1
8,1,2,700,1,-1,-1,-1,-1
30,2,2,700,-1,2,-1,2,7
25,2,1,700,-1,-1,-1,-1,-1
8,1,2,700,1,-1,-1,-1,-1
52,2,1,700,-1,-1,-1,-1,-1
21,1,2,700,2,1,-1,2,7
17,1,1,700,1,-1,-1,-1,-1
14,1,1,700,1,-1,-1,-1,-1
28,2,2,700,-1,1,-1,2,6
25,1,2,700,-1,-1,-1,-1,-1
19,1,1,700,1,2,-1,2,8
13,1,2,700,1,-1,-1,-1,-1
5,1,1,700,1,-1,-1,-1,-1
7,1,1,700,1,-1,-1,-1,-1
14,1,1,700,1,-1,-1,-1,-1
44,2,1,700,-1,-1,-1,-1,-1
36,2,2,700,-1,-1,-1,-1,-1
33,2,1,700,-1,-1,-1,-1,-1
43,2,1,700,-1,-1,-1,-1,-1
6,1,1,700,1,-1,-1,-1,-1
8,1,1,700,1,-1,-1,-1,-1
62,2,2,700,-1,-1,-1,-1,-1
25,2,2,700,-1,1,-1,2,7
16,2,2,700,2,2,-1,2,9
25,1,1,700,-1,-1,-1,-1,-1
48,2,1,700,-1,-1,-1,-1,-1
46,2,2,700,-1,-1,-1,-1,-1
40,2,1,700,-1,1,-1,2,1
8,1,2,700,1,-1,-1,-1,-1
31,2,1,700,-1,-1,-1,-1,-1
46,2,2,700,-1,-1,-1,-1,-1
7,1,2,700,1,-1,-1,-1,-1
42,2,2,700,-1,1,-1,2,7
27,2,2,700,-1,-1,-1,-1,-1
57,3,2,700,-1,1,-1,2,7
79,3,2,700,-1,-1,-1,-1,-1
64,2,2,700,-1,-1,-1,-1,-1
21,2,2,700,2,1,-1,2,7
43,2,2,700,-1,1,-1,2,7
5,1,2,700,1,-1,-1,-1,-1
15,1,2,700,1,2,-1,2,8
19,1,2,700,2,1,-1,2,1
64,4,2,700,-1,-1,-1,-1,-1
63,2,1,700,-1,-1,-1,-1,-1
67,2,2,700,-1,-1,-1,-1,-1
27,2,1,700,-1,-1,-1,-1,-1
18,2,2,700,2,-1,-1,-1,-1
44,1,1,700,-1,-1,-1,-1,-1
20,1,1,700,2,1,2,1,-1
33,2,2,700,-1,2,-1,2,7
61,2,2,700,-1,1,-1,2,7
53,2,1,700,-1,-1,-1,-1,-1
46,1,1,700,-1,-1,-1,-1,-1
61,2,2,700,-1,-1,-1,-1,-1
66,2,1,700,-1,-1,-1,-1,-1
7,1,2,700,1,-1,-1,-1,-1
7,1,1,700,1,-1,-1,-1,-1
24,1,1,700,2,1,-1,2,5
16,2,2,700,2,2,-1,2,7
46,2,2,700,-1,1,-1,2,7
41,2,2,700,-1,-1,-1,-1,-1
13,1,1,700,1,-1,-1,-1,-1
12,1,1,700,1,-1,-1,-1,-1
27,2,1,700,-1,-1,-1,-1,-1
67,2,2,700,-1,-1,-1,-1,-1
10,1,2,700,1,-1,-1,-1,-1
24,1,2,700,2,-1,-1,-1,-1
39,2,2,700,-1,-1,-1,-1,-1
14,1,1,700,1,-1,-1,-1,-1
9,1,2,700,1,-1,-1,-1,-1
12,1,1,700,1,-1,-1,-1,-1
9,1,1,700,1,-1,-1,-1,-1
15,1,1,700,1,2,-1,2,8
10,1,2,700,1,-1,-1,-1,-1
72,2,1,700,-1,-1,-1,-1,-1
15,1,2,700,1,-1,-1,-1,-1
18,1,2,700,2,1,2,1,-1
34,2,1,700,-1,-1,-1,-1,-1
26,1,1,700,-1,2,-1,2,8
44,2,2,700,-1,-1,-1,-1,-1
10,1,1,700,1,-1,-1,-1,-1
47,2,1,700,-1,-1,-1,-1,-1
5,1,2,700,1,-1,-1,-1,-1
45,2,1,700,-1,-1,-1,-1,-1
48,3,2,700,-1,-1,-1,-1,-1
73,3,2,700,-1,2,-1,2,6
18,1,1,700,2,-1,-1,-1,-1
8,1,2,700,1,-1,-1,-1,-1
16,1,1,700,2,2,-1,2,6
41,2,1,700,-1,-1,-1,-1,-1
27,1,2,700,-1,-1,-1,-1,-1
7,1,2,700,1,-1,-1,-1,-1
14,1,2,700,1,-1,-1,-1,-1
20,2,2,700,2,1,-1,2,7
10,1,1,700,1,-1,-1,-1,-1
23,1,2,700,1,2,-1,2,8
20,2,2,700,2,-1,-1,-1,-1
54,2,2,700,-1,2,-1,2,7
49,2,2,700,-1,-1,-1,-1,-1
44,2,1,700,-1,-1,-1,-1,-1
21,2,2,700,2,1,-1,2,7
54,2,1,700,-1,-1,-1,-1,-1
21,1,2,700,2,1,-1,2,7
14,1,1,700,1,-1,-1,-1,-1
17,1,1,700,1,2,-1,2,8
12,1,2,700,1,-1,-1,-1,-1
32,2,2,700,-1,1,-1,2,7
23,1,2,700,2,-1,-1,-1,-1
6,1,2,700,1,-1,-1,-1,-1
58,2,1,700,-1,1,-1,2,7
18,1,1,700,2,-1,-1,-1,-1
22,1,2,700,2,2,1,1,-1
60,2,2,700,-1,-1,-1,-1,-1
63,2,1,700,-1,1,-1,2,7
28,2,2,700,-1,1,-1,2,7
11,1,1,700,1,-1,-1,-1,-1
50,2,1,700,-1,-1,-1,-1,-1
9,1,2,700,1,-1,-1,-1,-1
53,2,2,700,-1,-1,-1,-1,-1
15,1,2,700,1,2,-1,2,8
7,1,1,700,1,-1,-1,-1,-1
17,1,2,700,1,2,-1,2,9
6,1,2,700,1,-1,-1,-1,-1
11,1,1,700,1,-1,-1,-1,-1
53,2,2,700,-1,-1,-1,-1,-1
39,2,1,700,-1,-1,-1,-1,-1
14,1,1,700,1,-1,-1,-1,-1
33,2,1,700,-1,-1,-1,-1,-1
35,2,2,700,-1,1,-1,2,7
29,2,1,700,-1,-1,-1,-1,-1
26,1,1,700,-1,-1,-1,-1,-1
37,2,1,700,-1,-1,-1,-1,-1
37,2,2,700,-1,-1,-1,-1,-1
36,2,2,700,-1,-1,-1,-1,-1
16,1,2,700,1,2,-1,2,8
40,2,1,700,-1,-1,-1,-1,-1
19,2,1,700,2,-1,-1,-1,-1
8,1,1,700,2,-1,-1,-1,-1
13,1,2,700,1,-1,-1,-1,-1
19,1,1,700,2,-1,-1,-1,-1
46,2,1,700,-1,-1,-1,-1,-1
34,2,1,700,-1,-1,-1,-1,-1
91,3,1,700,-1,1,-1,2,6
34,2,2,700,-1,-1,-1,-1,-1
38,2,1,700,-1,-1,-1,-1,-1
9,1,2,700,1,-1,-1,-1,-1
13,1,1,700,1,-1,-1,-1,-1
81,2,1,700,-1,1,-1,2,6
55,1,1,700,-1,1,-1,2,7
16,1,1,700,1,2,-1,2,8
16,1,2,700,1,1,-1,2,8
55,2,2,700,-1,-1,-1,-1,-1
47,1,1,700,-1,1,2,1,-1
18,1,1,700,1,-1,-1,-1,-1
72,3,2,700,-1,-1,-1,-1,-1
9,1,2,700,1,-1,-1,-1,-1
64,2,2,700,-1,-1,-1,-1,-1
36,2,2,700,-1,1,-1,2,7
11,1,1,700,1,-1,-1,-1,-1
34,2,2,700,-1,-1,-1,-1,-1
31,2,2,700,-1,1,-1,2,7
75,3,2,700,-1,1,-1,2,6
48,1,2,700,-1,-1,-1,-1,-1
34,2,1,700,-1,-1,-1,-1,-1
10,1,1,700,1,-1,-1,-1,-1
26,1,1,700,-1,-1,-1,-1,-1
6,1,1,700,1,-1,-1,-1,-1
15,1,2,700,1,2,-1,2,8
37,2,2,700,-1,1,-1,2,7
23,1,2,700,2,-1,-1,-1,-1
24,2,2,700,2,1,-1,2,7
48,2,1,700,-1,-1,-1,-1,-1
16,1,2,700,1,-1,-1,-1,-1
69,3,2,700,-1,1,-1,2,6
9,1,2,700,1,-1,-1,-1,-1
51,2,1,700,-1,-1,-1,-1,-1
5,1,2,700,1,-1,-1,-1,-1
17,2,2,700,2,1,-1,2,7
20,1,2,700,1,2,-1,2,8
5,1,2,700,1,-1,-1,-1,-1
13,1,1,700,1,-1,-1,-1,-1
25,2,1,700,-1,-1,-1,-1,-1
66,2,1,700,-1,-1,-1,-1,-1
40,2,1,700,-1,-1,-1,-1,-1
35,2,2,700,-1,1,-1,2,7
28,2,1,700,-1,-1,-1,-1,-1
14,1,2,700,1,-1,-1,-1,-1
35,2,2,700,-1,1,-1,2,7
14,1,1,700,1,-1,-1,-1,-1
25,1,2,700,-1,1,-1,2,7
17,1,2,700,1,-1,-1,-1,-1
5,1,2,700,1,-1,-1,-1,-1
14,1,1,700,1,-1,-1,-1,-1
29,2,2,700,-1,1,-1,2,7
9,1,1,700,1,-1,-1,-1,-1
54,2,2,700,-1,-1,-1,-1,-1
13,1,2,700,1,-1,-1,-1,-1
19,1,2,700,1,2,-1,2,8
48,2,2,700,-1,1,-1,2,7
69,3,2,700,-1,1,-1,2,6
10,1,2,700,1,-1,-1,-1,-1
39,2,1,700,-1,-1,-1,-1,-1
47,2,1,700,-1,-1,-1,-1,-1
39,2,1,700,-1,-1,-1,-1,-1
33,2,2,700,-1,1,-1,2,7
8,1,1,700,1,-1,-1,-1,-1
13,1,2,700,2,-1,-1,-1,-1
81,2,1,700,-1,-1,-1,-1,-1
36,2,1,700,-1,-1,-1,-1,-1
25,1,1,700,-1,-1,-1,-1,-1
49,2,1,700,-1,-1,-1,-1,-1
21,1,2,700,2,2,-1,2,2
30,2,2,700,-1,1,-1,2,7
12,1,2,700,1,-1,-1,-1,-1
60,2,2,700,-1,1,-1,2,7
34,2,1,700,-1,1,2,1,-1
69,3,2,700,-1,2,-1,2,7
38,2,1,700,-1,-1,-1,-1,-1
17,1,2,700,1,2,-1,2,7
12,1,1,700,1,-1,-1,-1,-1
62,2,1,700,-1,-1,-1,-1,-1
16,1,2,700,1,2,-1,2,8
32,2,2,700,-1,1,-1,2,2
18,1,2,700,1,2,-1,2,8
33,2,2,700,-1,1,-1,2,7
32,2,1,700,-1,-1,-1,-1,-1
29,2,1,700,-1,-1,-1,-1,-1
53,2,2,700,-1,-1,-1,-1,-1
72,2,1,700,-1,-1,-1,-1,-1
14,1,2,700,1,-1,-1,-1,-1
21,1,1,700,2,-1,-1,-1,-1
17,1,1,700,2,2,-1,2,6
7,1,2,700,1,-1,-1,-1,-1
23,2,1,700,2,-1,-1,-1,-1
40,1,1,700,-1,-1,-1,-1,-1
67,1,1,700,-1,-1,-1,-1,-1
54,2,1,700,-1,1,-1,2,7
52,2,1,700,-1,-1,-1,-1,-1
19,1,2,700,2,-1,-1,-1,-1
7,1,2,700,1,-1,-1,-1,-1
46,2,1,700,-1,-1,-1,-1,-1
62,2,1,700,-1,-1,-1,-1,-1
16,1,2,700,1,2,-1,2,8
33,1,1,700,-1,-1,-1,-1,-1
8,1,2,700,1,-1,-1,-1,-1
8,1,1,700,1,-1,-1,-1,-1
75,2,2,700,-1,1,-1,2,6
61,2,2,700,-1,-1,-1,-1,-1
45,2,2,700,-1,-1,-1,-1,-1
64,3,2,700,-1,-1,-1,-1,-1
62,2,2,700,-1,1,-1,2,7
28,1,1,700,-1,-1,-1,-1,-1
7,1,2,700,1,-1,-1,-1,-1
35,1,2,700,-1,-1,-1,-1,-1
44,2,1,700,-1,-1,-1,-1,-1
19,1,1,700,2,-1,-1,-1,-1
26,1,2,700,-1,-1,-1,-1,-1
29,2,1,700,-1,1,-1,2,2
34,2,1,700,-1,-1,-1,-1,-1
70,2,1,700,-1,1,-1,2,6
57,2,2,700,-1,-1,-1,-1,-1
25,1,2,700,-1,1,-1,2,7
30,2,1,700,-1,-1,-1,-1,-1
40,2,1,700,-1,-1,-1,-1,-1
19,2,2,700,2,-1,-1,-1,-1
12,1,2,700,1,-1,-1,-1,-1
55,2,2,700,-1,-1,-1,-1,-1
6,1,2,700,1,-1,-1,-1,-1
11,1,2,700,1,-1,-1,-1,-1
50,2,1,700,-1,-1,-1,-1,-1
14,1,1,700,1,-1,-1,-1,-1
53,2,2,700,-1,-1,-1,-1,-1
7,1,2,700,1,-1,-1,-1,-1
64,2,2,700,-1,1,-1,2,6
35,2,2,700,-1,-1,-1,-1,-1
14,1,1,700,1,-1,-1,-1,-1
16,1,1,700,2,-1,-1,-1,-1
16,1,2,700,1,2,-1,2,2
31,2,2,700,-1,1,-1,2,7
22,1,1,700,2,-1,-1,-1,-1
69,2,1,700,-1,1,-1,2,6
6,1,2,700,1,-1,-1,-1,-1
39,1,2,700,-1,-1,-1,-1,-1
46,2,2,700,-1,-1,-1,-1,-1
12,1,2,700,2,-1,-1,-1,-1
36,2,2,700,-1,-1,-1,-1,-1
60,1,1,700,-1,1,-1,2,6
25,1,1,700,-1,-1,-1,-1,-1
69,3,2,700,-1,-1,-1,-1,-1
63,2,2,700,-1,1,-1,2,1
31,2,2,700,-1,1,-1,2,8
11,1,2,700,1,-1,-1,-1,-1
12,1,2,700,1,-1,-1,-1,-1
56,1,2,700,-1,-1,-1,-1,-1
5,1,1,700,1,-1,-1,-1,-1
9,1,2,700,1,-1,-1,-1,-1
39,2,2,700,-1,-1,-1,-1,-1
12,1,2,700,1,-1,-1,-1,-1
58,3,1,700,-1,-1,-1,-1,-1
14,1,2,700,1,-1,-1,-1,-1
12,1,1,700,1,-1,-1,-1,-1
6,1,1,700,1,-1,-1,-1,-1
57,2,2,700,-1,1,-1,2,7
24,1,2,700,1,2,-1,2,8
13,1,2,700,1,-1,-1,-1,-1
17,1,1,700,1,2,-1,2,8
13,1,1,700,2,-1,-1,-1,-1
32,2,2,700,-1,1,-1,2,7
63,2,2,700,-1,1,-1,2,9
26,2,2,700,-1,-1,-1,-1,-1
30,2,1,700,-1,-1,-1,-1,-1
37,2,2,700,-1,-1,-1,-1,-1
21,2,1,700,2,-1,-1,-1,-1
35,2,2,700,-1,-1,-1,-1,-1
26,1,2,700,-1,-1,-1,-1,-1
53,2,1,700,-1,-1,-1,-1,-1
12,1,2,700,1,-1,-1,-1,-1
7,1,2,700,1,-1,-1,-1,-1
56,2,2,700,-1,-1,-1,-1,-1
30,2,2,700,-1,1,-1,2,7
33,2,1,700,-1,-1,-1,-1,-1
55,2,1,700,-1,-1,-1,-1,-1
29,2,2,700,-1,1,-1,2,7
29,1,1,700,-1,-1,-1,-1,-1
33,2,2,700,-1,-1,-1,-1,-1
9,1,1,700,1,-1,-1,-1,-1
74,3,1,700,-1,-1,-1,-1,-1
22,1,1,700,2,1,-1,2,5
29,2,2,700,-1,-1,-1,-1,-1
13,1,2,700,1,-1,-1,-1,-1
49,2,1,700,-1,-1,-1,-1,-1
28,2,1,700,-1,1,-1,2,7
37,2,2,700,-1,1,-1,2,7
31,2,2,700,-1,1,-1,2,7
15,1,1,700,1,2,-1,2,8
55,2,2,700,-1,1,-1,2,7
43,2,2,700,-1,-1,-1,-1,-1
48,2,1,700,-1,-1,-1,-1,-1
20,2,2,700,1,2,-1,2,8
29,2,2,700,-1,1,-1,2,7
12,1,2,700,1,-1,-1,-1,-1
65,2,1,700,-1,1,-1,2,6
24,1,1,700,2,-1,-1,-1,-1
27,1,1,700,-1,-1,-1,-1,-1
46,2,1,700,-1,-1,-1,-1,-1
15,1,1,700,1,2,-1,2,8
51,1,2,700,-1,2,-1,2,7
5,1,2,700,2,-1,-1,-1,-1
14,1,2,700,1,-1,-1,-1,-1
15,1,1,700,1,2,-1,2,8
31,2,2,700,-1,1,-1,2,7
11,1,1,700,1,-1,-1,-1,-1
21,1,1,700,2,-1,-1,-1,-1
23,1,2,700,2,1,-1,2,7
24,2,2,700,2,-1,-1,-1,-1
63,2,1,700,-1,-1,-1,-1,-1
28,2,2,700,-1,-1,-1,-1,-1
16,1,1,700,2,2,-1,2,6
6,1,1,700,2,-1,-1,-1,-1
16,1,2,700,1,2,-1,2,8
11,1,2,700,1,-1,-1,-1,-1
70,2,2,700,-1,1,-1,2,7
38,2,1,700,-1,-1,-1,-1,-1
14,1,1,700,1,-1,-1,-1,-1
15,1,1,700,1,2,-1,2,8
50,3,2,700,-1,-1,-1,-1,-1
18,1,1,700,2,-1,-1,-1,-1
24,1,2,700,2,2,-1,2,7
26,1,1,700,-1,1,-1,2,8
42,2,2,700,-1,-1,-1,-1,-1
19,1,2,700,1,2,-1,2,8
41,4,2,700,-1,-1,-1,-1,-1
37,2,2,700,-1,-1,-1,-1,-1
41,2,2,700,-1,-1,-1,-1,-1
37,2,2,700,-1,-1,-1,-1,-1
38,2,2,700,-1,1,-1,2,7
24,2,1,700,2,-1,-1,-1,-1
33,2,2,700,-1,-1,-1,-1,-1
48,2,1,700,-1,-1,-1,-1,-1
27,1,2,700,-1,-1,-1,-1,-1
18,1,2,700,2,-1,-1,-1,-1
46,2,2,700,-1,2,-1,2,7
54,2,2,700,-1,-1,-1,-1,-1
7,1,2,700,1,-1,-1,-1,-1
14,1,1,700,1,-1,-1,-1,-1
37,2,1,700,-1,-1,-1,-1,-1
5,1,2,700,1,-1,-1,-1,-1
40,2,2,700,-1,-1,-1,-1,-1
39,2,1,700,-1,-1,-1,-1,-1
20,2,2,700,2,-1,-1,-1,-1
22,2,1,700,2,-1,-1,-1,-1
42,2,2,700,-1,1,-1,2,7
34,2,1,700,-1,-1,-1,-1,-1
16,1,1,700,1,1,-1,2,8
8,1,2,700,1,-1,-1,-1,-1
16,1,2,700,1,2,-1,2,8
12,1,2,700,1,-1,-1,-1,-1
24,1,2,700,2,-1,-1,-1,-1
43,2,1,700,-1,-1,-1,-1,-1
36,2,2,700,-1,-1,-1,-1,-1
50,2,1,700,-1,-1,-1,-1,-1
16,1,2,700,1,2,-1,2,8
41,2,1,700,-1,-1,-1,-1,-1
64,2,2,700,-1,-1,-1,-1,-1
69,3,2,700,-1,1,-1,2,6
50,2,1,700,-1,-1,-1,-1,-1
18,1,1,700,2,1,-1,2,7
20,1,1,700,2,1,-1,2,5
52,2,1,700,-1,-1,-1,-1,-1
11,1,2,700,1,-1,-1,-1,-1
44,2,2,700,-1,-1,-1,-1,-1
18,1,1,700,1,2,-1,2,8
21,1,1,700,1,2,-1,2,8
35,2,1,700,-1,-1,-1,-1,-1
53,3,1,700,-1,-1,-1,-1,-1
82,3,2,700,-1,-1,-1,-1,-1
16,1,1,700,1,2,-1,2,8
14,1,1,700,1,-1,-1,-1,-1
54,1,2,700,-1,-1,-1,-1,-1
62,2,1,700,-1,-1,-1,-1,-1
31,2,1,700,-1,-1,-1,-1,-1
9,1,2,700,1,-1,-1,-1,-1
62,2,2,700,-1,1,-1,2,7
43,2,2,700,-1,-1,-1,-1,-1
70,3,1,700,-1,1,-1,2,6
38,2,1,700,-1,-1,-1,-1,-1
56,1,1,700,-1,-1,-1,-1,-1
57,2,1,700,-1,-1,-1,-1,-1
72,2,2,700,-1,-1,-1,-1,-1
90,3,2,700,-1,2,-1,2,6
17,1,1,700,1,2,-1,2,8
12,1,2,700,1,-1,-1,-1,-1
53,2,2,700,-1,1,-1,2,7
12,1,1,700,2,-1,-1,-1,-1
20,2,1,700,2,-1,-1,-1,-1
15,1,1,700,1,2,-1,2,8
27,2,1,700,-1,-1,-1,-1,-1
36,1,1,700,-1,-1,-1,-1,-1
6,1,2,700,1,-1,-1,-1,-1
83,2,2,700,-1,1,-1,2,6
52,2,2,700,-1,-1,-1,-1,-1
13,1,1,700,1,-1,-1,-1,-1
49,2,2,700,-1,-1,-1,-1,-1
34,2,1,700,-1,-1,-1,-1,-1
52,2,1,700,-1,-1,-1,-1,-1
8,1,1,700,1,-1,-1,-1,-1
8,1,1,700,1,-1,-1,-1,-1
46,2,1,700,-1,-1,-1,-1,-1
35,2,2,700,-1,-1,-1,-1,-1
60,3,2,700,-1,1,-1,2,7
10,1,1,700,1,-1,-1,-1,-1
22,1,1,700,2,2,-1,2,8
47,4,1,700,-1,-1,-1,-1,-1
16,1,1,700,1,2,-1,2,8
40,2,1,700,-1,-1,-1,-1,-1
14,1,2,700,1,-1,-1,-1,-1
11,1,1,700,1,-1,-1,-1,-1
58,2,2,700,-1,-1,-1,-1,-1
44,2,1,700,-1,-1,-1,-1,-1
22,1,2,700,2,1,-1,2,2
38,2,1,700,-1,-1,-1,-1,-1
10,1,1,700,1,-1,-1,-1,-1
14,1,2,700,2,-1,-1,-1,-1
36,2,1,700,-1,-1,-1,-1,-1
43,2,2,700,-1,-1,-1,-1,-1
20,2,2,700,2,1,-1,2,7
16,2,2,700,2,1,-1,2,7
38,2,1,700,-1,-1,-1,-1,-1
13,1,2,700,2,-1,-1,-1,-1
16,1,2,700,1,2,-1,2,8
34,2,1,700,-1,-1,-1,-1,-1
23,1,2,700,2,1,-1,2,7
10,1,2,700,1,-1,-1,-1,-1
38,2,1,700,-1,-1,-1,-1,-1
8,1,2,700,1,-1,-1,-1,-1
45,2,2,700,-1,-1,-1,-1,-1
13,1,2,700,1,-1,-1,-1,-1
73,3,2,700,-1,1,-1,2,6
8,1,1,700,1,-1,-1,-1,-1
19,1,2,700,1,2,-1,2,8
23,1,2,700,2,1,-1,2,7
39,2,1,700,-1,-1,-1,-1,-1
9,1,2,700,2,-1,-1,-1,-1
5,1,1,700,1,-1,-1,-1,-1
17,1,1,700,1,2,-1,2,8
26,1,1,700,-1,2,-1,2,7
46,1,2,700,-1,-1,-1,-1,-1
5,1,2,700,2,-1,-1,-1,-1
9,1,2,700,1,-1,-1,-1,-1
21,1,1,700,2,-1,-1,-1,-1
64,2,2,700,-1,1,-1,2,7
27,2,1,700,-1,-1,-1,-1,-1
13,1,2,700,1,-1,-1,-1,-1
38,2,2,700,-1,1,-1,2,7
63,2,2,700,-1,-1,-1,-1,-1
17,1,1,700,1,-1,-1,-1,-1
55,2,1,700,-1,-1,-1,-1,-1
15,1,1,700,1,2,-1,2,8
12,1,1,700,1,-1,-1,-1,-1
54,2,1,700,-1,-1,-1,-1,-1
9,1,1,700,1,-1,-1,-1,-1
32,2,1,700,-1,-1,-1,-1,-1
50,1,1,700,-1,2,-1,2,7
57,2,1,700,-1,-1,-1,-1,-1
10,1,2,700,1,-1,-1,-1,-1
23,1,1,700,2,-1,-1,-1,-1
48,2,2,700,-1,1,-1,2,7
12,1,1,700,1,-1,-1,-1,-1
21,1,1,700,1,2,-1,2,9
17,1,1,700,1,-1,-1,-1,-1
40,3,1,700,-1,-1,-1,-1,-1
22,1,2,700,2,-1,-1,-1,-1
5,1,1,700,2,-1,-1,-1,-1
28,2,1,700,-1,-1,-1,-1,-1
43,2,1,700,-1,-1,-1,-1,-1
53,2,1,700,-1,-1,-1,-1,-1
7,1,1,700,1,-1,-1,-1,-1
5,1,2,700,1,-1,-1,-1,-1
9,1,2,700,1,-1,-1,-1,-1
10,1,1,700,1,-1,-1,-1,-1
9,1,1,700,1,-1,-1,-1,-1
18,1,1,700,2,-1,-1,-1,-1
51,2,2,700,-1,-1,-1,-1,-1
52,2,1,700,-1,-1,-1,-1,-1
48,2,2,700,-1,-1,-1,-1,-1
26,1,1,700,-1,1,-1,2,4
56,2,2,700,-1,-1,-1,-1,-1
28,1,2,700,-1,2,-1,2,7
5,1,2,700,2,-1,-1,-1,-1
38,2,1,700,-1,-1,-1,-1,-1
60,2,1,700,-1,-1,-1,-1,-1
36,2,1,700,-1,-1,-1,-1,-1
37,2,2,700,-1,1,-1,2,7
17,1,2,700,1,2,-1,2,8
7,1,1,700,1,-1,-1,-1,-1
73,2,1,700,-1,-1,-1,-1,-1
38,2,1,700,-1,-1,-1,-1,-1
38,2,1,700,-1,-1,-1,-1,-1
47,2,2,700,-1,-1,-1,-1,-1
36,1,1,700,-1,2,-1,2,6
40,2,2,700,-1,2,-1,2,7
20,1,2,700,1,2,-1,2,8
34,2,2,700,-1,2,-1,2,7
21,1,2,700,2,-1,-1,-1,-1
29,2,2,700,-1,2,-1,2,7
49,1,2,700,-1,-1,-1,-1,-1
34,2,2,700,-1,-1,-1,-1,-1
45,2,1,700,-1,-1,-1,-1,-1
12,1,2,700,1,-1,-1,-1,-1
8,1,2,700,1,-1,-1,-1,-1
71,2,2,700,-1,1,-1,2,6
5,1,1,700,2,-1,-1,-1,-1
43,1,2,700,-1,-1,-1,-1,-1
21,1,1,700,1,2,-1,2,8
11,1,1,700,2,-1,-1,-1,-1
17,1,2,700,2,-1,-1,-1,-1
25,2,2,700,-1,1,-1,2,7
14,1,1,700,2,-1,-1,-1,-1
22,1,1,700,2,-1,-1,-1,-1
9,1,1,700,1,-1,-1,-1,-1
67,2,2,700,-1,2,-1,2,7
92,3,2,700,-1,2,-1,2,6
11,1,1,700,1,-1,-1,-1,-1
16,1,2,700,2,2,1,1,-1
29,2,2,700,-1,-1,-1,-1,-1
32,2,1,700,-1,-1,-1,-1,-1
8,1,2,700,1,-1,-1,-1,-1
7,1,2,700,1,-1,-1,-1,-1
27,2,2,700,-1,1,-1,2,7
13,1,2,700,1,-1,-1,-1,-1
32,2,2,700,-1,2,-1,2,7
55,2,1,700,-1,1,-1,2,2
31,2,2,700,-1,-1,-1,-1,-1
60,2,1,700,-1,-1,-1,-1,-1
19,1,1,700,1,2,-1,2,8
16,1,1,700,2,2,-1,2,6
62,2,1,700,-1,-1,-1,-1,-1
34,2,2,700,-1,2,-1,2,7
62,2,2,700,-1,-1,-1,-1,-1
21,1,2,700,2,2,2,1,-1
16,1,2,700,1,1,-1,2,8
35,2,1,700,-1,-1,-1,-1,-1
9,1,1,700,1,-1,-1,-1,-1
24,1,1,700,2,-1,-1,-1,-1
68,2,2,700,-1,1,-1,2,7
20,1,1,700,1,2,-1,2,8
14,1,1,700,1,-1,-1,-1,-1
39,2,1,700,-1,-1,-1,-1,-1
60,3,1,700,-1,-1,-1,-1,-1
7,1,1,700,1,-1,-1,-1,-1
50,2,1,700,-1,-1,-1,-1,-1
44,2,1,700,-1,-1,-1,-1,-1
17,1,2,700,1,2,-1,2,8
32,2,2,700,-1,1,-1,2,7
65,3,2,700,-1,-1,-1,-1,-1
13,1,2,700,1,-1,-1,-1,-1
23,1,2,700,2,-1,-1,-1,-1
16,1,2,700,1,2,-1,2,8
33,2,2,700,-1,1,-1,2,7
24,2,1,700,2,-1,-1,-1,-1
38,3,1,700,-1,-1,-1,-1,-1
11,1,2,700,1,-1,-1,-1,-1
19,1,1,700,2,-1,-1,-1,-1
14,1,1,700,1,-1,-1,-1,-1
74,2,2,700,-1,1,-1,2,7
12,1,1,700,2,-1,-1,-1,-1
7,1,1,700,1,-1,-1,-1,-1
9,1,1,700,1,-1,-1,-1,-1
7,1,1,700,1,-1,-1,-1,-1
11,1,1,700,1,-1,-1,-1,-1
17,1,2,700,1,-1,-1,-1,-1
20,1,1,700,2,-1,-1,-1,-1
43,2,1,700,-1,-1,-1,-1,-1
27,1,1,700,-1,-1,-1,-1,-1
57,2,1,700,-1,-1,-1,-1,-1
45,3,2,700,-1,-1,-1,-1,-1
16,1,1,700,1,2,-1,2,8
29,2,2,700,-1,-1,-1,-1,-1
19,1,2,700,2,-1,-1,-1,-1
16,1,1,700,1,2,-1,2,8
23,1,2,700,1,1,-1,2,7
11,1,2,700,1,-1,-1,-1,-1
60,2,1,700,-1,-1,-1,-1,-1
29,4,2,700,-1,1,-1,2,7
18,1,2,700,1,2,-1,2,8
44,2,1,700,-1,-1,-1,-1,-1
57,2,2,700,-1,1,-1,2,7
16,1,1,700,1,2,-1,2,8
55,2,2,700,-1,1,-1,2,7
85,3,2,700,-1,1,-1,2,6
16,1,2,700,1,2,-1,2,8
51,2,2,700,-1,1,-1,2,7
52,2,1,700,-1,-1,-1,-1,-1
57,2,1,700,-1,-1,-1,-1,-1
30,2,1,700,-1,-1,-1,-1,-1
8,1,1,700,1,-1,-1,-1,-1
41,2,1,700,-1,-1,-1,-1,-1
34,2,1,700,-1,-1,-1,-1,-1
20,1,1,700,2,-1,-1,-1,-1
54,2,2,700,-1,1,-1,2,7
55,2,1,700,-1,1,-1,2,6
59,3,2,700,-1,-1,-1,-1,-1
20,1,1,700,2,2,-1,2,7
37,2,2,700,-1,2,-1,2,7
5,1,2,700,1,-1,-1,-1,-1
26,1,2,700,-1,-1,-1,-1,-1
22,1,1,700,2,-1,-1,-1,-1
29,2,1,700,-1,-1,-1,-1,-1
22,1,2,700,2,-1,-1,-1,-1
33,2,2,700,-1,-1,-1,-1,-1
49,2,1,700,-1,-1,-1,-1,-1
20,1,1,700,2,-1,-1,-1,-1
59,2,1,700,-1,1,-1,2,7
23,1,1,700,2,2,-1,2,9
17,1,1,700,1,-1,-1,-1,-1
62,2,2,700,-1,-1,-1,-1,-1
10,1,1,700,1,-1,-1,-1,-1
7,1,1,700,1,-1,-1,-1,-1
32,1,2,700,-1,-1,-1,-1,-1
5,1,1,700,1,-1,-1,-1,-1
9,1,1,700,1,-1,-1,-1,-1
13,1,1,700,1,-1,-1,-1,-1
41,2,1,700,-1,-1,-1,-1,-1
41,3,1,700,-1,-1,-1,-1,-1
39,2,1,700,-1,-1,-1,-1,-1
46,2,2,700,-1,2,-1,2,7
22,1,1,700,2,2,-1,2,9
17,1,2,700,2,-1,-1,-1,-1
36,2,1,700,-1,-1,-1,-1,-1
27,2,1,700,-1,-1,-1,-1,-1
52,2,1,700,-1,1,-1,2,9
21,1,1,700,2,-1,-1,-1,-1
20,1,1,700,2,-1,-1,-1,-1
12,1,2,700,1,-1,-1,-1,-1
16,1,1,700,1,2,-1,2,8
46,2,1,700,-1,-1,-1,-1,-1
41,2,1,700,-1,-1,-1,-1,-1
28,1,1,700,-1,-1,-1,-1,-1
7,1,1,700,1,-1,-1,-1,-1
59,2,2,700,-1,-1,-1,-1,-1
29,1,1,700,-1,-1,-1,-1,-1
28,2,1,700,-1,-1,-1,-1,-1
19,1,2,700,1,2,-1,2,8
40,2,2,700,-1,-1,-1,-1,-1
58,2,2,700,-1,-1,-1,-1,-1
10,1,1,700,1,-1,-1,-1,-1
10,1,2,700,1,-1,-1,-1,-1
52,2,1,700,-1,-1,-1,-1,-1
35,1,1,700,-1,2,-1,2,6
55,2,2,700,-1,1,-1,2,7
73,2,1,700,-1,-1,-1,-1,-1
23,2,2,700,2,1,-1,2,7
35,2,2,700,-1,2,-1,2,7
9,1,1,700,2,-1,-1,-1,-1
13,1,1,700,1,-1,-1,-1,-1
32,2,1,700,-1,-1,-1,-1,-1
23,1,2,700,2,1,2,1,-1
9,1,1,700,1,-1,-1,-1,-1
22,1,2,700,2,-1,-1,-1,-1
35,2,2,700,-1,1,-1,2,7
40,2,1,700,-1,-1,-1,-1,-1
10,1,2,700,1,-1,-1,-1,-1
34,1,1,700,-1,-1,-1,-1,-1
45,2,1,700,-1,-1,-1,-1,-1
14,1,2,700,1,-1,-1,-1,-1
39,2,2,700,-1,-1,-1,-1,-1
31,1,2,700,-1,1,2,1,-1
77,2,2,700,-1,1,-1,2,6
35,2,2,700,-1,-1,-1,-1,-1
10,1,1,700,1,-1,-1,-1,-1
60,2,2,700,-1,-1,-1,-1,-1
42,2,1,700,-1,-1,-1,-1,-1
12,1,1,700,1,-1,-1,-1,-1
22,2,1,700,2,-1,-1,-1,-1
28,1,1,700,-1,2,-1,2,8
14,1,1,700,1,-1,-1,-1,-1
5,1,2,700,1,-1,-1,-1,-1
15,1,1,700,1,2,-1,2,8
42,4,2,700,-1,-1,-1,-1,-1
30,2,1,700,-1,-1,-1,-1,-1
25,2,2,700,-1,-1,-1,-1,-1
26,2,2,700,-1,-1,-1,-1,-1
21,1,1,700,2,-1,-1,-1,-1
17,1,1,700,1,2,-1,2,8
15,1,1,700,1,2,-1,2,8
13,1,1,700,1,-1,-1,-1,-1
41,3,1,700,-1,-1,-1,-1,-1
14,1,2,700,1,-1,-1,-1,-1
51,2,1,700,-1,-1,-1,-1,-1
5,1,1,700,1,-1,-1,-1,-1
55,2,1,700,-1,-1,-1,-1,-1
25,2,2,700,-1,1,-1,2,7
14,1,2,700,2,-1,-1,-1,-1
47,2,1,700,-1,-1,-1,-1,-1
47,2,2,700,-1,1,-1,2,7
54,2,2,700,-1,-1,-1,-1,-1
15,1,2,700,1,1,-1,2,7
59,2,1,700,-1,-1,-1,-1,-1
8,1,1,700,1,-1,-1,-1,-1
51,2,2,700,-1,-1,-1,-1,-1
7,1,2,700,1,-1,-1,-1,-1
62,2,1,700,-1,1,-1,2,6
6,1,2,700,1,-1,-1,-1,-1
65,2,2,700,-1,1,-1,2,6
8,1,2,700,1,-1,-1,-1,-1
26,2,1,700,-1,1,-1,2,7
6,1,1,700,1,-1,-1,-1,-1
13,1,2,700,1,-1,-1,-1,-1
39,2,2,700,-1,-1,-1,-1,-1
28,2,1,700,-1,-1,-1,-1,-1
16,1,1,700,1,1,-1,2,8
40,2,2,700,-1,-1,-1,-1,-1
9,1,1,700,1,-1,-1,-1,-1
58,3,2,700,-1,-1,-1,-1,-1
38,2,1,700,-1,-1,-1,-1,-1
41,2,1,700,-1,-1,-1,-1,-1
16,1,2,700,1,2,-1,2,7
76,2,2,700,-1,1,-1,2,6
38,2,1,700,-1,-1,-1,-1,-1
11,1,1,700,1,-1,-1,-1,-1
24,2,2,700,2,1,-1,2,7
21,1,1,700,2,1,-1,2,5
32,2,2,700,-1,-1,-1,-1,-1
23,1,1,700,2,-1,-1,-1,-1
12,1,1,700,1,-1,-1,-1,-1
42,2,1,700,-1,-1,-1,-1,-1
49,2,1,700,-1,-1,-1,-1,-1
14,1,2,700,1,-1,-1,-1,-1
60,4,1,700,-1,-1,-1,-1,-1
55,2,2,700,-1,-1,-1,-1,-1
56,3,1,700,-1,-1,-1,-1,-1
13,1,1,700,1,-1,-1,-1,-1
72,2,2,700,-1,1,-1,2,7
45,2,2,700,-1,-1,-1,-1,-1
5,1,1,700,1,-1,-1,-1,-1
42,4,2,700,-1,-1,-1,-1,-1
21,1,1,700,1,2,-1,2,8
9,1,1,700,1,-1,-1,-1,-1
39,3,2,700,-1,-1,-1,-1,-1
48,2,2,700,-1,-1,-1,-1,-1
30,2,2,700,-1,1,-1,2,7
22,1,2,700,2,-1,-1,-1,-1
47,2,2,700,-1,-1,-1,-1,-1
12,1,1,700,1,-1,-1,-1,-1
67,2,1,700,-1,-1,-1,-1,-1
15,1,1,700,1,2,-1,2,8
9,1,2,700,1,-1,-1,-1,-1
28,4,1,700,-1,-1,-1,-1,-1
5,1,2,700,1,-1,-1,-1,-1
42,2,1,700,-1,-1,-1,-1,-1
33,2,2,700,-1,1,-1,2,7
57,3,2,700,-1,-1,-1,-1,-1
48,3,2,700,-1,-1,-1,-1,-1
35,2,2,700,-1,-1,-1,-1,-1
19,1,1,700,2,2,1,1,-1
29,2,2,700,-1,1,-1,2,7
7,1,1,700,1,-1,-1,-1,-1
58,2,1,700,-1,-1,-1,-1,-1
42,2,2,700,-1,-1,-1,-1,-1
13,1,1,700,1,-1,-1,-1,-1
42,2,1,700,-1,-1,-1,-1,-1
35,2,1,700,-1,-1,-1,-1,-1
28,1,2,700,-1,-1,-1,-1,-1
20,1,1,700,1,2,-1,2,1
15,1,1,700,1,2,-1,2,8
15,1,1,700,2,2,-1,2,7
42,2,1,700,-1,-1,-1,-1,-1
26,1,2,700,-1,-1,-1,-1,-1
35,2,1,700,-1,-1,-1,-1,-1
31,2,2,700,-1,2,-1,2,7
7,1,2,700,1,-1,-1,-1,-1
78,2,1,700,-1,1,-1,2,6
57,3,2,700,-1,1,-1,2,7
7,1,2,700,1,-1,-1,-1,-1
7,1,1,700,1,-1,-1,-1,-1
11,1,1,700,1,-1,-1,-1,-1
9,1,2,700,1,-1,-1,-1,-1
57,2,1,700,-1,-1,-1,-1,-1
50,2,1,700,-1,-1,-1,-1,-1
59,2,1,700,-1,-1,-1,-1,-1
47,2,2,700,-1,2,-1,2,7
28,1,1,700,-1,-1,-1,-1,-1
57,2,2,700,-1,1,-1,2,7
18,1,1,700,1,-1,-1,-1,-1
64,2,2,700,-1,-1,-1,-1,-1
25,1,1,700,-1,-1,-1,-1,-1
55,2,2,700,-1,-1,-1,-1,-1
33,4,1,700,-1,-1,-1,-1,-1
46,2,2,700,-1,-1,-1,-1,-1
31,2,1,700,-1,-1,-1,-1,-1
54,2,1,700,-1,1,-1,2,9
40,2,1,700,-1,-1,-1,-1,-1
79,2,2,700,-1,-1,-1,-1,-1
16,1,1,700,1,2,-1,2,8
35,2,2,700,-1,-1,-1,-1,-1
5,1,2,700,1,-1,-1,-1,-1
11,1,2,700,1,-1,-1,-1,-1
5,1,1,700,2,-1,-1,-1,-1
56,2,1,700,-1,-1,-1,-1,-1
31,2,2,700,-1,2,-1,2,7
63,2,1,700,-1,-1,-1,-1,-1
11,1,2,700,1,-1,-1,-1,-1
33,2,1,700,-1,-1,-1,-1,-1
60,2,1,700,-1,-1,-1,-1,-1
30,2,2,700,-1,1,-1,2,7
86,2,1,700,-1,1,-1,2,6
44,2,1,700,-1,-1,-1,-1,-1
31,2,2,700,-1,-1,-1,-1,-1
17,1,1,700,1,2,-1,2,8
9,1,1,700,1,-1,-1,-1,-1
19,1,2,700,1,2,-1,2,8
15,1,1,700,1,2,-1,2,8
29,1,2,700,-1,-1,-1,-1,-1
33,2,2,700,-1,1,-1,2,7
27,2,1,700,-1,-1,-1,-1,-1
35,2,1,700,-1,-1,-1,-1,-1
14,1,1,700,1,-1,-1,-1,-1
37,2,1,700,-1,-1,-1,-1,-1
9,1,1,700,1,-1,-1,-1,-1
12,1,2,700,1,-1,-1,-1,-1
35,4,1,700,-1,-1,-1,-1,-1
16,1,1,700,1,-1,-1,-1,-1
24,2,1,700,2,-1,-1,-1,-1
39,1,1,700,-1,-1,-1,-1,-1
66,2,1,700,-1,1,-1,2,6
37,2,2,700,-1,-1,-1,-1,-1
51,2,1,700,-1,-1,-1,-1,-1
11,1,2,700,1,-1,-1,-1,-1
21,1,1,700,2,-1,-1,-1,-1
32,2,2,700,-1,1,-1,2,7
15,1,2,700,2,2,-1,2,7
64,2,1,700,-1,-1,-1,-1,-1
47,2,1,700,-1,-1,-1,-1,-1
6,1,1,700,1,-1,-1,-1,-1
12,1,1,700,1,-1,-1,-1,-1
21,1,2,700,2,1,-1,2,7
23,1,2,700,2,-1,-1,-1,-1
24,2,2,700,2,1,2,1,-1
10,1,1,700,1,-1,-1,-1,-1
52,2,1,700,-1,1,-1,2,3
19,2,2,700,2,1,-1,2,7
19,1,1,700,2,2,1,1,-1
8,1,1,700,1,-1,-1,-1,-1
77,3,1,700,-1,1,-1,2,6
32,2,1,700,-1,-1,-1,-1,-1
29,2,1,700,-1,-1,-1,-1,-1
54,2,1,700,-1,-1,-1,-1,-1
57,2,2,700,-1,-1,-1,-1,-1
14,1,2,700,1,-1,-1,-1,-1
84,3,2,700,-1,1,-1,2,6
15,1,2,700,1,2,-1,2,8
21,1,1,700,2,-1,-1,-1,-1
25,1,2,700,-1,1,2,1,-1
35,2,1,700,-1,-1,-1,-1,-1
40,2,2,700,-1,-1,-1,-1,-1
33,1,1,700,-1,-1,-1,-1,-1
27,2,1,700,-1,-1,-1,-1,-1
16,1,2,700,1,2,-1,2,8
60,2,1,700,-1,-1,-1,-1,-1
55,1,2,700,-1,-1,-1,-1,-1
21,1,1,700,2,2,-1,2,7
47,3,2,700,-1,-1,-1,-1,-1
67,3,2,700,-1,1,-1,2,7
52,2,1,700,-1,-1,-1,-1,-1
21,1,1,700,2,1,-1,2,8
40,2,2,700,-1,2,-1,2,7
24,2,2,700,2,1,-1,2,7
32,2,1,700,-1,-1,-1,-1,-1
45,2,1,700,-1,-1,-1,-1,-1
29,2,2,700,-1,1,-1,2,7
26,2,1,700,-1,-1,-1,-1,-1
46,2,1,700,-1,-1,-1,-1,-1
7,1,1,700,1,-1,-1,-1,-1
24,2,2,700,2,-1,-1,-1,-1
52,2,2,700,-1,1,-1,2,7
29,2,1,700,-1,-1,-1,-1,-1
5,1,1,700,2,-1,-1,-1,-1
20,1,1,700,2,-1,-1,-1,-1
41,2,1,700,-1,1,-1,2,7
78,3,2,700,-1,-1,-1,-1,-1
42,2,1,700,-1,-1,-1,-1,-1
25,1,1,700,-1,-1,-1,-1,-1
10,1,1,700,1,-1,-1,-1,-1
17,1,1,700,1,2,-1,2,8
23,1,1,700,2,-1,-1,-1,-1
62,2,1,700,-1,1,-1,2,6
20,1,1,700,2,-1,-1,-1,-1
7,1,1,700,1,-1,-1,-1,-1
10,1,2,700,1,-1,-1,-1,-1
35,1,2,700,-1,-1,-1,-1,-1
30,2,2,700,-1,-1,-1,-1,-1
25,1,1,700,-1,-1,-1,-1,-1
12,1,2,700,1,-1,-1,-1,-1
6,1,2,700,1,-1,-1,-1,-1
48,2,2,700,-1,-1,-1,-1,-1
10,1,1,700,1,-1,-1,-1,-1
53,2,2,700,-1,1,-1,2,7
61,1,2,700,-1,-1,-1,-1,-1
31,2,2,700,-1,1,-1,2,7
6,1,1,700,1,-1,-1,-1,-1
13,1,2,700,1,-1,-1,-1,-1
10,1,1,700,1,-1,-1,-1,-1
60,3,2,700,-1,-1,-1,-1,-1
26,2,1,700,-1,-1,-1,-1,-1
51,2,1,700,-1,-1,-1,-1,-1
62,3,2,700,-1,-1,-1,-1,-1
9,1,1,700,1,-1,-1,-1,-1
30,2,1,700,-1,-1,-1,-1,-1
16,1,1,700,1,2,-1,2,8
8,1,2,700,1,-1,-1,-1,-1
26,2,2,700,-1,1,-1,2,7
29,2,2,700,-1,-1,-1,-1,-1
38,2,2,700,-1,1,-1,2,7
42,2,1,700,-1,-1,-1,-1,-1
28,1,1,700,-1,-1,-1,-1,-1
64,2,2,700,-1,-1,-1,-1,-1
24,1,2,700,1,2,-1,2,8
62,4,2,700,-1,1,-1,2,7
34,1,2,700,-1,-1,-1,-1,-1
42,4,2,700,-1,1,-1,2,3
11,1,1,700,1,-1,-1,-1,-1
10,1,1,700,1,-1,-1,-1,-1
59,2,1,700,-1,-1,-1,-1,-1
34,2,1,700,-1,-1,-1,-1,-1
29,2,2,700,-1,-1,-1,-1,-1
23,2,1,700,2,2,-1,2,7
67,1,2,700,-1,-1,-1,-1,-1
56,2,1,700,-1,1,2,1,-1
39,2,2,700,-1,1,-1,2,7
35,2,2,700,-1,2,-1,2,7
59,3,2,700,-1,1,-1,2,7
64,2,1,700,-1,1,-1,2,6
68,2,2,700,-1,1,-1,2,7
63,2,2,700,-1,-1,-1,-1,-1
7,1,1,700,1,-1,-1,-1,-1
56,2,1,700,-1,-1,-1,-1,-1
51,2,1,700,-1,-1,-1,-1,-1
60,2,2,700,-1,1,-1,2,7
11,1,2,700,1,-1,-1,-1,-1
14,1,2,700,1,-1,-1,-1,-1
77,3,2,700,-1,1,-1,2,6
40,2,1,700,-1,-1,-1,-1,-1
74,2,1,700,-1,1,-1,2,6
26,2,1,700,-1,-1,-1,-1,-1
29,1,2,700,-1,-1,-1,-1,-1
18,2,1,700,1,2,-1,2,8
37,2,1,700,-1,-1,-1,-1,-1
44,2,1,700,-1,-1,-1,-1,-1
13,1,2,700,1,-1,-1,-1,-1
69,3,2,700,-1,1,-1,2,6
12,1,1,700,1,-1,-1,-1,-1
8,1,1,700,1,-1,-1,-1,-1
73,2,1,700,-1,1,-1,2,6
11,1,1,700,1,-1,-1,-1,-1
27,2,2,700,-1,1,2,1,-1
39,4,2,700,-1,2,-1,2,7
53,2,1,700,-1,-1,-1,-1,-1
62,2,2,700,-1,1,-1,2,7
42,2,1,700,-1,-1,-1,-1,-1
13,1,2,700,1,-1,-1,-1,-1
16,1,2,700,1,2,-1,2,8
16,1,1,700,1,-1,-1,-1,-1
22,1,1,700,2,-1,-1,-1,-1
20,2,2,700,2,2,-1,2,7
42,2,2,700,-1,1,-1,2,7
11,1,1,700,1,-1,-1,-1,-1
80,1,2,700,-1,1,-1,2,6
28,2,1,700,-1,-1,-1,-1,-1
5,1,1,700,2,-1,-1,-1,-1
15,1,1,700,1,-1,-1,-1,-1
55,4,1,700,-1,-1,-1,-1,-1
9,1,1,700,1,-1,-1,-1,-1
40,2,2,700,-1,1,-1,2,7
27,2,1,700,-1,-1,-1,-1,-1
27,2,2,700,-1,1,-1,2,7
11,1,1,700,1,-1,-1,-1,-1
6,1,2,700,1,-1,-1,-1,-1
64,3,2,700,-1,1,-1,2,7
21,1,2,700,2,1,-1,2,7
5,1,2,700,2,-1,-1,-1,-1
35,2,2,700,-1,1,-1,2,7
53,2,2,700,-1,-1,-1,-1,-1
12,1,2,700,1,-1,-1,-1,-1
28,1,1,700,-1,-1,-1,-1,-1
25,2,2,700,-1,1,-1,2,7
21,1,1,700,2,-1,-1,-1,-1
7,1,1,700,1,-1,-1,-1,-1
36,2,2,700,-1,-1,-1,-1,-1
22,2,2,700,2,-1,-1,-1,-1
28,1,2,700,-1,-1,-1,-1,-1
51,2,1,700,-1,-1,-1,-1,-1
20,2,2,700,2,-1,-1,-1,-1
32,2,1,700,-1,-1,-1,-1,-1
8,1,2,700,1,-1,-1,-1,-1
47,2,1,700,-1,-1,-1,-1,-1
44,2,2,700,-1,1,-1,2,7
34,2,1,700,-1,-1,-1,-1,-1
24,1,1,700,1,-1,-1,-1,-1
58,2,2,700,-1,-1,-1,-1,-1
10,1,2,700,1,-1,-1,-1,-1
52,2,1,700,-1,1,-1,2,3
9,1,1,700,1,-1,-1,-1,-1
24,2,2,700,2,2,-1,2,7
40,2,1,700,-1,-1,-1,-1,-1
16,1,1,700,1,2,-1,2,8
17,1,1,700,2,-1,-1,-1,-1
47,2,1,700,-1,-1,-1,-1,-1
28,2,2,700,-1,1,-1,2,7
46,2,2,700,-1,-1,-1,-1,-1
47,2,1,700,-1,-1,-1,-1,-1
23,1,2,700,2,-1,-1,-1,-1
38,2,2,700,-1,2,-1,2,7
6,1,1,700,1,-1,-1,-1,-1
8,1,1,700,1,-1,-1,-1,-1
21,1,1,700,2,-1,-1,-1,-1
22,2,1,700,2,-1,-1,-1,-1
13,1,1,700,1,-1,-1,-1,-1
33,2,2,700,-1,1,-1,2,7
32,1,2,700,-1,-1,-1,-1,-1
5,1,1,700,2,-1,-1,-1,-1
28,2,1,700,-1,-1,-1,-1,-1
10,1,2,700,1,-1,-1,-1,-1
36,2,1,700,-1,-1,-1,-1,-1
24,1,1,700,2,-1,-1,-1,-1
22,1,1,700,2,2,1,1,-1
12,1,1,700,1,-1,-1,-1,-1
11,1,2,700,1,-1,-1,-1,-1
5,1,2,700,1,-1,-1,-1,-1
32,2,2,700,-1,-1,-1,-1,-1
30,1,2,700,-1,-1,-1,-1,-1
71,2,1,700,-1,-1,-1,-1,-1
23,2,2,700,2,-1,-1,-1,-1
31,2,2,700,-1,2,-1,2,3
74,2,2,700,-1,1,-1,2,6
28,2,1,700,-1,-1,-1,-1,-1
24,2,1,700,2,-1,-1,-1,-1
11,1,2,700,1,-1,-1,-1,-1
14,1,1,700,1,-1,-1,-1,-1
37,2,2,700,-1,-1,-1,-1,-1
10,1,2,700,1,-1,-1,-1,-1
6,1,1,700,1,-1,-1,-1,-1
39,2,1,700,-1,1,-1,2,7
21,2,2,700,2,-1,-1,-1,-1
17,1,2,700,1,-1,-1,-1,-1
25,1,2,700,-1,2,-1,2,7
48,2,2,700,-1,-1,-1,-1,-1
28,2,2,700,-1,1,-1,2,7
25,2,1,700,-1,-1,-1,-1,-1
13,1,2,700,1,-1,-1,-1,-1
24,2,1,700,2,-1,-1,-1,-1
33,2,1,700,-1,-1,-1,-1,-1
9,1,2,700,1,-1,-1,-1,-1
12,1,1,700,1,-1,-1,-1,-1
11,1,1,700,1,-1,-1,-1,-1
8,1,1,700,1,-1,-1,-1,-1
55,2,1,700,-1,-1,-1,-1,-1
18,1,2,700,1,2,-1,2,8
57,2,2,700,-1,-1,-1,-1,-1
29,2,1,700,-1,-1,-1,-1,-1
49,2,2,700,-1,1,-1,2,7
13,1,1,700,1,-1,-1,-1,-1
10,1,1,700,1,-1,-1,-1,-1
13,1,1,700,1,-1,-1,-1,-1
55,2,2,700,-1,1,-1,2,7
57,2,2,700,-1,1,-1,2,7
15,1,2,700,1,2,-1,2,8
52,2,1,700,-1,-1,-1,-1,-1
64,2,1,700,-1,-1,-1,-1,-1
61,2,2,700,-1,-1,-1,-1,-1
50,2,1,700,-1,-1,-1,-1,-1
15,1,2,700,1,2,-1,2,8
16,1,1,700,2,-1,-1,-1,-1
76,3,2,700,-1,-1,-1,-1,-1
7,1,2,700,1,-1,-1,-1,-1
6,1,1,700,1,-1,-1,-1,-1
48,2,1,700,-1,-1,-1,-1,-1
26,2,1,700,-1,-1,-1,-1,-1
73,3,2,700,-1,1,-1,2,9
8,1,1,700,2,-1,-1,-1,-1
47,2,1,700,-1,1,-1,2,3
39,2,2,700,-1,-1,-1,-1,-1
16,1,2,700,1,-1,-1,-1,-1
34,1,1,700,-1,-1,-1,-1,-1
7,1,1,700,1,-1,-1,-1,-1
5,1,2,700,2,-1,-1,-1,-1
20,1,2,700,2,1,-1,2,7
17,1,2,700,1,1,-1,2,8
50,2,2,700,-1,-1,-1,-1,-1
8,1,2,700,1,-1,-1,-1,-1
7,1,2,700,1,-1,-1,-1,-1
13,1,2,700,1,-1,-1,-1,-1
48,4,1,700,-1,-1,-1,-1,-1
37,1,1,700,-1,-1,-1,-1,-1
36,1,2,700,-1,-1,-1,-1,-1
25,2,2,700,-1,1,-1,2,7
28,4,1,700,-1,-1,-1,-1,-1
40,2,2,700,-1,-1,-1,-1,-1
24,2,2,700,2,-1,-1,-1,-1
18,1,1,700,1,2,-1,2,8
30,2,1,700,-1,-1,-1,-1,-1
15,1,1,700,1,2,-1,2,8
15,1,1,700,1,2,-1,2,8
35,2,1,700,-1,-1,-1,-1,-1
21,1,1,700,1,2,-1,2,9
40,2,1,700,-1,-1,-1,-1,-1
16,1,1,700,1,2,-1,2,8
33,2,2,700,-1,-1,-1,-1,-1
41,2,1,700,-1,-1,-1,-1,-1
13,1,2,700,1,-1,-1,-1,-1
14,1,2,700,1,-1,-1,-1,-1
48,3,2,700,-1,-1,-1,-1,-1
55,2,1,700,-1,-1,-1,-1,-1
20,1,1,700,2,1,-1,2,8
35,2,1,700,-1,-1,-1,-1,-1
54,3,2,700,-1,1,-1,2,7
50,4,1,700,-1,-1,-1,-1,-1
47,2,1,700,-1,-1,-1,-1,-1
37,1,1,700,-1,-1,-1,-1,-1
12,1,2,700,1,-1,-1,-1,-1
26,2,1,700,-1,-1,-1,-1,-1
14,1,2,700,1,-1,-1,-1,-1
25,1,2,700,-1,-1,-1,-1,-1
6,1,1,700,1,-1,-1,-1,-1
10,1,2,700,1,-1,-1,-1,-1
9,1,1,700,1,-1,-1,-1,-1
15,1,2,700,2,2,-1,2,7
60,2,1,700,-1,-1,-1,-1,-1
32,2,1,700,-1,-1,-1,-1,-1
11,1,1,700,1,-1,-1,-1,-1
14,1,1,700,1,-1,-1,-1,-1
27,2,2,700,-1,2,-1,2,7
21,1,2,700,2,1,-1,2,7
9,1,1,700,1,-1,-1,-1,-1
48,1,1,700,-1,2,-1,2,3
27,2,2,700,-1,1,-1,2,7
30,2,1,700,-1,-1,-1,-1,-1
22,2,2,700,1,-1,-1,-1,-1
41,2,2,700,-1,1,-1,2,7
7,1,2,700,1,-1,-1,-1,-1
44,2,1,700,-1,-1,-1,-1,-1
21,1,2,700,2,-1,-1,-1,-1
40,2,2,700,-1,-1,-1,-1,-1
8,1,2,700,2,-1,-1,-1,-1
18,1,1,700,1,2,-1,2,8
29,2,1,700,-1,-1,-1,-1,-1
53,2,1,700,-1,-1,-1,-1,-1
20,1,1,700,2,-1,-1,-1,-1
16,1,1,700,2,2,-1,2,1
45,2,2,700,-1,-1,-1,-1,-1
18,1,1,700,2,2,-1,2,6
6,1,2,700,1,-1,-1,-1,-1
30,1,1,700,-1,-1,-1,-1,-1
49,2,2,700,-1,2,-1,2,7
52,2,2,700,-1,-1,-1,-1,-1
23,2,1,700,2,-1,-1,-1,-1
27,2,2,700,-1,1,-1,2,7
62,2,1,700,-1,-1,-1,-1,-1
24,1,2,700,2,-1,-1,-1,-1
72,4,2,700,-1,-1,-1,-1,-1
42,2,2,700,-1,1,-1,2,7
44,2,2,700,-1,-1,-1,-1,-1
13,1,1,700,1,-1,-1,-1,-1
19,1,1,700,2,1,-1,2,7
9,1,2,700,1,-1,-1,-1,-1
6,1,1,700,1,-1,-1,-1,-1
47,2,1,700,-1,-1,-1,-1,-1
63,2,1,700,-1,-1,-1,-1,-1
59,2,1,700,-1,1,-1,2,7
56,3,2,700,-1,1,-1,2,7
6,1,1,700,1,-1,-1,-1,-1
43,1,2,700,-1,-1,-1,-1,-1
40,2,2,700,-1,1,-1,2,7
57,2,2,700,-1,-1,-1,-1,-1
46,2,1,700,-1,-1,-1,-1,-1
16,1,1,700,1,1,-1,2,8
52,2,2,700,-1,1,-1,2,1
25,2,1,700,-1,-1,-1,-1,-1
17,1,1,700,2,-1,-1,-1,-1
15,1,1,700,1,2,-1,2,8
10,1,1,700,1,-1,-1,-1,-1
61,2,1,700,-1,-1,-1,-1,-1
36,1,1,700,-1,-1,-1,-1,-1
19,1,1,700,1,2,-1,2,8
10,1,2,700,1,-1,-1,-1,-1
17,1,2,700,2,1,-1,2,1
51,2,2,700,-1,-1,-1,-1,-1
6,1,2,700,1,-1,-1,-1,-1
36,1,1,700,-1,2,2,1,-1
29,2,1,700,-1,-1,-1,-1,-1
38,2,1,700,-1,1,-1,2,5
16,1,2,700,1,-1,-1,-1,-1
44,2,2,700,-1,-1,-1,-1,-1
14,1,1,700,1,-1,-1,-1,-1
69,2,2,700,-1,2,-1,2,7
30,1,2,700,-1,1,-1,2,7
33,2,1,700,-1,-1,-1,-1,-1
17,1,2,700,1,-1,-1,-1,-1
12,1,2,700,1,-1,-1,-1,-1
42,2,2,700,-1,1,-1,2,7
30,2,1,700,-1,-1,-1,-1,-1
34,2,1,700,-1,-1,-1,-1,-1
48,2,1,700,-1,-1,-1,-1,-1
22,1,1,700,2,-1,-1,-1,-1
27,2,2,700,-1,1,-1,2,7
8,1,2,700,1,-1,-1,-1,-1
27,2,1,700,-1,-1,-1,-1,-1
12,1,1,700,1,-1,-1,-1,-1
69,2,2,700,-1,-1,-1,-1,-1
52,2,2,700,-1,-1,-1,-1,-1
21,1,2,700,1,2,-1,2,8
21,1,1,700,2,-1,-1,-1,-1
24,2,2,700,2,1,-1,2,7
33,2,2,700,-1,2,-1,2,7
9,1,1,700,1,-1,-1,-1,-1
12,1,1,700,1,-1,-1,-1,-1
11,1,2,700,1,-1,-1,-1,-1
6,1,1,700,1,-1,-1,-1,-1
68,2,1,700,-1,1,-1,2,6
12,1,2,700,1,-1,-1,-1,-1
19,1,1,700,2,1,-1,2,7
8,1,2,700,2,-1,-1,-1,-1
36,2,2,700,-1,-1,-1,-1,-1
5,1,1,700,1,-1,-1,-1,-1
25,2,2,700,-1,1,-1,2,7
78,2,2,700,-1,-1,-1,-1,-1
5,1,1,700,1,-1,-1,-1,-1
14,1,2,700,2,-1,-1,-1,-1
24,1,1,700,2,1,-1,2,1
93,3,1,700,-1,-1,-1,-1,-1
62,3,2,700,-1,1,-1,2,7
8,1,2,700,1,-1,-1,-1,-1
13,1,2,700,1,-1,-1,-1,-1
19,1,2,700,1,1,-1,2,8
57,2,1,700,-1,1,-1,2,3
8,1,1,700,1,-1,-1,-1,-1
7,1,2,700,1,-1,-1,-1,-1
17,1,1,700,1,2,-1,2,8
29,2,1,700,-1,-1,-1,-1,-1
11,1,1,700,1,-1,-1,-1,-1
40,2,1,700,-1,-1,-1,-1,-1
12,1,1,700,1,-1,-1,-1,-1
14,1,1,700,2,-1,-1,-1,-1
11,1,2,700,1,-1,-1,-1,-1
17,1,2,700,1,2,-1,2,8
36,2,2,700,-1,2,-1,2,7
27,1,1,700,-1,1,-1,2,2
9,1,2,700,1,-1,-1,-1,-1
8,1,2,700,1,-1,-1,-1,-1
62,4,1,700,-1,-1,-1,-1,-1
55,2,2,700,-1,-1,-1,-1,-1
63,2,1,700,-1,-1,-1,-1,-1
33,2,1,700,-1,-1,-1,-1,-1
41,2,2,700,-1,1,-1,2,7
20,1,2,700,1,2,-1,2,8
27,1,1,700,-1,-1,-1,-1,-1
40,2,1,700,-1,-1,-1,-1,-1
6,1,1,700,1,-1,-1,-1,-1
24,1,1,700,2,-1,-1,-1,-1
27,1,2,700,-1,-1,-1,-1,-1
15,1,1,700,1,2,-1,2,8
25,1,2,700,-1,1,-1,2,8
38,4,2,700,-1,-1,-1,-1,-1
20,1,1,700,2,-1,-1,-1,-1
76,2,1,700,-1,-1,-1,-1,-1
17,1,2,700,1,2,-1,2,8
59,2,2,700,-1,1,-1,2,7
34,2,1,700,-1,-1,-1,-1,-1
33,2,2,700,-1,1,-1,2,7
44,2,1,700,-1,-1,-1,-1,-1
49,2,1,700,-1,-1,-1,-1,-1
5,1,2,700,1,-1,-1,-1,-1
16,1,2,700,1,2,-1,2,8
18,1,2,700,2,-1,-1,-1,-1
42,2,1,700,-1,-1,-1,-1,-1
5,1,1,700,1,-1,-1,-1,-1
20,1,1,700,2,-1,-1,-1,-1
11,1,2,700,1,-1,-1,-1,-1
37,2,2,700,-1,1,-1,2,7
27,2,1,700,-1,1,-1,2,7
26,2,2,700,-1,-1,-1,-1,-1
35,2,1,700,-1,-1,-1,-1,-1
21,1,2,700,2,-1,-1,-1,-1
6,1,2,700,1,-1,-1,-1,-1
44,2,2,700,-1,1,-1,2,7
57,3,2,700,-1,1,-1,2,7
65,2,1,700,-1,-1,-1,-1,-1
59,2,1,700,-1,-1,-1,-1,-1
7,1,2,700,1,-1,-1,-1,-1
37,2,2,700,-1,-1,-1,-1,-1
49,3,1,700,-1,-1,-1,-1,-1
29,2,2,700,-1,-1,-1,-1,-1
14,1,1,700,1,-1,-1,-1,-1
6,1,1,700,1,-1,-1,-1,-1
34,2,1,700,-1,-1,-1,-1,-1
67,3,2,700,-1,1,-1,2,7
16,1,2,700,1,2,-1,2,8
29,2,2,700,-1,1,-1,2,7
53,2,1,700,-1,-1,-1,-1,-1
44,2,1,700,-1,-1,-1,-1,-1
55,2,1,700,-1,-1,-1,-1,-1
35,2,1,700,-1,-1,-1,-1,-1
33,2,1,700,-1,-1,-1,-1,-1
32,1,1,700,-1,-1,-1,-1,-1
18,1,1,700,2,-1,-1,-1,-1
6,1,2,700,1,-1,-1,-1,-1
62,2,1,700,-1,-1,-1,-1,-1
47,3,2,700,-1,-1,-1,-1,-1
62,2,1,700,-1,-1,-1,-1,-1
29,2,1,700,-1,-1,-1,-1,-1
12,1,1,700,1,-1,-1,-1,-1
48,2,1,700,-1,-1,-1,-1,-1
44,2,1,700,-1,-1,-1,-1,-1
28,2,1,700,-1,-1,-1,-1,-1
16,1,2,700,1,1,-1,2,8
32,2,2,700,-1,-1,-1,-1,-1
25,1,1,700,-1,-1,-1,-1,-1
8,1,1,700,1,-1,-1,-1,-1
56,2,2,700,-1,1,-1,2,7
32,1,1,700,-1,-1,-1,-1,-1
18,1,1,700,2,-1,-1,-1,-1
11,1,2,700,1,-1,-1,-1,-1
16,1,1,700,2,-1,-1,-1,-1
32,2,1,700,-1,-1,-1,-1,-1
82,3,2,700,-1,1,-1,2,6
15,1,1,700,1,2,-1,2,8
16,1,2,700,1,-1,-1,-1,-1
82,2,1,700,-1,-1,-1,-1,-1
14,1,2,700,1,-1,-1,-1,-1
25,1,1,700,-1,-1,-1,-1,-1
30,1,2,700,-1,-1,-1,-1,-1
64,3,2,700,-1,-1,-1,-1,-1
42,2,2,700,-1,1,-1,2,7
57,2,2,700,-1,1,-1,2,7
54,2,2,700,-1,-1,-1,-1,-1
42,2,1,700,-1,-1,-1,-1,-1
26,2,2,700,-1,1,-1,2,7
8,1,2,700,1,-1,-1,-1,-1
5,1,1,700,1,-1,-1,-1,-1
41,1,2,700,-1,1,-1,2,7
5,1,2,700,1,-1,-1,-1,-1
31,2,1,700,-1,-1,-1,-1,-1
17,1,2,700,1,2,-1,2,8
49,2,1,700,-1,-1,-1,-1,-1
70,3,2,700,-1,-1,-1,-1,-1
15,1,1,700,1,2,-1,2,8
30,2,2,700,-1,1,-1,2,7
54,2,1,700,-1,-1,-1,-1,-1
8,1,2,700,1,-1,-1,-1,-1
25,2,2,700,-1,-1,-1,-1,-1
5,1,1,700,1,-1,-1,-1,-1
62,2,2,700,-1,1,-1,2,6
34,2,2,700,-1,-1,-1,-1,-1
16,1,1,700,1,-1,-1,-1,-1
42,2,1,700,-1,-1,-1,-1,-1
24,2,2,700,2,-1,-1,-1,-1
47,2,1,700,-1,-1,-1,-1,-1
14,1,2,700,1,-1,-1,-1,-1
13,1,1,700,1,-1,-1,-1,-1
15,1,2,700,1,2,-1,2,8
6,1,2,700,1,-1,-1,-1,-1
22,1,1,700,2,-1,-1,-1,-1
18,1,1,700,1,2,-1,2,8
50,2,2,700,-1,-1,-1,-1,-1
48,2,2,700,-1,-1,-1,-1,-1
7,1,2,700,1,-1,-1,-1,-1
17,1,2,700,1,2,-1,2,8
61,2,1,700,-1,-1,-1,-1,-1
13,1,2,700,1,-1,-1,-1,-1
15,1,2,700,1,2,-1,2,8
49,2,2,700,-1,-1,-1,-1,-1
58,1,2,700,-1,-1,-1,-1,-1
41,2,1,700,-1,-1,-1,-1,-1
8,1,2,700,1,-1,-1,-1,-1
54,1,2,700,-1,1,-1,2,7
25,2,2,700,-1,-1,-1,-1,-1
20,1,2,700,1,2,-1,2,2
33,2,1,700,-1,-1,-1,-1,-1
65,2,2,700,-1,1,-1,2,7
28,2,2,700,-1,1,-1,2,7
19,1,2,700,1,2,-1,2,8
24,2,2,700,2,2,-1,2,7
17,1,1,700,1,2,-1,2,8
57,2,1,700,-1,-1,-1,-1,-1
9,1,1,700,1,-1,-1,-1,-1
6,1,2,700,1,-1,-1,-1,-1
9,1,2,700,1,-1,-1,-1,-1
35,2,2,700,-1,-1,-1,-1,-1
72,2,1,700,-1,1,-1,2,6
28,2,2,700,-1,-1,-1,-1,-1
11,1,2,700,1,-1,-1,-1,-1
6,1,1,700,1,-1,-1,-1,-1
49,1,2,700,-1,1,-1,2,7
35,2,2,700,-1,1,-1,2,7
8,1,1,700,1,-1,-1,-1,-1
36,2,1,700,-1,-1,-1,-1,-1
50,2,2,700,-1,-1,-1,-1,-1
37,2,1,700,-1,-1,-1,-1,-1
30,2,1,700,-1,-1,-1,-1,-1
12,1,1,700,1,-1,-1,-1,-1
5,1,2,700,1,-1,-1,-1,-1
53,2,1,700,-1,-1,-1,-1,-1
9,1,1,700,2,-1,-1,-1,-1
17,1,2,700,2,2,-1,2,8
77,3,2,700,-1,1,-1,2,6
39,1,2,700,-1,-1,-1,-1,-1
34,2,1,700,-1,-1,-1,-1,-1
11,1,1,700,1,-1,-1,-1,-1
14,1,2,700,1,-1,-1,-1,-1
35,1,1,700,-1,-1,-1,-1,-1
23,4,2,700,2,-1,-1,-1,-1
16,1,1,700,1,1,-1,2,7
25,2,1,700,-1,-1,-1,-1,-1
26,2,2,700,-1,-1,-1,-1,-1
67,3,2,700,-1,-1,-1,-1,-1
5,1,2,700,1,-1,-1,-1,-1
26,2,1,700,-1,-1,-1,-1,-1
18,1,2,700,1,2,-1,2,8
16,1,2,700,1,-1,-1,-1,-1
10,1,2,700,1,-1,-1,-1,-1
5,1,2,700,2,-1,-1,-1,-1
12,1,1,700,1,-1,-1,-1,-1
11,1,1,700,1,-1,-1,-1,-1
73,2,2,700,-1,1,-1,2,6
7,1,2,700,1,-1,-1,-1,-1
41,1,1,700,-1,2,-1,2,6
52,2,1,700,-1,-1,-1,-1,-1
20,1,2,700,2,2,-1,2,7
16,1,1,700,1,2,-1,2,8
40,2,2,700,-1,1,-1,2,7
22,1,1,700,2,-1,-1,-1,-1
87,2,1,700,-1,1,-1,2,6
34,2,2,700,-1,-1,-1,-1,-1
42,2,1,700,-1,-1,-1,-1,-1
10,1,2,700,1,-1,-1,-1,-1
14,1,2,700,1,-1,-1,-1,-1
5,1,2,700,1,-1,-1,-1,-1
11,1,2,700,2,-1,-1,-1,-1
17,1,1,700,1,2,-1,2,8
9,1,1,700,1,-1,-1,-1,-1
54,1,1,700,-1,1,-1,2,6
22,1,1,700,1,-1,-1,-1,-1
9,1,2,700,1,-1,-1,-1,-1
39,2,1,700,-1,-1,-1,-1,-1
16,1,1,700,1,1,-1,2,7
42,2,2,700,-1,-1,-1,-1,-1
7,1,1,700,1,-1,-1,-1,-1
42,1,1,700,-1,-1,-1,-1,-1
37,2,2,700,-1,1,-1,2,7
5,1,2,700,1,-1,-1,-1,-1
15,1,2,700,1,2,-1,2,7
49,2,2,700,-1,-1,-1,-1,-1
50,3,2,700,-1,1,-1,2,7
17,1,2,700,1,1,-1,2,8
18,1,1,700,1,1,-1,2,8
23,1,1,700,2,1,-1,2,2
41,2,2,700,-1,-1,-1,-1,-1
42,1,2,700,-1,-1,-1,-1,-1
13,1,1,700,2,-1,-1,-1,-1
29,2,2,700,-1,1,-1,2,7
17,1,1,700,1,2,-1,2,8
10,1,2,700,1,-1,-1,-1,-1
37,2,1,700,-1,-1,-1,-1,-1
53,2,2,700,-1,1,-1,2,7
10,1,1,700,1,-1,-1,-1,-1
11,1,1,700,1,-1,-1,-1,-1
44,4,1,700,-1,-1,-1,-1,-1
22,2,2,700,2,2,-1,2,7
20,1,1,700,2,-1,-1,-1,-1
19,1,2,700,2,1,-1,2,7
15,1,2,700,1,2,-1,2,8
27,2,2,700,-1,1,-1,2,7
17,1,2,700,2,-1,-1,-1,-1
11,1,1,700,1,-1,-1,-1,-1
15,1,2,700,1,2,-1,2,8
19,1,2,700,1,2,-1,2,8
36,2,2,700,-1,1,-1,2,7
46,2,1,700,-1,-1,-1,-1,-1
12,1,1,700,1,-1,-1,-1,-1
24,2,1,700,2,-1,-1,-1,-1
55,2,1,700,-1,-1,-1,-1,-1
28,2,1,700,-1,-1,-1,-1,-1
12,1,1,700,1,-1,-1,-1,-1
25,2,1,700,-1,-1,-1,-1,-1
12,1,1,700,1,-1,-1,-1,-1
38,2,2,700,-1,-1,-1,-1,-1
15,1,1,700,1,2,-1,2,8
16,1,2,700,2,2,-1,2,8
51,2,2,700,-1,1,-1,2,7
8,1,1,700,1,-1,-1,-1,-1
39,2,2,700,-1,-1,-1,-1,-1
44,2,2,700,-1,-1,-1,-1,-1
76,3,2,700,-1,1,-1,2,6
29,2,1,700,-1,-1,-1,-1,-1
11,1,1,700,2,-1,-1,-1,-1
6,1,2,700,1,-1,-1,-1,-1
24,1,2,700,2,-1,-1,-1,-1
12,1,1,700,1,-1,-1,-1,-1
5,1,2,700,1,-1,-1,-1,-1
18,1,1,700,1,-1,-1,-1,-1
32,1,1,700,-1,-1,-1,-1,-1
48,2,1,700,-1,-1,-1,-1,-1
16,1,1,700,2,2,-1,2,6
19,1,2,700,1,2,-1,2,8
22,1,2,700,2,1,2,1,-1
20,2,2,700,2,1,-1,2,7
31,2,1,700,-1,1,2,1,-1
45,2,2,700,-1,1,-1,2,7
75,2,2,700,-1,-1,-1,-1,-1
27,2,1,700,-1,-1,-1,-1,-1
5,1,1,700,2,-1,-1,-1,-1
41,2,1,700,-1,-1,-1,-1,-1
28,1,2,700,-1,1,2,1,-1
33,2,2,700,-1,-1,-1,-1,-1
17,2,2,700,1,2,-1,2,8
11,1,2,700,1,-1,-1,-1,-1
32,2,2,700,-1,-1,-1,-1,-1
49,2,2,700,-1,-1,-1,-1,-1
9,1,1,700,1,-1,-1,-1,-1
39,2,2,700,-1,-1,-1,-1,-1
40,2,2,700,-1,-1,-1,-1,-1
5,1,2,700,1,-1,-1,-1,-1
9,1,1,700,1,-1,-1,-1,-1
31,2,2,700,-1,1,-1,2,7
21,1,1,700,2,2,1,1,-1
18,1,2,700,1,2,-1,2,8
36,2,1,700,-1,-1,-1,-1,-1
20,1,1,700,2,1,-1,2,7
50,4,2,700,-1,-1,-1,-1,-1
6,1,2,700,1,-1,-1,-1,-1
51,1,1,700,-1,-1,-1,-1,-1
44,2,1,700,-1,-1,-1,-1,-1
12,1,1,700,1,-1,-1,-1,-1
16,1,2,700,1,2,-1,2,8
17,1,1,700,1,2,-1,2,8
42,2,2,700,-1,1,-1,2,7
28,2,2,700,-1,-1,-1,-1,-1
33,2,2,700,-1,-1,-1,-1,-1
39,2,2,700,-1,-1,-1,-1,-1
22,1,2,700,1,2,-1,2,8
9,1,1,700,1,-1,-1,-1,-1
18,1,1,700,1,1,-1,2,8
22,2,2,700,2,1,-1,2,7
30,2,2,700,-1,-1,-1,-1,-1
85,3,1,700,-1,1,-1,2,6
17,1,1,700,1,2,-1,2,8
34,2,1,700,-1,-1,-1,-1,-1
17,1,1,700,1,2,-1,2,8
35,2,2,700,-1,2,-1,2,8
28,2,2,700,-1,2,-1,2,7
51,2,2,700,-1,-1,-1,-1,-1
29,2,1,700,-1,-1,-1,-1,-1
24,1,2,700,2,-1,-1,-1,-1
79,3,2,700,-1,1,-1,2,6
58,2,1,700,-1,-1,-1,-1,-1
7,1,2,700,1,-1,-1,-1,-1
14,1,1,700,1,-1,-1,-1,-1
58,2,1,700,-1,-1,-1,-1,-1
38,2,2,700,-1,2,-1,2,7
27,2,2,700,-1,2,-1,2,7
11,1,1,700,2,-1,-1,-1,-1
47,2,2,700,-1,1,-1,2,7
18,1,2,700,1,2,-1,2,8
39,2,1,700,-1,-1,-1,-1,-1
9,1,2,700,1,-1,-1,-1,-1
42,2,2,700,-1,-1,-1,-1,-1
27,2,1,700,-1,-1,-1,-1,-1
46,2,2,700,-1,1,-1,2,7
37,4,2,700,-1,-1,-1,-1,-1
7,1,1,700,1,-1,-1,-1,-1
65,3,2,700,-1,1,-1,2,7
16,1,1,700,1,2,-1,2,8
37,2,1,700,-1,-1,-1,-1,-1
15,1,2,700,1,2,-1,2,8
24,2,2,700,2,-1,-1,-1,-1
9,1,2,700,1,-1,-1,-1,-1
26,2,2,700,-1,1,-1,2,7
85,1,1,700,-1,1,-1,2,6
79,2,1,700,-1,1,-1,2,6
22,1,1,700,2,2,-1,2,8
11,1,2,700,2,-1,-1,-1,-1
12,1,2,700,1,-1,-1,-1,-1
59,2,2,700,-1,-1,-1,-1,-1
21,1,1,700,1,2,-1,2,3
11,1,1,700,1,-1,-1,-1,-1
71,2,2,700,-1,1,-1,2,6
45,1,2,700,-1,-1,-1,-1,-1
21,1,2,700,2,-1,-1,-1,-1
14,1,2,700,1,-1,-1,-1,-1
47,2,2,700,-1,-1,-1,-1,-1
80,2,2,700,-1,1,-1,2,6
59,2,1,700,-1,-1,-1,-1,-1
16,1,2,700,1,-1,-1,-1,-1
49,2,2,700,-1,1,-1,2,7
18,1,1,700,2,1,2,1,-1
38,2,2,700,-1,-1,-1,-1,-1
23,1,2,700,2,1,-1,2,7
27,2,2,700,-1,1,-1,2,7
62,4,1,700,-1,-1,-1,-1,-1
46,1,1,700,-1,-1,-1,-1,-1
5,1,2,700,1,-1,-1,-1,-1
6,1,2,700,1,-1,-1,-1,-1
42,2,1,700,-1,-1,-1,-1,-1
48,2,2,700,-1,1,-1,2,7
72,3,2,700,-1,-1,-1,-1,-1
35,1,2,700,-1,-1,-1,-1,-1
46,2,2,700,-1,-1,-1,-1,-1
46,2,1,700,-1,-1,-1,-1,-1
52,2,2,700,-1,-1,-1,-1,-1
47,2,1,700,-1,-1,-1,-1,-1
32,4,1,700,-1,-1,-1,-1,-1
19,1,1,700,1,2,-1,2,8
13,1,1,700,1,-1,-1,-1,-1
60,2,1,700,-1,1,-1,2,6
51,2,1,700,-1,-1,-1,-1,-1
72,2,1,700,-1,-1,-1,-1,-1
66,2,2,700,-1,1,-1,2,6
19,1,2,700,2,1,2,1,-1
30,2,2,700,-1,1,-1,2,9
34,2,2,700,-1,1,-1,2,7
40,1,1,700,-1,-1,-1,-1,-1
16,1,1,700,1,-1,-1,-1,-1
52,2,1,700,-1,-1,-1,-1,-1
7,1,1,700,1,-1,-1,-1,-1
58,2,2,700,-1,1,-1,2,7
17,1,1,700,1,2,-1,2,8
43,2,1,700,-1,-1,-1,-1,-1
14,1,2,700,1,-1,-1,-1,-1
20,1,1,700,1,2,-1,2,8
13,1,1,700,2,-1,-1,-1,-1
45,2,1,700,-1,-1,-1,-1,-1
72,3,2,700,-1,1,-1,2,6
80,3,1,700,-1,1,-1,2,6
8,1,1,700,1,-1,-1,-1,-1
48,2,1,700,-1,-1,-1,-1,-1
14,1,2,700,1,-1,-1,-1,-1
12,1,1,700,1,-1,-1,-1,-1
17,1,2,700,1,2,-1,2,8
6,1,1,700,1,-1,-1,-1,-1
41,2,1,700,-1,1,-1,2,7
54,2,1,700,-1,-1,-1,-1,-1
42,2,1,700,-1,-1,-1,-1,-1
10,1,1,700,1,-1,-1,-1,-1
54,2,2,700,-1,1,-1,2,7
40,2,2,700,-1,-1,-1,-1,-1
32,2,1,700,-1,-1,-1,-1,-1
13,1,1,700,1,-1,-1,-1,-1
26,1,2,700,-1,-1,-1,-1,-1
5,1,1,700,1,-1,-1,-1,-1
20,1,1,700,1,2,-1,2,7
33,2,2,700,-1,-1,-1,-1,-1
33,2,1,700,-1,-1,-1,-1,-1
10,1,2,700,1,-1,-1,-1,-1
16,1,2,700,1,2,-1,2,8
17,1,1,700,1,2,-1,2,8
38,1,1,700,-1,-1,-1,-1,-1
20,1,2,700,2,-1,-1,-1,-1
7,1,1,700,1,-1,-1,-1,-1
36,2,2,700,-1,-1,-1,-1,-1
21,2,2,700,2,1,-1,2,7
63,2,2,700,-1,1,-1,2,7
23,1,2,700,2,-1,-1,-1,-1
23,2,2,700,2,-1,-1,-1,-1
5,1,2,700,1,-1,-1,-1,-1
35,3,1,700,-1,-1,-1,-1,-1
48,2,1,700,-1,-1,-1,-1,-1
21,1,2,700,2,-1,-1,-1,-1
61,2,1,700,-1,-1,-1,-1,-1
13,1,1,700,1,-1,-1,-1,-1
29,1,1,700,-1,-1,-1,-1,-1
59,2,1,700,-1,-1,-1,-1,-1
34,2,2,700,-1,1,-1,2,7
6,1,2,700,2,-1,-1,-1,-1
47,2,2,700,-1,1,-1,2,7
22,1,2,700,2,2,-1,2,6
28,2,1,700,-1,-1,-1,-1,-1
19,1,1,700,1,2,-1,2,8
10,1,2,700,1,-1,-1,-1,-1
37,1,1,700,-1,-1,-1,-1,-1
18,1,1,700,1,2,-1,2,8
73,3,2,700,-1,1,-1,2,6
22,1,1,700,1,-1,-1,-1,-1
26,2,1,700,-1,1,-1,2,5
19,1,1,700,2,2,1,1,-1
30,1,1,700,-1,-1,-1,-1,-1
12,1,1,700,1,-1,-1,-1,-1
59,2,1,700,-1,-1,-1,-1,-1
62,2,1,700,-1,-1,-1,-1,-1
9,1,2,700,1,-1,-1,-1,-1
6,1,1,700,1,-1,-1,-1,-1
9,1,2,700,1,-1,-1,-1,-1
15,1,2,700,1,-1,-1,-1,-1
78,2,1,700,-1,-1,-1,-1,-1
30,2,2,700,-1,-1,-1,-1,-1
48,2,1,700,-1,-1,-1,-1,-1
18,1,2,700,2,2,-1,2,7
18,1,2,700,2,1,2,1,-1
35,2,2,700,-1,2,-1,2,7
13,1,2,700,1,-1,-1,-1,-1
18,1,2,700,2,1,-1,2,7
61,2,2,700,-1,-1,-1,-1,-1
27,2,1,700,-1,-1,-1,-1,-1
21,1,1,700,2,-1,-1,-1,-1
20,1,1,700,2,-1,-1,-1,-1
55,1,2,700,-1,-1,-1,-1,-1
69,2,1,700,-1,-1,-1,-1,-1
48,2,1,700,-1,-1,-1,-1,-1
43,2,1,700,-1,-1,-1,-1,-1
32,1,1,700,-1,1,-1,2,3
29,2,2,700,-1,-1,-1,-1,-1
26,1,1,700,-1,-1,-1,-1,-1
13,1,1,700,1,-1,-1,-1,-1
36,2,2,700,-1,-1,-1,-1,-1
44,2,2,700,-1,1,-1,2,7
32,2,1,700,-1,-1,-1,-1,-1
45,2,1,700,-1,-1,-1,-1,-1
15,1,2,700,1,2,-1,2,8
32,2,2,700,-1,-1,-1,-1,-1
11,1,2,700,1,-1,-1,-1,-1
14,1,2,700,1,-1,-1,-1,-1
5,1,2,700,2,-1,-1,-1,-1
53,2,1,700,-1,-1,-1,-1,-1
12,1,2,700,1,-1,-1,-1,-1
22,1,1,700,2,-1,-1,-1,-1
14,1,2,700,1,-1,-1,-1,-1
12,1,2,700,1,-1,-1,-1,-1
9,1,2,700,1,-1,-1,-1,-1
17,1,2,700,1,2,-1,2,8
34,2,1,700,-1,-1,-1,-1,-1
34,2,1,700,-1,-1,-1,-1,-1
12,1,1,700,1,-1,-1,-1,-1
63,2,1,700,-1,1,-1,2,6
31,2,1,700,-1,-1,-1,-1,-1
22,1,2,700,2,1,-1,2,7
48,2,2,700,-1,-1,-1,-1,-1
49,2,2,700,-1,1,-1,2,7
32,1,1,700,-1,-1,-1,-1,-1
17,1,1,700,1,-1,-1,-1,-1
47,2,2,700,-1,-1,-1,-1,-1
18,1,1,700,1,-1,-1,-1,-1
47,3,1,700,-1,-1,-1,-1,-1
16,1,2,700,1,-1,-1,-1,-1
8,1,1,700,1,-1,-1,-1,-1
35,2,2,700,-1,2,-1,2,7
48,2,1,700,-1,-1,-1,-1,-1
61,2,2,700,-1,-1,-1,-1,-1
22,1,2,700,2,-1,-1,-1,-1
29,2,1,700,-1,-1,-1,-1,-1
21,4,2,700,2,2,1,1,-1
54,2,1,700,-1,1,-1,2,3
68,2,1,700,-1,-1,-1,-1,-1
15,1,1,700,1,1,-1,2,6
26,1,2,700,-1,-1,-1,-1,-1
61,2,1,700,-1,-1,-1,-1,-1
28,2,1,700,-1,-1,-1,-1,-1
35,2,1,700,-1,-1,-1,-1,-1
23,1,1,700,2,-1,-1,-1,-1
5,1,2,700,1,-1,-1,-1,-1
53,2,2,700,-1,1,-1,2,7
59,3,2,700,-1,-1,-1,-1,-1
57,2,2,700,-1,-1,-1,-1,-1
61,2,2,700,-1,-1,-1,-1,-1
89,3,2,700,-1,1,-1,2,6
32,2,2,700,-1,-1,-1,-1,-1
17,1,2,700,1,2,-1,2,8
15,1,1,700,1,2,-1,2,8
19,1,2,700,1,2,-1,2,8
43,2,2,700,-1,-1,-1,-1,-1
58,3,2,700,-1,1,-1,2,7
35,2,1,700,-1,-1,-1,-1,-1
38,2,2,700,-1,1,-1,2,7
29,2,1,700,-1,-1,-1,-1,-1
30,1,2,700,-1,1,-1,2,7
11,1,1,700,1,-1,-1,-1,-1
24,1,2,700,2,-1,-1,-1,-1
39,4,2,700,-1,1,2,1,-1
16,1,1,700,1,2,-1,2,8
30,2,2,700,-1,2,-1,2,7
75,2,1,700,-1,1,-1,2,6
15,1,1,700,1,2,-1,2,8
22,1,1,700,2,-1,-1,-1,-1
53,2,1,700,-1,-1,-1,-1,-1
9,1,1,700,1,-1,-1,-1,-1
54,2,1,700,-1,-1,-1,-1,-1
42,4,2,700,-1,-1,-1,-1,-1
23,1,1,700,1,2,-1,2,8
45,2,2,700,-1,-1,-1,-1,-1
5,1,2,700,2,-1,-1,-1,-1
6,1,2,700,1,-1,-1,-1,-1
14,1,1,700,1,-1,-1,-1,-1
62,2,1,700,-1,-1,-1,-1,-1
38,2,1,700,-1,-1,-1,-1,-1
20,1,2,700,2,-1,-1,-1,-1
17,1,2,700,2,2,-1,2,7
33,2,2,700,-1,1,-1,2,7
49,2,1,700,-1,-1,-1,-1,-1
45,2,2,700,-1,-1,-1,-1,-1
43,2,1,700,-1,-1,-1,-1,-1
50,2,2,700,-1,-1,-1,-1,-1
35,1,2,700,-1,-1,-1,-1,-1
47,2,2,700,-1,-1,-1,-1,-1
10,1,2,700,1,-1,-1,-1,-1
57,2,2,700,-1,1,-1,2,7
32,2,1,700,-1,-1,-1,-1,-1
55,2,1,700,-1,1,-1,2,1
60,2,1,700,-1,-1,-1,-1,-1
10,1,1,700,1,-1,-1,-1,-1
19,1,1,700,2,1,-1,2,1
51,1,1,700,-1,-1,-1,-1,-1
48,2,2,700,-1,-1,-1,-1,-1
16,1,1,700,1,2,-1,2,8
24,1,2,700,2,2,-1,2,7
43,2,2,700,-1,-1,-1,-1,-1
53,2,2,700,-1,2,-1,2,7
83,2,1,700,-1,1,-1,2,6
22,2,2,700,2,1,-1,2,7
47,1,1,700,-1,-1,-1,-1,-1
42,2,2,700,-1,-1,-1,-1,-1
45,2,2,700,-1,-1,-1,-1,-1
63,3,2,700,-1,1,-1,2,6
6,1,2,700,1,-1,-1,-1,-1
54,2,1,700,-1,-1,-1,-1,-1
55,2,1,700,-1,-1,-1,-1,-1
39,2,2,700,-1,-1,-1,-1,-1
25,1,1,700,-1,-1,-1,-1,-1
18,1,1,700,2,-1,-1,-1,-1
37,2,1,700,-1,1,-1,2,2
39,1,2,700,-1,1,-1,2,7
31,1,1,700,-1,-1,-1,-1,-1
11,1,1,700,1,-1,-1,-1,-1
58,4,1,700,-1,-1,-1,-1,-1
12,1,2,700,1,-1,-1,-1,-1
34,2,1,700,-1,-1,-1,-1,-1
28,1,1,700,-1,1,-1,2,5
76,3,2,700,-1,-1,-1,-1,-1
10,1,1,700,1,-1,-1,-1,-1
42,1,2,700,-1,-1,-1,-1,-1
19,1,1,700,1,2,-1,2,8
33,2,1,700,-1,-1,-1,-1,-1
15,1,1,700,1,2,-1,2,6
24,1,2,700,2,-1,-1,-1,-1
13,1,1,700,1,-1,-1,-1,-1
5,1,1,700,1,-1,-1,-1,-1
30,2,1,700,-1,-1,-1,-1,-1
30,2,2,700,-1,1,-1,2,7
15,1,2,700,1,2,-1,2,8
53,2,1,700,-1,-1,-1,-1,-1
12,1,1,700,1,-1,-1,-1,-1
47,3,1,700,-1,-1,-1,-1,-1
58,2,2,700,-1,2,-1,2,6
43,1,2,700,-1,-1,-1,-1,-1
39,2,2,700,-1,-1,-1,-1,-1
23,2,2,700,2,-1,-1,-1,-1
51,2,2,700,-1,-1,-1,-1,-1
46,2,2,700,-1,1,-1,2,7
51,1,2,700,-1,2,-1,2,3
17,1,2,700,1,2,-1,2,8
6,1,2,700,1,-1,-1,-1,-1
16,1,2,700,1,2,-1,2,8
30,2,1,700,-1,1,-1,2,7
17,1,2,700,1,2,-1,2,8
48,2,2,700,-1,-1,-1,-1,-1
9,1,1,700,1,-1,-1,-1,-1
16,1,1,700,1,2,-1,2,8
30,2,2,700,-1,1,-1,2,7
17,1,1,700,1,2,-1,2,8
8,1,1,700,1,-1,-1,-1,-1
16,1,2,700,1,2,-1,2,8
46,1,2,700,-1,-1,-1,-1,-1
35,2,1,700,-1,-1,-1,-1,-1
55,2,2,700,-1,-1,-1,-1,-1
17,1,2,700,1,2,-1,2,8
71,3,2,700,-1,-1,-1,-1,-1
5,1,2,700,1,-1,-1,-1,-1
65,2,1,700,-1,-1,-1,-1,-1
24,2,2,700,2,1,-1,2,7
12,1,2,700,1,-1,-1,-1,-1
29,2,2,700,-1,2,-1,2,7
29,1,1,700,-1,-1,-1,-1,-1
21,1,1,700,2,-1,-1,-1,-1
49,2,1,700,-1,-1,-1,-1,-1
25,2,2,700,-1,1,-1,2,7
32,2,1,700,-1,-1,-1,-1,-1
23,1,2,700,2,2,-1,2,2
14,1,2,700,1,-1,-1,-1,-1
8,1,1,700,1,-1,-1,-1,-1
53,2,2,700,-1,-1,-1,-1,-1
51,2,1,700,-1,-1,-1,-1,-1
40,2,1,700,-1,-1,-1,-1,-1
16,1,2,700,2,2,-1,2,8
10,1,1,700,1,-1,-1,-1,-1
17,1,2,700,1,2,-1,2,8
29,1,1,700,-1,-1,-1,-1,-1
20,1,1,700,2,1,-1,2,7
19,1,2,700,2,2,1,1,-1
20,2,2,700,2,2,-1,2,7
29,2,1,700,-1,-1,-1,-1,-1
26,2,2,700,-1,1,-1,2,7
80,3,2,700,-1,1,-1,2,6
27,2,1,700,-1,1,2,1,-1
39,2,1,700,-1,-1,-1,-1,-1
23,2,2,700,2,1,-1,2,7
48,2,2,700,-1,2,-1,2,7
73,2,2,700,-1,-1,-1,-1,-1
26,2,1,700,-1,-1,-1,-1,-1
47,3,1,700,-1,1,-1,2,1
23,1,1,700,2,-1,-1,-1,-1
55,2,2,700,-1,1,-1,2,7
52,2,1,700,-1,-1,-1,-1,-1
28,2,2,700,-1,-1,-1,-1,-1
52,2,1,700,-1,-1,-1,-1,-1
23,1,1,700,2,-1,-1,-1,-1
11,1,2,700,1,-1,-1,-1,-1
8,1,2,700,1,-1,-1,-1,-1
18,1,1,700,1,2,1,1,-1
5,1,1,700,1,-1,-1,-1,-1
8,1,2,700,1,-1,-1,-1,-1
7,1,2,700,1,-1,-1,-1,-1
11,1,2,700,1,-1,-1,-1,-1
21,1,2,700,2,-1,-1,-1,-1
18,2,2,700,1,2,-1,2,9
9,1,2,700,1,-1,-1,-1,-1
8,1,1,700,1,-1,-1,-1,-1
65,2,1,700,-1,-1,-1,-1,-1
52,2,2,700,-1,-1,-1,-1,-1
11,1,1,700,1,-1,-1,-1,-1
50,2,1,700,-1,-1,-1,-1,-1
25,2,1,700,-1,-1,-1,-1,-1
12,1,1,700,1,-1,-1,-1,-1
5,1,1,700,2,-1,-1,-1,-1
46,2,2,700,-1,-1,-1,-1,-1
19,2,2,700,2,2,-1,2,7
48,2,2,700,-1,1,-1,2,7
8,1,2,700,1,-1,-1,-1,-1
25,2,2,700,-1,-1,-1,-1,-1
7,1,2,700,1,-1,-1,-1,-1
31,2,1,700,-1,1,-1,2,8
6,1,1,700,1,-1,-1,-1,-1
59,2,1,700,-1,-1,-1,-1,-1
15,1,1,700,1,2,-1,2,8
50,2,1,700,-1,-1,-1,-1,-1
8,1,1,700,1,-1,-1,-1,-1
25,2,2,700,-1,1,-1,2,5
18,1,1,700,1,2,-1,2,8
20,1,2,700,1,-1,-1,-1,-1
34,2,1,700,-1,-1,-1,-1,-1
12,1,1,700,2,-1,-1,-1,-1
15,1,1,700,1,2,-1,2,8
34,2,1,700,-1,-1,-1,-1,-1
31,2,2,700,-1,-1,-1,-1,-1
18,2,2,700,2,1,-1,2,7
13,1,2,700,1,-1,-1,-1,-1
59,2,1,700,-1,-1,-1,-1,-1
50,2,1,700,-1,-1,-1,-1,-1
12,1,2,700,1,-1,-1,-1,-1
52,2,2,700,-1,-1,-1,-1,-1
18,1,1,700,1,2,-1,2,8
34,2,1,700,-1,-1,-1,-1,-1
15,1,2,700,1,2,-1,2,8
30,4,2,700,-1,1,-1,2,9
50,2,1,700,-1,-1,-1,-1,-1
19,1,1,700,1,2,-1,2,8
20,1,1,700,1,2,-1,2,8
13,1,1,700,1,-1,-1,-1,-1
13,1,1,700,1,-1,-1,-1,-1
53,2,1,700,-1,-1,-1,-1,-1
40,2,1,700,-1,-1,-1,-1,-1
37,2,1,700,-1,-1,-1,-1,-1
52,2,1,700,-1,-1,-1,-1,-1
34,2,1,700,-1,-1,-1,-1,-1
5,1,2,700,1,-1,-1,-1,-1
20,1,1,700,1,1,-1,2,8
34,2,1,700,-1,-1,-1,-1,-1
19,1,2,700,1,2,-1,2,8
20,1,2,700,2,-1,-1,-1,-1
21,1,2,700,2,-1,-1,-1,-1
17,1,1,700,2,2,-1,2,7
23,2,2,700,2,2,1,1,-1
30,2,1,700,-1,-1,-1,-1,-1
8,1,1,700,1,-1,-1,-1,-1
7,1,2,700,1,-1,-1,-1,-1
16,1,2,700,1,2,-1,2,8
24,2,2,700,2,-1,-1,-1,-1
48,2,1,700,-1,-1,-1,-1,-1
65,3,2,700,-1,1,-1,2,6
9,1,2,700,1,-1,-1,-1,-1
32,1,2,700,-1,1,-1,2,1
40,1,2,700,-1,-1,-1,-1,-1
18,1,2,700,1,-1,-1,-1,-1
55,2,2,700,-1,1,-1,2,7
58,2,1,700,-1,-1,-1,-1,-1
14,1,1,700,1,-1,-1,-1,-1
41,3,1,700,-1,-1,-1,-1,-1
31,2,2,700,-1,1,-1,2,7
36,1,1,700,-1,-1,-1,-1,-1
60,2,1,700,-1,-1,-1,-1,-1
6,1,2,700,1,-1,-1,-1,-1
11,1,1,700,1,-1,-1,-1,-1
43,2,2,700,-1,1,-1,2,7
12,1,1,700,1,-1,-1,-1,-1
27,2,2,700,-1,1,-1,2,7
29,1,1,700,-1,-1,-1,-1,-1
15,1,1,700,1,2,-1,2,8
49,4,1,700,-1,-1,-1,-1,-1
30,2,2,700,-1,-1,-1,-1,-1
30,2,1,700,-1,-1,-1,-1,-1
29,2,2,700,-1,1,-1,2,7
9,1,1,700,1,-1,-1,-1,-1
5,1,1,700,1,-1,-1,-1,-1
47,2,2,700,-1,-1,-1,-1,-1
13,1,1,700,1,-1,-1,-1,-1
5,1,1,700,1,-1,-1,-1,-1
8,1,1,700,1,-1,-1,-1,-1
74,2,1,700,-1,-1,-1,-1,-1
62,2,1,700,-1,-1,-1,-1,-1
39,2,1,700,-1,-1,-1,-1,-1
38,2,1,700,-1,-1,-1,-1,-1
31,2,1,700,-1,-1,-1,-1,-1
10,1,1,700,1,-1,-1,-1,-1
19,1,2,700,1,2,-1,2,8
59,2,1,700,-1,-1,-1,-1,-1
10,1,2,700,2,-1,-1,-1,-1
45,2,2,700,-1,1,-1,2,7
47,2,1,700,-1,-1,-1,-1,-1
23,1,1,700,2,-1,-1,-1,-1
32,2,2,700,-1,1,-1,2,7
12,1,1,700,1,-1,-1,-1,-1
17,1,2,700,1,2,-1,2,8
21,2,1,700,2,-1,-1,-1,-1
28,2,1,700,-1,-1,-1,-1,-1
42,2,1,700,-1,-1,-1,-1,-1
11,1,1,700,1,-1,-1,-1,-1
65,3,2,700,-1,-1,-1,-1,-1
5,1,1,700,1,-1,-1,-1,-1
44,2,1,700,-1,-1,-1,-1,-1
17,1,1,700,1,1,-1,2,2
5,1,1,700,1,-1,-1,-1,-1
26,2,1,700,-1,-1,-1,-1,-1
51,3,2,700,-1,-1,-1,-1,-1
12,1,2,700,1,-1,-1,-1,-1
30,2,1,700,-1,-1,-1,-1,-1
36,2,1,700,-1,-1,-1,-1,-1
51,2,1,700,-1,-1,-1,-1,-1
21,2,1,700,2,-1,-1,-1,-1
53,2,2,700,-1,-1,-1,-1,-1
6,1,1,700,1,-1,-1,-1,-1
18,1,2,700,2,-1,-1,-1,-1
25,2,1,700,-1,-1,-1,-1,-1
37,2,2,700,-1,1,-1,2,7
18,1,2,700,2,1,-1,2,7
52,2,2,700,-1,-1,-1,-1,-1
36,2,1,700,-1,-1,-1,-1,-1
49,2,2,700,-1,-1,-1,-1,-1
13,1,2,700,1,-1,-1,-1,-1
16,1,2,700,1,-1,-1,-1,-1
19,1,1,700,1,2,-1,2,8
6,1,1,700,1,-1,-1,-1,-1
24,1,2,700,2,-1,-1,-1,-1
24,2,1,700,2,-1,-1,-1,-1
58,3,2,700,-1,1,-1,2,7
47,2,2,700,-1,1,-1,2,7
28,2,1,700,-1,-1,-1,-1,-1
5,1,2,700,1,-1,-1,-1,-1
14,1,2,700,1,-1,-1,-1,-1
38,2,1,700,-1,-1,-1,-1,-1
41,2,1,700,-1,-1,-1,-1,-1
11,1,2,700,1,-1,-1,-1,-1
10,1,2,700,1,-1,-1,-1,-1
88,2,1,700,-1,1,-1,2,6
26,2,2,700,-1,1,-1,2,7
54,2,1,700,-1,-1,-1,-1,-1
65,2,1,700,-1,1,-1,2,6
7,1,1,700,1,-1,-1,-1,-1
68,1,2,700,-1,1,-1,2,6
38,2,1,700,-1,-1,-1,-1,-1
65,3,2,700,-1,2,-1,2,6
45,1,2,700,-1,1,-1,2,7
10,1,2,700,1,-1,-1,-1,-1
31,2,2,700,-1,-1,-1,-1,-1
34,2,1,700,-1,1,2,1,-1
16,1,1,700,1,2,-1,2,8
49,2,2,700,-1,1,-1,2,7
9,1,2,700,1,-1,-1,-1,-1
12,1,2,700,1,-1,-1,-1,-1
20,2,1,700,2,-1,-1,-1,-1
25,2,1,700,-1,-1,-1,-1,-1
34,2,2,700,-1,1,-1,2,7
6,1,2,700,1,-1,-1,-1,-1
41,2,2,700,-1,1,-1,2,7
11,1,2,700,1,-1,-1,-1,-1
63,3,2,700,-1,1,-1,2,3
5,1,1,700,2,-1,-1,-1,-1
45,2,2,700,-1,2,-1,2,7
58,1,1,700,-1,-1,-1,-1,-1
7,1,2,700,1,-1,-1,-1,-1
47,2,2,700,-1,-1,-1,-1,-1
13,1,2,700,1,-1,-1,-1,-1
40,3,2,700,-1,-1,-1,-1,-1
7,1,2,700,1,-1,-1,-1,-1
35,2,1,700,-1,-1,-1,-1,-1
39,2,1,700,-1,-1,-1,-1,-1
15,1,1,700,1,2,-1,2,8
62,2,1,700,-1,-1,-1,-1,-1
50,1,1,700,-1,-1,-1,-1,-1
8,1,1,700,1,-1,-1,-1,-1
43,2,1,700,-1,-1,-1,-1,-1
7,1,2,700,1,-1,-1,-1,-1
21,1,1,700,2,2,-1,2,9
44,2,1,700,-1,-1,-1,-1,-1
23,2,1,700,2,-1,-1,-1,-1
63,2,1,700,-1,-1,-1,-1,-1
29,2,2,700,-1,1,-1,2,7
12,1,2,700,1,-1,-1,-1,-1
27,2,2,700,-1,1,-1,2,7
41,2,1,700,-1,-1,-1,-1,-1
33,2,2,700,-1,1,-1,2,7
15,1,1,700,1,2,-1,2,8
37,1,1,700,-1,-1,-1,-1,-1
55,2,2,700,-1,-1,-1,-1,-1
13,1,2,700,1,-1,-1,-1,-1
19,1,1,700,1,2,-1,2,8
7,1,1,700,1,-1,-1,-1,-1
6,1,1,700,1,-1,-1,-1,-1
91,2,1,700,-1,1,-1,2,6
5,1,1,700,1,-1,-1,-1,-1
70,3,2,700,-1,-1,-1,-1,-1
17,1,1,700,1,2,-1,2,8
52,2,2,700,-1,-1,-1,-1,-1
24,1,1,700,1,2,-1,2,8
11,1,1,700,1,-1,-1,-1,-1
15,1,2,700,1,2,-1,2,7
16,1,1,700,1,2,-1,2,8
20,1,1,700,1,2,-1,2,8
74,4,1,700,-1,1,-1,2,6
74,2,2,700,-1,1,-1,2,7
65,2,1,700,-1,-1,-1,-1,-1
10,1,1,700,1,-1,-1,-1,-1
13,1,1,700,1,-1,-1,-1,-1
7,1,1,700,2,-1,-1,-1,-1
34,1,2,700,-1,-1,-1,-1,-1
29,2,2,700,-1,2,-1,2,7
24,2,2,700,2,2,-1,2,7
12,1,1,700,1,-1,-1,-1,-1
21,2,2,700,2,-1,-1,-1,-1
9,1,1,700,1,-1,-1,-1,-1
60,3,1,700,-1,1,-1,2,7
58,5,2,700,-1,-1,-1,-1,-1
19,1,1,700,2,-1,-1,-1,-1
28,2,2,700,-1,1,-1,2,7
10,1,1,700,1,-1,-1,-1,-1
10,1,1,700,2,-1,-1,-1,-1
38,2,1,700,-1,-1,-1,-1,-1
41,2,1,700,-1,1,2,1,-1
27,2,2,700,-1,2,-1,2,7
45,2,2,700,-1,-1,-1,-1,-1
57,2,2,700,-1,1,-1,2,7
26,2,2,700,-1,2,-1,2,7
20,1,2,700,2,-1,-1,-1,-1
86,3,2,700,-1,1,-1,2,6
56,2,2,700,-1,-1,-1,-1,-1
22,1,1,700,2,-1,-1,-1,-1
31,4,1,700,-1,-1,-1,-1,-1
11,1,1,700,1,-1,-1,-1,-1
13,1,2,700,2,-1,-1,-1,-1
10,1,1,700,1,-1,-1,-1,-1
45,1,2,700,-1,-1,-1,-1,-1
27,1,1,700,-1,-1,-1,-1,-1
66,2,2,700,-1,2,-1,2,7
24,1,1,700,2,-1,-1,-1,-1
32,1,1,700,-1,-1,-1,-1,-1
24,1,2,700,2,1,-1,2,7
20,1,1,700,1,1,-1,2,8
55,2,1,700,-1,-1,-1,-1,-1
26,2,2,700,-1,-1,-1,-1,-1
31,2,2,700,-1,1,-1,2,7
38,1,2,700,-1,-1,-1,-1,-1
61,2,1,700,-1,-1,-1,-1,-1
14,1,2,700,1,-1,-1,-1,-1
49,2,2,700,-1,-1,-1,-1,-1
6,1,2,700,1,-1,-1,-1,-1
86,2,2,700,-1,1,-1,2,6
20,1,1,700,2,2,-1,2,7
27,1,2,700,-1,2,1,1,-1
36,2,2,700,-1,-1,-1,-1,-1
21,1,2,700,2,-1,-1,-1,-1
21,1,2,700,2,-1,-1,-1,-1
11,1,1,700,1,-1,-1,-1,-1
10,1,1,700,1,-1,-1,-1,-1
42,2,2,700,-1,1,-1,2,7
23,1,2,700,2,1,-1,2,7
21,1,2,700,2,1,-1,2,8
22,1,1,700,2,2,-1,2,9
16,1,2,700,1,2,-1,2,7
16,1,2,700,1,2,-1,2,8
60,2,1,700,-1,-1,-1,-1,-1
40,2,2,700,-1,-1,-1,-1,-1
36,1,1,700,-1,-1,-1,-1,-1
40,2,2,700,-1,-1,-1,-1,-1
61,2,1,700,-1,-1,-1,-1,-1
59,2,2,700,-1,1,-1,2,7
16,1,2,700,1,1,-1,2,8
20,1,1,700,1,-1,-1,-1,-1
52,2,1,700,-1,-1,-1,-1,-1
16,1,1,700,1,2,-1,2,8
67,2,1,700,-1,1,-1,2,6
48,2,2,700,-1,-1,-1,-1,-1
54,2,2,700,-1,-1,-1,-1,-1
19,1,2,700,2,1,-1,2,5
11,1,2,700,1,-1,-1,-1,-1
15,1,1,700,1,1,-1,2,8
20,1,1,700,1,2,-1,2,8
30,2,1,700,-1,-1,-1,-1,-1
13,1,1,700,1,-1,-1,-1,-1
16,1,2,700,1,2,-1,2,8
11,1,2,700,1,-1,-1,-1,-1
37,2,1,700,-1,-1,-1,-1,-1
58,2,2,700,-1,1,-1,2,7
60,2,2,700,-1,-1,-1,-1,-1
8,1,1,700,1,-1,-1,-1,-1
12,1,2,700,1,-1,-1,-1,-1
39,2,2,700,-1,1,-1,2,7
48,2,1,700,-1,-1,-1,-1,-1
63,2,2,700,-1,2,-1,2,6
63,3,2,700,-1,2,-1,2,6
74,2,1,700,-1,-1,-1,-1,-1
30,2,2,700,-1,2,-1,2,7
13,1,2,700,1,-1,-1,-1,-1
28,2,2,700,-1,-1,-1,-1,-1
30,1,2,700,-1,-1,-1,-1,-1
30,2,2,700,-1,1,-1,2,7
31,2,1,700,-1,-1,-1,-1,-1
46,2,1,700,-1,-1,-1,-1,-1
16,1,1,700,1,2,-1,2,8
18,1,1,700,1,1,-1,2,8
50,2,2,700,-1,-1,-1,-1,-1
31,2,1,700,-1,-1,-1,-1,-1
59,3,1,700,-1,-1,-1,-1,-1
62,3,2,700,-1,2,-1,2,7
34,2,1,700,-1,-1,-1,-1,-1
11,1,2,700,1,-1,-1,-1,-1
9,1,1,700,1,-1,-1,-1,-1
8,1,1,700,1,-1,-1,-1,-1
13,1,2,700,1,-1,-1,-1,-1
28,1,1,700,-1,-1,-1,-1,-1
18,1,2,700,1,2,-1,2,8
15,1,1,700,1,2,-1,2,8
9,1,2,700,1,-1,-1,-1,-1
22,1,2,700,2,1,-1,2,1
19,1,2,700,1,2,-1,2,8
20,1,1,700,2,-1,-1,-1,-1
35,1,2,700,-1,-1,-1,-1,-1
28,1,1,700,-1,-1,-1,-1,-1
33,1,2,700,-1,-1,-1,-1,-1
22,1,1,700,1,1,-1,2,8
54,2,2,700,-1,1,-1,2,7
53,2,1,700,-1,-1,-1,-1,-1
83,2,1,700,-1,1,-1,2,6
28,2,1,700,-1,-1,-1,-1,-1
10,1,2,700,2,-1,-1,-1,-1
5,1,1,700,1,-1,-1,-1,-1
48,2,2,700,-1,-1,-1,-1,-1
23,2,1,700,2,-1,-1,-1,-1
7,1,1,700,1,-1,-1,-1,-1
5,1,2,700,2,-1,-1,-1,-1
7,1,1,700,2,-1,-1,-1,-1
71,3,1,700,-1,-1,-1,-1,-1
40,2,2,700,-1,-1,-1,-1,-1
9,1,1,700,1,-1,-1,-1,-1
18,2,2,700,2,2,-1,2,7
9,1,1,700,1,-1,-1,-1,-1
6,1,2,700,1,-1,-1,-1,-1
25,2,1,700,-1,-1,-1,-1,-1
79,3,2,700,-1,1,-1,2,6
67,2,1,700,-1,1,-1,2,7
61,2,2,700,-1,1,-1,2,6
12,1,2,700,1,-1,-1,-1,-1
79,3,2,700,-1,1,-1,2,6
69,3,2,700,-1,1,-1,2,7
30,2,1,700,-1,-1,-1,-1,-1
42,2,1,700,-1,-1,-1,-1,-1
15,1,2,700,1,2,-1,2,8
21,1,2,700,1,-1,-1,-1,-1
30,1,1,700,-1,-1,-1,-1,-1
21,2,2,700,2,2,-1,2,7
22,1,1,700,2,1,2,1,-1
13,1,2,700,1,-1,-1,-1,-1
58,3,2,700,-1,1,-1,2,7
54,2,1,700,-1,-1,-1,-1,-1
34,2,2,700,-1,1,-1,2,7
46,2,1,700,-1,-1,-1,-1,-1
38,1,2,700,-1,-1,-1,-1,-1
5,1,1,700,2,-1,-1,-1,-1
49,2,2,700,-1,-1,-1,-1,-1
40,2,1,700,-1,-1,-1,-1,-1
9,1,2,700,1,-1,-1,-1,-1
25,2,2,700,-1,1,-1,2,7
29,1,1,700,-1,-1,-1,-1,-1
24,1,1,700,2,1,-1,2,5
54,1,1,700,-1,-1,-1,-1,-1
49,2,2,700,-1,-1,-1,-1,-1
26,1,2,700,-1,-1,-1,-1,-1
47,1,1,700,-1,-1,-1,-1,-1
20,1,2,700,1,-1,-1,-1,-1
57,2,2,700,-1,-1,-1,-1,-1
45,1,1,700,-1,-1,-1,-1,-1
33,2,2,700,-1,1,-1,2,7
45,2,2,700,-1,1,-1,2,7
26,1,1,700,-1,-1,-1,-1,-1
12,1,2,700,1,-1,-1,-1,-1
9,1,1,700,1,-1,-1,-1,-1
37,2,2,700,-1,1,-1,2,7
20,1,2,700,1,1,-1,2,7
37,2,1,700,-1,-1,-1,-1,-1
7,1,2,700,1,-1,-1,-1,-1
29,2,2,700,-1,-1,-1,-1,-1
13,1,2,700,1,-1,-1,-1,-1
18,1,1,700,2,-1,-1,-1,-1
8,1,1,700,2,-1,-1,-1,-1
42,4,1,700,-1,-1,-1,-1,-1
12,1,1,700,1,-1,-1,-1,-1
12,1,1,700,1,-1,-1,-1,-1
56,2,2,700,-1,1,-1,2,7
59,2,1,700,-1,-1,-1,-1,-1
45,2,2,700,-1,-1,-1,-1,-1
16,1,2,700,1,2,-1,2,6
7,1,2,700,1,-1,-1,-1,-1
76,2,1,700,-1,-1,-1,-1,-1
48,2,1,700,-1,-1,-1,-1,-1
20,1,1,700,1,2,-1,2,8
20,2,2,700,2,1,-1,2,7
59,2,1,700,-1,1,-1,2,7
38,2,1,700,-1,-1,-1,-1,-1
38,1,1,700,-1,1,2,1,-1
32,2,2,700,-1,1,-1,2,7
53,2,2,700,-1,-1,-1,-1,-1
7,1,2,700,1,-1,-1,-1,-1
15,1,1,700,2,-1,-1,-1,-1
31,1,1,700,-1,1,-1,2,7
29,2,2,700,-1,1,-1,2,7
62,2,1,700,-1,1,-1,2,6
15,1,2,700,1,2,-1,2,8
56,2,1,700,-1,2,-1,2,7
17,2,2,700,2,1,-1,2,7
8,1,1,700,1,-1,-1,-1,-1
22,1,1,700,2,-1,-1,-1,-1
20,1,1,700,2,1,-1,2,9
64,2,1,700,-1,-1,-1,-1,-1
14,1,2,700,1,-1,-1,-1,-1
24,2,2,700,2,2,-1,2,7
18,1,1,700,1,1,-1,2,8
41,2,1,700,-1,-1,-1,-1,-1
49,1,2,700,-1,-1,-1,-1,-1
19,2,2,700,2,2,-1,2,7
17,1,1,700,1,2,-1,2,8
31,2,1,700,-1,-1,-1,-1,-1
48,2,1,700,-1,-1,-1,-1,-1
7,1,1,700,1,-1,-1,-1,-1
7,1,1,700,1,-1,-1,-1,-1
15,1,2,700,1,2,-1,2,8
10,1,1,700,1,-1,-1,-1,-1
25,1,2,700,-1,1,2,1,-1
18,1,1,700,1,-1,-1,-1,-1
39,2,1,700,-1,-1,-1,-1,-1
30,2,1,700,-1,-1,-1,-1,-1
19,1,1,700,2,-1,-1,-1,-1
18,1,1,700,2,-1,-1,-1,-1
11,1,2,700,1,-1,-1,-1,-1
14,1,2,700,1,-1,-1,-1,-1
12,1,2,700,1,-1,-1,-1,-1
10,1,1,700,1,-1,-1,-1,-1
26,2,2,700,-1,1,-1,2,7
32,2,2,700,-1,-1,-1,-1,-1
21,2,1,700,2,-1,-1,-1,-1
28,1,2,700,-1,-1,-1,-1,-1
35,2,1,700,-1,-1,-1,-1,-1
43,2,2,700,-1,-1,-1,-1,-1
12,1,2,700,1,-1,-1,-1,-1
5,1,1,700,2,-1,-1,-1,-1
43,2,1,700,-1,-1,-1,-1,-1
59,2,2,700,-1,2,-1,2,7
13,1,2,700,1,-1,-1,-1,-1
15,1,1,700,1,2,-1,2,8
46,2,2,700,-1,-1,-1,-1,-1
13,1,1,700,1,-1,-1,-1,-1
9,1,1,700,1,-1,-1,-1,-1
20,1,2,700,2,1,2,1,-1
16,1,2,700,1,2,-1,2,8
27,2,1,700,-1,-1,-1,-1,-1
16,1,2,700,1,2,-1,2,8
13,1,1,700,1,-1,-1,-1,-1
14,1,2,700,1,-1,-1,-1,-1
28,1,1,700,-1,-1,-1,-1,-1
19,1,1,700,2,-1,-1,-1,-1
39,1,1,700,-1,1,-1,2,7
17,1,1,700,1,2,-1,2,8
58,3,2,700,-1,-1,-1,-1,-1
50,2,1,700,-1,-1,-1,-1,-1
32,1,1,700,-1,1,-1,2,3
16,1,2,700,1,2,-1,2,6
30,2,2,700,-1,1,-1,2,7
6,1,1,700,1,-1,-1,-1,-1
51,1,2,700,-1,-1,-1,-1,-1
23,2,2,700,1,2,-1,2,8
45,2,2,700,-1,-1,-1,-1,-1
14,1,1,700,1,-1,-1,-1,-1
8,1,1,700,1,-1,-1,-1,-1
30,2,1,700,-1,-1,-1,-1,-1
23,1,2,700,2,-1,-1,-1,-1
59,2,2,700,-1,-1,-1,-1,-1
57,2,2,700,-1,-1,-1,-1,-1
11,1,2,700,1,-1,-1,-1,-1
40,4,1,700,-1,-1,-1,-1,-1
6,1,2,700,1,-1,-1,-1,-1
43,2,2,700,-1,1,-1,2,7
51,4,1,700,-1,-1,-1,-1,-1
17,1,1,700,1,2,-1,2,8
31,2,1,700,-1,-1,-1,-1,-1
28,1,2,700,-1,-1,-1,-1,-1
7,1,1,700,1,-1,-1,-1,-1
22,2,2,700,2,-1,-1,-1,-1
10,1,2,700,1,-1,-1,-1,-1
22,1,1,700,2,1,-1,2,7
50,2,1,700,-1,1,-1,2,5
15,1,1,700,1,2,-1,2,8
11,1,1,700,1,-1,-1,-1,-1
5,1,2,700,1,-1,-1,-1,-1
82,2,1,700,-1,1,-1,2,6
29,2,2,700,-1,-1,-1,-1,-1
12,1,2,700,1,-1,-1,-1,-1
54,4,2,700,-1,-1,-1,-1,-1
26,2,2,700,-1,1,-1,2,7
35,1,2,700,-1,-1,-1,-1,-1
37,2,2,700,-1,1,-1,2,7
15,1,1,700,1,2,-1,2,8
55,2,1,700,-1,-1,-1,-1,-1
14,1,2,700,1,-1,-1,-1,-1
38,2,2,700,-1,1,-1,2,7
45,2,2,700,-1,-1,-1,-1,-1
8,1,1,700,1,-1,-1,-1,-1
21,1,1,700,2,2,-1,2,1
26,2,2,700,-1,1,-1,2,7
60,3,2,700,-1,-1,-1,-1,-1
33,4,1,700,-1,-1,-1,-1,-1
11,1,1,700,1,-1,-1,-1,-1
64,3,2,700,-1,-1,-1,-1,-1
58,2,2,700,-1,2,-1,2,7
35,1,1,700,-1,-1,-1,-1,-1
59,2,2,700,-1,-1,-1,-1,-1
36,2,1,700,-1,-1,-1,-1,-1
63,3,2,700,-1,-1,-1,-1,-1
67,2,2,700,-1,2,-1,2,7
44,1,2,700,-1,-1,-1,-1,-1
27,2,2,700,-1,-1,-1,-1,-1
6,1,1,700,1,-1,-1,-1,-1
5,1,2,700,1,-1,-1,-1,-1
53,2,1,700,-1,-1,-1,-1,-1
32,2,2,700,-1,-1,-1,-1,-1
9,1,1,700,1,-1,-1,-1,-1
24,2,2,700,2,1,-1,2,7
27,2,2,700,-1,-1,-1,-1,-1
68,3,1,700,-1,1,-1,2,7
26,2,2,700,-1,1,-1,2,7
26,1,1,700,-1,-1,-1,-1,-1
63,2,1,700,-1,1,-1,2,6
16,1,1,700,1,2,-1,2,8
11,1,1,700,1,-1,-1,-1,-1
46,2,1,700,-1,-1,-1,-1,-1
9,1,1,700,1,-1,-1,-1,-1
17,1,1,700,1,2,-1,2,8
78,3,2,700,-1,1,-1,2,6
48,2,2,700,-1,-1,-1,-1,-1
22,1,2,700,2,1,2,1,-1
31,1,2,700,-1,-1,-1,-1,-1
16,1,1,700,1,2,-1,2,8
7,1,2,700,1,-1,-1,-1,-1
9,1,2,700,1,-1,-1,-1,-1
12,1,2,700,1,-1,-1,-1,-1
22,1,2,700,2,1,-1,2,3
17,1,1,700,1,2,-1,2,8
23,1,2,700,2,-1,-1,-1,-1
44,2,2,700,-1,-1,-1,-1,-1
17,1,1,700,1,2,-1,2,8
6,1,2,700,1,-1,-1,-1,-1
22,1,1,700,2,1,2,1,-1
29,1,1,700,-1,1,-1,2,4
15,1,1,700,1,2,-1,2,8
9,1,2,700,1,-1,-1,-1,-1
44,2,2,700,-1,1,-1,2,7
7,1,2,700,1,-1,-1,-1,-1
5,1,1,700,2,-1,-1,-1,-1
31,2,1,700,-1,-1,-1,-1,-1
29,2,2,700,-1,-1,-1,-1,-1
6,1,2,700,1,-1,-1,-1,-1
51,2,1,700,-1,-1,-1,-1,-1
36,2,1,700,-1,-1,-1,-1,-1
24,1,1,700,2,-1,-1,-1,-1
24,2,2,700,2,1,-1,2,7
42,2,2,700,-1,1,-1,2,7
26,1,2,700,-1,-1,-1,-1,-1
28,1,1,700,-1,-1,-1,-1,-1
44,2,2,700,-1,1,-1,2,7
22,1,2,700,1,2,-1,2,8
31,2,2,700,-1,1,-1,2,7
50,1,2,700,-1,-1,-1,-1,-1
47,2,1,700,-1,-1,-1,-1,-1
40,2,1,700,-1,-1,-1,-1,-1
52,2,1,700,-1,-1,-1,-1,-1
8,1,1,700,1,-1,-1,-1,-1
20,1,2,700,1,2,-1,2,8
43,2,1,700,-1,-1,-1,-1,-1
20,1,2,700,1,2,-1,2,8
11,1,1,700,1,-1,-1,-1,-1
22,1,1,700,1,-1,-1,-1,-1
16,1,2,700,1,2,-1,2,8
12,1,2,700,1,-1,-1,-1,-1
10,1,1,700,2,-1,-1,-1,-1
12,1,1,700,1,-1,-1,-1,-1
49,2,2,700,-1,2,-1,2,7
12,1,2,700,1,-1,-1,-1,-1
22,2,2,700,2,2,-1,2,7
22,1,1,700,2,1,-1,2,9
56,4,2,700,-1,1,-1,2,7
35,2,1,700,-1,-1,-1,-1,-1
48,3,2,700,-1,-1,-1,-1,-1
50,2,1,700,-1,-1,-1,-1,-1
29,2,1,700,-1,1,-1,2,8
11,1,2,700,1,-1,-1,-1,-1
12,1,2,700,1,-1,-1,-1,-1
55,2,1,700,-1,-1,-1,-1,-1
25,2,1,700,-1,-1,-1,-1,-1
62,4,1,700,-1,-1,-1,-1,-1
56,2,1,700,-1,-1,-1,-1,-1
8,1,1,700,2,-1,-1,-1,-1
41,2,2,700,-1,1,-1,2,7
38,2,2,700,-1,-1,-1,-1,-1
9,1,2,700,1,-1,-1,-1,-1
23,2,2,700,2,2,-1,2,7
14,1,2,700,1,-1,-1,-1,-1
14,1,2,700,1,-1,-1,-1,-1
59,2,2,700,-1,1,-1,2,7
18,1,2,700,2,-1,-1,-1,-1
30,1,1,700,-1,2,-1,2,3
35,2,1,700,-1,-1,-1,-1,-1
26,2,2,700,-1,1,-1,2,7
72,3,1,700,-1,1,-1,2,6
16,1,2,700,1,2,-1,2,8
15,1,1,700,1,1,-1,2,8
17,1,2,700,1,2,-1,2,8
65,2,1,700,-1,-1,-1,-1,-1
28,2,1,700,-1,-1,-1,-1,-1
38,2,1,700,-1,-1,-1,-1,-1
56,1,1,700,-1,-1,-1,-1,-1
10,1,1,700,1,-1,-1,-1,-1
5,1,1,700,1,-1,-1,-1,-1
74,2,1,700,-1,-1,-1,-1,-1
41,2,2,700,-1,2,-1,2,7
25,2,2,700,-1,-1,-1,-1,-1
17,1,2,700,1,2,-1,2,8
80,3,1,700,-1,1,-1,2,6
18,1,2,700,2,2,-1,2,6
36,2,1,700,-1,-1,-1,-1,-1
24,1,1,700,2,-1,-1,-1,-1
27,2,1,700,-1,-1,-1,-1,-1
26,1,1,700,-1,-1,-1,-1,-1
24,1,2,700,2,1,-1,2,6
16,1,2,700,1,2,-1,2,8
44,2,1,700,-1,-1,-1,-1,-1
23,1,2,700,2,-1,-1,-1,-1
63,2,1,700,-1,1,-1,2,6
47,2,2,700,-1,-1,-1,-1,-1
49,2,2,700,-1,-1,-1,-1,-1
78,3,2,700,-1,1,-1,2,6
14,1,1,700,1,-1,-1,-1,-1
9,1,2,700,2,-1,-1,-1,-1
30,1,1,700,-1,1,-1,2,5
9,1,1,700,1,-1,-1,-1,-1
66,2,2,700,-1,-1,-1,-1,-1
33,1,1,700,-1,1,2,1,-1
61,2,1,700,-1,-1,-1,-1,-1
8,1,1,700,1,-1,-1,-1,-1
16,1,2,700,1,2,-1,2,8
61,2,2,700,-1,-1,-1,-1,-1
52,4,1,700,-1,-1,-1,-1,-1
11,1,1,700,1,-1,-1,-1,-1
44,2,2,700,-1,1,-1,2,7
23,1,2,700,2,-1,-1,-1,-1
42,1,1,700,-1,-1,-1,-1,-1
11,1,2,700,1,-1,-1,-1,-1
50,2,1,700,-1,-1,-1,-1,-1
20,1,1,700,2,-1,-1,-1,-1
35,2,2,700,-1,1,-1,2,7
16,1,2,700,1,2,-1,2,8
25,1,2,700,-1,-1,-1,-1,-1
17,1,1,700,1,2,-1,2,8
28,2,1,700,-1,-1,-1,-1,-1
19,1,2,700,1,2,-1,2,8
9,1,1,700,1,-1,-1,-1,-1
63,3,2,700,-1,1,-1,2,6
59,2,1,700,-1,-1,-1,-1,-1
10,1,2,700,1,-1,-1,-1,-1
60,2,1,700,-1,-1,-1,-1,-1
40,2,1,700,-1,-1,-1,-1,-1
80,2,1,700,-1,2,-1,2,6
8,1,1,700,1,-1,-1,-1,-1
15,1,2,700,1,2,-1,2,8
47,2,1,700,-1,-1,-1,-1,-1
76,2,1,700,-1,1,-1,2,6
52,2,2,700,-1,-1,-1,-1,-1
6,1,2,700,1,-1,-1,-1,-1
48,2,2,700,-1,-1,-1,-1,-1
18,1,2,700,1,2,-1,2,8
40,2,2,700,-1,-1,-1,-1,-1
8,1,1,700,1,-1,-1,-1,-1
72,2,1,700,-1,-1,-1,-1,-1
34,2,2,700,-1,-1,-1,-1,-1
14,1,1,700,1,-1,-1,-1,-1
15,1,1,700,2,2,-1,2,7
19,1,1,700,2,-1,-1,-1,-1
24,2,2,700,2,-1,-1,-1,-1
24,2,2,700,2,-1,-1,-1,-1
32,1,1,700,-1,-1,-1,-1,-1
5,1,1,700,1,-1,-1,-1,-1
13,1,2,700,2,-1,-1,-1,-1
19,1,2,700,1,2,-1,2,8
23,2,1,700,2,-1,-1,-1,-1
27,1,1,700,-1,-1,-1,-1,-1
20,4,2,700,2,1,-1,2,7
61,3,2,700,-1,1,-1,2,6
47,2,1,700,-1,-1,-1,-1,-1
21,1,1,700,2,-1,-1,-1,-1
61,3,1,700,-1,-1,-1,-1,-1
36,2,2,700,-1,-1,-1,-1,-1
20,1,2,700,2,-1,-1,-1,-1
21,2,2,700,1,2,-1,2,8
9,1,1,700,1,-1,-1,-1,-1
61,2,1,700,-1,-1,-1,-1,-1
18,1,2,700,2,1,-1,2,9
18,1,2,700,1,2,-1,2,8
45,2,2,700,-1,-1,-1,-1,-1
13,1,2,700,1,-1,-1,-1,-1
31,2,1,700,-1,-1,-1,-1,-1
35,2,2,700,-1,1,-1,2,7
41,2,2,700,-1,-1,-1,-1,-1
14,1,1,700,1,-1,-1,-1,-1
33,2,1,700,-1,-1,-1,-1,-1
25,1,2,700,-1,1,2,1,-1
37,2,2,700,-1,-1,-1,-1,-1
7,1,2,700,1,-1,-1,-1,-1
7,1,1,700,1,-1,-1,-1,-1
59,2,1,700,-1,-1,-1,-1,-1
13,1,1,700,1,-1,-1,-1,-1
52,2,2,700,-1,-1,-1,-1,-1
41,2,1,700,-1,-1,-1,-1,-1
36,2,1,700,-1,-1,-1,-1,-1
37,2,1,700,-1,-1,-1,-1,-1
12,1,1,700,1,-1,-1,-1,-1
46,2,1,700,-1,-1,-1,-1,-1
7,1,2,700,1,-1,-1,-1,-1
9,1,2,700,1,-1,-1,-1,-1
47,2,1,700,-1,-1,-1,-1,-1
45,2,1,700,-1,-1,-1,-1,-1
14,1,2,700,1,-1,-1,-1,-1
8,1,2,700,1,-1,-1,-1,-1
49,2,1,700,-1,-1,-1,-1,-1
79,2,1,700,-1,1,-1,2,6
52,1,1,700,-1,-1,-1,-1,-1
14,1,2,700,1,-1,-1,-1,-1
31,1,2,700,-1,-1,-1,-1,-1
39,2,2,700,-1,-1,-1,-1,-1
56,2,1,700,-1,-1,-1,-1,-1
9,1,1,700,1,-1,-1,-1,-1
16,1,2,700,1,2,-1,2,9
20,1,2,700,2,-1,-1,-1,-1
9,1,2,700,1,-1,-1,-1,-1
34,2,2,700,-1,-1,-1,-1,-1
44,2,1,700,-1,-1,-1,-1,-1
9,1,2,700,1,-1,-1,-1,-1
39,2,2,700,-1,-1,-1,-1,-1
10,1,1,700,1,-1,-1,-1,-1
69,2,2,700,-1,1,-1,2,6
78,2,2,700,-1,1,-1,2,6
41,2,2,700,-1,-1,-1,-1,-1
74,3,2,700,-1,1,-1,2,6
69,2,2,700,-1,1,-1,2,6
13,1,2,700,1,-1,-1,-1,-1
59,2,2,700,-1,-1,-1,-1,-1
20,2,1,700,2,-1,-1,-1,-1
62,3,1,700,-1,1,-1,2,6
54,2,1,700,-1,-1,-1,-1,-1
60,2,1,700,-1,1,-1,2,6
63,4,2,700,-1,1,-1,2,7
7,1,1,700,1,-1,-1,-1,-1
45,2,1,700,-1,-1,-1,-1,-1
15,1,2,700,2,2,-1,2,8
24,2,2,700,2,1,-1,2,7
19,2,2,700,1,2,-1,2,7
35,2,1,700,-1,-1,-1,-1,-1
23,1,2,700,2,-1,-1,-1,-1
65,2,2,700,-1,1,-1,2,6
45,2,2,700,-1,2,-1,2,7
5,1,2,700,2,-1,-1,-1,-1
23,1,1,700,2,-1,-1,-1,-1
16,1,1,700,1,2,-1,2,6
44,4,1,700,-1,-1,-1,-1,-1
9,1,2,700,1,-1,-1,-1,-1
19,1,1,700,2,2,-1,2,8
71,3,2,700,-1,-1,-1,-1,-1
61,3,2,700,-1,1,-1,2,6
20,1,2,700,1,2,-1,2,8
63,2,1,700,-1,-1,-1,-1,-1
19,1,1,700,2,-1,-1,-1,-1
13,1,2,700,1,-1,-1,-1,-1
22,1,2,700,2,2,-1,2,7
9,1,1,700,1,-1,-1,-1,-1
13,1,1,700,1,-1,-1,-1,-1
11,1,2,700,1,-1,-1,-1,-1
19,1,2,700,1,2,-1,2,8
5,1,2,700,2,-1,-1,-1,-1
37,1,2,700,-1,1,-1,2,7
22,1,1,700,1,2,-1,2,8
28,2,2,700,-1,-1,-1,-1,-1
30,2,2,700,-1,1,-1,2,7
17,1,1,700,1,2,-1,2,8
19,1,2,700,1,2,-1,2,8
20,1,1,700,2,-1,-1,-1,-1
38,1,2,700,-1,-1,-1,-1,-1
6,1,2,700,1,-1,-1,-1,-1
8,1,2,700,1,-1,-1,-1,-1
6,1,1,700,1,-1,-1,-1,-1
60,2,2,700,-1,-1,-1,-1,-1
31,2,1,700,-1,-1,-1,-1,-1
28,2,2,700,-1,-1,-1,-1,-1
37,2,2,700,-1,1,-1,2,7
21,1,1,700,2,-1,-1,-1,-1
5,1,2,700,1,-1,-1,-1,-1
46,2,1,700,-1,-1,-1,-1,-1
13,1,1,700,1,-1,-1,-1,-1
10,1,2,700,1,-1,-1,-1,-1
9,1,1,700,1,-1,-1,-1,-1
21,1,1,700,2,-1,-1,-1,-1
21,1,1,700,2,-1,-1,-1,-1
10,1,2,700,1,-1,-1,-1,-1
23,1,2,700,1,-1,-1,-1,-1
57,3,2,700,-1,1,-1,2,1
64,2,1,700,-1,-1,-1,-1,-1
38,2,1,700,-1,-1,-1,-1,-1
63,2,2,700,-1,1,-1,2,7
30,2,1,700,-1,-1,-1,-1,-1
18,1,1,700,2,2,-1,2,9
66,2,2,700,-1,1,-1,2,6
21,1,1,700,2,1,-1,2,2
19,1,2,700,1,2,-1,2,7
9,1,1,700,1,-1,-1,-1,-1
49,2,2,700,-1,1,-1,2,7
28,1,2,700,-1,1,-1,2,7
53,2,2,700,-1,-1,-1,-1,-1
15,1,2,700,1,2,-1,2,8
10,1,1,700,1,-1,-1,-1,-1
57,2,1,700,-1,-1,-1,-1,-1
51,2,2,700,-1,1,-1,2,7
15,1,2,700,1,2,-1,2,8
12,1,2,700,1,-1,-1,-1,-1
56,2,2,700,-1,1,-1,2,7
8,1,2,700,1,-1,-1,-1,-1
40,2,2,700,-1,1,-1,2,7
18,1,2,700,1,2,-1,2,8
27,2,1,700,-1,-1,-1,-1,-1
58,3,2,700,-1,1,-1,2,7
5,1,2,700,1,-1,-1,-1,-1
11,1,1,700,1,-1,-1,-1,-1
26,2,1,700,-1,-1,-1,-1,-1
82,3,1,700,-1,-1,-1,-1,-1
10,1,2,700,1,-1,-1,-1,-1
25,1,1,700,-1,-1,-1,-1,-1
15,1,1,700,1,-1,-1,-1,-1
8,1,2,700,1,-1,-1,-1,-1
17,1,2,700,1,1,-1,2,8
16,1,1,700,1,2,-1,2,8
8,1,2,700,1,-1,-1,-1,-1
7,1,1,700,1,-1,-1,-1,-1
32,2,1,700,-1,-1,-1,-1,-1
13,1,1,700,1,-1,-1,-1,-1
16,1,1,700,2,2,-1,2,7
52,2,1,700,-1,-1,-1,-1,-1
34,2,2,700,-1,2,-1,2,7
23,2,2,700,2,2,-1,2,7
12,1,2,700,1,-1,-1,-1,-1
43,4,1,700,-1,-1,-1,-1,-1
70,3,2,700,-1,-1,-1,-1,-1
9,1,2,700,1,-1,-1,-1,-1
16,1,2,700,2,2,-1,2,6
28,2,2,700,-1,-1,-1,-1,-1
18,1,1,700,2,2,-1,2,7
16,1,2,700,1,2,-1,2,8
22,2,2,700,2,2,-1,2,7
17,1,2,700,1,2,-1,2,7
20,2,1,700,2,-1,-1,-1,-1
25,1,2,700,-1,2,-1,2,7
72,1,1,700,-1,1,-1,2,7
6,1,1,700,2,-1,-1,-1,-1
39,2,2,700,-1,-1,-1,-1,-1
6,1,1,700,1,-1,-1,-1,-1
38,2,2,700,-1,1,-1,2,7
42,2,2,700,-1,-1,-1,-1,-1
39,2,2,700,-1,-1,-1,-1,-1
40,1,2,700,-1,-1,-1,-1,-1
11,1,2,700,1,-1,-1,-1,-1
17,1,1,700,1,2,-1,2,8
66,3,2,700,-1,1,-1,2,7
20,1,1,700,2,-1,-1,-1,-1
69,2,1,700,-1,-1,-1,-1,-1
21,1,2,700,2,2,-1,2,9
21,1,2,700,1,2,-1,2,8
39,2,1,700,-1,-1,-1,-1,-1
23,1,2,700,2,-1,-1,-1,-1
7,1,1,700,1,-1,-1,-1,-1
6,1,2,700,1,-1,-1,-1,-1
29,1,1,700,-1,1,-1,2,7
19,1,2,700,1,2,-1,2,8
34,2,2,700,-1,1,-1,2,7
13,1,1,700,1,-1,-1,-1,-1
5,1,1,700,1,-1,-1,-1,-1
17,1,2,700,2,2,-1,2,7
6,1,1,700,1,-1,-1,-1,-1
62,1,2,700,-1,1,-1,2,7
7,1,1,700,1,-1,-1,-1,-1
61,2,2,700,-1,1,-1,2,7
61,2,1,700,-1,-1,-1,-1,-1
27,2,2,700,-1,-1,-1,-1,-1
11,1,2,700,1,-1,-1,-1,-1
14,1,1,700,1,-1,-1,-1,-1
62,2,2,700,-1,-1,-1,-1,-1
24,2,1,700,2,-1,-1,-1,-1
15,1,2,700,1,2,-1,2,8
46,2,1,700,-1,-1,-1,-1,-1
56,2,1,700,-1,-1,-1,-1,-1
20,2,2,700,2,2,-1,2,7
5,1,1,700,2,-1,-1,-1,-1
28,4,2,700,-1,1,-1,2,7
71,2,1,700,-1,1,-1,2,6
6,1,1,700,1,-1,-1,-1,-1
52,3,2,700,-1,-1,-1,-1,-1
67,2,1,700,-1,-1,-1,-1,-1
19,1,2,700,2,-1,-1,-1,-1
53,2,1,700,-1,-1,-1,-1,-1
40,2,2,700,-1,1,-1,2,7
9,1,1,700,1,-1,-1,-1,-1
11,1,1,700,1,-1,-1,-1,-1
19,1,2,700,1,2,-1,2,8
52,2,1,700,-1,1,-1,2,6
72,2,2,700,-1,-1,-1,-1,-1
20,1,1,700,1,2,-1,2,8
16,1,1,700,1,2,-1,2,8
27,2,2,700,-1,-1,-1,-1,-1
8,1,2,700,1,-1,-1,-1,-1
34,1,1,700,-1,-1,-1,-1,-1
7,1,2,700,1,-1,-1,-1,-1
37,2,2,700,-1,1,-1,2,7
8,1,1,700,1,-1,-1,-1,-1
69,2,2,700,-1,1,-1,2,7
18,1,2,700,2,1,-1,2,7
31,1,2,700,-1,2,-1,2,6
34,4,2,700,-1,2,-1,2,7
8,1,2,700,1,-1,-1,-1,-1
5,1,1,700,2,-1,-1,-1,-1
20,1,1,700,2,-1,-1,-1,-1
16,1,1,700,1,2,-1,2,9
51,2,1,700,-1,-1,-1,-1,-1
40,2,2,700,-1,-1,-1,-1,-1
58,2,2,700,-1,-1,-1,-1,-1
25,2,2,700,-1,2,-1,2,7
33,2,1,700,-1,-1,-1,-1,-1
7,1,2,700,2,-1,-1,-1,-1
33,2,1,700,-1,-1,-1,-1,-1
14,1,1,700,1,-1,-1,-1,-1
10,1,1,700,1,-1,-1,-1,-1
37,2,2,700,-1,-1,-1,-1,-1
11,1,1,700,1,-1,-1,-1,-1
40,2,2,700,-1,2,-1,2,7
18,1,2,700,1,2,-1,2,8
8,1,2,700,1,-1,-1,-1,-1
34,2,2,700,-1,1,-1,2,7
47,2,1,700,-1,-1,-1,-1,-1
21,1,2,700,1,2,-1,2,8
10,1,1,700,1,-1,-1,-1,-1
29,2,1,700,-1,-1,-1,-1,-1
17,1,1,700,2,-1,-1,-1,-1
55,2,1,700,-1,-1,-1,-1,-1
11,1,2,700,1,-1,-1,-1,-1
9,1,1,700,1,-1,-1,-1,-1
36,1,1,700,-1,1,2,1,-1
48,2,2,700,-1,-1,-1,-1,-1
14,1,1,700,1,-1,-1,-1,-1
9,1,2,700,1,-1,-1,-1,-1
65,2,2,700,-1,-1,-1,-1,-1
19,1,1,700,2,1,-1,2,1
11,1,2,700,1,-1,-1,-1,-1
33,2,1,700,-1,-1,-1,-1,-1
9,1,2,700,1,-1,-1,-1,-1
48,2,1,700,-1,-1,-1,-1,-1
6,1,1,700,1,-1,-1,-1,-1
49,2,2,700,-1,-1,-1,-1,-1
9,1,1,700,1,-1,-1,-1,-1
11,1,1,700,1,-1,-1,-1,-1
31,2,1,700,-1,1,2,1,-1
61,2,2,700,-1,1,-1,2,7
17,1,2,700,1,2,-1,2,8
40,2,2,700,-1,2,-1,2,3
19,2,2,700,2,1,-1,2,7
15,1,2,700,1,2,-1,2,8
74,2,2,700,-1,-1,-1,-1,-1
18,1,2,700,2,-1,-1,-1,-1
25,2,1,700,-1,1,-1,2,2
43,2,1,700,-1,-1,-1,-1,-1
8,1,1,700,1,-1,-1,-1,-1
34,2,2,700,-1,1,-1,2,7
19,1,1,700,2,-1,-1,-1,-1
43,2,2,700,-1,-1,-1,-1,-1
38,2,1,700,-1,-1,-1,-1,-1
40,2,1,700,-1,-1,-1,-1,-1
17,1,2,700,1,2,-1,2,8
10,1,1,700,1,-1,-1,-1,-1
30,2,1,700,-1,-1,-1,-1,-1
7,1,1,700,1,-1,-1,-1,-1
22,1,1,700,2,1,-1,2,2
44,2,1,700,-1,-1,-1,-1,-1
32,2,1,700,-1,-1,-1,-1,-1
25,6,1,700,-1,-1,-1,-1,-1
35,2,2,700,-1,-1,-1,-1,-1
70,2,1,700,-1,1,-1,2,6
11,1,1,700,2,-1,-1,-1,-1
14,1,1,700,1,-1,-1,-1,-1
27,1,1,700,-1,-1,-1,-1,-1
6,1,1,700,1,-1,-1,-1,-1
28,2,1,700,-1,-1,-1,-1,-1
52,2,1,700,-1,-1,-1,-1,-1
16,1,2,700,1,2,-1,2,8
29,2,1,700,-1,-1,-1,-1,-1
82,3,2,700,-1,1,-1,2,6
17,1,2,700,1,2,-1,2,8
20,1,2,700,1,2,-1,2,8
21,2,1,700,2,-1,-1,-1,-1
47,2,2,700,-1,-1,-1,-1,-1
36,2,2,700,-1,-1,-1,-1,-1
6,1,2,700,1,-1,-1,-1,-1
5,1,2,700,1,-1,-1,-1,-1
7,1,1,700,1,-1,-1,-1,-1
35,1,2,700,-1,-1,-1,-1,-1
43,4,1,700,-1,-1,-1,-1,-1
18,1,2,700,1,2,-1,2,8
10,1,1,700,1,-1,-1,-1,-1
16,1,2,700,1,2,-1,2,8
23,2,2,700,2,-1,-1,-1,-1
34,1,2,700,-1,-1,-1,-1,-1
12,1,1,700,1,-1,-1,-1,-1
29,2,2,700,-1,1,-1,2,7
84,2,1,700,-1,-1,-1,-1,-1
17,2,2,700,2,2,-1,2,7
12,1,2,700,1,-1,-1,-1,-1
31,2,2,700,-1,1,-1,2,7
55,2,2,700,-1,-1,-1,-1,-1
52,2,2,700,-1,-1,-1,-1,-1
16,1,2,700,1,-1,-1,-1,-1
49,2,1,700,-1,-1,-1,-1,-1
35,1,1,700,-1,-1,-1,-1,-1
86,2,1,700,-1,1,-1,2,6
39,2,2,700,-1,-1,-1,-1,-1
34,1,2,700,-1,-1,-1,-1,-1
5,1,2,700,2,-1,-1,-1,-1
65,2,1,700,-1,-1,-1,-1,-1
33,2,2,700,-1,1,-1,2,7
53,2,2,700,-1,2,-1,2,7
52,2,2,700,-1,1,-1,2,7
11,1,1,700,1,-1,-1,-1,-1
7,1,1,700,1,-1,-1,-1,-1
31,2,1,700,-1,-1,-1,-1,-1
15,1,1,700,1,2,-1,2,8
12,1,1,700,1,-1,-1,-1,-1
13,1,1,700,1,-1,-1,-1,-1
36,2,1,700,-1,-1,-1,-1,-1
16,1,1,700,1,-1,-1,-1,-1
64,2,1,700,-1,-1,-1,-1,-1
49,2,1,700,-1,-1,-1,-1,-1
5,1,2,700,1,-1,-1,-1,-1
20,1,2,700,2,-1,-1,-1,-1
65,2,1,700,-1,1,-1,2,6
20,1,1,700,2,2,-1,2,5
22,1,1,700,1,1,2,1,-1
39,2,2,700,-1,1,-1,2,7
32,2,1,700,-1,-1,-1,-1,-1
14,1,1,700,2,-1,-1,-1,-1
79,3,2,700,-1,2,-1,2,6
50,2,2,700,-1,-1,-1,-1,-1
16,1,2,700,1,2,-1,2,8
13,1,2,700,1,-1,-1,-1,-1
52,2,2,700,-1,-1,-1,-1,-1
54,2,2,700,-1,-1,-1,-1,-1
30,1,1,700,-1,1,2,1,-1
58,2,2,700,-1,-1,-1,-1,-1
35,2,1,700,-1,-1,-1,-1,-1
23,1,1,700,2,-1,-1,-1,-1
21,2,2,700,2,1,2,1,-1
15,1,2,700,1,2,-1,2,8
7,1,2,700,1,-1,-1,-1,-1
32,2,1,700,-1,-1,-1,-1,-1
60,2,1,700,-1,-1,-1,-1,-1
48,2,1,700,-1,-1,-1,-1,-1
13,1,1,700,1,-1,-1,-1,-1
18,5,2,700,1,-1,-1,-1,-1
47,2,2,700,-1,1,-1,2,7
29,1,2,700,-1,-1,-1,-1,-1
7,1,1,700,1,-1,-1,-1,-1
56,2,2,700,-1,-1,-1,-1,-1
9,1,1,700,1,-1,-1,-1,-1
13,1,1,700,1,-1,-1,-1,-1
19,2,2,700,2,1,-1,2,7
20,1,2,700,1,-1,-1,-1,-1
34,2,2,700,-1,2,-1,2,7
23,1,1,700,2,-1,-1,-1,-1
10,1,1,700,1,-1,-1,-1,-1
6,1,1,700,1,-1,-1,-1,-1
16,1,1,700,2,2,-1,2,7
73,2,1,700,-1,-1,-1,-1,-1
8,1,2,700,1,-1,-1,-1,-1
20,1,1,700,2,-1,-1,-1,-1
64,3,2,700,-1,-1,-1,-1,-1
22,1,1,700,2,-1,-1,-1,-1
57,3,2,700,-1,-1,-1,-1,-1
48,2,1,700,-1,-1,-1,-1,-1
16,1,1,700,1,2,-1,2,8
50,2,2,700,-1,1,-1,2,7
45,2,2,700,-1,-1,-1,-1,-1
73,3,2,700,-1,-1,-1,-1,-1
64,2,2,700,-1,1,-1,2,6
68,2,1,700,-1,-1,-1,-1,-1
47,2,2,700,-1,-1,-1,-1,-1
13,1,1,700,1,-1,-1,-1,-1
21,2,2,700,2,1,-1,2,7
14,1,1,700,1,-1,-1,-1,-1
52,1,2,700,-1,-1,-1,-1,-1
22,2,1,700,2,-1,-1,-1,-1
39,1,2,700,-1,-1,-1,-1,-1
63,2,1,700,-1,-1,-1,-1,-1
42,2,1,700,-1,-1,-1,-1,-1
67,2,2,700,-1,-1,-1,-1,-1
38,2,2,700,-1,-1,-1,-1,-1
9,1,2,700,1,-1,-1,-1,-1
8,1,1,700,1,-1,-1,-1,-1
24,2,2,700,1,1,-1,2,7
22,1,1,700,2,-1,-1,-1,-1
50,1,1,700,-1,-1,-1,-1,-1
11,1,2,700,1,-1,-1,-1,-1
33,2,2,700,-1,-1,-1,-1,-1
26,1,1,700,-1,2,-1,2,7
65,2,1,700,-1,-1,-1,-1,-1
73,2,1,700,-1,1,-1,2,6
13,1,1,700,1,-1,-1,-1,-1
30,2,1,700,-1,-1,-1,-1,-1
23,2,2,700,2,-1,-1,-1,-1
57,3,2,700,-1,2,-1,2,7
22,2,2,700,2,2,-1,2,7
48,2,1,700,-1,-1,-1,-1,-1
11,1,1,700,1,-1,-1,-1,-1
13,1,1,700,1,-1,-1,-1,-1
64,2,1,700,-1,-1,-1,-1,-1
51,2,2,700,-1,-1,-1,-1,-1
20,1,2,700,2,-1,-1,-1,-1
6,1,2,700,1,-1,-1,-1,-1
12,1,2,700,1,-1,-1,-1,-1
20,1,1,700,2,-1,-1,-1,-1
53,2,2,700,-1,1,-1,2,7
11,1,2,700,1,-1,-1,-1,-1
27,1,1,700,-1,2,-1,2,1
74,3,1,700,-1,1,-1,2,6
45,2,2,700,-1,2,-1,2,7
38,2,2,700,-1,1,-1,2,7
9,1,1,700,1,-1,-1,-1,-1
18,1,1,700,2,-1,-1,-1,-1
24,2,2,700,2,1,-1,2,7
32,2,2,700,-1,2,-1,2,6
16,1,2,700,1,2,-1,2,8
54,2,1,700,-1,-1,-1,-1,-1
13,1,1,700,1,-1,-1,-1,-1
5,1,2,700,1,-1,-1,-1,-1
6,1,2,700,1,-1,-1,-1,-1
30,1,2,700,-1,1,-1,2,9
21,2,1,700,1,1,-1,2,8
40,2,1,700,-1,-1,-1,-1,-1
68,2,1,700,-1,-1,-1,-1,-1
29,2,1,700,-1,-1,-1,-1,-1
21,2,2,700,2,2,-1,2,7
15,1,1,700,1,2,-1,2,8
45,2,1,700,-1,-1,-1,-1,-1
8,1,1,700,1,-1,-1,-1,-1
46,1,2,700,-1,-1,-1,-1,-1
15,1,1,700,1,2,-1,2,8
30,1,2,700,-1,1,2,1,-1
6,1,1,700,1,-1,-1,-1,-1
41,2,1,700,-1,-1,-1,-1,-1
13,1,2,700,1,-1,-1,-1,-1
13,1,1,700,1,-1,-1,-1,-1
8,1,1,700,1,-1,-1,-1,-1
21,1,1,700,2,1,-1,2,5
32,2,1,700,-1,-1,-1,-1,-1
7,1,1,700,2,-1,-1,-1,-1
36,2,2,700,-1,1,-1,2,7
15,1,1,700,1,2,-1,2,8
36,2,2,700,-1,1,-1,2,7
47,2,1,700,-1,-1,-1,-1,-1
52,2,1,700,-1,-1,-1,-1,-1
19,2,2,700,1,2,-1,2,7
21,2,2,700,2,2,-1,2,7
35,2,1,700,-1,-1,-1,-1,-1
6,1,1,700,1,-1,-1,-1,-1
61,3,2,700,-1,-1,-1,-1,-1
42,2,1,700,-1,-1,-1,-1,-1
35,2,2,700,-1,-1,-1,-1,-1
9,1,2,700,1,-1,-1,-1,-1
51,2,1,700,-1,-1,-1,-1,-1
5,1,2,700,1,-1,-1,-1,-1
20,2,1,700,2,-1,-1,-1,-1
82,3,2,700,-1,1,-1,2,6
18,1,2,700,2,-1,-1,-1,-1
12,1,2,700,1,-1,-1,-1,-1
6,1,2,700,1,-1,-1,-1,-1
5,1,2,700,1,-1,-1,-1,-1
47,2,2,700,-1,2,-1,2,7
57,1,1,700,-1,-1,-1,-1,-1
61,2,1,700,-1,-1,-1,-1,-1
15,1,2,700,1,2,-1,2,8
36,2,1,700,-1,-1,-1,-1,-1
43,2,1,700,-1,-1,-1,-1,-1
24,1,1,700,2,1,2,1,-1
26,2,1,700,-1,-1,-1,-1,-1
51,4,2,700,-1,-1,-1,-1,-1
47,3,2,700,-1,1,2,1,-1
22,1,2,700,2,-1,-1,-1,-1
12,1,2,700,1,-1,-1,-1,-1
7,1,2,700,1,-1,-1,-1,-1
46,4,2,700,-1,-1,-1,-1,-1
69,2,1,700,-1,-1,-1,-1,-1
8,1,2,700,1,-1,-1,-1,-1
46,2,2,700,-1,-1,-1,-1,-1
13,1,1,700,1,-1,-1,-1,-1
47,2,2,700,-1,-1,-1,-1,-1
85,2,2,700,-1,2,-1,2,6
15,1,1,700,1,2,-1,2,8
19,1,1,700,1,2,-1,2,8
13,1,1,700,1,-1,-1,-1,-1
40,2,2,700,-1,2,-1,2,7
10,1,1,700,1,-1,-1,-1,-1
51,2,1,700,-1,-1,-1,-1,-1
19,1,2,700,1,1,-1,2,8
52,2,1,700,-1,-1,-1,-1,-1
34,2,1,700,-1,-1,-1,-1,-1
69,2,2,700,-1,-1,-1,-1,-1
65,2,2,700,-1,1,-1,2,7
18,2,2,700,2,-1,-1,-1,-1
18,1,2,700,1,2,-1,2,8
7,1,2,700,1,-1,-1,-1,-1
13,1,2,700,1,-1,-1,-1,-1
73,3,2,700,-1,2,-1,2,7
49,2,1,700,-1,-1,-1,-1,-1
42,2,2,700,-1,-1,-1,-1,-1
75,2,1,700,-1,-1,-1,-1,-1
23,1,2,700,2,-1,-1,-1,-1
64,3,2,700,-1,-1,-1,-1,-1
8,1,1,700,1,-1,-1,-1,-1
48,2,2,700,-1,-1,-1,-1,-1
59,2,1,700,-1,-1,-1,-1,-1
14,1,2,700,1,-1,-1,-1,-1
14,1,2,700,1,-1,-1,-1,-1
29,2,1,700,-1,-1,-1,-1,-1
36,2,2,700,-1,-1,-1,-1,-1
25,2,2,700,-1,1,-1,2,7
22,1,2,700,2,-1,-1,-1,-1
48,4,2,700,-1,2,-1,2,7
36,2,1,700,-1,-1,-1,-1,-1
17,1,2,700,2,2,-1,2,6
56,2,2,700,-1,-1,-1,-1,-1
66,2,2,700,-1,1,-1,2,7
14,1,2,700,1,-1,-1,-1,-1
8,1,1,700,1,-1,-1,-1,-1
30,2,2,700,-1,1,-1,2,5
11,1,2,700,1,-1,-1,-1,-1
10,1,2,700,1,-1,-1,-1,-1
24,1,1,700,2,-1,-1,-1,-1
7,1,2,700,1,-1,-1,-1,-1
21,2,2,700,2,1,-1,2,7
42,2,2,700,-1,-1,-1,-1,-1
9,1,2,700,1,-1,-1,-1,-1
75,3,2,700,-1,1,-1,2,6
16,1,1,700,1,-1,-1,-1,-1
15,1,1,700,1,1,-1,2,6
15,1,1,700,1,2,-1,2,8
29,2,2,700,-1,-1,-1,-1,-1
12,1,2,700,1,-1,-1,-1,-1
16,1,1,700,1,2,-1,2,8
75,3,2,700,-1,1,-1,2,6
70,2,1,700,-1,1,-1,2,6
16,1,2,700,1,2,-1,2,8
29,1,2,700,-1,-1,-1,-1,-1
52,2,2,700,-1,1,-1,2,7
28,1,1,700,-1,-1,-1,-1,-1
40,1,1,700,-1,-1,-1,-1,-1
43,2,1,700,-1,-1,-1,-1,-1
37,2,2,700,-1,-1,-1,-1,-1
24,1,1,700,2,-1,-1,-1,-1
43,2,2,700,-1,-1,-1,-1,-1
13,1,2,700,1,-1,-1,-1,-1
15,1,1,700,1,2,-1,2,8
40,2,2,700,-1,1,-1,2,7
31,2,2,700,-1,-1,-1,-1,-1
18,2,2,700,2,2,-1,2,7
30,2,1,700,-1,-1,-1,-1,-1
20,1,1,700,2,-1,-1,-1,-1
40,2,1,700,-1,-1,-1,-1,-1
6,1,2,700,1,-1,-1,-1,-1
49,2,2,700,-1,-1,-1,-1,-1
42,2,1,700,-1,-1,-1,-1,-1
20,2,2,700,2,1,-1,2,7
61,2,2,700,-1,1,-1,2,6
33,2,2,700,-1,-1,-1,-1,-1
25,1,2,700,-1,-1,-1,-1,-1
50,2,2,700,-1,1,-1,2,3
22,2,1,700,2,-1,-1,-1,-1
32,2,2,700,-1,1,-1,2,7
62,2,2,700,-1,2,-1,2,7
9,1,2,700,1,-1,-1,-1,-1
15,1,2,700,1,-1,-1,-1,-1
44,1,1,700,-1,-1,-1,-1,-1
5,1,1,700,1,-1,-1,-1,-1
8,1,2,700,1,-1,-1,-1,-1
20,1,2,700,2,1,2,1,-1
16,1,1,700,1,-1,-1,-1,-1
50,2,1,700,-1,-1,-1,-1,-1
44,4,2,700,-1,-1,-1,-1,-1
6,1,2,700,1,-1,-1,-1,-1
11,1,1,700,1,-1,-1,-1,-1
23,1,2,700,2,2,-1,2,7
12,1,1,700,2,-1,-1,-1,-1
15,1,1,700,1,2,-1,2,8
52,2,1,700,-1,-1,-1,-1,-1
20,1,2,700,2,-1,-1,-1,-1
12,1,1,700,1,-1,-1,-1,-1
61,2,2,700,-1,-1,-1,-1,-1
15,1,2,700,1,1,-1,2,7
5,1,1,700,1,-1,-1,-1,-1
24,1,1,700,2,1,2,1,-1
49,2,2,700,-1,-1,-1,-1,-1
34,2,1,700,-1,-1,-1,-1,-1
5,1,1,700,2,-1,-1,-1,-1
39,2,1,700,-1,-1,-1,-1,-1
46,2,2,700,-1,1,-1,2,7
5,1,2,700,2,-1,-1,-1,-1
55,2,1,700,-1,-1,-1,-1,-1
8,1,1,700,1,-1,-1,-1,-1
17,1,1,700,2,-1,-1,-1,-1
9,1,1,700,1,-1,-1,-1,-1
11,1,2,700,1,-1,-1,-1,-1
10,1,1,700,1,-1,-1,-1,-1
15,1,2,700,1,2,-1,2,8
45,2,2,700,-1,2,-1,2,7
74,3,2,700,-1,-1,-1,-1,-1
58,2,1,700,-1,-1,-1,-1,-1
27,2,2,700,-1,-1,-1,-1,-1
5,1,1,700,1,-1,-1,-1,-1
17,1,1,700,2,-1,-1,-1,-1
45,2,2,700,-1,-1,-1,-1,-1
9,1,1,700,1,-1,-1,-1,-1
60,3,2,700,-1,2,-1,2,7
17,1,2,700,1,1,-1,2,8
7,1,2,700,1,-1,-1,-1,-1
7,1,1,700,1,-1,-1,-1,-1
23,1,1,700,2,-1,-1,-1,-1
13,1,1,700,1,-1,-1,-1,-1
19,1,1,700,2,2,-1,2,3
79,3,2,700,-1,1,-1,2,6
26,1,2,700,-1,-1,-1,-1,-1
25,2,2,700,-1,1,-1,2,7
49,2,2,700,-1,-1,-1,-1,-1
15,1,1,700,1,2,-1,2,8
36,2,1,700,-1,-1,-1,-1,-1
18,1,2,700,2,2,-1,2,7
24,1,2,700,2,-1,-1,-1,-1
6,1,2,700,1,-1,-1,-1,-1
95,3,2,700,-1,1,-1,2,6
35,2,1,700,-1,-1,-1,-1,-1
40,3,2,700,-1,-1,-1,-1,-1
64,2,1,700,-1,1,-1,2,6
14,1,2,700,1,-1,-1,-1,-1
66,2,1,700,-1,-1,-1,-1,-1
47,2,1,700,-1,-1,-1,-1,-1
85,1,2,700,-1,1,-1,2,6
63,2,2,700,-1,-1,-1,-1,-1
29,2,1,700,-1,-1,-1,-1,-1
49,2,1,700,-1,-1,-1,-1,-1
52,2,1,700,-1,1,-1,2,9
18,1,1,700,2,-1,-1,-1,-1
15,1,1,700,1,2,-1,2,8
61,2,2,700,-1,-1,-1,-1,-1
46,2,2,700,-1,-1,-1,-1,-1
14,1,2,700,2,-1,-1,-1,-1
24,1,1,700,2,-1,-1,-1,-1
58,2,1,700,-1,1,-1,2,6
18,1,1,700,2,-1,-1,-1,-1
35,1,1,700,-1,-1,-1,-1,-1
37,2,2,700,-1,-1,-1,-1,-1
40,2,1,700,-1,-1,-1,-1,-1
11,1,2,700,1,-1,-1,-1,-1
65,2,1,700,-1,-1,-1,-1,-1
53,2,1,700,-1,-1,-1,-1,-1
51,1,2,700,-1,-1,-1,-1,-1
58,2,1,700,-1,-1,-1,-1,-1
40,1,1,700,-1,-1,-1,-1,-1
27,2,1,700,-1,-1,-1,-1,-1
20,2,2,700,2,2,-1,2,7
5,1,2,700,2,-1,-1,-1,-1
11,1,2,700,1,-1,-1,-1,-1
16,1,2,700,1,2,-1,2,7
77,3,2,700,-1,1,-1,2,6
13,1,1,700,1,-1,-1,-1,-1
21,1,2,700,1,2,-1,2,8
31,2,1,700,-1,-1,-1,-1,-1
54,3,2,700,-1,1,-1,2,6
10,1,2,700,1,-1,-1,-1,-1
13,1,1,700,1,-1,-1,-1,-1
8,1,2,700,1,-1,-1,-1,-1
23,1,1,700,2,2,-1,2,7
22,2,2,700,2,2,-1,2,7
33,2,1,700,-1,-1,-1,-1,-1
48,2,2,700,-1,-1,-1,-1,-1
21,1,1,700,2,-1,-1,-1,-1
35,1,2,700,-1,-1,-1,-1,-1
46,2,1,700,-1,-1,-1,-1,-1
22,1,2,700,2,2,-1,2,6
10,1,2,700,1,-1,-1,-1,-1
52,1,1,700,-1,-1,-1,-1,-1
15,1,1,700,1,2,-1,2,8
9,1,1,700,1,-1,-1,-1,-1
46,2,2,700,-1,1,-1,2,7
23,2,2,700,2,2,-1,2,7
9,1,1,700,1,-1,-1,-1,-1
5,1,1,700,2,-1,-1,-1,-1
22,1,2,700,1,1,-1,2,8
57,1,1,700,-1,-1,-1,-1,-1
23,2,1,700,2,-1,-1,-1,-1
7,1,2,700,1,-1,-1,-1,-1
45,2,2,700,-1,-1,-1,-1,-1
8,1,2,700,1,-1,-1,-1,-1
11,1,2,700,1,-1,-1,-1,-1
23,1,1,700,2,1,-1,2,6
26,1,2,700,-1,-1,-1,-1,-1
17,1,1,700,2,-1,-1,-1,-1
30,2,1,700,-1,-1,-1,-1,-1
11,1,1,700,1,-1,-1,-1,-1
7,1,1,700,1,-1,-1,-1,-1
14,1,2,700,1,-1,-1,-1,-1
40,2,2,700,-1,-1,-1,-1,-1
22,2,2,700,2,1,-1,2,7
32,2,2,700,-1,1,-1,2,7
8,1,2,700,2,-1,-1,-1,-1
21,2,1,700,2,-1,-1,-1,-1
5,1,2,700,1,-1,-1,-1,-1
34,2,1,700,-1,-1,-1,-1,-1
8,1,1,700,1,-1,-1,-1,-1
25,2,2,700,-1,2,-1,2,8
15,1,1,700,1,2,-1,2,8
29,2,1,700,-1,-1,-1,-1,-1
66,2,2,700,-1,2,-1,2,6
7,1,2,700,1,-1,-1,-1,-1
38,2,2,700,-1,-1,-1,-1,-1
13,1,1,700,1,-1,-1,-1,-1
14,1,1,700,1,-1,-1,-1,-1
28,2,1,700,-1,-1,-1,-1,-1
65,2,2,700,-1,-1,-1,-1,-1
14,1,2,700,1,-1,-1,-1,-1
9,1,1,700,1,-1,-1,-1,-1
48,2,1,700,-1,-1,-1,-1,-1
25,1,2,700,-1,2,-1,2,8
20,1,1,700,2,1,2,1,-1
12,1,1,700,1,-1,-1,-1,-1
31,2,2,700,-1,-1,-1,-1,-1
17,1,2,700,2,2,-1,2,7
55,2,2,700,-1,-1,-1,-1,-1
32,1,1,700,-1,-1,-1,-1,-1
18,2,1,700,2,1,-1,2,3
45,2,2,700,-1,1,-1,2,7
46,3,2,700,-1,-1,-1,-1,-1
46,2,1,700,-1,-1,-1,-1,-1
18,2,2,700,2,2,-1,2,7
50,4,1,700,-1,-1,-1,-1,-1
27,1,1,700,-1,-1,-1,-1,-1
45,2,2,700,-1,-1,-1,-1,-1
25,2,2,700,-1,2,-1,2,7
9,1,1,700,1,-1,-1,-1,-1
69,3,2,700,-1,1,-1,2,6
58,2,1,700,-1,-1,-1,-1,-1
39,2,1,700,-1,-1,-1,-1,-1
22,1,2,700,2,-1,-1,-1,-1
48,2,1,700,-1,-1,-1,-1,-1
26,3,1,700,-1,-1,-1,-1,-1
37,2,2,700,-1,-1,-1,-1,-1
36,2,2,700,-1,1,-1,2,7
43,2,2,700,-1,-1,-1,-1,-1
18,1,1,700,1,2,-1,2,8
11,1,1,700,1,-1,-1,-1,-1
24,2,1,700,2,-1,-1,-1,-1
31,1,1,700,-1,-1,-1,-1,-1
49,2,2,700,-1,1,-1,2,7
44,2,1,700,-1,-1,-1,-1,-1
10,1,1,700,1,-1,-1,-1,-1
14,1,1,700,1,-1,-1,-1,-1
30,2,1,700,-1,-1,-1,-1,-1
28,2,2,700,-1,1,-1,2,7
16,1,1,700,1,2,-1,2,8
70,2,2,700,-1,1,-1,2,6
35,2,1,700,-1,-1,-1,-1,-1
49,2,2,700,-1,-1,-1,-1,-1
22,2,2,700,2,1,-1,2,7
8,1,1,700,1,-1,-1,-1,-1
37,2,1,700,-1,-1,-1,-1,-1
22,2,1,700,2,-1,-1,-1,-1
16,1,1,700,1,2,-1,2,8
8,1,2,700,1,-1,-1,-1,-1
23,2,2,700,2,1,-1,2,7
8,1,1,700,1,-1,-1,-1,-1
14,1,2,700,1,-1,-1,-1,-1
45,2,1,700,-1,-1,-1,-1,-1
17,1,2,700,1,2,-1,2,8
12,1,2,700,1,-1,-1,-1,-1
17,1,1,700,1,1,-1,2,8
38,2,1,700,-1,1,2,1,-1
8,1,2,700,1,-1,-1,-1,-1
13,1,2,700,1,-1,-1,-1,-1
48,2,1,700,-1,-1,-1,-1,-1
33,1,2,700,-1,-1,-1,-1,-1
9,1,1,700,1,-1,-1,-1,-1
14,1,1,700,2,-1,-1,-1,-1
6,1,1,700,2,-1,-1,-1,-1
13,1,2,700,1,-1,-1,-1,-1
38,1,1,700,-1,1,-1,2,2
37,2,1,700,-1,-1,-1,-1,-1
6,1,1,700,1,-1,-1,-1,-1
60,4,2,700,-1,1,-1,2,6
51,4,2,700,-1,-1,-1,-1,-1
10,1,2,700,1,-1,-1,-1,-1
10,1,1,700,1,-1,-1,-1,-1
21,1,1,700,2,2,-1,2,7
50,2,2,700,-1,1,-1,2,7
39,1,1,700,-1,-1,-1,-1,-1
23,1,1,700,1,2,-1,2,8
11,1,1,700,1,-1,-1,-1,-1
24,2,1,700,2,-1,-1,-1,-1
29,2,1,700,-1,-1,-1,-1,-1
33,2,2,700,-1,-1,-1,-1,-1
17,1,1,700,1,-1,-1,-1,-1
25,2,2,700,-1,-1,-1,-1,-1
6,1,1,700,1,-1,-1,-1,-1
26,1,1,700,-1,1,2,1,-1
67,3,2,700,-1,-1,-1,-1,-1
37,2,2,700,-1,-1,-1,-1,-1
8,1,2,700,1,-1,-1,-1,-1
13,1,1,700,1,-1,-1,-1,-1
25,1,2,700,-1,1,2,1,-1
18,1,1,700,1,2,-1,2,8
17,1,2,700,1,-1,-1,-1,-1
34,2,2,700,-1,-1,-1,-1,-1
17,1,2,700,1,2,-1,2,8
7,1,1,700,1,-1,-1,-1,-1
55,2,1,700,-1,-1,-1,-1,-1
16,2,2,700,2,2,-1,2,7
49,2,1,700,-1,-1,-1,-1,-1
43,2,1,700,-1,-1,-1,-1,-1
19,1,1,700,1,2,-1,2,8
34,2,2,700,-1,-1,-1,-1,-1
28,2,1,700,-1,-1,-1,-1,-1
31,1,2,700,-1,1,2,1,-1
40,2,1,700,-1,1,-1,2,7
53,1,2,700,-1,2,-1,2,7
30,2,2,700,-1,-1,-1,-1,-1
67,2,1,700,-1,-1,-1,-1,-1
58,2,1,700,-1,-1,-1,-1,-1
18,1,1,700,2,2,1,1,-1
9,1,2,700,1,-1,-1,-1,-1
9,1,2,700,1,-1,-1,-1,-1
7,1,1,700,1,-1,-1,-1,-1
36,2,2,700,-1,-1,-1,-1,-1
8,1,1,700,1,-1,-1,-1,-1
71,2,1,700,-1,1,-1,2,6
30,2,2,700,-1,2,-1,2,7
19,1,1,700,1,2,-1,2,8
10,1,2,700,1,-1,-1,-1,-1
14,1,1,700,1,-1,-1,-1,-1
11,1,2,700,1,-1,-1,-1,-1
10,1,2,700,2,-1,-1,-1,-1
12,1,2,700,1,-1,-1,-1,-1
34,2,1,700,-1,-1,-1,-1,-1
52,2,1,700,-1,-1,-1,-1,-1
35,1,1,700,-1,-1,-1,-1,-1
15,3,1,700,1,2,-1,2,8
25,1,1,700,-1,-1,-1,-1,-1
68,2,1,700,-1,1,-1,2,6
70,2,2,700,-1,1,-1,2,3
18,1,1,700,2,1,-1,2,7
63,2,1,700,-1,-1,-1,-1,-1
27,2,2,700,-1,-1,-1,-1,-1
53,2,1,700,-1,1,-1,2,7
26,2,1,700,-1,-1,-1,-1,-1
35,2,1,700,-1,-1,-1,-1,-1
36,2,1,700,-1,-1,-1,-1,-1
33,2,1,700,-1,-1,-1,-1,-1
9,1,1,700,1,-1,-1,-1,-1
8,1,1,700,1,-1,-1,-1,-1
37,2,1,700,-1,-1,-1,-1,-1
62,2,1,700,-1,1,-1,2,3
7,1,2,700,1,-1,-1,-1,-1
13,1,1,700,1,-1,-1,-1,-1
71,2,1,700,-1,-1,-1,-1,-1
23,2,2,700,2,-1,-1,-1,-1
19,1,2,700,1,2,-1,2,8
17,1,1,700,2,-1,-1,-1,-1
9,1,1,700,1,-1,-1,-1,-1
11,1,1,700,1,-1,-1,-1,-1
10,1,1,700,1,-1,-1,-1,-1
9,1,2,700,1,-1,-1,-1,-1
24,1,2,700,2,-1,-1,-1,-1
13,1,1,700,1,-1,-1,-1,-1
67,2,1,700,-1,-1,-1,-1,-1
17,1,2,700,1,2,-1,2,8
43,2,1,700,-1,-1,-1,-1,-1
23,2,1,700,2,-1,-1,-1,-1
12,1,2,700,1,-1,-1,-1,-1
17,1,1,700,1,2,-1,2,8
37,2,1,700,-1,-1,-1,-1,-1
21,2,2,700,2,1,-1,2,7
33,2,1,700,-1,-1,-1,-1,-1
19,1,2,700,1,1,-1,2,8
28,2,1,700,-1,-1,-1,-1,-1
40,2,2,700,-1,-1,-1,-1,-1
14,1,2,700,1,-1,-1,-1,-1
71,4,2,700,-1,-1,-1,-1,-1
78,3,1,700,-1,1,-1,2,6
17,1,2,700,2,-1,-1,-1,-1
38,2,1,700,-1,-1,-1,-1,-1
50,2,1,700,-1,-1,-1,-1,-1
15,1,1,700,2,1,-1,2,9
26,2,2,700,-1,2,-1,2,7
14,1,2,700,1,-1,-1,-1,-1
34,2,2,700,-1,-1,-1,-1,-1
43,2,2,700,-1,-1,-1,-1,-1
38,2,2,700,-1,1,-1,2,7
14,1,1,700,1,-1,-1,-1,-1
37,1,1,700,-1,1,-1,2,3
13,1,1,700,1,-1,-1,-1,-1
34,1,2,700,-1,1,2,1,-1
44,2,1,700,-1,-1,-1,-1,-1
19,1,1,700,1,-1,-1,-1,-1
10,1,1,700,1,-1,-1,-1,-1
18,1,1,700,2,-1,-1,-1,-1
48,2,1,700,-1,-1,-1,-1,-1
35,2,2,700,-1,1,-1,2,7
12,1,1,700,1,-1,-1,-1,-1
12,1,1,700,1,-1,-1,-1,-1
89,3,2,700,-1,1,-1,2,6
18,1,2,700,1,2,-1,2,8
36,1,1,700,-1,-1,-1,-1,-1
37,2,1,700,-1,-1,-1,-1,-1
46,2,1,700,-1,-1,-1,-1,-1
17,1,1,700,1,2,-1,2,8
39,2,1,700,-1,-1,-1,-1,-1
23,1,1,700,2,2,-1,2,9
20,1,1,700,2,1,-1,2,1
19,1,1,700,1,2,-1,2,8
47,3,2,700,-1,1,2,1,-1
66,2,2,700,-1,-1,-1,-1,-1
13,1,2,700,1,-1,-1,-1,-1
15,1,1,700,1,2,-1,2,8
12,1,2,700,1,-1,-1,-1,-1
41,2,2,700,-1,-1,-1,-1,-1
49,2,1,700,-1,-1,-1,-1,-1
19,1,2,700,2,-1,-1,-1,-1
15,1,2,700,1,2,-1,2,8
22,1,1,700,1,2,-1,2,8
29,2,2,700,-1,1,-1,2,7
28,1,1,700,-1,2,-1,2,3
24,2,2,700,2,-1,-1,-1,-1
25,1,2,700,-1,2,-1,2,7
31,1,1,700,-1,2,-1,2,7
42,2,2,700,-1,-1,-1,-1,-1
39,2,1,700,-1,-1,-1,-1,-1
8,1,1,700,1,-1,-1,-1,-1
41,2,2,700,-1,-1,-1,-1,-1
28,1,1,700,-1,-1,-1,-1,-1
15,1,2,700,1,2,-1,2,8
95,3,2,700,-1,1,-1,2,6
31,2,2,700,-1,1,-1,2,7
38,2,2,700,-1,1,-1,2,7
39,2,1,700,-1,-1,-1,-1,-1
38,2,1,700,-1,-1,-1,-1,-1
23,1,1,700,2,-1,-1,-1,-1
30,2,1,700,-1,-1,-1,-1,-1
26,2,1,700,-1,-1,-1,-1,-1
17,1,1,700,1,2,-1,2,8
20,1,2,700,2,2,2,1,-1
35,2,1,700,-1,-1,-1,-1,-1
7,1,2,700,2,-1,-1,-1,-1
29,1,2,700,-1,1,2,1,-1
7,1,1,700,1,-1,-1,-1,-1
38,2,2,700,-1,-1,-1,-1,-1
33,2,2,700,-1,-1,-1,-1,-1
12,1,2,700,1,-1,-1,-1,-1
30,1,2,700,-1,-1,-1,-1,-1
22,2,2,700,2,1,-1,2,7
8,1,2,700,1,-1,-1,-1,-1
7,1,1,700,1,-1,-1,-1,-1
69,2,1,700,-1,1,-1,2,6
10,1,1,700,1,-1,-1,-1,-1
26,2,2,700,-1,-1,-1,-1,-1
21,1,1,700,1,-1,-1,-1,-1
24,1,2,700,2,2,-1,2,7
20,1,2,700,2,2,-1,2,9
20,4,2,700,1,2,-1,2,8
32,2,1,700,-1,-1,-1,-1,-1
5,1,2,700,1,-1,-1,-1,-1
30,2,1,700,-1,-1,-1,-1,-1
65,3,2,700,-1,1,-1,2,7
15,1,2,700,2,-1,-1,-1,-1
11,1,1,700,1,-1,-1,-1,-1
14,1,1,700,1,-1,-1,-1,-1
49,2,2,700,-1,1,2,1,-1
11,1,2,700,1,-1,-1,-1,-1
7,1,2,700,2,-1,-1,-1,-1
43,1,1,700,-1,-1,-1,-1,-1
53,2,2,700,-1,1,-1,2,7
58,2,1,700,-1,1,-1,2,3
51,2,1,700,-1,-1,-1,-1,-1
11,1,1,700,1,-1,-1,-1,-1
31,1,1,700,-1,-1,-1,-1,-1
35,2,2,700,-1,2,-1,2,7
42,2,2,700,-1,-1,-1,-1,-1
62,2,2,700,-1,1,-1,2,6
18,1,1,700,1,2,-1,2,8
6,1,1,700,1,-1,-1,-1,-1
14,1,1,700,1,-1,-1,-1,-1
56,2,1,700,-1,-1,-1,-1,-1
49,2,1,700,-1,-1,-1,-1,-1
65,2,2,700,-1,-1,-1,-1,-1
29,2,1,700,-1,-1,-1,-1,-1
43,1,2,700,-1,-1,-1,-1,-1
61,4,2,700,-1,-1,-1,-1,-1
5,1,2,700,1,-1,-1,-1,-1
16,1,1,700,1,2,-1,2,8
46,2,1,700,-1,-1,-1,-1,-1
8,1,2,700,1,-1,-1,-1,-1
38,2,2,700,-1,1,-1,2,7
7,1,1,700,1,-1,-1,-1,-1
9,1,2,700,1,-1,-1,-1,-1
75,3,1,700,-1,2,-1,2,6
48,2,1,700,-1,-1,-1,-1,-1
49,2,2,700,-1,-1,-1,-1,-1
8,1,2,700,1,-1,-1,-1,-1
9,1,2,700,1,-1,-1,-1,-1
38,2,1,700,-1,-1,-1,-1,-1
36,1,2,700,-1,-1,-1,-1,-1
49,2,2,700,-1,-1,-1,-1,-1
74,3,1,700,-1,1,-1,2,6
6,1,2,700,1,-1,-1,-1,-1
30,4,1,700,-1,-1,-1,-1,-1
42,2,2,700,-1,-1,-1,-1,-1
17,1,2,700,1,2,-1,2,8
24,1,1,700,2,-1,-1,-1,-1
28,1,1,700,-1,-1,-1,-1,-1
6,1,1,700,1,-1,-1,-1,-1
61,3,2,700,-1,1,-1,2,7
13,1,2,700,1,-1,-1,-1,-1
40,2,2,700,-1,-1,-1,-1,-1
57,2,2,700,-1,-1,-1,-1,-1
28,2,1,700,-1,-1,-1,-1,-1
35,2,1,700,-1,-1,-1,-1,-1
21,1,2,700,2,-1,-1,-1,-1
45,2,2,700,-1,-1,-1,-1,-1
9,1,1,700,1,-1,-1,-1,-1
5,1,2,700,1,-1,-1,-1,-1
12,1,2,700,1,-1,-1,-1,-1
28,1,1,700,-1,2,-1,2,8
6,1,2,700,1,-1,-1,-1,-1
12,1,1,700,1,-1,-1,-1,-1
25,2,1,700,-1,-1,-1,-1,-1
24,1,2,700,2,1,-1,2,5
62,3,2,700,-1,-1,-1,-1,-1
52,2,1,700,-1,-1,-1,-1,-1
34,2,2,700,-1,2,-1,2,7
32,2,2,700,-1,2,-1,2,7
7,1,2,700,1,-1,-1,-1,-1
13,1,1,700,1,-1,-1,-1,-1
50,2,2,700,-1,1,-1,2,7
30,2,2,700,-1,-1,-1,-1,-1
54,2,1,700,-1,1,-1,2,1
29,2,1,700,-1,1,2,1,-1
9,1,2,700,1,-1,-1,-1,-1
10,1,1,700,1,-1,-1,-1,-1
14,1,1,700,1,-1,-1,-1,-1
54,2,1,700,-1,1,-1,2,6
56,1,1,700,-1,-1,-1,-1,-1
42,2,2,700,-1,-1,-1,-1,-1
65,2,2,700,-1,1,-1,2,6
17,1,2,700,1,2,-1,2,8
25,1,1,700,-1,-1,-1,-1,-1
32,2,2,700,-1,-1,-1,-1,-1
5,1,1,700,1,-1,-1,-1,-1
7,1,1,700,1,-1,-1,-1,-1
41,2,2,700,-1,-1,-1,-1,-1
22,2,2,700,2,1,-1,2,7
28,2,1,700,-1,-1,-1,-1,-1
10,1,1,700,1,-1,-1,-1,-1
9,1,2,700,1,-1,-1,-1,-1
50,1,2,700,-1,-1,-1,-1,-1
45,2,2,700,-1,-1,-1,-1,-1
20,1,1,700,1,2,-1,2,8
32,2,2,700,-1,1,-1,2,7
14,1,2,700,2,-1,-1,-1,-1
57,2,1,700,-1,-1,-1,-1,-1
15,1,2,700,1,2,-1,2,8
38,2,1,700,-1,-1,-1,-1,-1
45,1,2,700,-1,-1,-1,-1,-1
32,2,1,700,-1,-1,-1,-1,-1
49,2,1,700,-1,-1,-1,-1,-1
14,1,2,700,1,-1,-1,-1,-1
50,2,1,700,-1,-1,-1,-1,-1
24,1,1,700,2,-1,-1,-1,-1
12,1,1,700,1,-1,-1,-1,-1
6,1,2,700,1,-1,-1,-1,-1
26,2,2,700,-1,2,-1,2,7
31,1,1,700,-1,-1,-1,-1,-1
12,1,2,700,1,-1,-1,-1,-1
55,2,2,700,-1,-1,-1,-1,-1
35,2,2,700,-1,1,-1,2,7
8,1,1,700,1,-1,-1,-1,-1
36,2,1,700,-1,-1,-1,-1,-1
28,1,1,700,-1,-1,-1,-1,-1
36,2,1,700,-1,-1,-1,-1,-1
32,2,2,700,-1,-1,-1,-1,-1
15,1,2,700,1,2,-1,2,8
28,2,2,700,-1,1,-1,2,7
10,1,2,700,1,-1,-1,-1,-1
37,2,1,700,-1,-1,-1,-1,-1
19,1,2,700,1,2,-1,2,8
88,3,2,700,-1,1,-1,2,6
57,2,1,700,-1,-1,-1,-1,-1
32,2,1,700,-1,-1,-1,-1,-1
58,2,2,700,-1,-1,-1,-1,-1
62,2,2,700,-1,1,-1,2,6
5,1,2,700,2,-1,-1,-1,-1
8,1,1,700,1,-1,-1,-1,-1
53,1,1,700,-1,2,-1,2,7
49,2,2,700,-1,-1,-1,-1,-1
8,1,1,700,1,-1,-1,-1,-1
22,1,1,700,2,-1,-1,-1,-1
15,1,2,700,1,2,-1,2,8
7,1,1,700,1,-1,-1,-1,-1
16,1,2,700,1,2,-1,2,8
5,1,2,700,1,-1,-1,-1,-1
19,1,1,700,2,1,-1,2,2
37,2,1,700,-1,-1,-1,-1,-1
12,1,1,700,1,-1,-1,-1,-1
5,1,1,700,1,-1,-1,-1,-1
42,2,1,700,-1,-1,-1,-1,-1
85,3,2,700,-1,1,-1,2,6
19,1,1,700,1,-1,-1,-1,-1
18,1,1,700,2,-1,-1,-1,-1
19,1,2,700,1,2,-1,2,8
36,1,2,700,-1,1,-1,2,7
15,1,1,700,1,2,-1,2,8
6,1,2,700,1,-1,-1,-1,-1
50,2,1,700,-1,-1,-1,-1,-1
70,2,1,700,-1,-1,-1,-1,-1
46,2,1,700,-1,-1,-1,-1,-1
8,1,2,700,2,-1,-1,-1,-1
38,1,1,700,-1,-1,-1,-1,-1
28,2,2,700,-1,1,-1,2,7
9,1,2,700,1,-1,-1,-1,-1
32,1,1,700,-1,-1,-1,-1,-1
24,2,1,700,2,-1,-1,-1,-1
16,1,1,700,2,2,-1,2,3
5,1,1,700,1,-1,-1,-1,-1
62,2,1,700,-1,-1,-1,-1,-1
24,1,1,700,2,-1,-1,-1,-1
51,2,1,700,-1,-1,-1,-1,-1
39,2,2,700,-1,-1,-1,-1,-1
52,3,2,700,-1,-1,-1,-1,-1
62,2,2,700,-1,1,-1,2,7
49,2,1,700,-1,-1,-1,-1,-1
40,2,1,700,-1,-1,-1,-1,-1
12,1,2,700,1,-1,-1,-1,-1
73,3,2,700,-1,1,-1,2,6
32,2,2,700,-1,-1,-1,-1,-1
30,2,2,700,-1,1,-1,2,7
23,1,2,700,2,-1,-1,-1,-1
62,2,1,700,-1,1,-1,2,6
33,2,2,700,-1,-1,-1,-1,-1
24,2,1,700,2,-1,-1,-1,-1
14,1,1,700,1,-1,-1,-1,-1
7,1,1,700,1,-1,-1,-1,-1
26,2,1,700,-1,-1,-1,-1,-1
11,1,1,700,1,-1,-1,-1,-1
32,2,2,700,-1,1,-1,2,7
11,1,2,700,1,-1,-1,-1,-1
16,1,1,700,2,-1,-1,-1,-1
49,2,1,700,-1,-1,-1,-1,-1
23,1,1,700,2,-1,-1,-1,-1
12,1,1,700,1,-1,-1,-1,-1
24,2,1,700,2,1,2,1,-1
8,1,2,700,1,-1,-1,-1,-1
10,1,1,700,1,-1,-1,-1,-1
14,1,2,700,1,-1,-1,-1,-1
32,2,2,700,-1,1,-1,2,7
6,1,2,700,1,-1,-1,-1,-1
13,1,1,700,1,-1,-1,-1,-1
8,1,2,700,1,-1,-1,-1,-1
23,1,1,700,2,-1,-1,-1,-1
9,1,1,700,1,-1,-1,-1,-1
27,1,1,700,-1,1,-1,2,2
21,1,2,700,2,2,1,1,-1
5,1,1,700,1,-1,-1,-1,-1
65,2,2,700,-1,1,-1,2,6
18,1,1,700,1,1,-1,2,8
8,1,2,700,1,-1,-1,-1,-1
5,1,1,700,2,-1,-1,-1,-1
13,1,1,700,1,-1,-1,-1,-1
11,1,2,700,1,-1,-1,-1,-1
17,1,1,700,1,-1,-1,-1,-1
62,2,1,700,-1,-1,-1,-1,-1
28,2,1,700,-1,-1,-1,-1,-1
74,2,1,700,-1,-1,-1,-1,-1
64,3,2,700,-1,-1,-1,-1,-1
20,1,1,700,1,2,-1,2,8
59,2,2,700,-1,-1,-1,-1,-1
30,2,1,700,-1,-1,-1,-1,-1
14,1,2,700,1,-1,-1,-1,-1
13,1,1,700,1,-1,-1,-1,-1
33,2,2,700,-1,-1,-1,-1,-1
12,1,1,700,1,-1,-1,-1,-1
17,1,1,700,1,2,-1,2,8
38,1,1,700,-1,1,-1,2,1
48,3,1,700,-1,-1,-1,-1,-1
38,2,2,700,-1,1,-1,2,7
36,2,1,700,-1,-1,-1,-1,-1
53,2,2,700,-1,1,-1,2,7
50,2,1,700,-1,-1,-1,-1,-1
5,1,2,700,1,-1,-1,-1,-1
36,2,2,700,-1,1,-1,2,7
32,2,2,700,-1,-1,-1,-1,-1
19,1,2,700,2,-1,-1,-1,-1
32,2,2,700,-1,1,-1,2,7
38,2,2,700,-1,1,-1,2,7
24,1,2,700,2,-1,-1,-1,-1
37,3,1,700,-1,1,2,1,-1
29,2,1,700,-1,-1,-1,-1,-1
17,2,1,700,1,-1,-1,-1,-1
10,1,2,700,1,-1,-1,-1,-1
17,1,2,700,1,2,-1,2,9
33,2,2,700,-1,1,-1,2,7
34,2,1,700,-1,-1,-1,-1,-1
56,3,2,700,-1,1,-1,2,6
75,2,1,700,-1,1,-1,2,6
10,1,2,700,1,-1,-1,-1,-1
62,2,1,700,-1,-1,-1,-1,-1
60,2,1,700,-1,-1,-1,-1,-1
21,1,2,700,2,-1,-1,-1,-1
15,1,1,700,1,2,-1,2,7
35,2,2,700,-1,1,-1,2,7
52,2,2,700,-1,-1,-1,-1,-1
33,2,1,700,-1,-1,-1,-1,-1
8,1,2,700,1,-1,-1,-1,-1
48,2,2,700,-1,1,-1,2,7
25,1,2,700,-1,-1,-1,-1,-1
58,2,1,700,-1,-1,-1,-1,-1
7,1,2,700,1,-1,-1,-1,-1
18,1,2,700,2,-1,-1,-1,-1
9,1,1,700,1,-1,-1,-1,-1
26,2,1,700,-1,-1,-1,-1,-1
18,1,1,700,1,2,-1,2,8
27,1,1,700,-1,-1,-1,-1,-1
25,1,2,700,-1,-1,-1,-1,-1
30,2,2,700,-1,-1,-1,-1,-1
38,2,2,700,-1,-1,-1,-1,-1
21,1,2,700,2,1,2,1,-1
35,2,2,700,-1,-1,-1,-1,-1
15,1,2,700,1,2,-1,2,8
87,3,2,700,-1,1,-1,2,6
24,1,1,700,2,-1,-1,-1,-1
37,2,2,700,-1,1,-1,2,7
49,2,2,700,-1,-1,-1,-1,-1
31,2,1,700,-1,-1,-1,-1,-1
54,2,1,700,-1,-1,-1,-1,-1
9,1,1,700,1,-1,-1,-1,-1
43,2,2,700,-1,-1,-1,-1,-1
22,2,1,700,2,-1,-1,-1,-1
52,2,2,700,-1,-1,-1,-1,-1
23,2,1,700,2,-1,-1,-1,-1
14,1,1,700,1,-1,-1,-1,-1
54,2,2,700,-1,-1,-1,-1,-1
11,1,2,700,1,-1,-1,-1,-1
46,2,1,700,-1,1,-1,2,2
31,2,2,700,-1,-1,-1,-1,-1
64,2,2,700,-1,1,-1,2,6
50,2,2,700,-1,-1,-1,-1,-1
10,1,1,700,1,-1,-1,-1,-1
18,1,1,700,1,2,-1,2,8
31,2,1,700,-1,-1,-1,-1,-1
8,1,1,700,1,-1,-1,-1,-1
23,1,2,700,2,-1,-1,-1,-1
54,2,1,700,-1,-1,-1,-1,-1
15,1,2,700,1,2,-1,2,9
68,2,1,700,-1,-1,-1,-1,-1
20,1,1,700,2,-1,-1,-1,-1
15,1,1,700,1,-1,-1,-1,-1
63,2,1,700,-1,1,-1,2,6
29,1,1,700,-1,1,2,1,-1
73,3,2,700,-1,2,-1,2,6
50,2,1,700,-1,-1,-1,-1,-1
26,2,1,700,-1,-1,-1,-1,-1
22,2,2,700,2,2,-1,2,7
12,1,1,700,1,-1,-1,-1,-1
58,3,2,700,-1,2,-1,2,6
17,1,1,700,1,2,-1,2,8
21,1,2,700,1,2,-1,2,8
83,3,2,700,-1,1,-1,2,6
42,2,2,700,-1,-1,-1,-1,-1
49,2,1,700,-1,-1,-1,-1,-1
9,1,1,700,1,-1,-1,-1,-1
5,1,1,700,1,-1,-1,-1,-1
55,1,1,700,-1,-1,-1,-1,-1
57,2,2,700,-1,-1,-1,-1,-1
29,2,1,700,-1,-1,-1,-1,-1
67,3,2,700,-1,-1,-1,-1,-1
79,3,1,700,-1,1,-1,2,6
41,2,2,700,-1,1,-1,2,7
27,1,2,700,-1,-1,-1,-1,-1
39,2,1,700,-1,-1,-1,-1,-1
18,1,1,700,1,1,-1,2,8
12,1,1,700,1,-1,-1,-1,-1
24,2,1,700,2,1,-1,2,7
65,3,2,700,-1,1,-1,2,6
24,1,2,700,2,-1,-1,-1,-1
62,3,2,700,-1,1,-1,2,7
6,1,1,700,1,-1,-1,-1,-1
53,2,2,700,-1,-1,-1,-1,-1
63,2,2,700,-1,1,-1,2,6
34,2,2,700,-1,1,-1,2,7
7,1,1,700,1,-1,-1,-1,-1
15,1,1,700,2,2,-1,2,7
28,2,1,700,-1,-1,-1,-1,-1
12,1,1,700,1,-1,-1,-1,-1
16,1,1,700,2,-1,-1,-1,-1
58,2,1,700,-1,-1,-1,-1,-1
13,1,2,700,1,-1,-1,-1,-1
35,2,1,700,-1,-1,-1,-1,-1
49,2,2,700,-1,-1,-1,-1,-1
16,1,2,700,1,2,-1,2,8
91,2,1,700,-1,1,-1,2,6
11,1,2,700,1,-1,-1,-1,-1
12,1,2,700,1,-1,-1,-1,-1
12,1,2,700,1,-1,-1,-1,-1
20,1,1,700,2,2,1,1,-1
30,2,2,700,-1,-1,-1,-1,-1
9,1,1,700,1,-1,-1,-1,-1
57,2,1,700,-1,1,-1,2,6
25,2,1,700,-1,-1,-1,-1,-1
32,1,1,700,-1,-1,-1,-1,-1
25,2,2,700,-1,1,-1,2,7
75,3,1,700,-1,2,-1,2,6
53,2,2,700,-1,1,-1,2,7
23,2,2,700,2,1,-1,2,7
16,1,1,700,1,2,-1,2,8
25,3,1,700,-1,1,-1,2,2
15,1,1,700,1,2,-1,2,8
30,2,2,700,-1,-1,-1,-1,-1
51,2,1,700,-1,-1,-1,-1,-1
45,2,2,700,-1,-1,-1,-1,-1
29,2,2,700,-1,-1,-1,-1,-1
37,2,2,700,-1,1,-1,2,7
17,1,2,700,1,2,-1,2,8
14,1,1,700,1,-1,-1,-1,-1
53,2,1,700,-1,-1,-1,-1,-1
26,2,2,700,-1,2,-1,2,8
53,2,1,700,-1,-1,-1,-1,-1
49,2,1,700,-1,-1,-1,-1,-1
10,1,2,700,1,-1,-1,-1,-1
26,2,2,700,-1,1,-1,2,7
12,1,2,700,1,-1,-1,-1,-1
48,1,1,700,-1,2,-1,2,1
20,2,2,700,2,-1,-1,-1,-1
18,1,2,700,1,2,-1,2,8
47,2,1,700,-1,-1,-1,-1,-1
47,2,1,700,-1,-1,-1,-1,-1
49,2,1,700,-1,-1,-1,-1,-1
60,2,1,700,-1,1,-1,2,6
25,1,1,700,-1,-1,-1,-1,-1
13,1,1,700,1,-1,-1,-1,-1
7,1,2,700,1,-1,-1,-1,-1
60,2,1,700,-1,-1,-1,-1,-1
12,1,1,700,1,-1,-1,-1,-1
27,2,2,700,-1,-1,-1,-1,-1
42,2,2,700,-1,1,-1,2,7
26,2,2,700,-1,1,-1,2,7
70,3,2,700,-1,-1,-1,-1,-1
8,1,1,700,1,-1,-1,-1,-1
37,2,1,700,-1,-1,-1,-1,-1
31,2,2,700,-1,1,-1,2,7
39,2,2,700,-1,1,-1,2,7
45,2,1,700,-1,-1,-1,-1,-1
63,2,1,700,-1,-1,-1,-1,-1
22,2,2,700,2,2,-1,2,7
25,2,1,700,-1,-1,-1,-1,-1
15,1,2,700,1,2,-1,2,8
27,2,1,700,-1,-1,-1,-1,-1
27,1,1,700,-1,-1,-1,-1,-1
36,2,2,700,-1,-1,-1,-1,-1
40,2,1,700,-1,-1,-1,-1,-1
42,2,2,700,-1,1,-1,2,7
20,1,1,700,2,2,-1,2,7
10,1,1,700,1,-1,-1,-1,-1
10,1,2,700,1,-1,-1,-1,-1
9,1,2,700,1,-1,-1,-1,-1
7,1,1,700,1,-1,-1,-1,-1
5,1,2,700,1,-1,-1,-1,-1
26,1,1,700,-1,1,2,1,-1
32,1,1,700,-1,-1,-1,-1,-1
42,2,1,700,-1,-1,-1,-1,-1
11,1,1,700,1,-1,-1,-1,-1
44,2,2,700,-1,-1,-1,-1,-1
49,2,2,700,-1,-1,-1,-1,-1
61,2,1,700,-1,-1,-1,-1,-1
11,1,1,700,1,-1,-1,-1,-1
39,2,1,700,-1,-1,-1,-1,-1
54,2,2,700,-1,-1,-1,-1,-1
46,2,2,700,-1,2,-1,2,7
18,1,2,700,1,2,-1,2,8
45,2,1,700,-1,-1,-1,-1,-1
10,1,2,700,1,-1,-1,-1,-1
49,2,2,700,-1,-1,-1,-1,-1
17,1,2,700,2,2,-1,2,9
49,2,1,700,-1,-1,-1,-1,-1
5,1,2,700,1,-1,-1,-1,-1
27,2,1,700,-1,-1,-1,-1,-1
10,1,2,700,1,-1,-1,-1,-1
26,2,2,700,-1,-1,-1,-1,-1
12,1,2,700,1,-1,-1,-1,-1
5,1,2,700,1,-1,-1,-1,-1
8,1,2,700,1,-1,-1,-1,-1
51,2,2,700,-1,1,-1,2,7
18,1,1,700,2,-1,-1,-1,-1
75,3,1,700,-1,1,2,1,-1
67,2,2,700,-1,-1,-1,-1,-1
51,2,1,700,-1,-1,-1,-1,-1
31,2,1,700,-1,-1,-1,-1,-1
45,2,2,700,-1,1,-1,2,7
80,3,1,700,-1,1,-1,2,6
32,2,2,700,-1,-1,-1,-1,-1
18,1,2,700,2,-1,-1,-1,-1
62,3,1,700,-1,1,-1,2,6
22,2,1,700,2,-1,-1,-1,-1
10,1,1,700,1,-1,-1,-1,-1
8,1,1,700,1,-1,-1,-1,-1
38,2,2,700,-1,-1,-1,-1,-1
5,1,1,700,1,-1,-1,-1,-1
21,1,2,700,2,-1,-1,-1,-1
44,2,2,700,-1,1,-1,2,7
21,1,2,700,2,-1,-1,-1,-1
38,2,2,700,-1,-1,-1,-1,-1
22,1,1,700,2,2,-1,2,8
7,1,1,700,2,-1,-1,-1,-1
11,1,2,700,1,-1,-1,-1,-1
32,1,2,700,-1,-1,-1,-1,-1
45,2,2,700,-1,2,-1,2,7
13,1,1,700,1,-1,-1,-1,-1
33,2,2,700,-1,1,-1,2,7
19,1,2,700,1,2,-1,2,8
51,2,2,700,-1,-1,-1,-1,-1
67,2,1,700,-1,-1,-1,-1,-1
8,1,2,700,1,-1,-1,-1,-1
8,1,2,700,1,-1,-1,-1,-1
30,2,2,700,-1,1,-1,2,7
24,1,2,700,2,-1,-1,-1,-1
47,2,2,700,-1,-1,-1,-1,-1
43,2,1,700,-1,1,-1,2,4
19,1,1,700,2,2,-1,2,6
36,2,1,700,-1,-1,-1,-1,-1
58,2,1,700,-1,-1,-1,-1,-1
20,1,2,700,1,1,-1,2,8
43,2,1,700,-1,-1,-1,-1,-1
7,1,2,700,1,-1,-1,-1,-1
31,1,1,700,-1,-1,-1,-1,-1
10,1,1,700,1,-1,-1,-1,-1
18,1,1,700,1,2,-1,2,8
85,1,2,700,-1,1,-1,2,6
34,2,2,700,-1,2,-1,2,7
30,1,1,700,-1,-1,-1,-1,-1
17,2,1,700,2,-1,-1,-1,-1
37,1,2,700,-1,-1,-1,-1,-1
23,1,1,700,1,2,-1,2,8
55,2,1,700,-1,-1,-1,-1,-1
74,3,2,700,-1,-1,-1,-1,-1
68,2,1,700,-1,-1,-1,-1,-1
55,2,1,700,-1,1,-1,2,3
12,1,1,700,1,-1,-1,-1,-1
10,1,2,700,1,-1,-1,-1,-1
28,2,2,700,-1,1,-1,2,9
28,2,2,700,-1,-1,-1,-1,-1
27,2,2,700,-1,1,-1,2,7
35,2,1,700,-1,-1,-1,-1,-1
48,2,1,700,-1,-1,-1,-1,-1
19,1,1,700,1,1,-1,2,8
10,1,1,700,1,-1,-1,-1,-1
27,2,2,700,-1,1,-1,2,7
10,1,2,700,1,-1,-1,-1,-1
17,1,2,700,2,-1,-1,-1,-1
40,2,2,700,-1,1,-1,2,7
13,1,2,700,2,-1,-1,-1,-1
15,1,1,700,1,2,-1,2,8
43,2,2,700,-1,-1,-1,-1,-1
14,1,1,700,1,-1,-1,-1,-1
51,3,1,700,-1,1,-1,2,6
47,2,1,700,-1,-1,-1,-1,-1
19,2,2,700,2,2,-1,2,7
5,1,2,700,1,-1,-1,-1,-1
16,1,1,700,1,2,-1,2,8
21,1,2,700,2,-1,-1,-1,-1
8,1,2,700,1,-1,-1,-1,-1
22,1,2,700,2,-1,-1,-1,-1
54,2,2,700,-1,-1,-1,-1,-1
54,2,1,700,-1,-1,-1,-1,-1
7,1,2,700,1,-1,-1,-1,-1
21,1,2,700,2,-1,-1,-1,-1
69,1,2,700,-1,-1,-1,-1,-1
14,1,2,700,1,-1,-1,-1,-1
29,1,2,700,-1,1,-1,2,5
19,1,1,700,1,2,-1,2,8
25,2,1,700,-1,-1,-1,-1,-1
22,1,1,700,2,-1,-1,-1,-1
17,2,2,700,2,2,-1,2,7
18,2,2,700,2,1,-1,2,7
27,2,2,700,-1,2,-1,2,7
23,2,2,700,2,1,-1,2,7
20,1,1,700,1,2,-1,2,8
33,2,2,700,-1,-1,-1,-1,-1
14,1,2,700,1,-1,-1,-1,-1
16,1,2,700,1,2,-1,2,8
32,1,2,700,-1,-1,-1,-1,-1
38,2,2,700,-1,2,-1,2,7
22,1,2,700,2,1,-1,2,2
25,1,1,700,-1,-1,-1,-1,-1
80,3,2,700,-1,1,-1,2,6
23,1,1,700,2,-1,-1,-1,-1
5,1,2,700,1,-1,-1,-1,-1
36,2,2,700,-1,-1,-1,-1,-1
21,2,2,700,2,1,-1,2,7
19,1,2,700,1,1,2,1,-1
45,2,2,700,-1,-1,-1,-1,-1
7,1,1,700,1,-1,-1,-1,-1
30,2,2,700,-1,1,-1,2,7
69,2,1,700,-1,-1,-1,-1,-1
90,3,2,700,-1,2,-1,2,6
49,2,2,700,-1,-1,-1,-1,-1
18,1,1,700,1,2,-1,2,8
36,2,1,700,-1,-1,-1,-1,-1
18,1,1,700,1,-1,-1,-1,-1
7,1,1,700,1,-1,-1,-1,-1
40,2,2,700,-1,-1,-1,-1,-1
6,1,1,700,1,-1,-1,-1,-1
14,1,2,700,1,-1,-1,-1,-1
72,3,2,700,-1,-1,-1,-1,-1
29,2,1,700,-1,-1,-1,-1,-1
33,2,1,700,-1,-1,-1,-1,-1
11,1,2,700,1,-1,-1,-1,-1
38,2,1,700,-1,-1,-1,-1,-1
64,2,2,700,-1,-1,-1,-1,-1
42,2,2,700,-1,-1,-1,-1,-1
45,2,1,700,-1,-1,-1,-1,-1
15,1,1,700,2,2,-1,2,8
47,2,2,700,-1,1,-1,2,7
32,2,2,700,-1,-1,-1,-1,-1
7,1,1,700,1,-1,-1,-1,-1
14,1,2,700,2,-1,-1,-1,-1
50,2,1,700,-1,-1,-1,-1,-1
25,2,2,700,-1,2,-1,2,7
36,2,1,700,-1,-1,-1,-1,-1
7,1,2,700,1,-1,-1,-1,-1
17,1,1,700,1,2,-1,2,8
15,1,1,700,2,-1,-1,-1,-1
20,1,1,700,2,-1,-1,-1,-1
28,2,2,700,-1,-1,-1,-1,-1
5,1,2,700,1,-1,-1,-1,-1
18,1,1,700,1,2,-1,2,8
57,2,1,700,-1,-1,-1,-1,-1
36,2,2,700,-1,1,-1,2,7
10,1,1,700,1,-1,-1,-1,-1
28,3,2,700,-1,1,-1,2,7
13,1,1,700,1,-1,-1,-1,-1
10,1,2,700,1,-1,-1,-1,-1
32,2,2,700,-1,1,-1,2,7
5,1,2,700,2,-1,-1,-1,-1
43,2,2,700,-1,1,-1,2,7
48,1,1,700,-1,-1,-1,-1,-1
28,2,1,700,-1,-1,-1,-1,-1
8,1,2,700,1,-1,-1,-1,-1
42,2,1,700,-1,-1,-1,-1,-1
24,1,2,700,2,-1,-1,-1,-1
13,1,2,700,1,-1,-1,-1,-1
22,2,2,700,2,2,-1,2,7
28,2,2,700,-1,1,-1,2,7
29,2,1,700,-1,-1,-1,-1,-1
15,1,1,700,1,2,-1,2,8
23,2,2,700,2,-1,-1,-1,-1
28,2,1,700,-1,-1,-1,-1,-1
20,2,1,700,2,-1,-1,-1,-1
5,1,2,700,1,-1,-1,-1,-1
38,2,1,700,-1,-1,-1,-1,-1
19,1,2,700,1,2,-1,2,8
13,1,2,700,1,-1,-1,-1,-1
78,3,2,700,-1,1,-1,2,6
34,2,1,700,-1,-1,-1,-1,-1
20,1,2,700,2,-1,-1,-1,-1
87,3,2,700,-1,1,-1,2,6
42,2,2,700,-1,-1,-1,-1,-1
55,2,1,700,-1,-1,-1,-1,-1
26,1,1,700,-1,-1,-1,-1,-1
12,1,2,700,1,-1,-1,-1,-1
40,2,2,700,-1,2,-1,2,7
8,1,1,700,1,-1,-1,-1,-1
11,1,1,700,1,-1,-1,-1,-1
21,1,1,700,2,2,-1,2,2
49,2,1,700,-1,-1,-1,-1,-1
26,1,1,700,-1,-1,-1,-1,-1
11,1,2,700,1,-1,-1,-1,-1
36,2,2,700,-1,1,-1,2,7
35,4,2,700,-1,-1,-1,-1,-1
22,1,2,700,2,-1,-1,-1,-1
10,1,1,700,1,-1,-1,-1,-1
22,2,1,700,2,-1,-1,-1,-1
29,2,2,700,-1,-1,-1,-1,-1
38,2,1,700,-1,-1,-1,-1,-1
16,1,1,700,1,-1,-1,-1,-1
48,2,1,700,-1,-1,-1,-1,-1
16,1,1,700,1,2,-1,2,8
45,2,2,700,-1,-1,-1,-1,-1
47,2,2,700,-1,-1,-1,-1,-1
15,1,2,700,1,2,-1,2,8
18,1,2,700,1,2,-1,2,8
59,2,2,700,-1,-1,-1,-1,-1
7,1,1,700,1,-1,-1,-1,-1
33,2,1,700,-1,-1,-1,-1,-1
37,2,1,700,-1,-1,-1,-1,-1
16,1,2,700,1,2,-1,2,8
23,1,1,700,2,-1,-1,-1,-1
16,1,2,700,1,2,-1,2,8
18,1,2,700,1,2,-1,2,8
8,1,2,700,1,-1,-1,-1,-1
18,1,1,700,1,1,-1,2,8
22,1,1,700,2,-1,-1,-1,-1
42,2,2,700,-1,-1,-1,-1,-1
6,1,2,700,1,-1,-1,-1,-1
43,1,2,700,-1,1,-1,2,7
49,2,1,700,-1,-1,-1,-1,-1
22,1,2,700,2,2,2,1,-1
69,3,2,700,-1,-1,-1,-1,-1
19,2,2,700,2,1,-1,2,7
75,2,1,700,-1,1,-1,2,6
30,2,2,700,-1,1,-1,2,7
24,1,2,700,2,-1,-1,-1,-1
7,1,1,700,1,-1,-1,-1,-1
16,1,2,700,1,2,-1,2,9
49,2,1,700,-1,-1,-1,-1,-1
36,1,2,700,-1,-1,-1,-1,-1
54,2,2,700,-1,-1,-1,-1,-1
66,2,1,700,-1,-1,-1,-1,-1
11,1,1,700,1,-1,-1,-1,-1
10,1,2,700,1,-1,-1,-1,-1
23,2,1,700,2,-1,-1,-1,-1
8,1,2,700,1,-1,-1,-1,-1
22,2,1,700,2,-1,-1,-1,-1
46,2,2,700,-1,-1,-1,-1,-1
30,2,2,700,-1,1,-1,2,7
21,4,2,700,2,2,-1,2,1
18,1,1,700,2,-1,-1,-1,-1
11,1,2,700,1,-1,-1,-1,-1
24,2,2,700,2,1,-1,2,7
11,1,2,700,1,-1,-1,-1,-1
58,4,2,700,-1,-1,-1,-1,-1
6,1,1,700,1,-1,-1,-1,-1
59,4,1,700,-1,-1,-1,-1,-1
15,1,2,700,1,2,-1,2,8
26,2,2,700,-1,1,-1,2,7
6,1,2,700,1,-1,-1,-1,-1
42,1,1,700,-1,-1,-1,-1,-1
60,2,2,700,-1,-1,-1,-1,-1
28,1,2,700,-1,-1,-1,-1,-1
9,1,2,700,1,-1,-1,-1,-1
36,2,1,700,-1,-1,-1,-1,-1
52,2,2,700,-1,1,-1,2,7
6,1,2,700,1,-1,-1,-1,-1
58,2,2,700,-1,-1,-1,-1,-1
8,1,2,700,1,-1,-1,-1,-1
43,2,2,700,-1,-1,-1,-1,-1
67,2,1,700,-1,1,-1,2,6
5,1,1,700,1,-1,-1,-1,-1
12,1,2,700,1,-1,-1,-1,-1
9,1,2,700,1,-1,-1,-1,-1
46,2,2,700,-1,-1,-1,-1,-1
35,1,1,700,-1,-1,-1,-1,-1
30,1,1,700,-1,-1,-1,-1,-1
42,2,1,700,-1,1,-1,2,3
32,2,2,700,-1,-1,-1,-1,-1
77,3,2,700,-1,1,-1,2,6
8,1,1,700,1,-1,-1,-1,-1
27,1,2,700,-1,1,2,1,-1
17,2,2,700,2,2,-1,2,7
55,4,2,700,-1,-1,-1,-1,-1
60,3,2,700,-1,-1,-1,-1,-1
58,3,2,700,-1,2,-1,2,7
86,3,2,700,-1,-1,-1,-1,-1
26,2,2,700,-1,-1,-1,-1,-1
18,1,1,700,2,1,-1,2,1
18,1,2,700,2,-1,-1,-1,-1
25,1,1,700,-1,2,-1,2,3
20,1,1,700,1,2,-1,2,8
11,1,1,700,1,-1,-1,-1,-1
51,2,1,700,-1,-1,-1,-1,-1
19,1,1,700,2,-1,-1,-1,-1
27,1,2,700,-1,-1,-1,-1,-1
36,4,2,700,-1,-1,-1,-1,-1
63,2,1,700,-1,-1,-1,-1,-1
35,2,2,700,-1,-1,-1,-1,-1
17,1,1,700,1,2,-1,2,8
25,1,2,700,-1,-1,-1,-1,-1
12,1,1,700,2,-1,-1,-1,-1
15,1,2,700,1,-1,-1,-1,-1
26,1,2,700,-1,-1,-1,-1,-1
36,1,1,700,-1,-1,-1,-1,-1
22,1,2,700,2,-1,-1,-1,-1
18,1,2,700,2,2,-1,2,1
38,2,1,700,-1,-1,-1,-1,-1
36,2,2,700,-1,-1,-1,-1,-1
17,1,2,700,2,2,-1,2,7
24,1,2,700,2,-1,-1,-1,-1
15,1,1,700,1,1,-1,2,7
41,1,1,700,-1,-1,-1,-1,-1
35,1,2,700,-1,1,-1,2,3
43,1,1,700,-1,-1,-1,-1,-1
60,3,2,700,-1,-1,-1,-1,-1
5,1,1,700,1,-1,-1,-1,-1
46,2,1,700,-1,-1,-1,-1,-1
16,1,2,700,1,2,-1,2,8
11,1,2,700,1,-1,-1,-1,-1
26,2,1,700,-1,-1,-1,-1,-1
45,2,2,700,-1,-1,-1,-1,-1
12,1,2,700,1,-1,-1,-1,-1
8,1,1,700,1,-1,-1,-1,-1
21,1,1,700,2,-1,-1,-1,-1
67,2,1,700,-1,1,-1,2,6
17,1,2,700,1,2,-1,2,8
21,1,1,700,2,-1,-1,-1,-1
70,2,2,700,-1,1,-1,2,6
46,2,1,700,-1,-1,-1,-1,-1
24,1,2,700,1,1,-1,2,8
52,2,1,700,-1,-1,-1,-1,-1
64,2,1,700,-1,-1,-1,-1,-1
34,2,2,700,-1,1,-1,2,7
10,1,2,700,1,-1,-1,-1,-1
16,1,1,700,1,2,-1,2,8
13,1,2,700,1,-1,-1,-1,-1
62,2,1,700,-1,1,-1,2,6
14,1,1,700,1,-1,-1,-1,-1
40,2,1,700,-1,-1,-1,-1,-1
19,1,1,700,1,1,-1,2,8
19,1,1,700,1,-1,-1,-1,-1
22,1,2,700,2,-1,-1,-1,-1
23,1,1,700,1,-1,-1,-1,-1
14,1,1,700,1,-1,-1,-1,-1
65,2,1,700,-1,-1,-1,-1,-1
9,1,2,700,1,-1,-1,-1,-1
37,2,2,700,-1,-1,-1,-1,-1
61,2,2,700,-1,-1,-1,-1,-1
50,4,2,700,-1,1,-1,2,7
15,1,2,700,1,2,-1,2,8
15,1,2,700,1,-1,-1,-1,-1
39,2,1,700,-1,-1,-1,-1,-1
28,1,1,700,-1,1,-1,2,9
70,3,2,700,-1,1,-1,2,6
50,1,2,700,-1,-1,-1,-1,-1
34,2,1,700,-1,-1,-1,-1,-1
15,1,1,700,1,2,-1,2,8
40,2,2,700,-1,1,-1,2,7
9,1,2,700,1,-1,-1,-1,-1
27,2,1,700,-1,-1,-1,-1,-1
70,3,2,700,-1,1,-1,2,6
35,2,1,700,-1,1,-1,2,3
12,1,1,700,1,-1,-1,-1,-1
14,1,1,700,1,-1,-1,-1,-1
56,2,1,700,-1,-1,-1,-1,-1
68,2,2,700,-1,1,-1,2,6
15,1,1,700,1,2,-1,2,8
20,1,2,700,2,-1,-1,-1,-1
13,1,1,700,1,-1,-1,-1,-1
21,1,1,700,2,1,-1,2,1
14,1,1,700,1,-1,-1,-1,-1
63,2,1,700,-1,1,-1,2,6
37,2,1,700,-1,-1,-1,-1,-1
41,2,1,700,-1,-1,-1,-1,-1
50,2,2,700,-1,-1,-1,-1,-1
63,3,2,700,-1,-1,-1,-1,-1
50,2,2,700,-1,-1,-1,-1,-1
68,3,1,700,-1,-1,-1,-1,-1
10,1,2,700,1,-1,-1,-1,-1
27,2,1,700,-1,-1,-1,-1,-1
8,1,1,700,1,-1,-1,-1,-1
76,2,2,700,-1,-1,-1,-1,-1
11,1,1,700,1,-1,-1,-1,-1
46,2,1,700,-1,-1,-1,-1,-1
63,2,2,700,-1,1,-1,2,7
27,1,1,700,-1,-1,-1,-1,-1
20,1,1,700,2,-1,-1,-1,-1
20,1,1,700,2,-1,-1,-1,-1
17,1,2,700,1,2,-1,2,8
12,1,1,700,1,-1,-1,-1,-1
13,1,1,700,1,-1,-1,-1,-1
17,1,2,700,1,2,-1,2,8
19,1,2,700,1,2,-1,2,8
8,1,1,700,1,-1,-1,-1,-1
57,2,2,700,-1,-1,-1,-1,-1
38,2,1,700,-1,-1,-1,-1,-1
43,2,1,700,-1,-1,-1,-1,-1
34,2,2,700,-1,1,-1,2,7
55,2,2,700,-1,-1,-1,-1,-1
76,2,1,700,-1,-1,-1,-1,-1
33,2,2,700,-1,1,-1,2,7
70,2,1,700,-1,-1,-1,-1,-1
47,2,1,700,-1,-1,-1,-1,-1
54,2,1,700,-1,-1,-1,-1,-1
11,1,2,700,1,-1,-1,-1,-1
12,1,1,700,1,-1,-1,-1,-1
54,4,2,700,-1,-1,-1,-1,-1
32,2,2,700,-1,1,-1,2,7
37,2,2,700,-1,1,-1,2,7
21,1,1,700,1,2,-1,2,8
12,1,2,700,1,-1,-1,-1,-1
20,1,2,700,2,-1,-1,-1,-1
21,2,2,700,2,1,-1,2,7
45,2,1,700,-1,-1,-1,-1,-1
29,2,2,700,-1,-1,-1,-1,-1
80,3,2,700,-1,1,-1,2,6
57,2,2,700,-1,-1,-1,-1,-1
52,2,1,700,-1,-1,-1,-1,-1
28,2,2,700,-1,1,-1,2,7
6,1,1,700,1,-1,-1,-1,-1
30,2,2,700,-1,1,-1,2,7
8,1,2,700,1,-1,-1,-1,-1
73,2,2,700,-1,1,-1,2,6
21,2,2,700,2,1,2,1,-1
13,1,2,700,1,-1,-1,-1,-1
33,2,2,700,-1,1,-1,2,7
49,2,2,700,-1,2,-1,2,7
28,2,2,700,-1,-1,-1,-1,-1
12,1,2,700,1,-1,-1,-1,-1
54,2,1,700,-1,-1,-1,-1,-1
52,2,1,700,-1,-1,-1,-1,-1
48,2,2,700,-1,1,-1,2,7
32,2,1,700,-1,-1,-1,-1,-1
78,3,2,700,-1,-1,-1,-1,-1
7,1,1,700,1,-1,-1,-1,-1
30,2,2,700,-1,-1,-1,-1,-1
8,1,1,700,1,-1,-1,-1,-1
6,1,2,700,1,-1,-1,-1,-1
40,2,1,700,-1,-1,-1,-1,-1
17,3,2,700,1,-1,-1,-1,-1
62,2,2,700,-1,1,-1,2,7
53,2,2,700,-1,-1,-1,-1,-1
13,1,1,700,1,-1,-1,-1,-1
57,2,2,700,-1,-1,-1,-1,-1
56,2,1,700,-1,-1,-1,-1,-1
6,1,2,700,1,-1,-1,-1,-1
45,2,2,700,-1,-1,-1,-1,-1
31,2,2,700,-1,1,-1,2,7
25,2,2,700,-1,1,-1,2,7
43,4,1,700,-1,-1,-1,-1,-1
56,2,1,700,-1,-1,-1,-1,-1
23,1,2,700,2,-1,-1,-1,-1
45,1,2,700,-1,1,-1,2,7
26,2,1,700,-1,-1,-1,-1,-1
46,2,1,700,-1,-1,-1,-1,-1
12,1,2,700,1,-1,-1,-1,-1
60,3,2,700,-1,-1,-1,-1,-1
17,1,1,700,2,1,-1,2,9
33,2,1,700,-1,-1,-1,-1,-1
64,2,2,700,-1,1,-1,2,6
6,1,2,700,1,-1,-1,-1,-1
24,1,2,700,2,1,2,1,-1
29,2,2,700,-1,1,-1,2,7
42,2,2,700,-1,-1,-1,-1,-1
40,2,2,700,-1,1,-1,2,7
68,3,1,700,-1,-1,-1,-1,-1
40,2,2,700,-1,-1,-1,-1,-1
15,1,2,700,1,2,-1,2,8
36,2,1,700,-1,-1,-1,-1,-1
13,1,1,700,1,-1,-1,-1,-1
9,1,2,700,1,-1,-1,-1,-1
9,1,2,700,1,-1,-1,-1,-1
30,2,1,700,-1,-1,-1,-1,-1
16,1,2,700,1,2,-1,2,8
20,1,1,700,2,-1,-1,-1,-1
13,1,2,700,2,-1,-1,-1,-1
44,2,2,700,-1,1,-1,2,7
20,1,1,700,1,-1,-1,-1,-1
36,2,2,700,-1,-1,-1,-1,-1
28,2,2,700,-1,2,-1,2,7
56,2,1,700,-1,-1,-1,-1,-1
21,1,1,700,2,-1,-1,-1,-1
36,1,1,700,-1,-1,-1,-1,-1
60,2,1,700,-1,-1,-1,-1,-1
40,3,1,700,-1,-1,-1,-1,-1
42,1,1,700,-1,1,-1,2,7
33,2,2,700,-1,-1,-1,-1,-1
47,2,1,700,-1,-1,-1,-1,-1
45,2,1,700,-1,-1,-1,-1,-1
17,1,2,700,1,2,-1,2,8
27,1,1,700,-1,1,-1,2,9
25,1,1,700,-1,1,-1,2,4
29,2,2,700,-1,1,-1,2,7
16,1,2,700,1,2,-1,2,8
26,1,1,700,-1,2,2,1,-1
7,1,1,700,1,-1,-1,-1,-1
32,2,1,700,-1,-1,-1,-1,-1
62,2,1,700,-1,-1,-1,-1,-1
27,2,1,700,-1,-1,-1,-1,-1
51,2,2,700,-1,-1,-1,-1,-1
5,1,1,700,2,-1,-1,-1,-1
15,1,1,700,1,2,-1,2,8
34,2,1,700,-1,-1,-1,-1,-1
46,2,2,700,-1,1,-1,2,7
35,1,1,700,-1,-1,-1,-1,-1
18,1,1,700,2,2,-1,2,9
18,1,2,700,2,2,-1,2,7
32,2,2,700,-1,-1,-1,-1,-1
9,1,2,700,1,-1,-1,-1,-1
54,2,1,700,-1,1,-1,2,6
54,2,1,700,-1,-1,-1,-1,-1
33,4,2,700,-1,-1,-1,-1,-1
27,2,2,700,-1,1,-1,2,7
35,2,1,700,-1,-1,-1,-1,-1
59,3,2,700,-1,-1,-1,-1,-1
15,1,2,700,1,2,-1,2,8
11,1,1,700,1,-1,-1,-1,-1
58,3,1,700,-1,-1,-1,-1,-1
57,2,2,700,-1,1,-1,2,7
15,1,2,700,1,2,-1,2,7
48,2,1,700,-1,-1,-1,-1,-1
6,1,1,700,1,-1,-1,-1,-1
7,1,2,700,1,-1,-1,-1,-1
63,2,1,700,-1,-1,-1,-1,-1
34,2,1,700,-1,-1,-1,-1,-1
56,2,1,700,-1,-1,-1,-1,-1
11,1,1,700,2,-1,-1,-1,-1
15,1,1,700,1,2,-1,2,6
9,1,2,700,1,-1,-1,-1,-1
54,2,2,700,-1,-1,-1,-1,-1
46,2,1,700,-1,-1,-1,-1,-1
22,1,1,700,2,1,-1,2,3
43,2,2,700,-1,-1,-1,-1,-1
20,1,1,700,1,-1,-1,-1,-1
33,2,2,700,-1,-1,-1,-1,-1
16,1,2,700,1,2,-1,2,8
10,1,1,700,1,-1,-1,-1,-1
30,2,1,700,-1,-1,-1,-1,-1
25,1,1,700,-1,-1,-1,-1,-1
34,2,2,700,-1,1,-1,2,7
42,1,1,700,-1,-1,-1,-1,-1
44,2,2,700,-1,1,-1,2,7
36,1,1,700,-1,-1,-1,-1,-1
31,1,1,700,-1,1,-1,2,7
38,2,1,700,-1,-1,-1,-1,-1
53,2,2,700,-1,-1,-1,-1,-1
10,1,2,700,1,-1,-1,-1,-1
16,1,1,700,1,2,-1,2,8
27,1,2,700,-1,2,-1,2,7
12,1,2,700,1,-1,-1,-1,-1
56,2,1,700,-1,-1,-1,-1,-1
9,1,2,700,1,-1,-1,-1,-1
67,3,2,700,-1,2,-1,2,6
35,2,2,700,-1,-1,-1,-1,-1
33,2,1,700,-1,-1,-1,-1,-1
8,1,1,700,1,-1,-1,-1,-1
9,1,2,700,1,-1,-1,-1,-1
7,1,2,700,1,-1,-1,-1,-1
15,1,1,700,2,2,-1,2,1
30,4,2,700,-1,-1,-1,-1,-1
38,2,1,700,-1,-1,-1,-1,-1
35,2,2,700,-1,1,-1,2,7
8,1,1,700,1,-1,-1,-1,-1
15,1,2,700,2,-1,-1,-1,-1
33,2,1,700,-1,-1,-1,-1,-1
42,2,1,700,-1,-1,-1,-1,-1
52,2,1,700,-1,-1,-1,-1,-1
20,1,1,700,2,-1,-1,-1,-1
6,1,2,700,1,-1,-1,-1,-1
17,1,2,700,1,2,-1,2,8
14,1,1,700,1,-1,-1,-1,-1
19,1,1,700,1,2,-1,2,8
49,2,1,700,-1,-1,-1,-1,-1
28,1,1,700,-1,-1,-1,-1,-1
16,1,2,700,1,2,-1,2,8
59,2,2,700,-1,-1,-1,-1,-1
47,2,2,700,-1,1,-1,2,7
58,2,1,700,-1,-1,-1,-1,-1
13,1,2,700,1,-1,-1,-1,-1
5,1,2,700,1,-1,-1,-1,-1
9,1,1,700,1,-1,-1,-1,-1
8,1,1,700,1,-1,-1,-1,-1
14,1,2,700,1,-1,-1,-1,-1
39,2,1,700,-1,-1,-1,-1,-1
53,2,2,700,-1,-1,-1,-1,-1
86,3,2,700,-1,1,-1,2,6
39,2,2,700,-1,-1,-1,-1,-1
49,2,1,700,-1,-1,-1,-1,-1
74,2,2,700,-1,2,-1,2,6
6,1,1,700,1,-1,-1,-1,-1
5,1,1,700,1,-1,-1,-1,-1
7,1,1,700,1,-1,-1,-1,-1
16,1,1,700,1,2,-1,2,8
34,2,1,700,-1,-1,-1,-1,-1
37,2,2,700,-1,-1,-1,-1,-1
27,2,1,700,-1,-1,-1,-1,-1
27,1,1,700,-1,-1,-1,-1,-1
6,1,1,700,1,-1,-1,-1,-1
16,1,1,700,2,1,-1,2,1
20,1,1,700,2,-1,-1,-1,-1
45,2,2,700,-1,-1,-1,-1,-1
50,4,1,700,-1,-1,-1,-1,-1
50,2,1,700,-1,-1,-1,-1,-1
45,3,2,700,-1,-1,-1,-1,-1
56,2,2,700,-1,-1,-1,-1,-1
34,2,2,700,-1,-1,-1,-1,-1
8,1,2,700,1,-1,-1,-1,-1
36,1,1,700,-1,-1,-1,-1,-1
5,1,2,700,1,-1,-1,-1,-1
7,1,2,700,1,-1,-1,-1,-1
9,1,1,700,1,-1,-1,-1,-1
5,1,1,700,1,-1,-1,-1,-1
21,1,2,700,1,-1,-1,-1,-1
37,2,1,700,-1,-1,-1,-1,-1
9,1,2,700,1,-1,-1,-1,-1
8,1,1,700,1,-1,-1,-1,-1
8,1,2,700,1,-1,-1,-1,-1
43,1,1,700,-1,-1,-1,-1,-1
30,2,2,700,-1,2,-1,2,7
16,1,1,700,2,-1,-1,-1,-1
54,2,1,700,-1,-1,-1,-1,-1
50,3,2,700,-1,1,-1,2,7
13,1,2,700,1,-1,-1,-1,-1
8,1,2,700,1,-1,-1,-1,-1
58,2,1,700,-1,-1,-1,-1,-1
34,2,2,700,-1,2,-1,2,7
45,4,1,700,-1,-1,-1,-1,-1
18,1,1,700,2,-1,-1,-1,-1
55,2,1,700,-1,-1,-1,-1,-1
51,1,2,700,-1,1,-1,2,7
14,1,1,700,1,-1,-1,-1,-1
6,1,2,700,1,-1,-1,-1,-1
37,2,1,700,-1,-1,-1,-1,-1
11,1,1,700,1,-1,-1,-1,-1
7,1,2,700,1,-1,-1,-1,-1
32,2,1,700,-1,1,-1,2,7
56,2,2,700,-1,-1,-1,-1,-1
49,2,1,700,-1,-1,-1,-1,-1
28,1,2,700,-1,-1,-1,-1,-1
11,1,1,700,1,-1,-1,-1,-1
40,2,1,700,-1,-1,-1,-1,-1
9,1,1,700,1,-1,-1,-1,-1
78,3,1,700,-1,1,-1,2,6
79,2,1,700,-1,-1,-1,-1,-1
37,2,1,700,-1,-1,-1,-1,-1
58,3,2,700,-1,1,-1,2,7
13,1,1,700,1,-1,-1,-1,-1
12,1,1,700,1,-1,-1,-1,-1
5,1,1,700,1,-1,-1,-1,-1
35,1,2,700,-1,1,-1,2,7
19,2,2,700,1,2,-1,2,8
18,1,2,700,1,-1,-1,-1,-1
40,2,1,700,-1,-1,-1,-1,-1
14,1,2,700,1,-1,-1,-1,-1
73,2,1,700,-1,1,-1,2,6
52,2,2,700,-1,1,-1,2,7
24,3,1,700,1,-1,-1,-1,-1
34,2,2,700,-1,-1,-1,-1,-1
19,1,1,700,2,-1,-1,-1,-1
31,2,1,700,-1,-1,-1,-1,-1
16,1,1,700,1,2,-1,2,8
72,3,1,700,-1,1,-1,2,6
43,2,2,700,-1,2,-1,2,7
9,1,1,700,1,-1,-1,-1,-1
33,2,1,700,-1,-1,-1,-1,-1
51,2,1,700,-1,-1,-1,-1,-1
26,1,1,700,-1,-1,-1,-1,-1
46,2,1,700,-1,-1,-1,-1,-1
12,1,1,700,1,-1,-1,-1,-1
29,2,1,700,-1,-1,-1,-1,-1
6,1,1,700,1,-1,-1,-1,-1
84,3,2,700,-1,1,-1,2,6
11,1,2,700,1,-1,-1,-1,-1
10,1,1,700,1,-1,-1,-1,-1
12,1,2,700,1,-1,-1,-1,-1
5,1,2,700,2,-1,-1,-1,-1
55,2,1,700,-1,-1,-1,-1,-1
21,1,1,700,2,-1,-1,-1,-1
15,1,2,700,1,2,-1,2,8
34,2,2,700,-1,1,-1,2,7
8,1,1,700,1,-1,-1,-1,-1
12,1,2,700,1,-1,-1,-1,-1
57,2,2,700,-1,-1,-1,-1,-1
11,1,1,700,1,-1,-1,-1,-1
47,2,1,700,-1,-1,-1,-1,-1
6,1,1,700,1,-1,-1,-1,-1
8,1,2,700,1,-1,-1,-1,-1
7,1,2,700,1,-1,-1,-1,-1
26,2,1,700,-1,-1,-1,-1,-1
10,1,1,700,1,-1,-1,-1,-1
36,2,2,700,-1,-1,-1,-1,-1
12,1,1,700,1,-1,-1,-1,-1
40,2,1,700,-1,-1,-1,-1,-1
47,2,1,700,-1,-1,-1,-1,-1
10,1,2,700,1,-1,-1,-1,-1
14,1,2,700,1,-1,-1,-1,-1
45,2,1,700,-1,-1,-1,-1,-1
52,2,2,700,-1,-1,-1,-1,-1
30,1,1,700,-1,-1,-1,-1,-1
13,1,1,700,1,-1,-1,-1,-1
17,1,1,700,2,-1,-1,-1,-1
43,1,1,700,-1,-1,-1,-1,-1
32,2,1,700,-1,-1,-1,-1,-1
36,2,1,700,-1,-1,-1,-1,-1
12,1,2,700,1,-1,-1,-1,-1
21,4,1,700,2,-1,-1,-1,-1
65,3,2,700,-1,-1,-1,-1,-1
12,1,2,700,2,-1,-1,-1,-1
53,2,2,700,-1,1,-1,2,7
50,2,2,700,-1,2,-1,2,7
33,2,2,700,-1,-1,-1,-1,-1
37,2,1,700,-1,-1,-1,-1,-1
52,2,1,700,-1,-1,-1,-1,-1
45,2,1,700,-1,-1,-1,-1,-1
19,1,1,700,1,1,-1,2,8
72,2,2,700,-1,-1,-1,-1,-1
36,2,2,700,-1,-1,-1,-1,-1
42,2,2,700,-1,1,-1,2,7
26,2,2,700,-1,1,-1,2,7
22,1,2,700,1,2,-1,2,8
24,2,2,700,2,1,-1,2,7
9,1,1,700,1,-1,-1,-1,-1
16,1,2,700,1,1,-1,2,8
14,1,2,700,1,-1,-1,-1,-1
81,3,1,700,-1,1,-1,2,6
17,1,1,700,1,2,-1,2,8
35,2,2,700,-1,1,-1,2,7
49,2,1,700,-1,1,-1,2,9
40,2,2,700,-1,-1,-1,-1,-1
40,2,1,700,-1,-1,-1,-1,-1
7,1,1,700,1,-1,-1,-1,-1
7,1,2,700,1,-1,-1,-1,-1
22,1,1,700,2,-1,-1,-1,-1
35,2,2,700,-1,-1,-1,-1,-1
34,2,1,700,-1,-1,-1,-1,-1
9,1,2,700,1,-1,-1,-1,-1
40,2,1,700,-1,-1,-1,-1,-1
47,1,1,700,-1,-1,-1,-1,-1
37,2,2,700,-1,2,-1,2,7
10,1,1,700,1,-1,-1,-1,-1
18,2,2,700,2,2,-1,2,7
36,2,1,700,-1,-1,-1,-1,-1
19,2,2,700,2,2,-1,2,7
16,1,2,700,1,2,-1,2,8
12,1,1,700,1,-1,-1,-1,-1
46,3,2,700,-1,-1,-1,-1,-1
5,1,1,700,1,-1,-1,-1,-1
14,1,1,700,1,-1,-1,-1,-1
8,1,1,700,1,-1,-1,-1,-1
76,3,1,700,-1,1,-1,2,6
88,2,1,700,-1,1,-1,2,6
7,1,2,700,1,-1,-1,-1,-1
59,2,2,700,-1,-1,-1,-1,-1
18,1,2,700,1,2,-1,2,8
18,1,1,700,1,2,-1,2,8
13,1,2,700,1,-1,-1,-1,-1
37,2,1,700,-1,-1,-1,-1,-1
7,1,1,700,1,-1,-1,-1,-1
40,2,2,700,-1,-1,-1,-1,-1
43,2,1,700,-1,-1,-1,-1,-1
5,1,1,700,1,-1,-1,-1,-1
7,1,1,700,1,-1,-1,-1,-1
5,1,1,700,1,-1,-1,-1,-1
23,1,1,700,2,2,-1,2,5
19,1,1,700,1,2,-1,2,8
47,2,1,700,-1,-1,-1,-1,-1
31,2,2,700,-1,-1,-1,-1,-1
21,1,1,700,2,-1,-1,-1,-1
15,1,1,700,1,2,-1,2,8
10,1,1,700,2,-1,-1,-1,-1
51,1,1,700,-1,2,-1,2,6
16,1,2,700,1,2,-1,2,8
47,2,1,700,-1,-1,-1,-1,-1
15,1,2,700,1,2,-1,2,8
61,4,2,700,-1,1,-1,2,6
22,2,2,700,2,1,-1,2,7
34,2,2,700,-1,1,-1,2,7
37,1,1,700,-1,-1,-1,-1,-1
42,2,2,700,-1,-1,-1,-1,-1
36,4,2,700,-1,-1,-1,-1,-1
6,1,2,700,1,-1,-1,-1,-1
31,2,2,700,-1,1,-1,2,7
46,2,2,700,-1,-1,-1,-1,-1
13,1,1,700,1,-1,-1,-1,-1
16,2,2,700,2,2,-1,2,7
21,1,1,700,2,-1,-1,-1,-1
52,2,2,700,-1,-1,-1,-1,-1
13,1,2,700,1,-1,-1,-1,-1
9,1,2,700,1,-1,-1,-1,-1
5,1,2,700,1,-1,-1,-1,-1
17,1,1,700,2,-1,-1,-1,-1
24,1,1,700,2,-1,-1,-1,-1
11,1,2,700,1,-1,-1,-1,-1
82,2,1,700,-1,-1,-1,-1,-1
62,3,2,700,-1,1,-1,2,6
25,1,2,700,-1,-1,-1,-1,-1
23,1,2,700,1,2,-1,2,7
41,2,2,700,-1,1,-1,2,7
5,1,1,700,1,-1,-1,-1,-1
30,1,1,700,-1,1,2,1,-1
21,1,1,700,2,-1,-1,-1,-1
20,1,2,700,2,2,-1,2,7
60,1,2,700,-1,1,-1,2,6
15,1,2,700,1,2,-1,2,8
20,2,2,700,2,1,-1,2,7
37,2,1,700,-1,-1,-1,-1,-1
27,1,2,700,-1,-1,-1,-1,-1
10,1,2,700,1,-1,-1,-1,-1
53,2,2,700,-1,1,-1,2,7
15,1,1,700,1,2,-1,2,8
10,1,1,700,1,-1,-1,-1,-1
47,2,1,700,-1,-1,-1,-1,-1
8,1,1,700,2,-1,-1,-1,-1
47,2,1,700,-1,-1,-1,-1,-1
38,4,1,700,-1,-1,-1,-1,-1
22,1,1,700,2,-1,-1,-1,-1
14,1,2,700,1,-1,-1,-1,-1
15,1,2,700,1,2,-1,2,7
13,1,2,700,1,-1,-1,-1,-1
21,1,1,700,2,-1,-1,-1,-1
48,2,2,700,-1,-1,-1,-1,-1
47,2,1,700,-1,-1,-1,-1,-1
67,3,2,700,-1,-1,-1,-1,-1
19,1,2,700,1,2,-1,2,8
21,1,1,700,2,-1,-1,-1,-1
19,1,1,700,2,-1,-1,-1,-1
5,1,1,700,1,-1,-1,-1,-1
25,2,2,700,-1,-1,-1,-1,-1
7,1,2,700,1,-1,-1,-1,-1
32,2,1,700,-1,-1,-1,-1,-1
30,1,1,700,-1,-1,-1,-1,-1
31,2,1,700,-1,-1,-1,-1,-1
13,1,1,700,1,-1,-1,-1,-1
58,4,2,700,-1,-1,-1,-1,-1
45,2,2,700,-1,-1,-1,-1,-1
14,1,1,700,2,-1,-1,-1,-1
50,2,1,700,-1,-1,-1,-1,-1
33,2,2,700,-1,1,-1,2,7
42,2,1,700,-1,-1,-1,-1,-1
56,3,2,700,-1,-1,-1,-1,-1
12,1,1,700,1,-1,-1,-1,-1
7,1,1,700,1,-1,-1,-1,-1
53,2,1,700,-1,-1,-1,-1,-1
9,1,1,700,1,-1,-1,-1,-1
18,1,2,700,1,2,1,1,-1
5,1,1,700,1,-1,-1,-1,-1
29,1,1,700,-1,-1,-1,-1,-1
23,1,2,700,2,-1,-1,-1,-1
53,2,2,700,-1,1,-1,2,7
46,2,1,700,-1,-1,-1,-1,-1
83,3,2,700,-1,1,-1,2,6
66,2,1,700,-1,1,-1,2,7
11,1,2,700,1,-1,-1,-1,-1
41,2,1,700,-1,1,-1,2,5
24,1,1,700,2,-1,-1,-1,-1
15,1,1,700,2,2,-1,2,8
15,1,2,700,1,2,-1,2,8
20,1,2,700,1,2,-1,2,8
24,2,2,700,2,2,-1,2,7
13,1,2,700,1,-1,-1,-1,-1
78,3,1,700,-1,1,-1,2,6
11,1,2,700,1,-1,-1,-1,-1
44,2,2,700,-1,-1,-1,-1,-1
55,3,2,700,-1,-1,-1,-1,-1
21,1,2,700,2,2,1,1,-1
26,1,2,700,-1,1,-1,2,7
7,1,2,700,1,-1,-1,-1,-1
29,2,2,700,-1,1,-1,2,7
8,1,1,700,1,-1,-1,-1,-1
62,2,1,700,-1,-1,-1,-1,-1
51,2,1,700,-1,-1,-1,-1,-1
28,2,2,700,-1,-1,-1,-1,-1
40,2,2,700,-1,1,-1,2,7
33,1,2,700,-1,-1,-1,-1,-1
47,2,2,700,-1,1,-1,2,7
40,2,2,700,-1,1,-1,2,7
45,2,2,700,-1,2,-1,2,7
13,1,2,700,1,-1,-1,-1,-1
14,1,1,700,1,-1,-1,-1,-1
8,1,2,700,1,-1,-1,-1,-1
19,1,2,700,1,2,-1,2,8
36,2,2,700,-1,-1,-1,-1,-1
33,2,2,700,-1,-1,-1,-1,-1
23,1,1,700,2,-1,-1,-1,-1
91,3,2,700,-1,1,-1,2,6
57,2,1,700,-1,-1,-1,-1,-1
22,1,1,700,2,-1,-1,-1,-1
32,1,1,700,-1,-1,-1,-1,-1
31,3,2,700,-1,-1,-1,-1,-1
12,1,1,700,1,-1,-1,-1,-1
30,1,2,700,-1,-1,-1,-1,-1
27,1,2,700,-1,-1,-1,-1,-1
27,2,1,700,-1,-1,-1,-1,-1
22,1,2,700,2,2,-1,2,7
24,1,1,700,2,1,2,1,-1
22,1,2,700,2,2,1,1,-1
59,3,1,700,-1,-1,-1,-1,-1
54,2,1,700,-1,-1,-1,-1,-1
26,2,2,700,-1,-1,-1,-1,-1
25,2,2,700,-1,1,-1,2,7
18,1,2,700,2,1,-1,2,2
14,1,2,700,2,-1,-1,-1,-1
71,2,1,700,-1,-1,-1,-1,-1
9,1,2,700,1,-1,-1,-1,-1
9,1,2,700,1,-1,-1,-1,-1
59,2,1,700,-1,-1,-1,-1,-1
17,1,1,700,1,-1,-1,-1,-1
25,1,1,700,-1,2,-1,2,7
12,1,1,700,1,-1,-1,-1,-1
17,1,2,700,1,2,-1,2,8
20,1,1,700,1,2,-1,2,8
39,1,2,700,-1,-1,-1,-1,-1
12,1,2,700,1,-1,-1,-1,-1
5,1,2,700,1,-1,-1,-1,-1
29,2,1,700,-1,-1,-1,-1,-1
14,1,1,700,1,-1,-1,-1,-1
28,2,1,700,-1,-1,-1,-1,-1
77,3,2,700,-1,1,-1,2,6
58,3,1,700,-1,-1,-1,-1,-1
20,1,1,700,2,-1,-1,-1,-1
69,2,1,700,-1,1,-1,2,6
28,2,2,700,-1,-1,-1,-1,-1
14,1,2,700,1,-1,-1,-1,-1
44,2,1,700,-1,-1,-1,-1,-1
22,1,1,700,2,-1,-1,-1,-1
17,1,2,700,1,2,-1,2,8
36,2,2,700,-1,-1,-1,-1,-1
9,1,2,700,1,-1,-1,-1,-1
41,2,2,700,-1,-1,-1,-1,-1
7,1,2,700,1,-1,-1,-1,-1
9,1,1,700,1,-1,-1,-1,-1
42,2,1,700,-1,-1,-1,-1,-1
23,2,2,700,2,-1,-1,-1,-1
63,2,1,700,-1,1,-1,2,6
19,1,1,700,2,-1,-1,-1,-1
9,1,2,700,1,-1,-1,-1,-1
35,2,2,700,-1,-1,-1,-1,-1
9,1,2,700,1,-1,-1,-1,-1
39,2,2,700,-1,1,-1,2,7
52,2,1,700,-1,-1,-1,-1,-1
8,1,1,700,1,-1,-1,-1,-1
24,2,2,700,2,-1,-1,-1,-1
21,2,2,700,2,2,-1,2,7
58,2,1,700,-1,-1,-1,-1,-1
21,2,1,700,2,-1,-1,-1,-1
49,2,2,700,-1,-1,-1,-1,-1
32,2,2,700,-1,1,-1,2,7
10,1,1,700,1,-1,-1,-1,-1
23,1,1,700,2,-1,-1,-1,-1
19,4,2,700,1,2,-1,2,8
55,3,2,700,-1,1,-1,2,7
10,1,1,700,1,-1,-1,-1,-1
8,1,2,700,1,-1,-1,-1,-1
25,6,1,700,-1,2,2,1,-1
18,1,2,700,2,1,2,1,-1
42,2,1,700,-1,-1,-1,-1,-1
7,1,2,700,1,-1,-1,-1,-1
45,2,2,700,-1,-1,-1,-1,-1
53,2,2,700,-1,-1,-1,-1,-1
23,1,1,700,2,-1,-1,-1,-1
21,1,2,700,1,2,-1,2,8
9,1,1,700,1,-1,-1,-1,-1
71,3,2,700,-1,1,-1,2,6
11,1,1,700,1,-1,-1,-1,-1
15,1,1,700,1,1,-1,2,6
41,2,2,700,-1,-1,-1,-1,-1
42,4,1,700,-1,1,-1,2,2
20,2,2,700,2,-1,-1,-1,-1
22,1,1,700,2,-1,-1,-1,-1
17,1,2,700,1,2,-1,2,8
17,1,2,700,1,-1,-1,-1,-1
10,1,1,700,1,-1,-1,-1,-1
20,1,1,700,2,-1,-1,-1,-1
13,1,1,700,1,-1,-1,-1,-1
31,2,2,700,-1,1,-1,2,7
73,2,2,700,-1,-1,-1,-1,-1
18,1,1,700,1,2,-1,2,8
21,1,1,700,2,1,-1,2,9
24,1,2,700,2,-1,-1,-1,-1
27,2,2,700,-1,-1,-1,-1,-1
7,1,2,700,1,-1,-1,-1,-1
8,1,2,700,1,-1,-1,-1,-1
53,2,2,700,-1,-1,-1,-1,-1
18,1,1,700,2,-1,-1,-1,-1
27,1,1,700,-1,-1,-1,-1,-1
30,2,2,700,-1,2,-1,2,7
10,1,1,700,1,-1,-1,-1,-1
6,1,2,700,1,-1,-1,-1,-1
37,2,1,700,-1,-1,-1,-1,-1
52,2,1,700,-1,-1,-1,-1,-1
44,2,2,700,-1,-1,-1,-1,-1
63,2,1,700,-1,-1,-1,-1,-1
5,1,2,700,1,-1,-1,-1,-1
11,1,1,700,1,-1,-1,-1,-1
17,1,2,700,1,2,-1,2,8
38,2,1,700,-1,-1,-1,-1,-1
7,1,1,700,1,-1,-1,-1,-1
55,2,1,700,-1,-1,-1,-1,-1
11,1,2,700,1,-1,-1,-1,-1
40,1,1,700,-1,-1,-1,-1,-1
13,1,2,700,1,-1,-1,-1,-1
12,1,1,700,1,-1,-1,-1,-1
6,1,2,700,1,-1,-1,-1,-1
9,1,1,700,1,-1,-1,-1,-1
62,2,2,700,-1,-1,-1,-1,-1
70,2,1,700,-1,1,-1,2,6
19,2,2,700,2,1,-1,2,7
42,2,2,700,-1,1,-1,2,7
10,1,2,700,1,-1,-1,-1,-1
64,3,1,700,-1,1,-1,2,6
7,1,2,700,1,-1,-1,-1,-1
39,1,1,700,-1,-1,-1,-1,-1
40,2,1,700,-1,-1,-1,-1,-1
48,1,2,700,-1,-1,-1,-1,-1
22,1,1,700,1,2,-1,2,8
20,1,1,700,2,1,-1,2,9
40,2,1,700,-1,-1,-1,-1,-1
24,2,1,700,2,-1,-1,-1,-1
59,2,2,700,-1,2,-1,2,7
43,2,2,700,-1,-1,-1,-1,-1
34,2,2,700,-1,1,-1,2,7
27,2,2,700,-1,-1,-1,-1,-1
16,1,1,700,1,-1,-1,-1,-1
12,1,2,700,1,-1,-1,-1,-1
47,2,1,700,-1,-1,-1,-1,-1
31,1,1,700,-1,-1,-1,-1,-1
46,2,1,700,-1,-1,-1,-1,-1
29,1,1,700,-1,1,-1,2,7
40,2,2,700,-1,-1,-1,-1,-1
59,2,1,700,-1,-1,-1,-1,-1
76,2,1,700,-1,-1,-1,-1,-1
9,1,1,700,1,-1,-1,-1,-1
11,1,1,700,1,-1,-1,-1,-1
25,2,1,700,-1,-1,-1,-1,-1
30,2,2,700,-1,-1,-1,-1,-1
12,1,2,700,1,-1,-1,-1,-1
15,1,1,700,1,1,-1,2,8
40,2,1,700,-1,-1,-1,-1,-1
8,1,1,700,1,-1,-1,-1,-1
52,3,2,700,-1,-1,-1,-1,-1
63,2,1,700,-1,-1,-1,-1,-1
10,1,2,700,1,-1,-1,-1,-1
64,2,2,700,-1,1,-1,2,7
15,1,2,700,1,2,-1,2,8
80,2,1,700,-1,-1,-1,-1,-1
7,1,2,700,1,-1,-1,-1,-1
17,1,1,700,2,-1,-1,-1,-1
40,2,1,700,-1,-1,-1,-1,-1
8,1,2,700,1,-1,-1,-1,-1
54,2,1,700,-1,-1,-1,-1,-1
76,3,2,700,-1,1,-1,2,6
19,1,2,700,2,-1,-1,-1,-1
64,2,1,700,-1,1,-1,2,3
14,1,2,700,1,-1,-1,-1,-1
54,2,1,700,-1,-1,-1,-1,-1
54,2,1,700,-1,1,-1,2,6
35,2,2,700,-1,1,-1,2,7
59,2,1,700,-1,-1,-1,-1,-1
7,1,1,700,1,-1,-1,-1,-1
43,2,2,700,-1,-1,-1,-1,-1
23,1,1,700,2,-1,-1,-1,-1
45,2,1,700,-1,-1,-1,-1,-1
42,2,2,700,-1,1,-1,2,7
39,4,2,700,-1,-1,-1,-1,-1
50,2,1,700,-1,-1,-1,-1,-1
56,2,1,700,-1,-1,-1,-1,-1
35,2,2,700,-1,-1,-1,-1,-1
13,1,1,700,1,-1,-1,-1,-1
14,1,2,700,1,-1,-1,-1,-1
57,3,1,700,-1,-1,-1,-1,-1
16,1,2,700,1,2,-1,2,8
32,2,1,700,-1,-1,-1,-1,-1
20,2,2,700,2,1,-1,2,7
24,2,1,700,2,-1,-1,-1,-1
17,1,2,700,1,2,-1,2,8
30,1,1,700,-1,-1,-1,-1,-1
15,1,2,700,1,-1,-1,-1,-1
14,1,1,700,1,-1,-1,-1,-1
5,1,2,700,2,-1,-1,-1,-1
26,1,1,700,-1,-1,-1,-1,-1
34,2,1,700,-1,1,-1,2,7
17,1,1,700,1,2,-1,2,8
53,2,2,700,-1,-1,-1,-1,-1
26,2,1,700,-1,-1,-1,-1,-1
31,1,1,700,-1,-1,-1,-1,-1
16,1,1,700,1,2,-1,2,8
53,2,1,700,-1,-1,-1,-1,-1
31,2,1,700,-1,-1,-1,-1,-1
57,2,2,700,-1,-1,-1,-1,-1
38,2,1,700,-1,-1,-1,-1,-1
28,2,2,700,-1,1,-1,2,7
61,3,1,700,-1,-1,-1,-1,-1
10,1,1,700,1,-1,-1,-1,-1
17,1,2,700,2,2,-1,2,7
8,1,1,700,1,-1,-1,-1,-1
41,1,2,700,-1,-1,-1,-1,-1
48,2,2,700,-1,-1,-1,-1,-1
32,2,1,700,-1,-1,-1,-1,-1
46,1,2,700,-1,-1,-1,-1,-1
9,1,1,700,2,-1,-1,-1,-1
54,2,1,700,-1,-1,-1,-1,-1
63,2,1,700,-1,-1,-1,-1,-1
54,2,2,700,-1,1,-1,2,7
60,2,2,700,-1,-1,-1,-1,-1
10,1,1,700,2,-1,-1,-1,-1
41,2,2,700,-1,-1,-1,-1,-1
26,2,1,700,-1,-1,-1,-1,-1
16,1,2,700,1,1,-1,2,8
60,2,2,700,-1,1,-1,2,7
39,2,1,700,-1,-1,-1,-1,-1
13,1,2,700,1,-1,-1,-1,-1
52,2,1,700,-1,-1,-1,-1,-1
41,2,1,700,-1,-1,-1,-1,-1
8,1,2,700,2,-1,-1,-1,-1
46,2,2,700,-1,1,-1,2,7
19,1,2,700,1,-1,-1,-1,-1
19,1,1,700,1,1,-1,2,8
57,2,1,700,-1,-1,-1,-1,-1
6,1,1,700,1,-1,-1,-1,-1
25,2,2,700,-1,1,-1,2,7
46,2,1,700,-1,-1,-1,-1,-1
25,1,1,700,-1,-1,-1,-1,-1
48,2,1,700,-1,1,-1,2,1
33,1,1,700,-1,2,-1,2,3
6,1,1,700,1,-1,-1,-1,-1
20,1,1,700,2,1,-1,2,8
21,2,2,700,2,1,-1,2,7
54,2,1,700,-1,-1,-1,-1,-1
15,1,2,700,1,2,-1,2,8
10,1,1,700,2,-1,-1,-1,-1
16,1,1,700,1,1,-1,2,3
12,1,2,700,1,-1,-1,-1,-1
27,1,2,700,-1,-1,-1,-1,-1
39,2,2,700,-1,1,-1,2,7
35,2,1,700,-1,-1,-1,-1,-1
17,1,2,700,1,2,-1,2,8
65,3,2,700,-1,-1,-1,-1,-1
68,3,2,700,-1,-1,-1,-1,-1
8,1,1,700,1,-1,-1,-1,-1
89,1,1,700,-1,1,-1,2,6
65,2,2,700,-1,1,-1,2,6
22,1,1,700,2,-1,-1,-1,-1
7,1,1,700,1,-1,-1,-1,-1
12,1,1,700,1,-1,-1,-1,-1
10,1,2,700,1,-1,-1,-1,-1
51,2,2,700,-1,-1,-1,-1,-1
48,2,1,700,-1,-1,-1,-1,-1
10,1,2,700,1,-1,-1,-1,-1
38,1,2,700,-1,-1,-1,-1,-1
47,2,1,700,-1,-1,-1,-1,-1
41,2,2,700,-1,-1,-1,-1,-1
43,1,1,700,-1,-1,-1,-1,-1
66,1,2,700,-1,1,-1,2,6
15,1,2,700,1,-1,-1,-1,-1
42,2,2,700,-1,1,-1,2,7
72,2,2,700,-1,-1,-1,-1,-1
24,1,2,700,2,-1,-1,-1,-1
13,1,1,700,1,-1,-1,-1,-1
19,1,1,700,2,-1,-1,-1,-1
9,1,1,700,1,-1,-1,-1,-1
30,1,1,700,-1,-1,-1,-1,-1
55,2,1,700,-1,-1,-1,-1,-1
20,1,2,700,2,-1,-1,-1,-1
10,1,2,700,1,-1,-1,-1,-1
23,1,2,700,2,-1,-1,-1,-1
15,1,2,700,1,2,-1,2,8
33,2,2,700,-1,-1,-1,-1,-1
21,1,1,700,2,1,-1,2,5
49,2,1,700,-1,-1,-1,-1,-1
23,2,2,700,2,1,-1,2,7
16,1,2,700,1,2,-1,2,8
5,1,2,700,2,-1,-1,-1,-1
11,1,1,700,1,-1,-1,-1,-1
23,2,1,700,2,-1,-1,-1,-1
9,1,2,700,1,-1,-1,-1,-1
37,1,2,700,-1,2,-1,2,7
18,1,1,700,2,-1,-1,-1,-1
21,2,2,700,2,1,-1,2,7
16,1,2,700,1,2,-1,2,8
9,1,2,700,1,-1,-1,-1,-1
27,2,1,700,-1,-1,-1,-1,-1
5,1,2,700,1,-1,-1,-1,-1
55,3,1,700,-1,-1,-1,-1,-1
9,1,1,700,1,-1,-1,-1,-1
18,1,1,700,1,1,-1,2,8
33,2,2,700,-1,1,-1,2,7
45,2,2,700,-1,1,-1,2,7
55,3,2,700,-1,-1,-1,-1,-1
24,2,1,700,2,-1,-1,-1,-1
64,3,2,700,-1,1,-1,2,7
56,2,1,700,-1,1,-1,2,3
40,2,1,700,-1,-1,-1,-1,-1
17,1,2,700,1,2,-1,2,8
27,1,1,700,-1,-1,-1,-1,-1
26,2,1,700,-1,-1,-1,-1,-1
5,1,1,700,1,-1,-1,-1,-1
12,1,2,700,1,-1,-1,-1,-1
7,1,1,700,1,-1,-1,-1,-1
49,2,2,700,-1,1,-1,2,7
6,1,1,700,1,-1,-1,-1,-1
61,2,1,700,-1,1,-1,2,6
51,2,1,700,-1,-1,-1,-1,-1
18,2,2,700,2,-1,-1,-1,-1
10,1,1,700,1,-1,-1,-1,-1
61,3,2,700,-1,1,-1,2,6
78,3,2,700,-1,2,-1,2,6
29,2,1,700,-1,-1,-1,-1,-1
41,2,2,700,-1,-1,-1,-1,-1
5,1,2,700,2,-1,-1,-1,-1
75,3,2,700,-1,-1,-1,-1,-1
24,1,1,700,2,-1,-1,-1,-1
5,1,2,700,1,-1,-1,-1,-1
17,1,2,700,1,1,-1,2,7
69,2,2,700,-1,2,-1,2,7
31,2,1,700,-1,-1,-1,-1,-1
29,2,2,700,-1,-1,-1,-1,-1
26,1,2,700,-1,-1,-1,-1,-1
11,1,1,700,1,-1,-1,-1,-1
17,1,1,700,1,2,-1,2,8
53,1,1,700,-1,-1,-1,-1,-1
50,2,2,700,-1,-1,-1,-1,-1
39,2,1,700,-1,1,2,1,-1
18,1,1,700,1,2,-1,2,8
9,1,2,700,1,-1,-1,-1,-1
58,2,2,700,-1,1,-1,2,1
47,2,1,700,-1,-1,-1,-1,-1
5,1,2,700,1,-1,-1,-1,-1
55,2,2,700,-1,-1,-1,-1,-1
32,2,2,700,-1,2,-1,2,7
30,2,1,700,-1,-1,-1,-1,-1
18,1,2,700,1,2,-1,2,8
70,2,1,700,-1,-1,-1,-1,-1
42,2,1,700,-1,-1,-1,-1,-1
53,2,1,700,-1,-1,-1,-1,-1
7,1,2,700,2,-1,-1,-1,-1
9,1,1,700,1,-1,-1,-1,-1
14,1,2,700,1,-1,-1,-1,-1
24,1,1,700,2,1,-1,2,1
41,2,1,700,-1,-1,-1,-1,-1
38,2,2,700,-1,1,-1,2,7
49,2,1,700,-1,-1,-1,-1,-1
52,2,2,700,-1,-1,-1,-1,-1
50,2,1,700,-1,-1,-1,-1,-1
34,2,2,700,-1,1,-1,2,7
38,2,2,700,-1,-1,-1,-1,-1
60,4,1,700,-1,1,-1,2,9
21,1,1,700,2,-1,-1,-1,-1
29,1,1,700,-1,2,-1,2,7
37,2,1,700,-1,-1,-1,-1,-1
25,2,1,700,-1,-1,-1,-1,-1
22,1,1,700,2,2,-1,2,9
43,2,1,700,-1,-1,-1,-1,-1
58,4,1,700,-1,1,-1,2,7
54,2,2,700,-1,-1,-1,-1,-1
13,1,1,700,1,-1,-1,-1,-1
55,2,2,700,-1,-1,-1,-1,-1
76,4,2,700,-1,1,-1,2,6
52,1,2,700,-1,1,-1,2,7
22,1,1,700,2,-1,-1,-1,-1
60,2,2,700,-1,1,-1,2,6
33,2,2,700,-1,1,-1,2,7
9,1,1,700,1,-1,-1,-1,-1
67,2,2,700,-1,1,-1,2,6
74,3,1,700,-1,1,-1,2,6
46,2,2,700,-1,-1,-1,-1,-1
21,1,2,700,2,-1,-1,-1,-1
6,1,1,700,1,-1,-1,-1,-1
23,2,1,700,2,-1,-1,-1,-1
7,1,2,700,1,-1,-1,-1,-1
7,1,1,700,1,-1,-1,-1,-1
30,2,1,700,-1,-1,-1,-1,-1
19,1,1,700,1,2,-1,2,8
35,1,2,700,-1,1,-1,2,7
7,1,2,700,1,-1,-1,-1,-1
23,2,2,700,2,1,-1,2,7
14,1,2,700,1,-1,-1,-1,-1
58,2,2,700,-1,-1,-1,-1,-1
6,1,1,700,1,-1,-1,-1,-1
18,1,2,700,2,-1,-1,-1,-1
11,1,1,700,1,-1,-1,-1,-1
59,2,1,700,-1,-1,-1,-1,-1
66,2,1,700,-1,-1,-1,-1,-1
27,2,2,700,-1,1,-1,2,7
31,2,2,700,-1,1,-1,2,7
8,1,2,700,1,-1,-1,-1,-1
22,1,2,700,2,-1,-1,-1,-1
37,2,2,700,-1,-1,-1,-1,-1
22,2,2,700,2,-1,-1,-1,-1
7,1,1,700,1,-1,-1,-1,-1
5,1,1,700,1,-1,-1,-1,-1
8,1,1,700,1,-1,-1,-1,-1
69,2,1,700,-1,-1,-1,-1,-1
16,1,2,700,1,2,-1,2,8
7,1,1,700,1,-1,-1,-1,-1
36,2,2,700,-1,1,-1,2,7
38,2,2,700,-1,-1,-1,-1,-1
6,1,1,700,1,-1,-1,-1,-1
7,1,1,700,1,-1,-1,-1,-1
26,2,2,700,-1,1,-1,2,7
24,1,1,700,2,-1,-1,-1,-1
81,3,2,700,-1,-1,-1,-1,-1
6,1,1,700,1,-1,-1,-1,-1
69,3,1,700,-1,1,-1,2,6
15,1,1,700,1,2,-1,2,8
9,1,2,700,2,-1,-1,-1,-1
19,1,1,700,1,2,-1,2,8
65,3,2,700,-1,2,-1,2,6
29,2,2,700,-1,-1,-1,-1,-1
31,2,1,700,-1,-1,-1,-1,-1
31,4,2,700,-1,1,-1,2,7
44,2,1,700,-1,-1,-1,-1,-1
60,2,1,700,-1,-1,-1,-1,-1
59,2,1,700,-1,-1,-1,-1,-1
8,1,1,700,1,-1,-1,-1,-1
71,2,2,700,-1,-1,-1,-1,-1
46,2,2,700,-1,1,-1,2,7
42,2,1,700,-1,-1,-1,-1,-1
8,1,1,700,1,-1,-1,-1,-1
50,2,1,700,-1,-1,-1,-1,-1
64,2,2,700,-1,1,-1,2,6
53,2,1,700,-1,-1,-1,-1,-1
19,1,1,700,2,-1,-1,-1,-1
5,1,1,700,1,-1,-1,-1,-1
58,2,2,700,-1,-1,-1,-1,-1
21,1,2,700,2,2,-1,2,7
7,1,1,700,1,-1,-1,-1,-1
43,2,2,700,-1,-1,-1,-1,-1
20,1,2,700,2,2,1,1,-1
32,2,1,700,-1,-1,-1,-1,-1
58,2,1,700,-1,-1,-1,-1,-1
11,1,1,700,1,-1,-1,-1,-1
56,2,1,700,-1,-1,-1,-1,-1
12,1,2,700,1,-1,-1,-1,-1
19,2,2,700,2,1,-1,2,7
85,3,2,700,-1,1,-1,2,6
58,2,2,700,-1,1,-1,2,7
16,1,2,700,1,2,-1,2,8
24,2,1,700,2,-1,-1,-1,-1
17,1,1,700,2,-1,-1,-1,-1
46,2,1,700,-1,-1,-1,-1,-1
36,1,2,700,-1,-1,-1,-1,-1
18,1,1,700,1,1,-1,2,7
20,1,2,700,2,2,-1,2,8
36,2,1,700,-1,-1,-1,-1,-1
11,1,1,700,1,-1,-1,-1,-1
29,2,1,700,-1,-1,-1,-1,-1
34,2,1,700,-1,-1,-1,-1,-1
48,2,2,700,-1,-1,-1,-1,-1
7,1,1,700,1,-1,-1,-1,-1
38,2,2,700,-1,-1,-1,-1,-1
13,1,1,700,1,-1,-1,-1,-1
7,1,1,700,1,-1,-1,-1,-1
7,1,1,700,1,-1,-1,-1,-1
8,1,1,700,1,-1,-1,-1,-1
18,1,1,700,2,-1,-1,-1,-1
16,1,2,700,1,2,-1,2,8
9,1,2,700,1,-1,-1,-1,-1
54,2,1,700,-1,-1,-1,-1,-1
6,1,1,700,1,-1,-1,-1,-1
28,1,1,700,-1,-1,-1,-1,-1
16,1,1,700,1,-1,-1,-1,-1
37,2,1,700,-1,-1,-1,-1,-1
6,1,1,700,1,-1,-1,-1,-1
15,1,1,700,1,2,-1,2,6
10,1,1,700,1,-1,-1,-1,-1
62,3,2,700,-1,-1,-1,-1,-1
5,1,1,700,1,-1,-1,-1,-1
45,2,1,700,-1,-1,-1,-1,-1
33,2,1,700,-1,-1,-1,-1,-1
27,1,1,700,-1,-1,-1,-1,-1
72,2,1,700,-1,1,-1,2,6
30,2,1,700,-1,-1,-1,-1,-1
25,2,1,700,-1,-1,-1,-1,-1
36,2,1,700,-1,-1,-1,-1,-1
26,2,2,700,-1,1,-1,2,7
5,1,2,700,1,-1,-1,-1,-1
60,2,1,700,-1,-1,-1,-1,-1
21,1,2,700,2,2,-1,2,9
42,2,2,700,-1,-1,-1,-1,-1
14,1,2,700,1,-1,-1,-1,-1
17,1,2,700,1,2,-1,2,8
72,2,2,700,-1,-1,-1,-1,-1
27,1,1,700,-1,-1,-1,-1,-1
13,1,1,700,1,-1,-1,-1,-1
25,1,2,700,-1,1,-1,2,3
25,1,2,700,-1,-1,-1,-1,-1
31,2,2,700,-1,1,-1,2,7
8,1,1,700,1,-1,-1,-1,-1
42,2,1,700,-1,-1,-1,-1,-1
22,1,1,700,1,2,-1,2,8
16,1,2,700,1,2,-1,2,8
46,2,2,700,-1,1,-1,2,7
20,2,1,700,2,-1,-1,-1,-1
20,1,1,700,2,-1,-1,-1,-1
8,1,2,700,1,-1,-1,-1,-1
20,1,2,700,2,-1,-1,-1,-1
30,1,1,700,-1,-1,-1,-1,-1
8,1,1,700,1,-1,-1,-1,-1
13,1,1,700,1,-1,-1,-1,-1
32,2,1,700,-1,-1,-1,-1,-1
11,1,1,700,1,-1,-1,-1,-1
32,2,2,700,-1,-1,-1,-1,-1
7,1,2,700,1,-1,-1,-1,-1
12,1,1,700,1,-1,-1,-1,-1
66,3,2,700,-1,-1,-1,-1,-1
64,3,2,700,-1,2,-1,2,6
36,2,2,700,-1,1,-1,2,7
29,2,1,700,-1,-1,-1,-1,-1
18,1,2,700,2,-1,-1,-1,-1
8,1,2,700,1,-1,-1,-1,-1
15,1,2,700,1,2,-1,2,8
29,1,1,700,-1,-1,-1,-1,-1
37,2,1,700,-1,-1,-1,-1,-1
40,2,1,700,-1,-1,-1,-1,-1
14,1,1,700,1,-1,-1,-1,-1
70,3,2,700,-1,-1,-1,-1,-1
8,1,1,700,1,-1,-1,-1,-1
53,2,2,700,-1,2,-1,2,7
12,1,2,700,1,-1,-1,-1,-1
16,1,1,700,1,2,-1,2,8
17,1,2,700,1,-1,-1,-1,-1
18,1,2,700,1,2,-1,2,8
35,3,2,700,-1,1,2,1,-1
42,4,1,700,-1,-1,-1,-1,-1
63,2,2,700,-1,1,-1,2,7
11,1,1,700,1,-1,-1,-1,-1
21,1,2,700,1,2,-1,2,8
38,2,1,700,-1,-1,-1,-1,-1
49,2,1,700,-1,-1,-1,-1,-1
11,1,2,700,1,-1,-1,-1,-1
9,1,1,700,1,-1,-1,-1,-1
60,3,2,700,-1,-1,-1,-1,-1
26,1,1,700,-1,-1,-1,-1,-1
7,1,2,700,1,-1,-1,-1,-1
52,2,2,700,-1,1,-1,2,7
73,2,1,700,-1,1,-1,2,3
20,1,2,700,2,-1,-1,-1,-1
6,1,2,700,1,-1,-1,-1,-1
34,2,2,700,-1,-1,-1,-1,-1
61,2,1,700,-1,1,-1,2,3
37,2,1,700,-1,-1,-1,-1,-1
64,1,2,700,-1,1,-1,2,6
24,1,1,700,2,-1,-1,-1,-1
33,2,2,700,-1,-1,-1,-1,-1
12,1,2,700,1,-1,-1,-1,-1
6,1,2,700,2,-1,-1,-1,-1
38,2,2,700,-1,1,-1,2,7
52,2,1,700,-1,-1,-1,-1,-1
10,1,2,700,1,-1,-1,-1,-1
40,2,2,700,-1,2,-1,2,7
25,1,2,700,-1,2,-1,2,7
55,2,2,700,-1,-1,-1,-1,-1
18,2,2,700,2,2,-1,2,5
83,2,2,700,-1,1,-1,2,6
27,2,2,700,-1,-1,-1,-1,-1
46,2,1,700,-1,-1,-1,-1,-1
29,2,1,700,-1,-1,-1,-1,-1
29,2,1,700,-1,-1,-1,-1,-1
65,2,1,700,-1,-1,-1,-1,-1
32,2,2,700,-1,1,-1,2,7
55,2,2,700,-1,-1,-1,-1,-1
17,1,1,700,2,-1,-1,-1,-1
23,1,1,700,2,-1,-1,-1,-1
35,2,1,700,-1,-1,-1,-1,-1
10,1,2,700,1,-1,-1,-1,-1
8,1,2,700,1,-1,-1,-1,-1
86,3,2,700,-1,2,-1,2,6
15,1,1,700,1,1,-1,2,6
17,1,2,700,1,2,-1,2,8
54,2,1,700,-1,-1,-1,-1,-1
45,2,1,700,-1,-1,-1,-1,-1
43,2,2,700,-1,-1,-1,-1,-1
18,1,1,700,1,1,-1,2,8
12,1,1,700,1,-1,-1,-1,-1
6,1,2,700,1,-1,-1,-1,-1
14,1,1,700,1,-1,-1,-1,-1
14,1,1,700,1,-1,-1,-1,-1
12,1,1,700,1,-1,-1,-1,-1
9,1,1,700,1,-1,-1,-1,-1
21,1,1,700,1,2,-1,2,8
31,1,1,700,-1,-1,-1,-1,-1
70,2,2,700,-1,1,-1,2,6
55,2,2,700,-1,1,-1,2,7
32,2,1,700,-1,-1,-1,-1,-1
6,1,1,700,1,-1,-1,-1,-1
56,2,1,700,-1,-1,-1,-1,-1
35,2,2,700,-1,-1,-1,-1,-1
39,2,1,700,-1,-1,-1,-1,-1
18,2,2,700,2,2,-1,2,8
14,1,1,700,1,-1,-1,-1,-1
13,1,1,700,1,-1,-1,-1,-1
19,1,2,700,1,-1,-1,-1,-1
29,2,2,700,-1,-1,-1,-1,-1
41,2,1,700,-1,-1,-1,-1,-1
60,2,1,700,-1,-1,-1,-1,-1
28,2,2,700,-1,-1,-1,-1,-1
12,1,1,700,2,-1,-1,-1,-1
5,1,1,700,1,-1,-1,-1,-1
40,2,1,700,-1,-1,-1,-1,-1
80,3,1,700,-1,1,-1,2,6
74,2,2,700,-1,1,-1,2,7
27,2,1,700,-1,-1,-1,-1,-1
33,2,1,700,-1,-1,-1,-1,-1
41,2,1,700,-1,-1,-1,-1,-1
45,2,2,700,-1,-1,-1,-1,-1
13,1,1,700,1,-1,-1,-1,-1
55,2,1,700,-1,-1,-1,-1,-1
10,1,1,700,1,-1,-1,-1,-1
58,2,2,700,-1,1,-1,2,7
10,1,1,700,1,-1,-1,-1,-1
45,2,2,700,-1,1,-1,2,7
21,1,1,700,2,-1,-1,-1,-1
11,1,1,700,1,-1,-1,-1,-1
39,2,2,700,-1,-1,-1,-1,-1
7,1,1,700,1,-1,-1,-1,-1
10,1,1,700,1,-1,-1,-1,-1
71,1,1,700,-1,-1,-1,-1,-1
19,1,1,700,1,2,-1,2,3
8,1,2,700,1,-1,-1,-1,-1
24,2,2,700,2,-1,-1,-1,-1
46,2,1,700,-1,-1,-1,-1,-1
6,1,2,700,1,-1,-1,-1,-1
55,2,2,700,-1,-1,-1,-1,-1
29,2,1,700,-1,-1,-1,-1,-1
34,2,1,700,-1,-1,-1,-1,-1
41,1,1,700,-1,-1,-1,-1,-1
25,2,2,700,-1,1,-1,2,7
30,2,2,700,-1,-1,-1,-1,-1
29,2,2,700,-1,1,-1,2,7
18,1,1,700,2,-1,-1,-1,-1
22,1,2,700,1,1,-1,2,8
43,2,1,700,-1,-1,-1,-1,-1
58,2,1,700,-1,-1,-1,-1,-1
52,2,1,700,-1,-1,-1,-1,-1
82,2,1,700,-1,2,-1,2,6
13,1,1,700,2,-1,-1,-1,-1
52,2,2,700,-1,1,-1,2,7
7,1,2,700,1,-1,-1,-1,-1
11,1,2,700,1,-1,-1,-1,-1
63,2,1,700,-1,-1,-1,-1,-1
65,2,1,700,-1,-1,-1,-1,-1
40,3,1,700,-1,-1,-1,-1,-1
75,2,2,700,-1,1,-1,2,6
26,2,2,700,-1,1,-1,2,7
17,1,2,700,1,2,-1,2,8
15,1,1,700,1,2,-1,2,8
5,1,1,700,1,-1,-1,-1,-1
28,2,2,700,-1,1,-1,2,7
71,1,1,700,-1,1,-1,2,6
24,1,2,700,2,-1,-1,-1,-1
22,1,1,700,2,-1,-1,-1,-1
16,1,1,700,1,2,-1,2,7
50,2,2,700,-1,-1,-1,-1,-1
21,1,1,700,1,2,-1,2,8
45,3,2,700,-1,-1,-1,-1,-1
39,2,2,700,-1,-1,-1,-1,-1
13,1,1,700,1,-1,-1,-1,-1
15,1,2,700,1,2,-1,2,8
11,1,2,700,1,-1,-1,-1,-1
18,1,2,700,1,-1,-1,-1,-1
25,1,2,700,-1,-1,-1,-1,-1
7,1,1,700,1,-1,-1,-1,-1
20,1,2,700,1,2,-1,2,8
45,2,1,700,-1,1,-1,2,7
17,1,2,700,1,2,-1,2,7
13,1,2,700,1,-1,-1,-1,-1
18,1,1,700,1,2,-1,2,8
28,1,2,700,-1,-1,-1,-1,-1
20,2,1,700,2,-1,-1,-1,-1
23,1,2,700,2,1,-1,2,7
56,2,1,700,-1,-1,-1,-1,-1
23,2,2,700,2,-1,-1,-1,-1
27,2,1,700,-1,-1,-1,-1,-1
41,2,1,700,-1,-1,-1,-1,-1
9,1,1,700,1,-1,-1,-1,-1
60,3,1,700,-1,-1,-1,-1,-1
17,1,2,700,2,2,-1,2,8
66,2,1,700,-1,-1,-1,-1,-1
45,2,1,700,-1,-1,-1,-1,-1
9,1,2,700,1,-1,-1,-1,-1
19,1,1,700,2,1,-1,2,5
68,2,2,700,-1,1,-1,2,7
43,2,2,700,-1,-1,-1,-1,-1
6,1,1,700,1,-1,-1,-1,-1
26,2,1,700,-1,-1,-1,-1,-1
59,2,2,700,-1,-1,-1,-1,-1
36,1,1,700,-1,-1,-1,-1,-1
18,1,1,700,1,2,-1,2,8
31,2,2,700,-1,1,-1,2,7
34,2,1,700,-1,-1,-1,-1,-1
13,1,2,700,1,-1,-1,-1,-1
28,2,2,700,-1,-1,-1,-1,-1
15,1,1,700,1,2,-1,2,8
56,4,2,700,-1,-1,-1,-1,-1
25,2,1,700,-1,-1,-1,-1,-1
14,1,1,700,1,-1,-1,-1,-1
12,1,2,700,1,-1,-1,-1,-1
42,2,2,700,-1,-1,-1,-1,-1
9,1,1,700,2,-1,-1,-1,-1
17,1,1,700,1,2,-1,2,8
58,2,2,700,-1,-1,-1,-1,-1
45,2,2,700,-1,-1,-1,-1,-1
15,1,2,700,1,2,-1,2,8
18,1,1,700,1,2,-1,2,8
32,1,1,700,-1,-1,-1,-1,-1
66,2,1,700,-1,-1,-1,-1,-1
16,1,2,700,1,2,-1,2,8
10,1,1,700,1,-1,-1,-1,-1
50,2,1,700,-1,-1,-1,-1,-1
40,1,1,700,-1,-1,-1,-1,-1
47,1,1,700,-1,-1,-1,-1,-1
31,2,1,700,-1,-1,-1,-1,-1
26,1,1,700,-1,-1,-1,-1,-1
27,2,1,700,-1,-1,-1,-1,-1
9,1,2,700,1,-1,-1,-1,-1
20,1,1,700,1,2,-1,2,8
65,2,1,700,-1,-1,-1,-1,-1
51,2,1,700,-1,-1,-1,-1,-1
10,1,2,700,1,-1,-1,-1,-1
7,1,2,700,1,-1,-1,-1,-1
53,2,1,700,-1,1,-1,2,3
52,1,2,700,-1,1,-1,2,7
26,1,2,700,-1,-1,-1,-1,-1
17,1,1,700,1,2,-1,2,8
47,2,1,700,-1,-1,-1,-1,-1
20,1,2,700,1,-1,-1,-1,-1
24,2,1,700,2,-1,-1,-1,-1
47,2,1,700,-1,-1,-1,-1,-1
93,3,2,700,-1,2,-1,2,6
6,1,2,700,2,-1,-1,-1,-1
21,1,1,700,2,2,1,1,-1
43,2,1,700,-1,-1,-1,-1,-1
13,1,2,700,1,-1,-1,-1,-1
36,2,2,700,-1,1,-1,2,7
22,2,2,700,2,-1,-1,-1,-1
21,2,1,700,2,-1,-1,-1,-1
38,1,2,700,-1,-1,-1,-1,-1
12,1,2,700,1,-1,-1,-1,-1
21,2,2,700,2,1,-1,2,7
46,2,1,700,-1,-1,-1,-1,-1
15,1,2,700,1,2,-1,2,8
15,1,2,700,1,2,-1,2,8
38,2,2,700,-1,-1,-1,-1,-1
10,1,2,700,1,-1,-1,-1,-1
14,1,2,700,1,-1,-1,-1,-1
7,1,2,700,1,-1,-1,-1,-1
29,2,2,700,-1,1,-1,2,7
12,1,2,700,1,-1,-1,-1,-1
17,1,1,700,2,2,-1,2,6
62,3,2,700,-1,1,-1,2,7
26,1,2,700,-1,1,2,1,-1
20,1,2,700,1,-1,-1,-1,-1
55,2,1,700,-1,-1,-1,-1,-1
21,1,2,700,1,2,-1,2,8
39,2,2,700,-1,-1,-1,-1,-1
18,1,2,700,2,-1,-1,-1,-1
14,1,2,700,1,-1,-1,-1,-1
32,2,2,700,-1,-1,-1,-1,-1
55,2,1,700,-1,-1,-1,-1,-1
5,1,2,700,1,-1,-1,-1,-1
18,1,2,700,1,1,-1,2,8
20,2,1,700,2,-1,-1,-1,-1
30,2,2,700,-1,1,-1,2,7
59,2,1,700,-1,-1,-1,-1,-1
45,2,1,700,-1,-1,-1,-1,-1
37,2,2,700,-1,-1,-1,-1,-1
9,1,2,700,1,-1,-1,-1,-1
76,2,1,700,-1,1,-1,2,6
42,2,2,700,-1,1,-1,2,7
47,2,2,700,-1,1,-1,2,7
24,1,1,700,2,-1,-1,-1,-1
56,3,2,700,-1,-1,-1,-1,-1
28,2,2,700,-1,1,-1,2,7
22,1,1,700,2,-1,-1,-1,-1
30,1,1,700,-1,-1,-1,-1,-1
44,2,1,700,-1,-1,-1,-1,-1
29,2,1,700,-1,-1,-1,-1,-1
43,2,2,700,-1,2,-1,2,7
21,1,1,700,2,-1,-1,-1,-1
62,2,2,700,-1,-1,-1,-1,-1
20,2,2,700,2,1,-1,2,7
22,1,1,700,2,2,-1,2,8
15,1,2,700,1,2,-1,2,8
12,1,1,700,1,-1,-1,-1,-1
25,1,2,700,-1,2,2,1,-1
49,2,2,700,-1,-1,-1,-1,-1
33,2,1,700,-1,-1,-1,-1,-1
13,1,1,700,1,-1,-1,-1,-1
22,2,1,700,2,-1,-1,-1,-1
37,2,1,700,-1,-1,-1,-1,-1
11,1,2,700,1,-1,-1,-1,-1
32,2,2,700,-1,-1,-1,-1,-1
23,2,2,700,2,1,-1,2,7
50,2,2,700,-1,-1,-1,-1,-1
68,3,1,700,-1,-1,-1,-1,-1
17,1,1,700,1,2,-1,2,8
48,2,1,700,-1,-1,-1,-1,-1
5,1,1,700,2,-1,-1,-1,-1
29,2,1,700,-1,-1,-1,-1,-1
8,1,2,700,1,-1,-1,-1,-1
7,1,2,700,1,-1,-1,-1,-1
12,1,1,700,1,-1,-1,-1,-1
14,1,1,700,1,-1,-1,-1,-1
5,1,1,700,1,-1,-1,-1,-1
32,1,2,700,-1,-1,-1,-1,-1
14,1,2,700,1,-1,-1,-1,-1
40,2,2,700,-1,1,-1,2,7
64,2,2,700,-1,-1,-1,-1,-1
27,2,1,700,-1,-1,-1,-1,-1
7,1,1,700,1,-1,-1,-1,-1
55,2,2,700,-1,2,-1,2,7
35,2,1,700,-1,-1,-1,-1,-1
16,1,1,700,1,2,-1,2,8
48,2,2,700,-1,-1,-1,-1,-1
88,3,2,700,-1,2,-1,2,7
46,2,1,700,-1,-1,-1,-1,-1
22,1,2,700,1,2,-1,2,8
15,1,1,700,1,2,-1,2,8
38,2,2,700,-1,-1,-1,-1,-1
30,1,1,700,-1,-1,-1,-1,-1
32,2,2,700,-1,-1,-1,-1,-1
53,2,2,700,-1,1,-1,2,7
27,2,2,700,-1,2,-1,2,7
56,2,1,700,-1,-1,-1,-1,-1
22,1,2,700,2,-1,-1,-1,-1
41,2,1,700,-1,-1,-1,-1,-1
26,2,2,700,-1,2,-1,2,7
17,1,1,700,1,2,-1,2,8
62,3,2,700,-1,2,-1,2,7
25,2,1,700,-1,-1,-1,-1,-1
16,1,2,700,1,2,-1,2,8
43,2,2,700,-1,-1,-1,-1,-1
8,1,2,700,1,-1,-1,-1,-1
28,2,2,700,-1,-1,-1,-1,-1
8,1,1,700,1,-1,-1,-1,-1
46,2,1,700,-1,-1,-1,-1,-1
39,2,1,700,-1,-1,-1,-1,-1
73,2,1,700,-1,1,-1,2,6
56,2,1,700,-1,-1,-1,-1,-1
39,2,1,700,-1,-1,-1,-1,-1
69,2,1,700,-1,-1,-1,-1,-1
30,2,2,700,-1,1,-1,2,7
34,2,2,700,-1,-1,-1,-1,-1
46,2,2,700,-1,-1,-1,-1,-1
54,2,2,700,-1,-1,-1,-1,-1
22,1,1,700,2,-1,-1,-1,-1
29,2,1,700,-1,-1,-1,-1,-1
25,2,2,700,-1,-1,-1,-1,-1
34,2,1,700,-1,-1,-1,-1,-1
21,1,2,700,2,-1,-1,-1,-1
84,3,2,700,-1,1,-1,2,6
9,1,2,700,1,-1,-1,-1,-1
9,1,2,700,1,-1,-1,-1,-1
35,2,1,700,-1,-1,-1,-1,-1
44,2,2,700,-1,2,-1,2,7
18,1,2,700,1,2,-1,2,8
87,2,1,700,-1,1,-1,2,6
6,1,1,700,1,-1,-1,-1,-1
24,1,1,700,2,-1,-1,-1,-1
11,1,1,700,1,-1,-1,-1,-1
51,2,1,700,-1,1,-1,2,7
70,3,2,700,-1,-1,-1,-1,-1
48,2,1,700,-1,-1,-1,-1,-1
18,1,1,700,1,-1,-1,-1,-1
20,1,1,700,2,-1,-1,-1,-1
70,3,2,700,-1,1,-1,2,6
6,1,2,700,1,-1,-1,-1,-1
28,2,1,700,-1,-1,-1,-1,-1
16,1,2,700,1,2,-1,2,8
23,1,1,700,1,1,-1,2,5
6,1,1,700,1,-1,-1,-1,-1
9,1,2,700,1,-1,-1,-1,-1
18,1,1,700,1,2,-1,2,8
46,2,2,700,-1,1,-1,2,7
73,2,2,700,-1,1,-1,2,6
22,1,1,700,2,2,-1,2,7
15,1,2,700,1,2,-1,2,8
20,2,2,700,2,-1,-1,-1,-1
18,1,2,700,2,2,-1,2,7
5,1,2,700,2,-1,-1,-1,-1
20,1,1,700,2,-1,-1,-1,-1
21,2,1,700,2,-1,-1,-1,-1
18,1,2,700,2,2,-1,2,7
15,1,2,700,1,2,-1,2,8
7,1,1,700,1,-1,-1,-1,-1
28,2,2,700,-1,1,-1,2,7
14,1,1,700,1,-1,-1,-1,-1
10,1,1,700,1,-1,-1,-1,-1
35,2,1,700,-1,-1,-1,-1,-1
11,1,2,700,1,-1,-1,-1,-1
52,2,1,700,-1,-1,-1,-1,-1
31,2,2,700,-1,2,-1,2,7
16,3,1,700,1,2,-1,2,8
18,1,2,700,1,1,-1,2,8
38,2,2,700,-1,2,-1,2,7
13,1,2,700,2,-1,-1,-1,-1
10,1,2,700,1,-1,-1,-1,-1
21,2,2,700,2,-1,-1,-1,-1
18,1,2,700,1,2,-1,2,8
43,1,2,700,-1,1,-1,2,7
13,1,1,700,1,-1,-1,-1,-1
55,2,1,700,-1,-1,-1,-1,-1
7,1,1,700,1,-1,-1,-1,-1
8,1,1,700,1,-1,-1,-1,-1
26,4,2,700,-1,1,-1,2,7
15,1,1,700,1,2,-1,2,8
18,1,1,700,2,2,1,1,-1
44,2,2,700,-1,1,-1,2,7
11,1,2,700,1,-1,-1,-1,-1
39,2,1,700,-1,-1,-1,-1,-1
8,1,2,700,1,-1,-1,-1,-1
34,2,2,700,-1,1,-1,2,7
12,1,1,700,1,-1,-1,-1,-1
32,2,1,700,-1,-1,-1,-1,-1
43,2,2,700,-1,-1,-1,-1,-1
24,1,1,700,2,-1,-1,-1,-1
9,1,1,700,1,-1,-1,-1,-1
34,2,1,700,-1,-1,-1,-1,-1
5,1,1,700,2,-1,-1,-1,-1
5,1,1,700,1,-1,-1,-1,-1
5,1,1,700,2,-1,-1,-1,-1
63,2,1,700,-1,-1,-1,-1,-1
38,2,1,700,-1,-1,-1,-1,-1
9,1,2,700,1,-1,-1,-1,-1
40,2,1,700,-1,-1,-1,-1,-1
37,1,1,700,-1,-1,-1,-1,-1
72,3,2,700,-1,-1,-1,-1,-1
42,2,2,700,-1,-1,-1,-1,-1
11,1,1,700,1,-1,-1,-1,-1
39,3,1,700,-1,-1,-1,-1,-1
63,2,2,700,-1,1,-1,2,7
21,2,2,700,2,-1,-1,-1,-1
52,2,2,700,-1,1,-1,2,7
39,2,1,700,-1,-1,-1,-1,-1
61,3,1,700,-1,1,-1,2,3
42,2,2,700,-1,1,-1,2,7
39,2,2,700,-1,-1,-1,-1,-1
15,1,1,700,1,2,-1,2,8
15,1,1,700,1,2,-1,2,8
18,1,1,700,2,1,-1,2,5
11,1,2,700,1,-1,-1,-1,-1
7,1,1,700,1,-1,-1,-1,-1
57,2,1,700,-1,-1,-1,-1,-1
13,1,1,700,1,-1,-1,-1,-1
16,1,2,700,1,2,-1,2,8
65,3,2,700,-1,1,-1,2,9
26,1,2,700,-1,2,-1,2,2
41,2,1,700,-1,-1,-1,-1,-1
26,2,2,700,-1,2,-1,2,7
11,1,2,700,1,-1,-1,-1,-1
24,2,1,700,2,-1,-1,-1,-1
32,2,2,700,-1,1,-1,2,7
85,1,2,700,-1,1,-1,2,6
10,1,1,700,1,-1,-1,-1,-1
31,2,1,700,-1,-1,-1,-1,-1
76,3,2,700,-1,1,-1,2,6
70,2,1,700,-1,-1,-1,-1,-1
21,1,2,700,2,-1,-1,-1,-1
35,2,1,700,-1,-1,-1,-1,-1
9,1,1,700,1,-1,-1,-1,-1
22,1,1,700,2,-1,-1,-1,-1
11,1,2,700,1,-1,-1,-1,-1
51,2,1,700,-1,-1,-1,-1,-1
26,2,2,700,-1,1,-1,2,7
51,2,2,700,-1,-1,-1,-1,-1
25,2,1,700,-1,-1,-1,-1,-1
43,2,1,700,-1,-1,-1,-1,-1
58,2,1,700,-1,1,-1,2,5
12,1,1,700,1,-1,-1,-1,-1
52,1,2,700,-1,1,2,1,-1
54,1,1,700,-1,1,-1,2,5
51,1,2,700,-1,-1,-1,-1,-1
58,2,1,700,-1,-1,-1,-1,-1
14,1,2,700,1,-1,-1,-1,-1
57,2,1,700,-1,-1,-1,-1,-1
19,2,2,700,2,1,-1,2,7
27,1,2,700,-1,-1,-1,-1,-1
16,1,1,700,1,2,-1,2,8
13,1,1,700,1,-1,-1,-1,-1
48,2,2,700,-1,1,-1,2,7
50,2,2,700,-1,-1,-1,-1,-1
6,1,1,700,1,-1,-1,-1,-1
55,2,2,700,-1,2,-1,2,7
29,2,2,700,-1,2,-1,2,7
7,1,2,700,1,-1,-1,-1,-1
26,2,1,700,-1,-1,-1,-1,-1
45,2,2,700,-1,-1,-1,-1,-1
21,1,2,700,2,-1,-1,-1,-1
20,1,2,700,1,2,-1,2,7
14,1,2,700,1,-1,-1,-1,-1
57,2,2,700,-1,-1,-1,-1,-1
18,1,1,700,1,2,-1,2,8
6,1,2,700,1,-1,-1,-1,-1
19,1,2,700,2,1,-1,2,9
15,1,2,700,1,2,-1,2,8
32,2,1,700,-1,-1,-1,-1,-1
42,2,2,700,-1,1,-1,2,5
24,1,1,700,2,1,-1,2,3
37,2,2,700,-1,-1,-1,-1,-1
27,1,1,700,-1,-1,-1,-1,-1
6,1,1,700,1,-1,-1,-1,-1
16,1,2,700,2,2,-1,2,6
34,2,2,700,-1,1,-1,2,7
18,1,2,700,1,2,-1,2,8
22,1,2,700,1,2,-1,2,8
52,1,1,700,-1,1,-1,2,3
18,1,2,700,1,2,-1,2,8
21,1,1,700,2,-1,-1,-1,-1
9,1,2,700,1,-1,-1,-1,-1
23,2,2,700,2,1,-1,2,7
37,1,2,700,-1,-1,-1,-1,-1
12,1,2,700,1,-1,-1,-1,-1
23,2,1,700,2,-1,-1,-1,-1
70,2,2,700,-1,-1,-1,-1,-1
25,1,1,700,-1,-1,-1,-1,-1
10,1,2,700,1,-1,-1,-1,-1
10,1,2,700,1,-1,-1,-1,-1
22,1,2,700,2,1,-1,2,7
53,2,1,700,-1,-1,-1,-1,-1
21,2,1,700,2,-1,-1,-1,-1
39,2,1,700,-1,-1,-1,-1,-1
25,1,1,700,-1,-1,-1,-1,-1
29,2,1,700,-1,-1,-1,-1,-1
15,1,2,700,1,2,-1,2,8
43,2,2,700,-1,1,-1,2,7
17,1,1,700,1,2,-1,2,8
49,2,1,700,-1,1,-1,2,6
5,1,2,700,1,-1,-1,-1,-1
7,1,2,700,1,-1,-1,-1,-1
72,2,2,700,-1,1,-1,2,7
14,1,2,700,1,-1,-1,-1,-1
29,4,2,700,-1,1,-1,2,7
19,1,1,700,2,-1,-1,-1,-1
13,1,1,700,1,-1,-1,-1,-1
12,1,2,700,1,-1,-1,-1,-1
15,1,2,700,1,2,-1,2,8
24,1,1,700,2,-1,-1,-1,-1
28,2,1,700,-1,-1,-1,-1,-1
64,2,2,700,-1,1,-1,2,6
42,2,1,700,-1,-1,-1,-1,-1
20,2,1,700,2,-1,-1,-1,-1
7,1,1,700,1,-1,-1,-1,-1
11,1,2,700,1,-1,-1,-1,-1
40,2,2,700,-1,-1,-1,-1,-1
26,2,1,700,-1,-1,-1,-1,-1
15,1,2,700,1,2,-1,2,8
32,1,2,700,-1,1,-1,2,8
45,1,1,700,-1,-1,-1,-1,-1
16,1,1,700,1,2,-1,2,8
89,3,1,700,-1,1,-1,2,6
45,2,1,700,-1,-1,-1,-1,-1
25,2,1,700,-1,-1,-1,-1,-1
12,1,1,700,1,-1,-1,-1,-1
26,1,1,700,-1,2,-1,2,7
48,2,1,700,-1,-1,-1,-1,-1
22,1,1,700,2,-1,-1,-1,-1
8,1,2,700,1,-1,-1,-1,-1
22,1,1,700,2,-1,-1,-1,-1
18,1,1,700,2,-1,-1,-1,-1
75,2,1,700,-1,1,-1,2,6
10,1,1,700,1,-1,-1,-1,-1
45,2,2,700,-1,-1,-1,-1,-1
8,1,1,700,1,-1,-1,-1,-1
25,1,1,700,-1,-1,-1,-1,-1
36,2,1,700,-1,-1,-1,-1,-1
34,2,1,700,-1,-1,-1,-1,-1
10,1,2,700,1,-1,-1,-1,-1
17,1,2,700,1,2,-1,2,8
33,2,2,700,-1,2,-1,2,7
29,2,2,700,-1,1,-1,2,7
15,1,2,700,1,2,-1,2,7
9,1,1,700,1,-1,-1,-1,-1
37,2,1,700,-1,-1,-1,-1,-1
18,1,1,700,1,2,-1,2,8
38,1,1,700,-1,-1,-1,-1,-1
24,2,2,700,2,-1,-1,-1,-1
48,2,2,700,-1,-1,-1,-1,-1
7,1,1,700,1,-1,-1,-1,-1
57,2,1,700,-1,-1,-1,-1,-1
47,4,1,700,-1,-1,-1,-1,-1
9,1,1,700,1,-1,-1,-1,-1
31,2,1,700,-1,-1,-1,-1,-1
12,1,2,700,1,-1,-1,-1,-1
30,2,2,700,-1,-1,-1,-1,-1
47,2,1,700,-1,-1,-1,-1,-1
24,1,1,700,2,-1,-1,-1,-1
11,1,2,700,1,-1,-1,-1,-1
32,2,2,700,-1,-1,-1,-1,-1
49,2,1,700,-1,-1,-1,-1,-1
79,2,2,700,-1,1,-1,2,7
7,1,2,700,1,-1,-1,-1,-1
44,2,2,700,-1,-1,-1,-1,-1
10,1,2,700,1,-1,-1,-1,-1
23,2,1,700,2,-1,-1,-1,-1
54,2,1,700,-1,-1,-1,-1,-1
15,1,2,700,2,2,-1,2,6
53,2,2,700,-1,-1,-1,-1,-1
53,2,1,700,-1,-1,-1,-1,-1
45,2,1,700,-1,-1,-1,-1,-1
9,1,1,700,1,-1,-1,-1,-1
61,2,2,700,-1,-1,-1,-1,-1
60,2,1,700,-1,-1,-1,-1,-1
28,2,1,700,-1,-1,-1,-1,-1
67,2,1,700,-1,-1,-1,-1,-1
28,2,1,700,-1,1,-1,2,7
22,1,1,700,1,2,-1,2,8
38,2,1,700,-1,-1,-1,-1,-1
83,1,1,700,-1,2,-1,2,6
8,1,1,700,1,-1,-1,-1,-1
32,2,2,700,-1,1,-1,2,7
40,2,2,700,-1,-1,-1,-1,-1
9,1,1,700,1,-1,-1,-1,-1
48,2,1,700,-1,-1,-1,-1,-1
20,1,1,700,1,2,-1,2,8
8,1,1,700,1,-1,-1,-1,-1
10,1,2,700,2,-1,-1,-1,-1
16,1,2,700,1,2,-1,2,8
5,1,2,700,1,-1,-1,-1,-1
72,3,2,700,-1,1,-1,2,6
33,2,1,700,-1,-1,-1,-1,-1
37,2,2,700,-1,1,-1,2,7
45,2,2,700,-1,-1,-1,-1,-1
10,1,1,700,1,-1,-1,-1,-1
21,1,1,700,2,-1,-1,-1,-1
28,2,1,700,-1,-1,-1,-1,-1
15,1,2,700,1,1,-1,2,6
34,2,1,700,-1,-1,-1,-1,-1
8,1,1,700,1,-1,-1,-1,-1
35,2,2,700,-1,2,-1,2,7
25,2,1,700,-1,-1,-1,-1,-1
9,1,1,700,1,-1,-1,-1,-1
29,2,2,700,-1,1,-1,2,7
11,1,2,700,1,-1,-1,-1,-1
11,1,2,700,1,-1,-1,-1,-1
7,1,1,700,2,-1,-1,-1,-1
59,2,1,700,-1,-1,-1,-1,-1
31,2,1,700,-1,-1,-1,-1,-1
57,2,2,700,-1,-1,-1,-1,-1
27,1,1,700,-1,-1,-1,-1,-1
49,2,2,700,-1,-1,-1,-1,-1
19,1,2,700,2,-1,-1,-1,-1
7,1,1,700,2,-1,-1,-1,-1
45,2,1,700,-1,-1,-1,-1,-1
58,2,2,700,-1,1,-1,2,7
39,2,2,700,-1,1,-1,2,7
36,2,2,700,-1,-1,-1,-1,-1
38,2,1,700,-1,-1,-1,-1,-1
20,1,1,700,1,1,-1,2,8
47,2,2,700,-1,-1,-1,-1,-1
12,1,2,700,1,-1,-1,-1,-1
14,1,2,700,1,-1,-1,-1,-1
11,1,1,700,1,-1,-1,-1,-1
46,2,1,700,-1,-1,-1,-1,-1
15,1,2,700,1,2,-1,2,8
29,2,2,700,-1,1,-1,2,7
24,2,2,700,2,1,-1,2,7
40,1,2,700,-1,1,-1,2,7
39,2,2,700,-1,1,-1,2,7
52,2,1,700,-1,-1,-1,-1,-1
10,1,1,700,1,-1,-1,-1,-1
19,1,1,700,1,2,-1,2,8
52,2,1,700,-1,-1,-1,-1,-1
41,2,1,700,-1,-1,-1,-1,-1
55,2,2,700,-1,1,-1,2,7
38,2,2,700,-1,-1,-1,-1,-1
50,2,1,700,-1,-1,-1,-1,-1
46,2,1,700,-1,-1,-1,-1,-1
9,1,1,700,1,-1,-1,-1,-1
53,2,2,700,-1,-1,-1,-1,-1
7,1,2,700,1,-1,-1,-1,-1
36,2,1,700,-1,-1,-1,-1,-1
53,1,1,700,-1,-1,-1,-1,-1
8,1,1,700,1,-1,-1,-1,-1
7,1,1,700,1,-1,-1,-1,-1
19,2,1,700,2,-1,-1,-1,-1
23,1,1,700,2,-1,-1,-1,-1
58,2,1,700,-1,-1,-1,-1,-1
39,2,1,700,-1,-1,-1,-1,-1
17,2,1,700,2,-1,-1,-1,-1
29,1,2,700,-1,2,-1,2,7
43,2,2,700,-1,-1,-1,-1,-1
10,1,1,700,1,-1,-1,-1,-1
51,2,2,700,-1,-1,-1,-1,-1
26,1,2,700,-1,-1,-1,-1,-1
18,1,2,700,1,2,-1,2,8
38,2,1,700,-1,-1,-1,-1,-1
6,1,2,700,1,-1,-1,-1,-1
7,1,2,700,1,-1,-1,-1,-1
65,2,1,700,-1,1,-1,2,6
60,2,2,700,-1,1,-1,2,7
57,1,2,700,-1,2,-1,2,7
11,1,2,700,1,-1,-1,-1,-1
45,2,1,700,-1,-1,-1,-1,-1
60,1,2,700,-1,2,-1,2,6
25,2,1,700,-1,-1,-1,-1,-1
15,1,2,700,1,2,-1,2,8
5,1,1,700,1,-1,-1,-1,-1
6,1,2,700,1,-1,-1,-1,-1
7,1,2,700,1,-1,-1,-1,-1
35,2,2,700,-1,1,-1,2,7
71,4,1,700,-1,-1,-1,-1,-1
12,1,2,700,1,-1,-1,-1,-1
32,2,1,700,-1,-1,-1,-1,-1
55,2,1,700,-1,-1,-1,-1,-1
10,1,2,700,2,-1,-1,-1,-1
22,2,1,700,2,-1,-1,-1,-1
17,1,1,700,1,-1,-1,-1,-1
16,1,1,700,1,2,-1,2,8
78,3,1,700,-1,1,-1,2,6
46,2,1,700,-1,-1,-1,-1,-1
16,1,1,700,1,1,-1,2,8
50,2,1,700,-1,-1,-1,-1,-1
14,1,1,700,1,-1,-1,-1,-1
17,1,1,700,2,2,-1,2,6
17,1,1,700,2,-1,-1,-1,-1
19,1,2,700,1,2,-1,2,8
44,2,2,700,-1,-1,-1,-1,-1
50,2,2,700,-1,-1,-1,-1,-1
83,3,2,700,-1,2,-1,2,6
64,2,2,700,-1,2,-1,2,6
70,3,2,700,-1,1,-1,2,6
62,2,2,700,-1,1,-1,2,7
15,1,2,700,1,2,-1,2,8
6,1,2,700,1,-1,-1,-1,-1
17,1,2,700,2,2,-1,2,7
57,2,2,700,-1,1,-1,2,7
34,2,2,700,-1,1,-1,2,2
45,1,2,700,-1,1,-1,2,7
60,3,2,700,-1,2,-1,2,6
19,1,2,700,1,2,-1,2,8
19,1,2,700,1,2,-1,2,8
43,3,2,700,-1,-1,-1,-1,-1
14,1,2,700,1,-1,-1,-1,-1
27,2,1,700,-1,-1,-1,-1,-1
12,1,2,700,1,-1,-1,-1,-1
57,4,2,700,-1,1,-1,2,7
23,1,2,700,2,2,1,1,-1
24,1,1,700,2,-1,-1,-1,-1
7,1,1,700,1,-1,-1,-1,-1
23,2,1,700,2,-1,-1,-1,-1
54,1,2,700,-1,-1,-1,-1,-1
18,1,2,700,1,2,-1,2,8
5,1,1,700,2,-1,-1,-1,-1
27,2,2,700,-1,-1,-1,-1,-1
47,2,1,700,-1,-1,-1,-1,-1
46,2,1,700,-1,2,-1,2,1
30,2,2,700,-1,1,-1,2,7
32,1,2,700,-1,-1,-1,-1,-1
49,2,1,700,-1,-1,-1,-1,-1
45,2,1,700,-1,1,-1,2,7
12,1,2,700,1,-1,-1,-1,-1
14,1,1,700,1,-1,-1,-1,-1
18,1,1,700,2,2,-1,2,7
37,2,2,700,-1,1,-1,2,7
18,1,2,700,1,2,-1,2,8
11,1,1,700,1,-1,-1,-1,-1
61,2,1,700,-1,-1,-1,-1,-1
60,2,2,700,-1,1,-1,2,7
23,1,2,700,2,-1,-1,-1,-1
36,2,2,700,-1,1,-1,2,7
29,2,1,700,-1,-1,-1,-1,-1
35,1,1,700,-1,-1,-1,-1,-1
31,1,1,700,-1,-1,-1,-1,-1
26,2,2,700,-1,1,-1,2,7
76,3,2,700,-1,1,-1,2,7
26,1,1,700,-1,2,-1,2,8
6,1,1,700,1,-1,-1,-1,-1
51,2,1,700,-1,-1,-1,-1,-1
9,1,2,700,1,-1,-1,-1,-1
14,1,2,700,1,-1,-1,-1,-1
54,2,1,700,-1,-1,-1,-1,-1
22,1,1,700,2,1,-1,2,2
35,2,2,700,-1,1,-1,2,7
15,1,2,700,1,2,-1,2,8
22,2,2,700,2,-1,-1,-1,-1
36,2,1,700,-1,-1,-1,-1,-1
43,2,1,700,-1,-1,-1,-1,-1
6,1,2,700,1,-1,-1,-1,-1
6,1,1,700,1,-1,-1,-1,-1
28,1,2,700,-1,-1,-1,-1,-1
13,1,2,700,2,-1,-1,-1,-1
14,1,1,700,1,-1,-1,-1,-1
21,1,2,700,2,2,1,1,-1
36,2,1,700,-1,-1,-1,-1,-1
7,1,1,700,1,-1,-1,-1,-1
48,2,1,700,-1,-1,-1,-1,-1
9,1,2,700,1,-1,-1,-1,-1
9,1,2,700,1,-1,-1,-1,-1
8,1,2,700,1,-1,-1,-1,-1
17,1,1,700,2,1,-1,2,7
37,2,1,700,-1,-1,-1,-1,-1
29,2,1,700,-1,-1,-1,-1,-1
23,1,1,700,2,-1,-1,-1,-1
35,1,2,700,-1,2,-1,2,6
43,2,2,700,-1,-1,-1,-1,-1
21,1,1,700,2,-1,-1,-1,-1
30,1,1,700,-1,-1,-1,-1,-1
27,1,2,700,-1,-1,-1,-1,-1
7,1,1,700,1,-1,-1,-1,-1
28,1,1,700,-1,-1,-1,-1,-1
25,2,2,700,-1,1,-1,2,7
10,1,1,700,2,-1,-1,-1,-1
28,2,1,700,-1,-1,-1,-1,-1
14,1,2,700,1,-1,-1,-1,-1
70,2,2,700,-1,1,-1,2,7
44,2,2,700,-1,-1,-1,-1,-1
17,1,2,700,1,2,-1,2,8
18,1,2,700,2,-1,-1,-1,-1
8,1,1,700,1,-1,-1,-1,-1
27,2,2,700,-1,-1,-1,-1,-1
12,1,1,700,2,-1,-1,-1,-1
24,1,1,700,2,-1,-1,-1,-1
90,1,2,700,-1,2,-1,2,7
42,1,1,700,-1,-1,-1,-1,-1
60,1,1,700,-1,1,-1,2,6
22,1,2,700,1,2,-1,2,8
6,1,2,700,1,-1,-1,-1,-1
39,1,1,700,-1,-1,-1,-1,-1
50,2,1,700,-1,-1,-1,-1,-1
45,2,2,700,-1,-1,-1,-1,-1
38,2,2,700,-1,1,2,1,-1
5,1,1,700,1,-1,-1,-1,-1
8,1,2,700,1,-1,-1,-1,-1
5,1,2,700,2,-1,-1,-1,-1
10,1,2,700,1,-1,-1,-1,-1
55,1,1,700,-1,-1,-1,-1,-1
32,2,1,700,-1,-1,-1,-1,-1
11,1,2,700,1,-1,-1,-1,-1
18,1,1,700,2,-1,-1,-1,-1
48,2,2,700,-1,-1,-1,-1,-1
65,3,2,700,-1,1,-1,2,6
41,2,1,700,-1,-1,-1,-1,-1
41,3,1,700,-1,-1,-1,-1,-1
45,2,1,700,-1,-1,-1,-1,-1
28,2,1,700,-1,-1,-1,-1,-1
14,1,2,700,1,-1,-1,-1,-1
37,2,1,700,-1,-1,-1,-1,-1
47,2,1,700,-1,-1,-1,-1,-1
53,2,2,700,-1,-1,-1,-1,-1
13,1,2,700,1,-1,-1,-1,-1
5,1,2,700,2,-1,-1,-1,-1
13,1,2,700,1,-1,-1,-1,-1
34,1,2,700,-1,2,-1,2,7
75,3,2,700,-1,1,-1,2,6
35,2,1,700,-1,-1,-1,-1,-1
24,2,2,700,2,1,-1,2,7
26,2,2,700,-1,1,-1,2,9
16,1,1,700,1,2,-1,2,8
14,1,2,700,1,-1,-1,-1,-1
31,2,2,700,-1,1,-1,2,7
60,2,2,700,-1,-1,-1,-1,-1
9,1,1,700,1,-1,-1,-1,-1
9,1,2,700,1,-1,-1,-1,-1
22,1,2,700,1,2,-1,2,8
22,2,2,700,2,1,-1,2,7
50,2,1,700,-1,-1,-1,-1,-1
30,3,1,700,-1,-1,-1,-1,-1
38,2,1,700,-1,-1,-1,-1,-1
60,2,1,700,-1,-1,-1,-1,-1
24,2,1,700,2,1,-1,2,1
66,2,2,700,-1,-1,-1,-1,-1
21,1,1,700,2,-1,-1,-1,-1
16,1,1,700,1,2,-1,2,8
45,2,1,700,-1,-1,-1,-1,-1
41,2,2,700,-1,1,-1,2,7
17,2,2,700,2,-1,-1,-1,-1
24,4,2,700,2,-1,-1,-1,-1
23,1,1,700,2,-1,-1,-1,-1
51,2,1,700,-1,-1,-1,-1,-1
49,2,1,700,-1,-1,-1,-1,-1
60,2,2,700,-1,1,-1,2,7
25,1,1,700,-1,-1,-1,-1,-1
48,2,1,700,-1,-1,-1,-1,-1
7,1,1,700,1,-1,-1,-1,-1
41,2,1,700,-1,-1,-1,-1,-1
64,2,2,700,-1,-1,-1,-1,-1
20,2,2,700,2,1,-1,2,7
45,2,1,700,-1,-1,-1,-1,-1
28,1,1,700,-1,-1,-1,-1,-1
7,1,2,700,1,-1,-1,-1,-1
50,3,2,700,-1,-1,-1,-1,-1
19,1,1,700,2,-1,-1,-1,-1
31,1,2,700,-1,-1,-1,-1,-1
6,1,2,700,1,-1,-1,-1,-1
29,1,1,700,-1,-1,-1,-1,-1
19,1,2,700,1,2,-1,2,8
50,2,2,700,-1,-1,-1,-1,-1
33,2,1,700,-1,-1,-1,-1,-1
30,1,1,700,-1,-1,-1,-1,-1
25,1,2,700,-1,1,-1,2,7
32,2,1,700,-1,1,-1,2,1
8,1,2,700,1,-1,-1,-1,-1
11,1,1,700,1,-1,-1,-1,-1
35,2,1,700,-1,-1,-1,-1,-1
17,1,1,700,2,2,-1,2,7
20,1,2,700,1,-1,-1,-1,-1
65,3,2,700,-1,-1,-1,-1,-1
24,1,1,700,2,2,1,1,-1
36,2,2,700,-1,1,-1,2,7
20,1,1,700,1,-1,-1,-1,-1
56,2,2,700,-1,1,-1,2,3
54,2,2,700,-1,-1,-1,-1,-1
54,2,1,700,-1,-1,-1,-1,-1
7,1,2,700,1,-1,-1,-1,-1
49,2,2,700,-1,1,-1,2,7
28,1,1,700,-1,1,2,1,-1
39,2,1,700,-1,-1,-1,-1,-1
27,1,2,700,-1,-1,-1,-1,-1
15,1,1,700,2,2,-1,2,6
60,1,1,700,-1,-1,-1,-1,-1
62,3,1,700,-1,-1,-1,-1,-1
26,2,2,700,-1,1,-1,2,7
13,1,2,700,1,-1,-1,-1,-1
33,2,2,700,-1,1,-1,2,7
54,1,1,700,-1,-1,-1,-1,-1
19,1,1,700,1,-1,-1,-1,-1
27,2,2,700,-1,2,-1,2,7
26,2,2,700,-1,1,-1,2,7
34,2,1,700,-1,-1,-1,-1,-1
8,1,2,700,1,-1,-1,-1,-1
9,1,2,700,1,-1,-1,-1,-1
54,2,2,700,-1,-1,-1,-1,-1
54,1,1,700,-1,1,-1,2,7
72,3,2,700,-1,1,-1,2,7
60,2,2,700,-1,1,-1,2,7
30,1,2,700,-1,-1,-1,-1,-1
45,2,1,700,-1,-1,-1,-1,-1
42,1,2,700,-1,-1,-1,-1,-1
6,1,1,700,1,-1,-1,-1,-1
5,1,2,700,2,-1,-1,-1,-1
14,1,1,700,2,-1,-1,-1,-1
19,1,1,700,2,-1,-1,-1,-1
14,1,2,700,1,-1,-1,-1,-1
24,2,2,700,2,-1,-1,-1,-1
10,1,1,700,1,-1,-1,-1,-1
49,2,1,700,-1,-1,-1,-1,-1
52,3,2,700,-1,-1,-1,-1,-1
10,1,2,700,2,-1,-1,-1,-1
50,2,2,700,-1,-1,-1,-1,-1
34,2,1,700,-1,-1,-1,-1,-1
15,1,2,700,1,2,-1,2,8
35,2,2,700,-1,-1,-1,-1,-1
36,2,1,700,-1,-1,-1,-1,-1
10,1,2,700,1,-1,-1,-1,-1
8,1,1,700,1,-1,-1,-1,-1
12,1,1,700,1,-1,-1,-1,-1
15,1,2,700,1,2,-1,2,8
43,2,2,700,-1,2,-1,2,7
15,1,1,700,1,2,-1,2,8
16,1,1,700,1,2,-1,2,8
36,2,1,700,-1,-1,-1,-1,-1
19,2,2,700,2,2,-1,2,7
22,4,1,700,2,-1,-1,-1,-1
14,1,1,700,1,-1,-1,-1,-1
12,1,1,700,1,-1,-1,-1,-1
24,1,1,700,2,2,-1,2,9
8,1,2,700,1,-1,-1,-1,-1
8,1,1,700,2,-1,-1,-1,-1
15,1,2,700,1,2,-1,2,8
19,1,2,700,1,2,-1,2,8
12,1,1,700,1,-1,-1,-1,-1
42,2,2,700,-1,-1,-1,-1,-1
31,2,2,700,-1,2,-1,2,7
43,2,2,700,-1,1,-1,2,7
27,1,2,700,-1,-1,-1,-1,-1
36,2,2,700,-1,-1,-1,-1,-1
47,2,2,700,-1,1,-1,2,7
18,1,2,700,2,-1,-1,-1,-1
37,2,1,700,-1,-1,-1,-1,-1
6,1,1,700,1,-1,-1,-1,-1
59,2,1,700,-1,-1,-1,-1,-1
7,1,1,700,1,-1,-1,-1,-1
63,2,2,700,-1,1,-1,2,7
8,1,2,700,1,-1,-1,-1,-1
64,2,1,700,-1,-1,-1,-1,-1
8,1,1,700,1,-1,-1,-1,-1
27,2,2,700,-1,2,-1,2,7
30,1,2,700,-1,2,-1,2,7
57,2,2,700,-1,-1,-1,-1,-1
60,1,1,700,-1,-1,-1,-1,-1
24,1,1,700,2,-1,-1,-1,-1
32,2,2,700,-1,-1,-1,-1,-1
22,2,2,700,2,1,-1,2,7
78,3,2,700,-1,-1,-1,-1,-1
36,2,1,700,-1,-1,-1,-1,-1
40,2,2,700,-1,-1,-1,-1,-1
13,1,1,700,1,-1,-1,-1,-1
33,2,2,700,-1,1,-1,2,7
11,1,2,700,1,-1,-1,-1,-1
11,1,2,700,1,-1,-1,-1,-1
14,1,2,700,1,-1,-1,-1,-1
46,2,2,700,-1,2,-1,2,7
19,1,2,700,1,2,-1,2,8
85,3,2,700,-1,1,-1,2,6
20,1,2,700,2,-1,-1,-1,-1
10,1,2,700,1,-1,-1,-1,-1
28,2,1,700,-1,-1,-1,-1,-1
8,1,2,700,1,-1,-1,-1,-1
28,2,1,700,-1,1,2,1,-1
9,1,1,700,1,-1,-1,-1,-1
12,1,1,700,1,-1,-1,-1,-1
12,1,2,700,1,-1,-1,-1,-1
53,1,1,700,-1,-1,-1,-1,-1
77,2,2,700,-1,-1,-1,-1,-1
7,1,1,700,1,-1,-1,-1,-1
50,2,2,700,-1,-1,-1,-1,-1
28,2,2,700,-1,1,-1,2,7
6,1,2,700,1,-1,-1,-1,-1
24,1,1,700,2,-1,-1,-1,-1
30,1,2,700,-1,-1,-1,-1,-1
28,2,2,700,-1,1,-1,2,7
32,2,2,700,-1,1,-1,2,7
44,2,2,700,-1,-1,-1,-1,-1
13,1,1,700,1,-1,-1,-1,-1
48,2,2,700,-1,-1,-1,-1,-1
25,1,1,700,-1,-1,-1,-1,-1
27,2,2,700,-1,1,2,1,-1
44,1,1,700,-1,-1,-1,-1,-1
48,2,2,700,-1,-1,-1,-1,-1
6,1,1,700,1,-1,-1,-1,-1
50,3,2,700,-1,-1,-1,-1,-1
20,2,2,700,2,-1,-1,-1,-1
66,2,1,700,-1,-1,-1,-1,-1
35,1,1,700,-1,1,-1,2,1
22,2,1,700,2,-1,-1,-1,-1
54,2,2,700,-1,1,-1,2,7
27,2,2,700,-1,1,-1,2,7
20,1,1,700,1,1,-1,2,8
52,2,1,700,-1,-1,-1,-1,-1
13,1,1,700,1,-1,-1,-1,-1
49,2,1,700,-1,-1,-1,-1,-1
32,2,2,700,-1,-1,-1,-1,-1
24,2,1,700,2,-1,-1,-1,-1
15,1,1,700,1,2,-1,2,8
44,2,1,700,-1,-1,-1,-1,-1
38,2,2,700,-1,2,-1,2,7
41,2,2,700,-1,-1,-1,-1,-1
17,2,1,700,2,-1,-1,-1,-1
50,2,2,700,-1,-1,-1,-1,-1
80,3,2,700,-1,1,-1,2,6
10,1,1,700,1,-1,-1,-1,-1
16,1,1,700,1,2,-1,2,8
35,4,2,700,-1,-1,-1,-1,-1
48,2,1,700,-1,-1,-1,-1,-1
5,1,1,700,1,-1,-1,-1,-1
18,1,1,700,1,2,-1,2,8
40,2,2,700,-1,-1,-1,-1,-1
29,1,1,700,-1,-1,-1,-1,-1
7,1,2,700,1,-1,-1,-1,-1
25,1,2,700,-1,-1,-1,-1,-1
49,2,1,700,-1,-1,-1,-1,-1
23,1,2,700,1,-1,-1,-1,-1
14,1,1,700,1,-1,-1,-1,-1
43,2,2,700,-1,1,-1,2,7
62,2,2,700,-1,-1,-1,-1,-1
38,2,1,700,-1,-1,-1,-1,-1
15,1,2,700,1,2,-1,2,8
36,2,1,700,-1,-1,-1,-1,-1
15,1,2,700,1,2,-1,2,8
78,4,1,700,-1,1,-1,2,6
42,1,2,700,-1,-1,-1,-1,-1
26,2,1,700,-1,-1,-1,-1,-1
49,2,2,700,-1,-1,-1,-1,-1
52,2,1,700,-1,-1,-1,-1,-1
10,1,1,700,1,-1,-1,-1,-1
41,1,1,700,-1,-1,-1,-1,-1
24,1,1,700,2,-1,-1,-1,-1
13,1,1,700,1,-1,-1,-1,-1
54,2,2,700,-1,-1,-1,-1,-1
51,2,2,700,-1,1,-1,2,7
31,2,2,700,-1,1,-1,2,7
40,2,2,700,-1,1,-1,2,7
35,1,2,700,-1,-1,-1,-1,-1
48,2,2,700,-1,-1,-1,-1,-1
37,2,2,700,-1,1,-1,2,7
19,1,2,700,1,2,-1,2,8
44,2,1,700,-1,-1,-1,-1,-1
68,2,2,700,-1,1,-1,2,7
51,2,1,700,-1,-1,-1,-1,-1
9,1,1,700,2,-1,-1,-1,-1
11,1,2,700,1,-1,-1,-1,-1
27,2,1,700,-1,-1,-1,-1,-1
7,1,1,700,1,-1,-1,-1,-1
7,1,1,700,1,-1,-1,-1,-1
65,3,1,700,-1,-1,-1,-1,-1
6,1,2,700,1,-1,-1,-1,-1
61,2,1,700,-1,-1,-1,-1,-1
60,2,1,700,-1,-1,-1,-1,-1
16,1,2,700,1,2,-1,2,8
21,2,1,700,2,1,-1,2,5
18,2,2,700,2,2,-1,2,7
18,1,1,700,1,2,-1,2,8
16,1,1,700,1,2,-1,2,8
61,2,2,700,-1,1,-1,2,7
41,2,1,700,-1,-1,-1,-1,-1
14,1,1,700,1,-1,-1,-1,-1
49,2,2,700,-1,1,-1,2,7
6,1,1,700,1,-1,-1,-1,-1
20,1,1,700,2,-1,-1,-1,-1
16,1,2,700,1,2,-1,2,8
62,3,2,700,-1,-1,-1,-1,-1
78,3,2,700,-1,2,-1,2,6
18,2,2,700,2,-1,-1,-1,-1
37,2,2,700,-1,-1,-1,-1,-1
24,1,1,700,1,1,-1,2,8
39,2,1,700,-1,-1,-1,-1,-1
60,2,1,700,-1,-1,-1,-1,-1
39,2,1,700,-1,-1,-1,-1,-1
51,2,1,700,-1,-1,-1,-1,-1
20,1,2,700,2,-1,-1,-1,-1
10,1,2,700,2,-1,-1,-1,-1
32,1,2,700,-1,1,2,1,-1
36,4,2,700,-1,-1,-1,-1,-1
15,1,1,700,1,2,-1,2,8
46,2,2,700,-1,2,-1,2,7
58,3,2,700,-1,-1,-1,-1,-1
15,1,2,700,1,2,-1,2,8
28,1,1,700,-1,-1,-1,-1,-1
45,2,2,700,-1,-1,-1,-1,-1
17,1,2,700,2,-1,-1,-1,-1
24,1,1,700,2,-1,-1,-1,-1
9,1,1,700,1,-1,-1,-1,-1
37,2,2,700,-1,-1,-1,-1,-1
59,2,2,700,-1,-1,-1,-1,-1
20,1,2,700,1,2,-1,2,8
44,2,2,700,-1,-1,-1,-1,-1
18,1,1,700,2,2,-1,2,7
60,3,2,700,-1,-1,-1,-1,-1
45,2,2,700,-1,2,-1,2,7
30,2,2,700,-1,1,-1,2,7
18,1,1,700,2,-1,-1,-1,-1
29,2,1,700,-1,-1,-1,-1,-1
26,1,1,700,-1,-1,-1,-1,-1
16,1,1,700,1,2,-1,2,8
17,1,1,700,2,-1,-1,-1,-1
9,1,1,700,1,-1,-1,-1,-1
40,2,2,700,-1,-1,-1,-1,-1
25,2,1,700,-1,-1,-1,-1,-1
6,1,1,700,1,-1,-1,-1,-1
22,1,2,700,2,2,-1,2,8
14,1,2,700,1,-1,-1,-1,-1
72,2,1,700,-1,1,-1,2,6
15,1,2,700,1,2,-1,2,8
32,2,2,700,-1,1,-1,2,7
98,2,1,700,-1,1,-1,2,6
10,1,1,700,1,-1,-1,-1,-1
34,2,1,700,-1,-1,-1,-1,-1
43,2,2,700,-1,1,-1,2,7
68,3,2,700,-1,1,-1,2,6
9,1,2,700,1,-1,-1,-1,-1
7,1,1,700,1,-1,-1,-1,-1
29,1,1,700,-1,-1,-1,-1,-1
20,2,2,700,2,1,-1,2,7
57,2,1,700,-1,-1,-1,-1,-1
32,2,2,700,-1,2,-1,2,7
16,1,2,700,1,2,-1,2,8
14,1,2,700,1,-1,-1,-1,-1
70,2,1,700,-1,-1,-1,-1,-1
12,1,1,700,1,-1,-1,-1,-1
30,1,1,700,-1,-1,-1,-1,-1
8,1,2,700,1,-1,-1,-1,-1
40,1,2,700,-1,-1,-1,-1,-1
23,2,1,700,2,-1,-1,-1,-1
26,1,1,700,-1,-1,-1,-1,-1
13,1,1,700,1,-1,-1,-1,-1
24,1,2,700,2,-1,-1,-1,-1
17,1,1,700,1,-1,-1,-1,-1
30,2,2,700,-1,1,-1,2,7
17,1,1,700,1,2,-1,2,8
12,1,2,700,1,-1,-1,-1,-1
5,1,1,700,1,-1,-1,-1,-1
50,2,2,700,-1,-1,-1,-1,-1
41,2,2,700,-1,1,-1,2,7
28,1,2,700,-1,-1,-1,-1,-1
30,1,2,700,-1,-1,-1,-1,-1
10,1,1,700,1,-1,-1,-1,-1
56,2,2,700,-1,1,-1,2,7
29,2,2,700,-1,-1,-1,-1,-1
49,2,1,700,-1,-1,-1,-1,-1
31,1,1,700,-1,-1,-1,-1,-1
29,1,1,700,-1,-1,-1,-1,-1
22,1,1,700,2,1,-1,2,7
12,1,1,700,1,-1,-1,-1,-1
6,1,1,700,1,-1,-1,-1,-1
7,1,1,700,1,-1,-1,-1,-1
26,1,2,700,-1,-1,-1,-1,-1
34,2,1,700,-1,-1,-1,-1,-1
22,1,1,700,2,-1,-1,-1,-1
23,1,2,700,2,-1,-1,-1,-1
29,2,2,700,-1,1,-1,2,7
60,2,2,700,-1,-1,-1,-1,-1
26,1,2,700,-1,-1,-1,-1,-1
82,3,2,700,-1,1,-1,2,6
58,2,1,700,-1,-1,-1,-1,-1
15,1,2,700,1,2,-1,2,8
10,1,2,700,1,-1,-1,-1,-1
78,3,2,700,-1,1,-1,2,6
22,1,1,700,2,-1,-1,-1,-1
18,1,1,700,2,1,2,1,-1
21,1,1,700,2,-1,-1,-1,-1
30,2,1,700,-1,-1,-1,-1,-1
41,2,2,700,-1,-1,-1,-1,-1
15,1,2,700,1,2,-1,2,8
51,2,1,700,-1,-1,-1,-1,-1
46,2,1,700,-1,-1,-1,-1,-1
76,3,2,700,-1,1,-1,2,6
44,1,2,700,-1,2,-1,2,6
59,2,1,700,-1,1,-1,2,7
27,2,2,700,-1,-1,-1,-1,-1
30,2,2,700,-1,1,-1,2,7
59,2,1,700,-1,-1,-1,-1,-1
30,1,2,700,-1,-1,-1,-1,-1
5,1,1,700,2,-1,-1,-1,-1
31,1,1,700,-1,-1,-1,-1,-1
7,1,1,700,1,-1,-1,-1,-1
18,1,1,700,1,-1,-1,-1,-1
31,2,2,700,-1,1,-1,2,7
42,2,1,700,-1,-1,-1,-1,-1
28,2,1,700,-1,1,-1,2,8
30,1,2,700,-1,-1,-1,-1,-1
8,1,1,700,1,-1,-1,-1,-1
35,2,2,700,-1,-1,-1,-1,-1
43,2,2,700,-1,-1,-1,-1,-1
33,2,2,700,-1,-1,-1,-1,-1
12,1,2,700,1,-1,-1,-1,-1
28,2,2,700,-1,1,-1,2,7
12,1,2,700,1,-1,-1,-1,-1
71,2,2,700,-1,1,-1,2,7
31,2,1,700,-1,-1,-1,-1,-1
14,1,2,700,1,-1,-1,-1,-1
12,1,1,700,1,-1,-1,-1,-1
36,2,1,700,-1,-1,-1,-1,-1
16,1,1,700,1,2,-1,2,8
13,1,2,700,1,-1,-1,-1,-1
25,1,1,700,-1,-1,-1,-1,-1
7,1,2,700,1,-1,-1,-1,-1
59,2,2,700,-1,-1,-1,-1,-1
31,1,1,700,-1,-1,-1,-1,-1
41,1,1,700,-1,-1,-1,-1,-1
13,1,1,700,1,-1,-1,-1,-1
24,1,1,700,2,-1,-1,-1,-1
37,4,2,700,-1,-1,-1,-1,-1
12,1,1,700,1,-1,-1,-1,-1
20,2,2,700,2,1,-1,2,7
51,2,1,700,-1,-1,-1,-1,-1
63,1,1,700,-1,1,-1,2,6
49,2,1,700,-1,-1,-1,-1,-1
35,2,2,700,-1,-1,-1,-1,-1
45,2,1,700,-1,-1,-1,-1,-1
48,1,1,700,-1,-1,-1,-1,-1
39,2,1,700,-1,-1,-1,-1,-1
14,1,1,700,2,-1,-1,-1,-1
73,4,1,700,-1,1,-1,2,6
24,2,2,700,2,1,-1,2,7
63,3,1,700,-1,-1,-1,-1,-1
12,1,1,700,1,-1,-1,-1,-1
10,1,1,700,1,-1,-1,-1,-1
52,2,1,700,-1,-1,-1,-1,-1
47,2,2,700,-1,-1,-1,-1,-1
31,1,2,700,-1,-1,-1,-1,-1
12,1,2,700,1,-1,-1,-1,-1
19,1,1,700,1,2,-1,2,8
25,2,1,700,-1,-1,-1,-1,-1
23,1,1,700,2,2,-1,2,1
73,3,2,700,-1,2,-1,2,7
8,1,1,700,1,-1,-1,-1,-1
43,2,2,700,-1,-1,-1,-1,-1
60,2,2,700,-1,-1,-1,-1,-1
43,2,2,700,-1,1,-1,2,7
33,2,1,700,-1,-1,-1,-1,-1
6,1,1,700,1,-1,-1,-1,-1
16,1,2,700,1,1,-1,2,8
33,1,1,700,-1,1,-1,2,5
60,2,2,700,-1,-1,-1,-1,-1
21,1,2,700,2,-1,-1,-1,-1
29,2,1,700,-1,-1,-1,-1,-1
6,1,2,700,1,-1,-1,-1,-1
6,1,2,700,1,-1,-1,-1,-1
27,2,2,700,-1,1,-1,2,7
14,1,1,700,1,-1,-1,-1,-1
34,2,1,700,-1,-1,-1,-1,-1
6,1,2,700,1,-1,-1,-1,-1
14,1,2,700,1,-1,-1,-1,-1
11,1,1,700,1,-1,-1,-1,-1
38,2,1,700,-1,-1,-1,-1,-1
29,1,2,700,-1,-1,-1,-1,-1
41,1,2,700,-1,-1,-1,-1,-1
25,1,1,700,-1,-1,-1,-1,-1
8,1,1,700,1,-1,-1,-1,-1
31,2,2,700,-1,-1,-1,-1,-1
7,1,2,700,1,-1,-1,-1,-1
56,2,2,700,-1,-1,-1,-1,-1
53,2,1,700,-1,-1,-1,-1,-1
32,1,2,700,-1,-1,-1,-1,-1
12,1,1,700,1,-1,-1,-1,-1
42,2,1,700,-1,-1,-1,-1,-1
11,1,1,700,1,-1,-1,-1,-1
50,2,2,700,-1,1,-1,2,9
59,2,1,700,-1,1,-1,2,9
49,2,1,700,-1,-1,-1,-1,-1
7,1,1,700,1,-1,-1,-1,-1
37,1,1,700,-1,-1,-1,-1,-1
7,1,1,700,1,-1,-1,-1,-1
25,2,2,700,-1,-1,-1,-1,-1
57,2,2,700,-1,1,-1,2,3
52,3,1,700,-1,-1,-1,-1,-1
27,2,2,700,-1,-1,-1,-1,-1
14,1,2,700,1,-1,-1,-1,-1
63,2,1,700,-1,1,-1,2,3
10,1,1,700,1,-1,-1,-1,-1
36,2,2,700,-1,-1,-1,-1,-1
42,2,2,700,-1,1,-1,2,7
5,1,2,700,1,-1,-1,-1,-1
23,1,1,700,2,1,-1,2,1
21,1,2,700,2,-1,-1,-1,-1
7,1,2,700,1,-1,-1,-1,-1
26,2,2,700,-1,2,-1,2,7
64,2,2,700,-1,1,-1,2,7
8,1,2,700,1,-1,-1,-1,-1
16,1,2,700,1,2,-1,2,7
53,2,1,700,-1,-1,-1,-1,-1
31,2,1,700,-1,-1,-1,-1,-1
75,1,2,700,-1,1,-1,2,6
30,2,2,700,-1,-1,-1,-1,-1
56,2,2,700,-1,-1,-1,-1,-1
35,2,1,700,-1,-1,-1,-1,-1
37,3,2,700,-1,-1,-1,-1,-1
25,2,2,700,-1,-1,-1,-1,-1
7,1,1,700,1,-1,-1,-1,-1
43,2,1,700,-1,-1,-1,-1,-1
39,2,1,700,-1,-1,-1,-1,-1
12,1,1,700,1,-1,-1,-1,-1
16,1,1,700,1,2,-1,2,8
24,2,2,700,2,-1,-1,-1,-1
85,3,2,700,-1,1,-1,2,6
10,1,2,700,1,-1,-1,-1,-1
8,1,1,700,1,-1,-1,-1,-1
25,1,1,700,-1,-1,-1,-1,-1
21,1,1,700,2,-1,-1,-1,-1
7,1,1,700,1,-1,-1,-1,-1
10,1,2,700,1,-1,-1,-1,-1
8,1,1,700,1,-1,-1,-1,-1
14,1,2,700,1,-1,-1,-1,-1
23,1,2,700,2,-1,-1,-1,-1
38,2,1,700,-1,-1,-1,-1,-1
9,1,1,700,1,-1,-1,-1,-1
54,2,1,700,-1,-1,-1,-1,-1
40,2,2,700,-1,-1,-1,-1,-1
44,2,2,700,-1,-1,-1,-1,-1
54,2,2,700,-1,1,-1,2,7
55,2,1,700,-1,-1,-1,-1,-1
18,1,2,700,1,1,-1,2,8
58,3,2,700,-1,-1,-1,-1,-1
18,1,2,700,2,2,-1,2,8
59,2,2,700,-1,1,-1,2,7
45,2,1,700,-1,-1,-1,-1,-1
39,2,1,700,-1,-1,-1,-1,-1
66,2,2,700,-1,1,-1,2,7
26,2,2,700,-1,1,-1,2,7
20,1,2,700,1,2,-1,2,8
50,2,1,700,-1,-1,-1,-1,-1
15,1,2,700,1,1,-1,2,7
56,2,2,700,-1,-1,-1,-1,-1
24,1,1,700,2,-1,-1,-1,-1
84,3,2,700,-1,2,-1,2,6
70,2,1,700,-1,1,-1,2,6
7,1,2,700,1,-1,-1,-1,-1
30,1,2,700,-1,1,-1,2,2
53,3,2,700,-1,1,-1,2,7
50,2,1,700,-1,-1,-1,-1,-1
46,2,1,700,-1,-1,-1,-1,-1
50,2,1,700,-1,1,-1,2,3
16,1,2,700,1,-1,-1,-1,-1
24,2,2,700,2,1,-1,2,7
21,2,2,700,2,-1,-1,-1,-1
39,2,1,700,-1,-1,-1,-1,-1
24,2,2,700,2,-1,-1,-1,-1
28,2,2,700,-1,1,-1,2,7
29,2,1,700,-1,1,-1,2,7
18,1,1,700,1,1,-1,2,8
8,1,1,700,1,-1,-1,-1,-1
23,2,2,700,2,-1,-1,-1,-1
30,1,2,700,-1,-1,-1,-1,-1
38,3,2,700,-1,1,-1,2,7
10,1,2,700,1,-1,-1,-1,-1
21,1,1,700,1,2,-1,2,8
44,2,1,700,-1,-1,-1,-1,-1
52,2,2,700,-1,-1,-1,-1,-1
35,2,1,700,-1,-1,-1,-1,-1
42,2,1,700,-1,-1,-1,-1,-1
17,1,2,700,1,2,-1,2,8
55,2,2,700,-1,-1,-1,-1,-1
23,1,2,700,2,1,-1,2,9
13,1,2,700,1,-1,-1,-1,-1
6,1,2,700,1,-1,-1,-1,-1
20,1,2,700,1,2,-1,2,8
40,2,2,700,-1,1,-1,2,7
80,3,2,700,-1,-1,-1,-1,-1
58,2,1,700,-1,-1,-1,-1,-1
6,1,1,700,1,-1,-1,-1,-1
17,1,1,700,1,2,-1,2,8
45,2,1,700,-1,-1,-1,-1,-1
76,2,1,700,-1,1,-1,2,6
83,3,2,700,-1,1,-1,2,6
70,2,2,700,-1,1,-1,2,6
14,1,1,700,1,-1,-1,-1,-1
21,1,2,700,2,2,1,1,-1
27,1,2,700,-1,2,-1,2,8
66,2,1,700,-1,2,-1,2,7
66,2,2,700,-1,1,-1,2,7
26,1,1,700,-1,2,-1,2,9
37,2,2,700,-1,2,-1,2,7
7,1,2,700,1,-1,-1,-1,-1
9,1,2,700,1,-1,-1,-1,-1
29,2,2,700,-1,-1,-1,-1,-1
46,2,1,700,-1,-1,-1,-1,-1
14,1,2,700,1,-1,-1,-1,-1
28,2,1,700,-1,-1,-1,-1,-1
19,1,1,700,2,1,-1,2,5
20,1,2,700,2,1,-1,2,9
11,1,1,700,1,-1,-1,-1,-1
17,2,2,700,1,-1,-1,-1,-1
35,2,1,700,-1,1,2,1,-1
9,1,1,700,1,-1,-1,-1,-1
25,1,1,700,-1,-1,-1,-1,-1
7,1,2,700,1,-1,-1,-1,-1
58,2,2,700,-1,1,-1,2,7
48,2,2,700,-1,-1,-1,-1,-1
7,1,2,700,1,-1,-1,-1,-1
46,2,2,700,-1,1,-1,2,7
70,2,1,700,-1,-1,-1,-1,-1
5,1,2,700,1,-1,-1,-1,-1
41,2,1,700,-1,-1,-1,-1,-1
45,2,1,700,-1,-1,-1,-1,-1
33,2,1,700,-1,-1,-1,-1,-1
62,3,2,700,-1,1,-1,2,7
53,2,1,700,-1,-1,-1,-1,-1
21,1,1,700,1,2,-1,2,8
38,2,1,700,-1,-1,-1,-1,-1
19,1,1,700,1,2,-1,2,8
19,2,2,700,2,-1,-1,-1,-1
13,1,2,700,1,-1,-1,-1,-1
17,1,1,700,2,-1,-1,-1,-1
36,4,2,700,-1,-1,-1,-1,-1
59,2,1,700,-1,-1,-1,-1,-1
5,1,2,700,1,-1,-1,-1,-1
22,1,1,700,1,1,-1,2,3
21,1,2,700,2,-1,-1,-1,-1
68,4,2,700,-1,1,-1,2,6
19,1,1,700,2,-1,-1,-1,-1
73,3,2,700,-1,-1,-1,-1,-1
55,4,2,700,-1,1,-1,2,6
51,2,1,700,-1,-1,-1,-1,-1
11,1,1,700,1,-1,-1,-1,-1
60,2,1,700,-1,-1,-1,-1,-1
28,2,2,700,-1,1,-1,2,7
7,1,1,700,1,-1,-1,-1,-1
11,1,1,700,1,-1,-1,-1,-1
32,2,1,700,-1,-1,-1,-1,-1
10,1,2,700,1,-1,-1,-1,-1
24,2,2,700,2,1,-1,2,7
18,1,2,700,1,2,-1,2,8
13,1,2,700,2,-1,-1,-1,-1
7,1,1,700,1,-1,-1,-1,-1
14,1,2,700,1,-1,-1,-1,-1
36,2,2,700,-1,1,-1,2,7
16,1,1,700,1,-1,-1,-1,-1
27,2,1,700,-1,-1,-1,-1,-1
39,2,2,700,-1,1,-1,2,7
23,2,2,700,1,1,-1,2,8
60,3,2,700,-1,1,-1,2,7
51,2,2,700,-1,-1,-1,-1,-1
28,2,1,700,-1,-1,-1,-1,-1
29,1,1,700,-1,-1,-1,-1,-1
32,4,2,700,-1,-1,-1,-1,-1
67,2,2,700,-1,1,-1,2,7
23,1,2,700,2,-1,-1,-1,-1
42,2,2,700,-1,-1,-1,-1,-1
48,2,2,700,-1,-1,-1,-1,-1
86,2,2,700,-1,1,-1,2,6
18,1,2,700,2,-1,-1,-1,-1
52,2,2,700,-1,-1,-1,-1,-1
15,1,1,700,1,2,-1,2,8
19,1,1,700,1,-1,-1,-1,-1
18,1,1,700,1,2,-1,2,8
16,1,1,700,2,-1,-1,-1,-1
53,2,2,700,-1,-1,-1,-1,-1
56,2,1,700,-1,-1,-1,-1,-1
20,1,1,700,2,-1,-1,-1,-1
40,2,1,700,-1,-1,-1,-1,-1
61,3,2,700,-1,-1,-1,-1,-1
53,1,2,700,-1,2,-1,2,3
37,2,2,700,-1,1,-1,2,4
58,3,2,700,-1,1,-1,2,7
26,2,2,700,-1,1,-1,2,7
25,1,2,700,-1,-1,-1,-1,-1
16,1,1,700,2,-1,-1,-1,-1
9,1,1,700,1,-1,-1,-1,-1
7,1,1,700,1,-1,-1,-1,-1
47,2,1,700,-1,-1,-1,-1,-1
9,1,1,700,1,-1,-1,-1,-1
6,1,2,700,1,-1,-1,-1,-1
8,1,2,700,1,-1,-1,-1,-1
63,2,2,700,-1,2,-1,2,6
33,1,1,700,-1,2,-1,2,1
14,1,2,700,1,-1,-1,-1,-1
24,1,1,700,2,-1,-1,-1,-1
13,1,1,700,1,-1,-1,-1,-1
8,1,1,700,1,-1,-1,-1,-1
8,1,1,700,1,-1,-1,-1,-1
23,2,1,700,2,-1,-1,-1,-1
35,2,1,700,-1,-1,-1,-1,-1
16,1,2,700,1,2,-1,2,8
61,2,1,700,-1,1,-1,2,6
30,2,2,700,-1,-1,-1,-1,-1
32,2,2,700,-1,1,-1,2,7
5,1,1,700,2,-1,-1,-1,-1
15,1,1,700,1,2,-1,2,8
46,4,2,700,-1,-1,-1,-1,-1
39,2,2,700,-1,-1,-1,-1,-1
52,2,2,700,-1,2,-1,2,7
44,2,1,700,-1,-1,-1,-1,-1
41,2,1,700,-1,-1,-1,-1,-1
40,1,2,700,-1,-1,-1,-1,-1
22,1,2,700,2,-1,-1,-1,-1
73,3,2,700,-1,1,-1,2,7
12,1,2,700,1,-1,-1,-1,-1
50,2,1,700,-1,-1,-1,-1,-1
8,1,2,700,1,-1,-1,-1,-1
62,2,1,700,-1,-1,-1,-1,-1
29,1,2,700,-1,-1,-1,-1,-1
29,1,1,700,-1,-1,-1,-1,-1
7,1,2,700,1,-1,-1,-1,-1
41,2,1,700,-1,-1,-1,-1,-1
23,2,2,700,2,1,-1,2,7
26,1,1,700,-1,-1,-1,-1,-1
55,2,1,700,-1,-1,-1,-1,-1
8,1,2,700,1,-1,-1,-1,-1
5,1,1,700,1,-1,-1,-1,-1
32,2,1,700,-1,-1,-1,-1,-1
5,1,2,700,2,-1,-1,-1,-1
8,1,1,700,1,-1,-1,-1,-1
35,2,1,700,-1,-1,-1,-1,-1
5,1,1,700,1,-1,-1,-1,-1
62,3,2,700,-1,1,-1,2,6
35,2,2,700,-1,-1,-1,-1,-1
65,3,2,700,-1,1,-1,2,6
51,2,1,700,-1,-1,-1,-1,-1
10,1,1,700,1,-1,-1,-1,-1
8,1,2,700,1,-1,-1,-1,-1
10,1,2,700,1,-1,-1,-1,-1
78,2,1,700,-1,1,-1,2,6
65,2,2,700,-1,-1,-1,-1,-1
55,2,2,700,-1,-1,-1,-1,-1
29,2,1,700,-1,-1,-1,-1,-1
24,1,1,700,2,-1,-1,-1,-1
30,2,2,700,-1,-1,-1,-1,-1
36,2,2,700,-1,2,-1,2,7
40,2,1,700,-1,-1,-1,-1,-1
25,1,1,700,-1,1,-1,2,7
58,2,1,700,-1,-1,-1,-1,-1
46,2,1,700,-1,-1,-1,-1,-1
50,2,1,700,-1,-1,-1,-1,-1
72,2,2,700,-1,1,-1,2,7
77,2,1,700,-1,2,-1,2,6
32,2,1,700,-1,-1,-1,-1,-1
70,2,1,700,-1,1,-1,2,6
43,2,2,700,-1,-1,-1,-1,-1
30,2,1,700,-1,-1,-1,-1,-1
11,1,2,700,1,-1,-1,-1,-1
15,1,1,700,1,2,-1,2,8
21,2,2,700,2,1,-1,2,1
33,2,1,700,-1,-1,-1,-1,-1
14,1,2,700,1,-1,-1,-1,-1
33,1,2,700,-1,-1,-1,-1,-1
12,1,2,700,1,-1,-1,-1,-1
97,3,2,700,-1,1,-1,2,6
16,1,1,700,1,-1,-1,-1,-1
10,1,1,700,1,-1,-1,-1,-1
6,1,2,700,1,-1,-1,-1,-1
42,2,1,700,-1,-1,-1,-1,-1
6,1,2,700,2,-1,-1,-1,-1
13,1,2,700,1,-1,-1,-1,-1
39,2,1,700,-1,-1,-1,-1,-1
51,2,2,700,-1,-1,-1,-1,-1
12,1,2,700,1,-1,-1,-1,-1
34,2,2,700,-1,1,-1,2,7
88,3,2,700,-1,2,-1,2,6
43,2,1,700,-1,-1,-1,-1,-1
46,2,2,700,-1,-1,-1,-1,-1
32,2,2,700,-1,1,-1,2,7
8,1,1,700,1,-1,-1,-1,-1
26,2,2,700,-1,-1,-1,-1,-1
31,1,1,700,-1,-1,-1,-1,-1
74,3,2,700,-1,-1,-1,-1,-1
19,2,1,700,2,1,2,1,-1
18,2,2,700,2,-1,-1,-1,-1
65,3,1,700,-1,-1,-1,-1,-1
54,2,1,700,-1,-1,-1,-1,-1
10,1,2,700,1,-1,-1,-1,-1
27,2,1,700,-1,-1,-1,-1,-1
28,2,1,700,-1,-1,-1,-1,-1
20,1,2,700,1,-1,-1,-1,-1
7,1,1,700,1,-1,-1,-1,-1
52,2,1,700,-1,-1,-1,-1,-1
41,1,2,700,-1,2,-1,2,7
35,2,2,700,-1,1,-1,2,7
52,2,1,700,-1,-1,-1,-1,-1
68,2,1,700,-1,2,-1,2,6
39,2,2,700,-1,1,-1,2,7
12,1,1,700,1,-1,-1,-1,-1
38,2,1,700,-1,-1,-1,-1,-1
38,1,2,700,-1,-1,-1,-1,-1
49,2,2,700,-1,-1,-1,-1,-1
12,1,2,700,1,-1,-1,-1,-1
35,2,2,700,-1,-1,-1,-1,-1
17,1,1,700,1,2,-1,2,8
30,2,2,700,-1,-1,-1,-1,-1
15,1,1,700,1,2,-1,2,8
59,1,2,700,-1,1,-1,2,7
8,1,1,700,1,-1,-1,-1,-1
17,1,2,700,1,2,-1,2,8
21,1,1,700,2,-1,-1,-1,-1
18,1,2,700,2,2,-1,2,9
28,2,2,700,-1,-1,-1,-1,-1
32,2,1,700,-1,-1,-1,-1,-1
48,2,2,700,-1,1,-1,2,7
74,3,2,700,-1,1,-1,2,6
63,3,1,700,-1,1,-1,2,6
25,1,2,700,-1,1,-1,2,5
8,1,2,700,1,-1,-1,-1,-1
7,1,1,700,1,-1,-1,-1,-1
52,2,2,700,-1,1,-1,2,7
19,1,2,700,1,2,-1,2,8
27,1,1,700,-1,1,2,1,-1
12,1,1,700,1,-1,-1,-1,-1
59,2,2,700,-1,1,-1,2,7
15,1,2,700,1,2,-1,2,8
41,3,2,700,-1,1,-1,2,7
21,2,2,700,2,1,-1,2,7
29,1,1,700,-1,-1,-1,-1,-1
22,1,1,700,1,-1,-1,-1,-1
13,1,1,700,1,-1,-1,-1,-1
50,2,2,700,-1,-1,-1,-1,-1
13,1,1,700,1,-1,-1,-1,-1
15,1,2,700,1,2,-1,2,8
14,1,1,700,1,-1,-1,-1,-1
26,1,2,700,-1,-1,-1,-1,-1
28,2,2,700,-1,-1,-1,-1,-1
22,2,2,700,2,1,-1,2,7
12,1,2,700,1,-1,-1,-1,-1
19,1,1,700,1,-1,-1,-1,-1
21,1,2,700,1,1,-1,2,8
9,1,1,700,1,-1,-1,-1,-1
7,1,2,700,1,-1,-1,-1,-1
76,2,1,700,-1,-1,-1,-1,-1
32,2,1,700,-1,-1,-1,-1,-1
16,1,2,700,1,2,-1,2,8
36,2,1,700,-1,1,-1,2,9
52,4,1,700,-1,-1,-1,-1,-1
56,2,2,700,-1,-1,-1,-1,-1
38,2,1,700,-1,-1,-1,-1,-1
26,1,1,700,-1,-1,-1,-1,-1
6,1,1,700,1,-1,-1,-1,-1
47,2,2,700,-1,1,-1,2,7
56,2,1,700,-1,-1,-1,-1,-1
53,2,1,700,-1,-1,-1,-1,-1
42,2,2,700,-1,-1,-1,-1,-1
20,2,2,700,2,1,-1,2,7
22,1,2,700,1,1,2,1,-1
11,1,2,700,1,-1,-1,-1,-1
53,2,2,700,-1,-1,-1,-1,-1
42,2,2,700,-1,1,-1,2,7
55,2,2,700,-1,1,-1,2,7
26,1,1,700,-1,-1,-1,-1,-1
59,2,1,700,-1,1,-1,2,3
14,1,2,700,1,-1,-1,-1,-1
13,1,1,700,1,-1,-1,-1,-1
30,1,2,700,-1,-1,-1,-1,-1
13,1,2,700,1,-1,-1,-1,-1
52,2,2,700,-1,-1,-1,-1,-1
27,2,2,700,-1,-1,-1,-1,-1
8,1,2,700,1,-1,-1,-1,-1
27,1,1,700,-1,-1,-1,-1,-1
41,2,1,700,-1,-1,-1,-1,-1
36,2,2,700,-1,-1,-1,-1,-1
15,1,2,700,1,-1,-1,-1,-1
46,2,1,700,-1,1,-1,2,7
24,2,1,700,2,-1,-1,-1,-1
61,2,2,700,-1,1,-1,2,7
48,2,2,700,-1,-1,-1,-1,-1
16,1,2,700,1,2,-1,2,8
56,2,2,700,-1,-1,-1,-1,-1
16,1,1,700,1,2,-1,2,8
47,1,1,700,-1,-1,-1,-1,-1
25,2,1,700,-1,1,-1,2,9
40,2,2,700,-1,-1,-1,-1,-1
49,2,2,700,-1,-1,-1,-1,-1
42,2,2,700,-1,-1,-1,-1,-1
53,2,2,700,-1,-1,-1,-1,-1
34,2,1,700,-1,-1,-1,-1,-1
33,2,2,700,-1,-1,-1,-1,-1
27,1,1,700,-1,-1,-1,-1,-1
31,2,1,700,-1,-1,-1,-1,-1
28,2,1,700,-1,-1,-1,-1,-1
55,2,1,700,-1,-1,-1,-1,-1
51,3,1,700,-1,-1,-1,-1,-1
52,2,2,700,-1,-1,-1,-1,-1
34,1,1,700,-1,-1,-1,-1,-1
17,1,1,700,1,2,-1,2,8
55,3,1,700,-1,-1,-1,-1,-1
33,2,2,700,-1,2,-1,2,7
61,2,1,700,-1,-1,-1,-1,-1
35,2,1,700,-1,-1,-1,-1,-1
64,2,1,700,-1,-1,-1,-1,-1
34,2,1,700,-1,-1,-1,-1,-1
15,1,2,700,1,-1,-1,-1,-1
33,2,2,700,-1,1,-1,2,7
68,2,2,700,-1,-1,-1,-1,-1
15,1,1,700,1,1,-1,2,8
38,2,1,700,-1,-1,-1,-1,-1
62,1,2,700,-1,-1,-1,-1,-1
11,1,1,700,1,-1,-1,-1,-1
41,2,1,700,-1,-1,-1,-1,-1
12,1,2,700,1,-1,-1,-1,-1
15,1,1,700,1,2,-1,2,8
31,2,2,700,-1,-1,-1,-1,-1
10,1,1,700,1,-1,-1,-1,-1
69,3,2,700,-1,-1,-1,-1,-1
14,1,2,700,1,-1,-1,-1,-1
35,2,2,700,-1,-1,-1,-1,-1
46,4,1,700,-1,-1,-1,-1,-1
19,1,2,700,1,2,-1,2,8
51,2,1,700,-1,-1,-1,-1,-1
24,1,1,700,2,-1,-1,-1,-1
21,1,2,700,2,2,-1,2,7
21,2,2,700,2,-1,-1,-1,-1
23,1,2,700,2,-1,-1,-1,-1
60,3,2,700,-1,-1,-1,-1,-1
46,2,2,700,-1,-1,-1,-1,-1
20,2,2,700,2,2,-1,2,7
22,1,2,700,2,2,2,1,-1
79,3,1,700,-1,1,-1,2,6
14,1,1,700,1,-1,-1,-1,-1
26,1,2,700,-1,1,-1,2,2
49,1,1,700,-1,-1,-1,-1,-1
31,1,2,700,-1,1,-1,2,3
23,1,2,700,2,-1,-1,-1,-1
66,2,1,700,-1,-1,-1,-1,-1
27,2,1,700,-1,-1,-1,-1,-1
36,2,1,700,-1,-1,-1,-1,-1
41,2,1,700,-1,-1,-1,-1,-1
23,2,2,700,2,2,-1,2,7
53,3,1,700,-1,-1,-1,-1,-1
51,2,2,700,-1,1,-1,2,3
5,1,2,700,2,-1,-1,-1,-1
12,1,2,700,1,-1,-1,-1,-1
21,1,1,700,2,2,-1,2,1
35,2,1,700,-1,-1,-1,-1,-1
11,1,2,700,1,-1,-1,-1,-1
10,1,2,700,1,-1,-1,-1,-1
16,1,2,700,1,2,-1,2,8
50,2,2,700,-1,-1,-1,-1,-1
7,1,2,700,1,-1,-1,-1,-1
5,1,1,700,1,-1,-1,-1,-1
12,1,1,700,1,-1,-1,-1,-1
20,2,2,700,2,1,-1,2,7
12,1,1,700,1,-1,-1,-1,-1
6,1,1,700,1,-1,-1,-1,-1
5,1,2,700,1,-1,-1,-1,-1
29,2,2,700,-1,1,-1,2,7
36,2,1,700,-1,-1,-1,-1,-1
39,2,1,700,-1,-1,-1,-1,-1
37,2,2,700,-1,-1,-1,-1,-1
76,3,2,700,-1,1,-1,2,6
20,1,1,700,2,-1,-1,-1,-1
76,2,1,700,-1,1,-1,2,6
35,2,1,700,-1,-1,-1,-1,-1
89,2,1,700,-1,1,-1,2,6
15,1,2,700,1,-1,-1,-1,-1
38,2,1,700,-1,-1,-1,-1,-1
12,1,2,700,1,-1,-1,-1,-1
19,1,2,700,2,1,2,1,-1
17,1,2,700,2,-1,-1,-1,-1
6,1,2,700,2,-1,-1,-1,-1
63,3,2,700,-1,-1,-1,-1,-1
25,2,2,700,-1,-1,-1,-1,-1
37,2,2,700,-1,-1,-1,-1,-1
10,1,1,700,1,-1,-1,-1,-1
31,4,2,700,-1,-1,-1,-1,-1
22,1,1,700,2,-1,-1,-1,-1
56,1,1,700,-1,-1,-1,-1,-1
57,1,2,700,-1,1,-1,2,9
48,2,1,700,-1,-1,-1,-1,-1
68,2,1,700,-1,1,-1,2,7
16,1,1,700,1,2,-1,2,8
25,1,2,700,-1,-1,-1,-1,-1
14,1,2,700,1,-1,-1,-1,-1
8,1,1,700,2,-1,-1,-1,-1
13,1,1,700,1,-1,-1,-1,-1
40,2,2,700,-1,1,-1,2,7
46,2,1,700,-1,-1,-1,-1,-1
6,1,1,700,1,-1,-1,-1,-1
81,2,1,700,-1,1,-1,2,6
45,2,2,700,-1,-1,-1,-1,-1
52,1,2,700,-1,-1,-1,-1,-1
44,4,2,700,-1,-1,-1,-1,-1
63,2,1,700,-1,-1,-1,-1,-1
24,4,1,700,1,-1,-1,-1,-1
41,2,1,700,-1,1,2,1,-1
33,2,2,700,-1,-1,-1,-1,-1
69,3,2,700,-1,-1,-1,-1,-1
45,2,2,700,-1,-1,-1,-1,-1
5,1,2,700,2,-1,-1,-1,-1
22,1,2,700,2,-1,-1,-1,-1
39,2,1,700,-1,-1,-1,-1,-1
7,1,1,700,1,-1,-1,-1,-1
5,1,1,700,1,-1,-1,-1,-1
10,1,1,700,1,-1,-1,-1,-1
44,2,2,700,-1,-1,-1,-1,-1
69,2,1,700,-1,1,-1,2,6
44,2,2,700,-1,-1,-1,-1,-1
31,2,2,700,-1,1,-1,2,7
25,1,2,700,-1,-1,-1,-1,-1
48,2,2,700,-1,-1,-1,-1,-1
11,1,2,700,1,-1,-1,-1,-1
16,1,2,700,1,2,-1,2,8
38,2,2,700,-1,-1,-1,-1,-1
10,1,1,700,1,-1,-1,-1,-1
13,1,1,700,1,-1,-1,-1,-1
40,2,2,700,-1,-1,-1,-1,-1
10,1,1,700,1,-1,-1,-1,-1
26,2,2,700,-1,-1,-1,-1,-1
36,2,1,700,-1,-1,-1,-1,-1
13,1,2,700,1,-1,-1,-1,-1
14,1,1,700,1,-1,-1,-1,-1
13,1,2,700,1,-1,-1,-1,-1
52,2,1,700,-1,-1,-1,-1,-1
11,1,1,700,1,-1,-1,-1,-1
20,1,2,700,2,-1,-1,-1,-1
38,2,1,700,-1,-1,-1,-1,-1
5,1,1,700,1,-1,-1,-1,-1
6,1,1,700,1,-1,-1,-1,-1
13,1,2,700,1,-1,-1,-1,-1
28,2,2,700,-1,1,-1,2,7
38,2,1,700,-1,-1,-1,-1,-1
20,1,2,700,1,2,-1,2,8
50,2,2,700,-1,-1,-1,-1,-1
55,4,1,700,-1,-1,-1,-1,-1
13,1,1,700,1,-1,-1,-1,-1
54,4,1,700,-1,1,-1,2,7
18,1,1,700,2,-1,-1,-1,-1
16,1,2,700,1,2,-1,2,8
13,1,1,700,1,-1,-1,-1,-1
27,2,1,700,-1,-1,-1,-1,-1
48,3,2,700,-1,-1,-1,-1,-1
59,3,2,700,-1,-1,-1,-1,-1
30,1,1,700,-1,1,2,1,-1
67,1,1,700,-1,1,-1,2,6
22,1,2,700,2,-1,-1,-1,-1
18,2,2,700,2,2,-1,2,7
35,2,2,700,-1,1,-1,2,7
21,1,1,700,1,2,-1,2,8
22,2,2,700,2,-1,-1,-1,-1
43,2,1,700,-1,-1,-1,-1,-1
40,2,1,700,-1,-1,-1,-1,-1
39,4,2,700,-1,-1,-1,-1,-1
36,2,2,700,-1,2,-1,2,7
52,2,2,700,-1,-1,-1,-1,-1
25,2,1,700,-1,-1,-1,-1,-1
26,4,2,700,-1,-1,-1,-1,-1
36,2,1,700,-1,-1,-1,-1,-1
7,1,1,700,1,-1,-1,-1,-1
20,1,2,700,2,1,-1,2,9
36,2,1,700,-1,-1,-1,-1,-1
55,4,1,700,-1,1,-1,2,3
18,1,1,700,2,-1,-1,-1,-1
65,4,1,700,-1,1,-1,2,6
52,2,2,700,-1,1,-1,2,7
35,2,1,700,-1,-1,-1,-1,-1
5,1,1,700,1,-1,-1,-1,-1
67,2,1,700,-1,1,-1,2,6
39,2,2,700,-1,-1,-1,-1,-1
14,1,2,700,1,-1,-1,-1,-1
12,1,1,700,1,-1,-1,-1,-1
64,2,1,700,-1,-1,-1,-1,-1
17,1,1,700,1,2,-1,2,8
7,1,2,700,1,-1,-1,-1,-1
50,2,2,700,-1,1,-1,2,7
13,1,2,700,1,-1,-1,-1,-1
23,1,1,700,2,-1,-1,-1,-1
32,2,1,700,-1,-1,-1,-1,-1
7,1,1,700,1,-1,-1,-1,-1
53,2,2,700,-1,1,-1,2,7
67,2,1,700,-1,-1,-1,-1,-1
9,1,1,700,1,-1,-1,-1,-1
34,2,2,700,-1,1,-1,2,7
24,1,1,700,1,2,-1,2,8
12,1,1,700,1,-1,-1,-1,-1
21,1,1,700,2,2,-1,2,9
50,2,2,700,-1,-1,-1,-1,-1
52,2,1,700,-1,-1,-1,-1,-1
33,4,1,700,-1,-1,-1,-1,-1
43,3,1,700,-1,-1,-1,-1,-1
62,2,2,700,-1,-1,-1,-1,-1
17,1,2,700,1,1,-1,2,8
7,1,2,700,1,-1,-1,-1,-1
61,2,2,700,-1,-1,-1,-1,-1
40,2,1,700,-1,-1,-1,-1,-1
9,1,1,700,1,-1,-1,-1,-1
67,3,2,700,-1,-1,-1,-1,-1
39,2,2,700,-1,1,-1,2,7
24,2,2,700,2,1,-1,2,7
15,1,2,700,1,2,-1,2,8
52,2,2,700,-1,-1,-1,-1,-1
13,1,1,700,1,-1,-1,-1,-1
32,2,1,700,-1,-1,-1,-1,-1
33,2,2,700,-1,-1,-1,-1,-1
41,2,2,700,-1,1,-1,2,7
37,2,1,700,-1,-1,-1,-1,-1
13,1,2,700,1,-1,-1,-1,-1
6,1,1,700,1,-1,-1,-1,-1
36,2,2,700,-1,1,-1,2,7
7,1,2,700,1,-1,-1,-1,-1
5,1,2,700,1,-1,-1,-1,-1
39,2,1,700,-1,-1,-1,-1,-1
39,2,2,700,-1,1,-1,2,7
13,1,1,700,1,-1,-1,-1,-1
17,1,2,700,2,2,-1,2,1
33,2,1,700,-1,-1,-1,-1,-1
36,2,2,700,-1,1,-1,2,7
62,2,1,700,-1,-1,-1,-1,-1
57,2,1,700,-1,-1,-1,-1,-1
10,1,1,700,1,-1,-1,-1,-1
56,2,2,700,-1,-1,-1,-1,-1
8,1,1,700,1,-1,-1,-1,-1
44,2,1,700,-1,-1,-1,-1,-1
74,2,2,700,-1,1,-1,2,6
22,1,1,700,2,-1,-1,-1,-1
10,1,1,700,1,-1,-1,-1,-1
7,1,2,700,1,-1,-1,-1,-1
13,1,1,700,2,-1,-1,-1,-1
33,2,2,700,-1,-1,-1,-1,-1
15,1,1,700,1,2,-1,2,8
53,2,1,700,-1,-1,-1,-1,-1
6,1,2,700,1,-1,-1,-1,-1
30,2,1,700,-1,-1,-1,-1,-1
36,1,1,700,-1,-1,-1,-1,-1
35,2,1,700,-1,-1,-1,-1,-1
48,2,2,700,-1,-1,-1,-1,-1
61,3,2,700,-1,1,-1,2,6
20,1,1,700,2,1,2,1,-1
47,2,2,700,-1,1,-1,2,7
16,1,1,700,1,2,-1,2,8
65,2,1,700,-1,1,-1,2,6
23,2,1,700,2,-1,-1,-1,-1
83,3,2,700,-1,1,-1,2,6
34,2,2,700,-1,1,-1,2,8
45,2,1,700,-1,-1,-1,-1,-1
78,2,2,700,-1,2,-1,2,6
39,2,2,700,-1,-1,-1,-1,-1
14,1,2,700,1,-1,-1,-1,-1
56,2,2,700,-1,-1,-1,-1,-1
28,2,1,700,-1,-1,-1,-1,-1
16,1,2,700,1,2,-1,2,8
32,2,2,700,-1,1,-1,2,7
25,2,1,700,-1,1,-1,2,2
37,2,1,700,-1,-1,-1,-1,-1
5,1,2,700,1,-1,-1,-1,-1
62,2,2,700,-1,1,-1,2,7
54,2,2,700,-1,1,-1,2,7
32,1,2,700,-1,-1,-1,-1,-1
54,2,2,700,-1,1,-1,2,7
38,2,2,700,-1,-1,-1,-1,-1
13,1,2,700,1,-1,-1,-1,-1
62,4,1,700,-1,-1,-1,-1,-1
41,2,2,700,-1,-1,-1,-1,-1
11,1,2,700,1,-1,-1,-1,-1
12,1,1,700,1,-1,-1,-1,-1
30,4,2,700,-1,-1,-1,-1,-1
43,2,1,700,-1,-1,-1,-1,-1
29,2,2,700,-1,1,-1,2,7
7,1,2,700,1,-1,-1,-1,-1
30,2,1,700,-1,-1,-1,-1,-1
9,1,2,700,1,-1,-1,-1,-1
9,1,2,700,1,-1,-1,-1,-1
72,3,2,700,-1,1,-1,2,6
60,4,2,700,-1,-1,-1,-1,-1
25,1,2,700,-1,-1,-1,-1,-1
6,1,1,700,1,-1,-1,-1,-1
13,1,2,700,1,-1,-1,-1,-1
14,1,2,700,1,-1,-1,-1,-1
51,2,1,700,-1,-1,-1,-1,-1
57,2,1,700,-1,-1,-1,-1,-1
7,1,1,700,1,-1,-1,-1,-1
8,1,1,700,1,-1,-1,-1,-1
27,2,2,700,-1,-1,-1,-1,-1
37,2,1,700,-1,-1,-1,-1,-1
17,1,2,700,1,2,-1,2,8
29,2,1,700,-1,-1,-1,-1,-1
6,1,1,700,1,-1,-1,-1,-1
23,1,2,700,2,-1,-1,-1,-1
14,1,1,700,1,-1,-1,-1,-1
13,1,1,700,1,-1,-1,-1,-1
52,2,2,700,-1,-1,-1,-1,-1
5,1,1,700,1,-1,-1,-1,-1
33,2,2,700,-1,-1,-1,-1,-1
48,2,1,700,-1,-1,-1,-1,-1
12,1,1,700,1,-1,-1,-1,-1
7,1,2,700,1,-1,-1,-1,-1
29,2,2,700,-1,-1,-1,-1,-1
7,1,1,700,1,-1,-1,-1,-1
28,2,1,700,-1,-1,-1,-1,-1
16,1,1,700,1,2,-1,2,8
14,1,1,700,2,-1,-1,-1,-1
58,3,1,700,-1,-1,-1,-1,-1
17,1,1,700,1,2,-1,2,8
22,1,1,700,2,-1,-1,-1,-1
26,2,1,700,-1,-1,-1,-1,-1
12,1,1,700,1,-1,-1,-1,-1
52,2,2,700,-1,-1,-1,-1,-1
63,2,1,700,-1,-1,-1,-1,-1
10,1,1,700,1,-1,-1,-1,-1
27,2,2,700,-1,-1,-1,-1,-1
34,2,1,700,-1,-1,-1,-1,-1
25,1,1,700,-1,-1,-1,-1,-1
30,1,1,700,-1,-1,-1,-1,-1
22,1,1,700,2,2,-1,2,2
41,2,2,700,-1,-1,-1,-1,-1
23,1,1,700,2,-1,-1,-1,-1
5,1,1,700,2,-1,-1,-1,-1
16,1,2,700,1,2,-1,2,8
25,2,1,700,-1,-1,-1,-1,-1
9,1,2,700,1,-1,-1,-1,-1
14,1,1,700,1,-1,-1,-1,-1
22,1,1,700,1,-1,-1,-1,-1
15,1,1,700,2,-1,-1,-1,-1
47,2,1,700,-1,1,-1,2,6
11,1,2,700,1,-1,-1,-1,-1
10,1,1,700,1,-1,-1,-1,-1
14,1,2,700,1,-1,-1,-1,-1
59,3,2,700,-1,-1,-1,-1,-1
44,4,1,700,-1,1,-1,2,5
21,2,2,700,2,-1,-1,-1,-1
54,2,2,700,-1,1,-1,2,7
36,2,2,700,-1,-1,-1,-1,-1
44,4,1,700,-1,-1,-1,-1,-1
51,2,1,700,-1,1,-1,2,3
9,1,1,700,1,-1,-1,-1,-1
18,1,2,700,1,2,-1,2,8
49,1,2,700,-1,-1,-1,-1,-1
15,1,2,700,1,2,-1,2,8
18,1,2,700,1,2,-1,2,8
50,2,2,700,-1,-1,-1,-1,-1
12,1,1,700,1,-1,-1,-1,-1
30,2,2,700,-1,-1,-1,-1,-1
43,2,1,700,-1,-1,-1,-1,-1
59,2,1,700,-1,-1,-1,-1,-1
18,1,1,700,1,1,-1,2,8
54,2,2,700,-1,1,-1,2,7
30,2,1,700,-1,-1,-1,-1,-1
14,1,1,700,2,-1,-1,-1,-1
45,2,1,700,-1,-1,-1,-1,-1
8,1,2,700,1,-1,-1,-1,-1
18,1,1,700,2,-1,-1,-1,-1
88,3,2,700,-1,1,-1,2,6
40,2,1,700,-1,-1,-1,-1,-1
19,1,2,700,2,1,2,1,-1
7,1,1,700,1,-1,-1,-1,-1
45,2,2,700,-1,1,-1,2,7
65,2,1,700,-1,-1,-1,-1,-1
35,2,2,700,-1,-1,-1,-1,-1
16,1,2,700,1,-1,-1,-1,-1
51,2,2,700,-1,-1,-1,-1,-1
6,1,2,700,1,-1,-1,-1,-1
8,1,2,700,1,-1,-1,-1,-1
50,2,1,700,-1,-1,-1,-1,-1
58,2,1,700,-1,-1,-1,-1,-1
47,2,2,700,-1,-1,-1,-1,-1
5,1,2,700,2,-1,-1,-1,-1
35,2,1,700,-1,-1,-1,-1,-1
32,2,2,700,-1,-1,-1,-1,-1
57,2,1,700,-1,-1,-1,-1,-1
29,2,1,700,-1,-1,-1,-1,-1
13,1,2,700,1,-1,-1,-1,-1
20,2,2,700,2,-1,-1,-1,-1
24,1,2,700,2,-1,-1,-1,-1
60,4,1,700,-1,-1,-1,-1,-1
19,1,2,700,1,-1,-1,-1,-1
15,1,2,700,1,-1,-1,-1,-1
51,2,2,700,-1,1,-1,2,7
19,1,2,700,2,2,-1,2,8
32,2,2,700,-1,1,-1,2,7
6,1,2,700,1,-1,-1,-1,-1
5,1,1,700,1,-1,-1,-1,-1
8,1,2,700,2,-1,-1,-1,-1
28,2,1,700,-1,-1,-1,-1,-1
12,1,1,700,1,-1,-1,-1,-1
25,2,2,700,-1,2,-1,2,7
5,1,1,700,2,-1,-1,-1,-1
19,1,1,700,2,2,-1,2,2
59,2,1,700,-1,-1,-1,-1,-1
15,1,1,700,1,2,-1,2,8
28,1,1,700,-1,-1,-1,-1,-1
61,3,2,700,-1,-1,-1,-1,-1
27,1,2,700,-1,-1,-1,-1,-1
24,1,2,700,2,-1,-1,-1,-1
72,2,1,700,-1,-1,-1,-1,-1
22,1,2,700,1,-1,-1,-1,-1
41,2,1,700,-1,-1,-1,-1,-1
21,1,2,700,2,-1,-1,-1,-1
21,1,2,700,2,1,-1,2,3
45,2,2,700,-1,-1,-1,-1,-1
39,2,2,700,-1,-1,-1,-1,-1
49,2,2,700,-1,-1,-1,-1,-1
52,3,1,700,-1,1,-1,2,7
22,1,2,700,1,1,-1,2,8
9,1,1,700,1,-1,-1,-1,-1
16,1,2,700,1,2,-1,2,7
16,1,2,700,2,-1,-1,-1,-1
11,1,2,700,1,-1,-1,-1,-1
56,2,1,700,-1,1,-1,2,1
17,1,2,700,1,2,-1,2,8
9,1,1,700,1,-1,-1,-1,-1
9,1,2,700,1,-1,-1,-1,-1
49,2,1,700,-1,-1,-1,-1,-1
14,1,2,700,1,-1,-1,-1,-1
10,1,1,700,1,-1,-1,-1,-1
49,2,2,700,-1,-1,-1,-1,-1
31,1,2,700,-1,-1,-1,-1,-1
45,2,2,700,-1,1,-1,2,7
30,2,2,700,-1,1,-1,2,7
15,1,2,700,1,2,-1,2,6
43,2,2,700,-1,2,-1,2,7
12,1,1,700,1,-1,-1,-1,-1
34,2,2,700,-1,1,-1,2,7
43,3,1,700,-1,-1,-1,-1,-1
24,1,1,700,2,-1,-1,-1,-1
50,1,1,700,-1,1,-1,2,3
48,2,1,700,-1,-1,-1,-1,-1
7,1,1,700,1,-1,-1,-1,-1
18,1,1,700,1,2,-1,2,8
7,1,1,700,1,-1,-1,-1,-1
13,1,2,700,2,-1,-1,-1,-1
17,1,2,700,1,2,-1,2,8
12,1,1,700,1,-1,-1,-1,-1
46,2,2,700,-1,1,-1,2,7
40,2,2,700,-1,1,-1,2,7
10,1,2,700,1,-1,-1,-1,-1
20,1,2,700,1,2,-1,2,8
16,1,1,700,1,2,-1,2,7
52,2,2,700,-1,-1,-1,-1,-1
38,2,2,700,-1,2,-1,2,7
19,1,1,700,2,-1,-1,-1,-1
39,1,2,700,-1,-1,-1,-1,-1
14,1,1,700,2,-1,-1,-1,-1
28,1,2,700,-1,2,-1,2,1
31,1,1,700,-1,-1,-1,-1,-1
75,2,2,700,-1,1,-1,2,6
28,2,1,700,-1,2,1,1,-1
65,2,1,700,-1,-1,-1,-1,-1
11,1,1,700,1,-1,-1,-1,-1
17,1,1,700,1,2,-1,2,8
29,2,2,700,-1,1,-1,2,7
31,2,2,700,-1,-1,-1,-1,-1
8,1,1,700,1,-1,-1,-1,-1
17,1,1,700,2,-1,-1,-1,-1
12,1,2,700,1,-1,-1,-1,-1
13,1,1,700,1,-1,-1,-1,-1
17,1,2,700,1,-1,-1,-1,-1
21,1,2,700,2,-1,-1,-1,-1
15,1,1,700,1,2,-1,2,8
16,1,2,700,1,2,-1,2,8
20,1,1,700,1,2,-1,2,8
15,1,1,700,2,-1,-1,-1,-1
34,4,2,700,-1,-1,-1,-1,-1
59,2,2,700,-1,1,-1,2,7
55,3,2,700,-1,1,-1,2,7
6,1,1,700,1,-1,-1,-1,-1
34,2,2,700,-1,2,-1,2,7
31,1,1,700,-1,-1,-1,-1,-1
38,2,1,700,-1,-1,-1,-1,-1
54,2,2,700,-1,-1,-1,-1,-1
10,1,2,700,1,-1,-1,-1,-1
23,2,1,700,2,-1,-1,-1,-1
28,2,1,700,-1,-1,-1,-1,-1
22,4,2,700,2,-1,-1,-1,-1
57,2,2,700,-1,-1,-1,-1,-1
6,1,1,700,1,-1,-1,-1,-1
42,2,1,700,-1,-1,-1,-1,-1
32,2,1,700,-1,-1,-1,-1,-1
13,1,1,700,1,-1,-1,-1,-1
45,1,2,700,-1,-1,-1,-1,-1
23,2,2,700,2,2,-1,2,7
13,1,2,700,1,-1,-1,-1,-1
6,1,2,700,1,-1,-1,-1,-1
22,2,1,700,2,1,-1,2,5
10,1,2,700,1,-1,-1,-1,-1
46,2,2,700,-1,-1,-1,-1,-1
76,2,1,700,-1,-1,-1,-1,-1
19,1,1,700,2,-1,-1,-1,-1
68,2,2,700,-1,-1,-1,-1,-1
13,1,1,700,1,-1,-1,-1,-1
12,1,1,700,1,-1,-1,-1,-1
32,1,2,700,-1,-1,-1,-1,-1
47,2,2,700,-1,2,-1,2,7
34,2,2,700,-1,-1,-1,-1,-1
16,2,2,700,2,2,-1,2,7
28,2,2,700,-1,-1,-1,-1,-1
31,2,2,700,-1,1,-1,2,7
13,1,1,700,1,-1,-1,-1,-1
24,2,2,700,2,1,-1,2,7
44,2,1,700,-1,-1,-1,-1,-1
29,1,2,700,-1,-1,-1,-1,-1
39,2,2,700,-1,1,2,1,-1
31,2,2,700,-1,-1,-1,-1,-1
11,1,2,700,1,-1,-1,-1,-1
60,2,1,700,-1,1,-1,2,3
14,1,2,700,1,-1,-1,-1,-1
26,2,2,700,-1,1,-1,2,7
10,1,2,700,1,-1,-1,-1,-1
13,1,2,700,1,-1,-1,-1,-1
56,1,2,700,-1,-1,-1,-1,-1
14,1,1,700,1,-1,-1,-1,-1
26,1,1,700,-1,-1,-1,-1,-1
34,2,2,700,-1,-1,-1,-1,-1
38,4,1,700,-1,-1,-1,-1,-1
9,1,1,700,1,-1,-1,-1,-1
30,1,2,700,-1,1,-1,2,7
13,1,2,700,1,-1,-1,-1,-1
28,2,2,700,-1,1,-1,2,7
18,1,2,700,1,1,-1,2,7
39,2,2,700,-1,1,-1,2,7
30,1,1,700,-1,-1,-1,-1,-1
7,1,1,700,1,-1,-1,-1,-1
55,2,2,700,-1,-1,-1,-1,-1
43,2,2,700,-1,1,-1,2,7
48,2,2,700,-1,-1,-1,-1,-1
19,1,1,700,1,2,-1,2,8
16,1,1,700,1,2,-1,2,8
26,2,2,700,-1,1,-1,2,7
5,1,2,700,1,-1,-1,-1,-1
29,2,2,700,-1,-1,-1,-1,-1
45,2,2,700,-1,-1,-1,-1,-1
76,1,2,700,-1,1,-1,2,6
40,2,1,700,-1,-1,-1,-1,-1
14,1,1,700,1,-1,-1,-1,-1
32,2,1,700,-1,1,-1,2,7
7,1,1,700,1,-1,-1,-1,-1
63,2,1,700,-1,-1,-1,-1,-1
7,1,2,700,1,-1,-1,-1,-1
40,2,2,700,-1,-1,-1,-1,-1
18,1,1,700,2,-1,-1,-1,-1
7,1,1,700,1,-1,-1,-1,-1
49,2,1,700,-1,-1,-1,-1,-1
76,2,1,700,-1,1,-1,2,6
47,2,1,700,-1,-1,-1,-1,-1
46,2,2,700,-1,-1,-1,-1,-1
14,1,1,700,1,-1,-1,-1,-1
13,1,1,700,1,-1,-1,-1,-1
18,1,2,700,2,2,-1,2,7
16,1,1,700,1,2,-1,2,8
47,2,1,700,-1,-1,-1,-1,-1
18,1,2,700,1,2,-1,2,8
13,1,1,700,1,-1,-1,-1,-1
9,1,2,700,1,-1,-1,-1,-1
39,2,1,700,-1,-1,-1,-1,-1
38,2,1,700,-1,-1,-1,-1,-1
11,1,1,700,1,-1,-1,-1,-1
46,2,1,700,-1,-1,-1,-1,-1
44,2,2,700,-1,-1,-1,-1,-1
6,1,2,700,1,-1,-1,-1,-1
32,2,1,700,-1,-1,-1,-1,-1
10,1,2,700,1,-1,-1,-1,-1
44,4,2,700,-1,-1,-1,-1,-1
13,1,1,700,1,-1,-1,-1,-1
21,1,1,700,1,2,-1,2,8
23,2,1,700,2,-1,-1,-1,-1
54,2,1,700,-1,-1,-1,-1,-1
50,1,1,700,-1,-1,-1,-1,-1
58,2,1,700,-1,-1,-1,-1,-1
38,2,1,700,-1,-1,-1,-1,-1
8,1,2,700,1,-1,-1,-1,-1
83,3,2,700,-1,1,-1,2,6
28,1,2,700,-1,-1,-1,-1,-1
27,2,1,700,-1,1,-1,2,5
27,1,2,700,-1,-1,-1,-1,-1
7,1,1,700,1,-1,-1,-1,-1
30,2,2,700,-1,-1,-1,-1,-1
31,2,1,700,-1,-1,-1,-1,-1
27,2,2,700,-1,-1,-1,-1,-1
15,1,1,700,1,2,-1,2,8
52,3,2,700,-1,-1,-1,-1,-1
65,2,1,700,-1,-1,-1,-1,-1
55,2,2,700,-1,1,-1,2,7
9,1,2,700,1,-1,-1,-1,-1
6,1,1,700,1,-1,-1,-1,-1
16,1,1,700,1,2,-1,2,8
43,2,1,700,-1,-1,-1,-1,-1
7,1,2,700,1,-1,-1,-1,-1
34,3,2,700,-1,1,-1,2,7
43,2,2,700,-1,1,-1,2,7
10,1,1,700,1,-1,-1,-1,-1
26,1,1,700,-1,-1,-1,-1,-1
17,1,1,700,1,2,-1,2,8
29,2,2,700,-1,1,-1,2,7
36,2,1,700,-1,-1,-1,-1,-1
55,2,2,700,-1,-1,-1,-1,-1
43,2,2,700,-1,1,-1,2,7
30,2,2,700,-1,1,-1,2,7
24,1,1,700,2,-1,-1,-1,-1
41,2,1,700,-1,-1,-1,-1,-1
74,2,1,700,-1,-1,-1,-1,-1
22,2,2,700,2,1,-1,2,7
61,2,1,700,-1,-1,-1,-1,-1
64,3,2,700,-1,-1,-1,-1,-1
21,1,2,700,2,2,1,1,-1
31,2,2,700,-1,-1,-1,-1,-1
7,1,1,700,1,-1,-1,-1,-1
19,1,1,700,1,2,-1,2,8
15,1,2,700,1,2,-1,2,8
48,2,2,700,-1,-1,-1,-1,-1
42,1,2,700,-1,-1,-1,-1,-1
62,2,1,700,-1,1,-1,2,6
36,2,2,700,-1,-1,-1,-1,-1
56,3,1,700,-1,-1,-1,-1,-1
80,2,2,700,-1,1,-1,2,6
58,2,1,700,-1,1,-1,2,3
36,1,2,700,-1,-1,-1,-1,-1
19,1,2,700,1,-1,-1,-1,-1
21,1,1,700,2,1,-1,2,5
32,1,2,700,-1,-1,-1,-1,-1
21,1,1,700,2,1,-1,2,1
51,2,1,700,-1,-1,-1,-1,-1
14,1,2,700,1,-1,-1,-1,-1
52,2,2,700,-1,1,-1,2,7
7,1,2,700,1,-1,-1,-1,-1
7,1,1,700,1,-1,-1,-1,-1
73,2,1,700,-1,-1,-1,-1,-1
9,1,1,700,1,-1,-1,-1,-1
8,1,2,700,1,-1,-1,-1,-1
57,2,1,700,-1,-1,-1,-1,-1
57,2,2,700,-1,-1,-1,-1,-1
22,1,1,700,2,-1,-1,-1,-1
25,2,1,700,-1,-1,-1,-1,-1
10,1,1,700,1,-1,-1,-1,-1
43,2,1,700,-1,-1,-1,-1,-1
31,2,2,700,-1,1,-1,2,7
40,2,2,700,-1,1,-1,2,7
13,1,2,700,1,-1,-1,-1,-1
42,4,2,700,-1,-1,-1,-1,-1
31,1,1,700,-1,-1,-1,-1,-1
36,2,1,700,-1,-1,-1,-1,-1
20,1,2,700,1,2,-1,2,8
10,1,2,700,1,-1,-1,-1,-1
30,2,1,700,-1,-1,-1,-1,-1
47,2,2,700,-1,1,-1,2,7
52,2,1,700,-1,1,-1,2,1
10,1,1,700,1,-1,-1,-1,-1
53,3,1,700,-1,-1,-1,-1,-1
42,2,2,700,-1,1,-1,2,7
53,2,2,700,-1,-1,-1,-1,-1
6,1,2,700,2,-1,-1,-1,-1
14,1,1,700,1,-1,-1,-1,-1
38,1,1,700,-1,1,-1,2,1
42,2,1,700,-1,-1,-1,-1,-1
15,1,1,700,1,2,-1,2,8
32,4,2,700,-1,1,-1,2,8
25,1,1,700,-1,-1,-1,-1,-1
28,2,1,700,-1,-1,-1,-1,-1
52,2,1,700,-1,-1,-1,-1,-1
42,2,2,700,-1,-1,-1,-1,-1
8,1,2,700,1,-1,-1,-1,-1
5,1,2,700,1,-1,-1,-1,-1
17,1,2,700,1,2,-1,2,8
44,2,2,700,-1,-1,-1,-1,-1
44,1,1,700,-1,-1,-1,-1,-1
23,1,1,700,2,-1,-1,-1,-1
16,1,1,700,1,2,-1,2,8
10,1,1,700,1,-1,-1,-1,-1
25,1,1,700,-1,1,-1,2,5
33,2,2,700,-1,-1,-1,-1,-1
76,3,2,700,-1,1,-1,2,6
76,2,2,700,-1,1,-1,2,6
22,2,1,700,1,-1,-1,-1,-1
7,1,2,700,1,-1,-1,-1,-1
18,1,1,700,1,-1,-1,-1,-1
36,2,1,700,-1,-1,-1,-1,-1
38,2,2,700,-1,1,-1,2,8
63,3,2,700,-1,1,-1,2,6
13,1,1,700,1,-1,-1,-1,-1
54,2,2,700,-1,-1,-1,-1,-1
84,3,2,700,-1,1,-1,2,6
42,2,2,700,-1,1,-1,2,7
12,1,1,700,1,-1,-1,-1,-1
30,2,1,700,-1,-1,-1,-1,-1
13,1,1,700,2,-1,-1,-1,-1
43,1,1,700,-1,-1,-1,-1,-1
28,1,1,700,-1,-1,-1,-1,-1
61,2,2,700,-1,1,-1,2,6
20,1,1,700,2,-1,-1,-1,-1
54,3,2,700,-1,2,-1,2,7
31,2,1,700,-1,-1,-1,-1,-1
8,1,2,700,1,-1,-1,-1,-1
35,1,2,700,-1,-1,-1,-1,-1
19,1,1,700,1,2,-1,2,8
10,1,2,700,1,-1,-1,-1,-1
29,2,1,700,-1,-1,-1,-1,-1
26,1,1,700,-1,-1,-1,-1,-1
23,1,1,700,2,2,2,1,-1
58,2,2,700,-1,-1,-1,-1,-1
31,2,2,700,-1,1,-1,2,7
28,2,2,700,-1,1,-1,2,7
53,2,2,700,-1,1,-1,2,7
60,2,1,700,-1,-1,-1,-1,-1
8,1,1,700,1,-1,-1,-1,-1
26,2,1,700,-1,-1,-1,-1,-1
10,1,1,700,2,-1,-1,-1,-1
37,2,1,700,-1,-1,-1,-1,-1
14,1,1,700,1,-1,-1,-1,-1
67,2,2,700,-1,2,-1,2,6
12,1,2,700,1,-1,-1,-1,-1
13,1,1,700,1,-1,-1,-1,-1
11,1,2,700,1,-1,-1,-1,-1
21,1,1,700,2,-1,-1,-1,-1
40,2,1,700,-1,-1,-1,-1,-1
11,1,1,700,1,-1,-1,-1,-1
14,1,1,700,1,-1,-1,-1,-1
13,1,1,700,1,-1,-1,-1,-1
5,1,2,700,1,-1,-1,-1,-1
6,1,1,700,1,-1,-1,-1,-1
32,2,1,700,-1,-1,-1,-1,-1
7,1,1,700,1,-1,-1,-1,-1
18,1,2,700,1,2,-1,2,8
13,1,1,700,1,-1,-1,-1,-1
33,2,1,700,-1,-1,-1,-1,-1
25,2,2,700,-1,1,-1,2,7
60,2,2,700,-1,-1,-1,-1,-1
43,2,2,700,-1,-1,-1,-1,-1
8,1,1,700,1,-1,-1,-1,-1
55,2,2,700,-1,2,-1,2,7
8,1,2,700,1,-1,-1,-1,-1
21,1,2,700,2,-1,-1,-1,-1
10,1,2,700,1,-1,-1,-1,-1
6,1,1,700,1,-1,-1,-1,-1
32,2,1,700,-1,-1,-1,-1,-1
13,1,1,700,1,-1,-1,-1,-1
10,1,2,700,1,-1,-1,-1,-1
8,1,1,700,1,-1,-1,-1,-1
34,2,1,700,-1,1,-1,2,3
38,2,1,700,-1,-1,-1,-1,-1
80,2,1,700,-1,-1,-1,-1,-1
47,2,1,700,-1,-1,-1,-1,-1
22,1,1,700,1,2,-1,2,8
16,1,1,700,1,2,-1,2,8
34,2,2,700,-1,-1,-1,-1,-1
38,2,1,700,-1,-1,-1,-1,-1
85,1,2,700,-1,1,-1,2,6
18,1,1,700,2,-1,-1,-1,-1
13,1,2,700,1,-1,-1,-1,-1
10,1,2,700,1,-1,-1,-1,-1
61,2,2,700,-1,1,-1,2,7
70,3,2,700,-1,-1,-1,-1,-1
66,2,1,700,-1,-1,-1,-1,-1
16,1,1,700,1,2,-1,2,9
15,1,2,700,1,2,-1,2,8
10,1,2,700,1,-1,-1,-1,-1
68,3,1,700,-1,-1,-1,-1,-1
42,2,1,700,-1,-1,-1,-1,-1
46,2,1,700,-1,-1,-1,-1,-1
29,2,2,700,-1,1,-1,2,7
43,2,1,700,-1,-1,-1,-1,-1
21,2,2,700,2,2,-1,2,7
79,3,2,700,-1,1,-1,2,6
38,2,1,700,-1,-1,-1,-1,-1
22,1,1,700,2,-1,-1,-1,-1
40,2,2,700,-1,1,-1,2,7
73,2,2,700,-1,1,-1,2,7
64,2,2,700,-1,1,-1,2,7
56,3,2,700,-1,1,-1,2,7
11,1,2,700,1,-1,-1,-1,-1
16,1,1,700,2,2,-1,2,7
44,2,2,700,-1,-1,-1,-1,-1
42,2,1,700,-1,-1,-1,-1,-1
22,1,1,700,2,1,-1,2,7
8,1,1,700,1,-1,-1,-1,-1
44,2,1,700,-1,-1,-1,-1,-1
43,2,2,700,-1,-1,-1,-1,-1
53,2,1,700,-1,-1,-1,-1,-1
17,1,2,700,1,2,-1,2,8
63,2,2,700,-1,1,-1,2,6
65,3,2,700,-1,1,-1,2,6
23,2,1,700,2,-1,-1,-1,-1
16,1,1,700,1,2,-1,2,8
25,1,1,700,-1,-1,-1,-1,-1
13,1,1,700,1,-1,-1,-1,-1
41,2,2,700,-1,1,-1,2,7
5,1,1,700,1,-1,-1,-1,-1
12,1,1,700,1,-1,-1,-1,-1
26,2,2,700,-1,1,-1,2,7
10,1,2,700,1,-1,-1,-1,-1
16,1,2,700,1,2,-1,2,8
25,1,1,700,-1,-1,-1,-1,-1
54,2,1,700,-1,-1,-1,-1,-1
15,1,2,700,1,2,-1,2,8
50,2,2,700,-1,1,-1,2,3
48,2,1,700,-1,-1,-1,-1,-1
42,1,1,700,-1,1,-1,2,5
26,2,1,700,-1,-1,-1,-1,-1
20,1,1,700,1,-1,-1,-1,-1
20,1,1,700,2,2,-1,2,1
28,1,1,700,-1,-1,-1,-1,-1
13,1,2,700,1,-1,-1,-1,-1
26,2,2,700,-1,2,-1,2,7
15,1,1,700,1,2,-1,2,8
43,2,1,700,-1,-1,-1,-1,-1
18,1,1,700,2,-1,-1,-1,-1
49,2,2,700,-1,-1,-1,-1,-1
10,1,2,700,1,-1,-1,-1,-1
23,2,2,700,2,1,-1,2,7
16,1,1,700,1,2,-1,2,8
45,2,1,700,-1,-1,-1,-1,-1
26,2,2,700,-1,1,-1,2,7
46,2,1,700,-1,-1,-1,-1,-1
47,2,2,700,-1,-1,-1,-1,-1
6,1,1,700,1,-1,-1,-1,-1
18,2,2,700,2,1,-1,2,7
45,2,1,700,-1,-1,-1,-1,-1
41,2,1,700,-1,-1,-1,-1,-1
13,1,2,700,1,-1,-1,-1,-1
38,2,1,700,-1,-1,-1,-1,-1
69,2,2,700,-1,1,-1,2,6
35,2,2,700,-1,1,-1,2,7
13,1,1,700,1,-1,-1,-1,-1
54,2,2,700,-1,-1,-1,-1,-1
50,2,1,700,-1,-1,-1,-1,-1
33,2,2,700,-1,2,-1,2,7
21,1,1,700,2,-1,-1,-1,-1
9,1,1,700,1,-1,-1,-1,-1
21,1,2,700,1,-1,-1,-1,-1
24,2,2,700,2,1,-1,2,7
9,1,1,700,1,-1,-1,-1,-1
39,2,1,700,-1,-1,-1,-1,-1
11,1,2,700,1,-1,-1,-1,-1
36,2,2,700,-1,-1,-1,-1,-1
21,1,1,700,2,2,-1,2,2
23,1,1,700,1,2,-1,2,8
24,1,1,700,2,1,2,1,-1
12,1,1,700,1,-1,-1,-1,-1
55,3,2,700,-1,-1,-1,-1,-1
44,2,1,700,-1,-1,-1,-1,-1
7,1,2,700,1,-1,-1,-1,-1
24,2,2,700,2,1,-1,2,7
59,2,2,700,-1,-1,-1,-1,-1
20,1,2,700,2,1,-1,2,7
17,1,2,700,1,2,-1,2,8
47,2,1,700,-1,-1,-1,-1,-1
31,2,1,700,-1,-1,-1,-1,-1
17,1,2,700,2,-1,-1,-1,-1
17,1,2,700,1,2,-1,2,8
5,1,1,700,2,-1,-1,-1,-1
58,1,2,700,-1,-1,-1,-1,-1
75,4,1,700,-1,-1,-1,-1,-1
25,2,2,700,-1,-1,-1,-1,-1
16,1,1,700,1,2,-1,2,8
7,1,1,700,1,-1,-1,-1,-1
51,2,1,700,-1,-1,-1,-1,-1
43,1,1,700,-1,-1,-1,-1,-1
28,1,2,700,-1,-1,-1,-1,-1
59,1,1,700,-1,-1,-1,-1,-1
30,1,2,700,-1,-1,-1,-1,-1
17,1,2,700,1,2,-1,2,8
48,1,2,700,-1,-1,-1,-1,-1
39,2,2,700,-1,1,-1,2,7
64,2,2,700,-1,-1,-1,-1,-1
50,2,1,700,-1,1,-1,2,6
75,2,1,700,-1,1,-1,2,6
14,1,2,700,1,-1,-1,-1,-1
23,1,1,700,2,-1,-1,-1,-1
9,1,2,700,1,-1,-1,-1,-1
48,1,1,700,-1,-1,-1,-1,-1
53,2,1,700,-1,-1,-1,-1,-1
14,1,2,700,1,-1,-1,-1,-1
18,2,2,700,2,1,-1,2,7
5,1,2,700,1,-1,-1,-1,-1
45,2,2,700,-1,-1,-1,-1,-1
21,1,1,700,2,2,-1,2,1
26,2,2,700,-1,-1,-1,-1,-1
48,2,1,700,-1,-1,-1,-1,-1
53,2,1,700,-1,-1,-1,-1,-1
8,1,1,700,1,-1,-1,-1,-1
32,2,1,700,-1,-1,-1,-1,-1
12,1,2,700,1,-1,-1,-1,-1
31,2,2,700,-1,-1,-1,-1,-1
9,1,1,700,1,-1,-1,-1,-1
38,1,1,700,-1,-1,-1,-1,-1
41,2,1,700,-1,-1,-1,-1,-1
48,2,2,700,-1,-1,-1,-1,-1
8,1,2,700,1,-1,-1,-1,-1
13,1,1,700,1,-1,-1,-1,-1
29,2,2,700,-1,-1,-1,-1,-1
46,2,2,700,-1,-1,-1,-1,-1
18,1,2,700,1,2,-1,2,8
36,2,1,700,-1,-1,-1,-1,-1
36,2,1,700,-1,-1,-1,-1,-1
40,2,2,700,-1,-1,-1,-1,-1
22,2,2,700,2,1,-1,2,8
63,2,2,700,-1,1,-1,2,6
11,1,1,700,1,-1,-1,-1,-1
15,1,1,700,1,1,-1,2,8
24,1,2,700,2,-1,-1,-1,-1
50,2,1,700,-1,-1,-1,-1,-1
71,2,1,700,-1,1,-1,2,6
53,2,1,700,-1,-1,-1,-1,-1
12,1,1,700,1,-1,-1,-1,-1
5,1,1,700,1,-1,-1,-1,-1
45,2,2,700,-1,2,-1,2,7
80,2,1,700,-1,1,-1,2,6
22,2,1,700,1,1,-1,2,8
45,2,1,700,-1,-1,-1,-1,-1
12,1,1,700,1,-1,-1,-1,-1
79,3,2,700,-1,1,-1,2,6
7,1,2,700,1,-1,-1,-1,-1
11,1,2,700,1,-1,-1,-1,-1
13,1,2,700,1,-1,-1,-1,-1
6,1,2,700,1,-1,-1,-1,-1
8,1,2,700,1,-1,-1,-1,-1
69,3,2,700,-1,-1,-1,-1,-1
16,1,1,700,1,1,-1,2,8
33,2,2,700,-1,-1,-1,-1,-1
11,1,2,700,1,-1,-1,-1,-1
14,1,2,700,1,-1,-1,-1,-1
28,1,2,700,-1,-1,-1,-1,-1
82,3,1,700,-1,1,-1,2,6
56,2,2,700,-1,1,-1,2,7
15,1,2,700,2,-1,-1,-1,-1
56,2,1,700,-1,-1,-1,-1,-1
17,1,2,700,1,2,-1,2,8
28,2,2,700,-1,1,-1,2,7
75,3,2,700,-1,1,-1,2,6
18,1,1,700,1,-1,-1,-1,-1
45,2,1,700,-1,-1,-1,-1,-1
8,1,2,700,1,-1,-1,-1,-1
52,2,1,700,-1,-1,-1,-1,-1
21,1,2,700,2,2,-1,2,7
17,1,2,700,1,2,-1,2,8
10,1,1,700,1,-1,-1,-1,-1
63,2,2,700,-1,1,-1,2,7
20,2,1,700,2,-1,-1,-1,-1
10,1,2,700,1,-1,-1,-1,-1
41,2,1,700,-1,-1,-1,-1,-1
46,2,1,700,-1,-1,-1,-1,-1
7,1,2,700,1,-1,-1,-1,-1
22,2,2,700,2,-1,-1,-1,-1
37,2,1,700,-1,-1,-1,-1,-1
12,1,1,700,1,-1,-1,-1,-1
15,1,1,700,1,2,-1,2,8
24,1,1,700,2,-1,-1,-1,-1
18,1,1,700,2,-1,-1,-1,-1
26,2,1,700,-1,-1,-1,-1,-1
36,2,2,700,-1,1,-1,2,7
28,2,1,700,-1,-1,-1,-1,-1
17,1,2,700,1,2,-1,2,8
27,2,2,700,-1,1,-1,2,7
25,2,2,700,-1,1,-1,2,7
24,2,2,700,2,1,-1,2,7
16,1,1,700,1,2,-1,2,8
20,2,1,700,1,2,-1,2,8
19,1,1,700,1,1,-1,2,5
29,1,1,700,-1,1,2,1,-1
73,2,1,700,-1,-1,-1,-1,-1
16,1,1,700,1,2,-1,2,7
81,3,2,700,-1,1,-1,2,6
28,1,1,700,-1,2,-1,2,9
8,1,2,700,1,-1,-1,-1,-1
52,2,1,700,-1,-1,-1,-1,-1
13,1,1,700,1,-1,-1,-1,-1
64,3,2,700,-1,-1,-1,-1,-1
51,2,1,700,-1,-1,-1,-1,-1
8,1,2,700,1,-1,-1,-1,-1
5,1,2,700,1,-1,-1,-1,-1
10,1,2,700,1,-1,-1,-1,-1
21,2,2,700,2,1,-1,2,7
16,1,1,700,2,-1,-1,-1,-1
29,2,2,700,-1,-1,-1,-1,-1
35,1,2,700,-1,-1,-1,-1,-1
44,2,1,700,-1,-1,-1,-1,-1
24,1,1,700,2,-1,-1,-1,-1
22,1,2,700,1,2,-1,2,8
7,1,1,700,1,-1,-1,-1,-1
26,2,2,700,-1,2,-1,2,7
28,1,1,700,-1,-1,-1,-1,-1
37,2,1,700,-1,-1,-1,-1,-1
18,1,1,700,1,2,-1,2,8
37,2,2,700,-1,-1,-1,-1,-1
6,1,2,700,2,-1,-1,-1,-1
43,2,1,700,-1,-1,-1,-1,-1
24,1,1,700,2,-1,-1,-1,-1
32,1,1,700,-1,-1,-1,-1,-1
10,1,2,700,1,-1,-1,-1,-1
35,2,1,700,-1,-1,-1,-1,-1
50,2,2,700,-1,-1,-1,-1,-1
56,2,1,700,-1,1,-1,2,3
17,1,1,700,2,-1,-1,-1,-1
11,1,1,700,1,-1,-1,-1,-1
26,1,2,700,-1,-1,-1,-1,-1
5,1,1,700,1,-1,-1,-1,-1
9,1,1,700,1,-1,-1,-1,-1
71,3,2,700,-1,1,-1,2,6
20,1,1,700,2,-1,-1,-1,-1
24,1,2,700,2,-1,-1,-1,-1
64,3,2,700,-1,1,-1,2,6
76,3,2,700,-1,1,-1,2,6
22,1,1,700,2,-1,-1,-1,-1
57,2,1,700,-1,-1,-1,-1,-1
6,1,2,700,1,-1,-1,-1,-1
5,1,1,700,1,-1,-1,-1,-1
29,2,2,700,-1,-1,-1,-1,-1
63,1,2,700,-1,-1,-1,-1,-1
8,1,2,700,1,-1,-1,-1,-1
80,3,2,700,-1,1,-1,2,6
40,2,1,700,-1,-1,-1,-1,-1
57,2,2,700,-1,-1,-1,-1,-1
11,1,2,700,1,-1,-1,-1,-1
23,1,1,700,2,2,1,1,-1
33,2,2,700,-1,-1,-1,-1,-1
9,1,2,700,1,-1,-1,-1,-1
19,1,2,700,1,-1,-1,-1,-1
17,1,2,700,1,2,-1,2,8
8,1,1,700,1,-1,-1,-1,-1
13,1,2,700,1,-1,-1,-1,-1
39,2,1,700,-1,-1,-1,-1,-1
58,2,1,700,-1,-1,-1,-1,-1
11,1,2,700,1,-1,-1,-1,-1
66,2,1,700,-1,-1,-1,-1,-1
9,1,2,700,1,-1,-1,-1,-1
80,2,1,700,-1,-1,-1,-1,-1
15,1,2,700,1,2,-1,2,8
24,1,2,700,2,-1,-1,-1,-1
10,1,2,700,1,-1,-1,-1,-1
11,1,2,700,1,-1,-1,-1,-1
25,1,1,700,-1,-1,-1,-1,-1
23,1,1,700,2,-1,-1,-1,-1
59,2,2,700,-1,-1,-1,-1,-1
29,1,1,700,-1,1,-1,2,7
27,2,1,700,-1,-1,-1,-1,-1
74,2,1,700,-1,1,-1,2,6
8,1,2,700,1,-1,-1,-1,-1
19,1,1,700,1,2,-1,2,8
15,1,2,700,1,-1,-1,-1,-1
23,1,1,700,2,2,-1,2,2
13,1,1,700,1,-1,-1,-1,-1
34,1,2,700,-1,-1,-1,-1,-1
15,1,2,700,1,2,-1,2,8
41,2,1,700,-1,-1,-1,-1,-1
10,1,1,700,1,-1,-1,-1,-1
29,2,1,700,-1,-1,-1,-1,-1
9,1,1,700,1,-1,-1,-1,-1
34,2,2,700,-1,-1,-1,-1,-1
36,2,2,700,-1,1,-1,2,7
14,1,1,700,1,-1,-1,-1,-1
15,1,1,700,1,-1,-1,-1,-1
62,3,2,700,-1,2,-1,2,6
8,1,1,700,1,-1,-1,-1,-1
9,1,1,700,1,-1,-1,-1,-1
7,1,1,700,1,-1,-1,-1,-1
59,2,1,700,-1,-1,-1,-1,-1
52,2,2,700,-1,-1,-1,-1,-1
6,1,1,700,1,-1,-1,-1,-1
18,1,2,700,1,2,-1,2,8
6,1,2,700,1,-1,-1,-1,-1
29,1,2,700,-1,2,-1,2,6
5,1,1,700,2,-1,-1,-1,-1
9,1,2,700,1,-1,-1,-1,-1
14,1,1,700,2,-1,-1,-1,-1
26,1,2,700,-1,1,-1,2,2
71,3,1,700,-1,1,-1,2,6
46,4,1,700,-1,-1,-1,-1,-1
12,1,1,700,1,-1,-1,-1,-1
14,1,2,700,1,-1,-1,-1,-1
22,2,2,700,2,1,-1,2,7
6,1,2,700,1,-1,-1,-1,-1
14,1,2,700,1,-1,-1,-1,-1
78,3,2,700,-1,1,-1,2,6
56,2,2,700,-1,1,-1,2,7
8,1,1,700,1,-1,-1,-1,-1
16,1,2,700,1,2,-1,2,8
33,2,1,700,-1,-1,-1,-1,-1
43,2,2,700,-1,-1,-1,-1,-1
13,1,1,700,1,-1,-1,-1,-1
37,2,1,700,-1,-1,-1,-1,-1
34,1,1,700,-1,-1,-1,-1,-1
40,2,1,700,-1,-1,-1,-1,-1
22,2,1,700,2,-1,-1,-1,-1
19,1,1,700,2,-1,-1,-1,-1
57,2,1,700,-1,-1,-1,-1,-1
85,2,1,700,-1,1,-1,2,6
41,2,2,700,-1,-1,-1,-1,-1
42,1,2,700,-1,-1,-1,-1,-1
21,1,2,700,1,2,-1,2,8
21,1,1,700,2,-1,-1,-1,-1
48,2,2,700,-1,1,-1,2,7
20,1,2,700,1,2,-1,2,8
36,2,1,700,-1,-1,-1,-1,-1
15,1,1,700,1,2,-1,2,8
27,2,2,700,-1,-1,-1,-1,-1
18,1,1,700,1,2,-1,2,8
17,2,2,700,2,2,-1,2,7
16,1,1,700,1,2,-1,2,8
55,2,1,700,-1,-1,-1,-1,-1
29,2,1,700,-1,-1,-1,-1,-1
14,1,1,700,1,-1,-1,-1,-1
50,1,1,700,-1,1,-1,2,1
10,1,2,700,1,-1,-1,-1,-1
17,1,2,700,1,2,-1,2,8
18,1,1,700,1,2,-1,2,8
34,2,1,700,-1,-1,-1,-1,-1
21,1,2,700,1,2,1,1,-1
20,1,2,700,1,2,-1,2,8
16,1,2,700,1,2,-1,2,8
33,1,1,700,-1,-1,-1,-1,-1
28,2,1,700,-1,1,-1,2,1
78,2,2,700,-1,2,-1,2,6
10,1,1,700,1,-1,-1,-1,-1
46,3,2,700,-1,-1,-1,-1,-1
24,1,1,700,2,1,2,1,-1
9,1,2,700,1,-1,-1,-1,-1
12,1,2,700,1,-1,-1,-1,-1
18,1,1,700,1,2,-1,2,8
11,1,2,700,1,-1,-1,-1,-1
50,2,2,700,-1,-1,-1,-1,-1
10,1,1,700,1,-1,-1,-1,-1
10,1,2,700,1,-1,-1,-1,-1
57,2,1,700,-1,1,-1,2,7
78,3,2,700,-1,1,-1,2,6
8,1,2,700,1,-1,-1,-1,-1
40,3,2,700,-1,-1,-1,-1,-1
37,2,1,700,-1,-1,-1,-1,-1
7,1,2,700,1,-1,-1,-1,-1
35,1,2,700,-1,-1,-1,-1,-1
7,1,1,700,1,-1,-1,-1,-1
17,1,2,700,1,-1,-1,-1,-1
16,1,2,700,1,2,-1,2,8
20,2,2,700,2,2,-1,2,7
42,2,1,700,-1,-1,-1,-1,-1
12,1,2,700,1,-1,-1,-1,-1
46,2,2,700,-1,-1,-1,-1,-1
55,2,1,700,-1,-1,-1,-1,-1
35,2,1,700,-1,-1,-1,-1,-1
58,2,2,700,-1,1,-1,2,7
41,2,1,700,-1,-1,-1,-1,-1
36,2,2,700,-1,-1,-1,-1,-1
5,1,1,700,2,-1,-1,-1,-1
13,1,1,700,1,-1,-1,-1,-1
14,1,1,700,2,-1,-1,-1,-1
9,1,2,700,1,-1,-1,-1,-1
54,4,2,700,-1,-1,-1,-1,-1
40,2,2,700,-1,-1,-1,-1,-1
16,1,2,700,1,1,-1,2,7
49,2,1,700,-1,-1,-1,-1,-1
9,1,2,700,1,-1,-1,-1,-1
13,1,2,700,1,-1,-1,-1,-1
7,1,2,700,1,-1,-1,-1,-1
28,2,1,700,-1,-1,-1,-1,-1
73,2,1,700,-1,-1,-1,-1,-1
60,2,1,700,-1,-1,-1,-1,-1
15,1,2,700,1,2,-1,2,8
46,2,1,700,-1,-1,-1,-1,-1
10,1,2,700,1,-1,-1,-1,-1
19,1,1,700,2,-1,-1,-1,-1
8,1,2,700,1,-1,-1,-1,-1
29,2,2,700,-1,-1,-1,-1,-1
25,2,2,700,-1,1,-1,2,7
6,1,1,700,1,-1,-1,-1,-1
46,2,2,700,-1,-1,-1,-1,-1
6,1,2,700,1,-1,-1,-1,-1
8,1,1,700,1,-1,-1,-1,-1
65,2,1,700,-1,-1,-1,-1,-1
6,1,2,700,1,-1,-1,-1,-1
45,2,1,700,-1,-1,-1,-1,-1
32,2,2,700,-1,1,-1,2,7
66,2,2,700,-1,-1,-1,-1,-1
55,2,1,700,-1,-1,-1,-1,-1
6,1,2,700,1,-1,-1,-1,-1
44,2,1,700,-1,-1,-1,-1,-1
11,1,2,700,1,-1,-1,-1,-1
30,2,1,700,-1,-1,-1,-1,-1
32,2,1,700,-1,-1,-1,-1,-1
29,2,1,700,-1,-1,-1,-1,-1
6,1,1,700,1,-1,-1,-1,-1
56,2,1,700,-1,-1,-1,-1,-1
78,2,1,700,-1,1,-1,2,6
9,1,2,700,1,-1,-1,-1,-1
11,1,2,700,1,-1,-1,-1,-1
22,1,2,700,2,-1,-1,-1,-1
50,2,2,700,-1,1,-1,2,7
45,2,2,700,-1,-1,-1,-1,-1
48,2,2,700,-1,-1,-1,-1,-1
9,1,1,700,1,-1,-1,-1,-1
40,2,1,700,-1,-1,-1,-1,-1
13,1,1,700,1,-1,-1,-1,-1
18,1,2,700,2,2,-1,2,7
23,1,1,700,1,2,-1,2,8
22,1,1,700,2,-1,-1,-1,-1
26,2,1,700,-1,-1,-1,-1,-1
29,2,2,700,-1,2,-1,2,7
29,2,2,700,-1,-1,-1,-1,-1
39,1,1,700,-1,2,-1,2,1
8,1,2,700,1,-1,-1,-1,-1
36,2,1,700,-1,1,-1,2,2
48,2,1,700,-1,-1,-1,-1,-1
20,1,2,700,2,-1,-1,-1,-1
58,2,1,700,-1,1,-1,2,3
7,1,2,700,1,-1,-1,-1,-1
25,1,2,700,-1,-1,-1,-1,-1
48,1,2,700,-1,-1,-1,-1,-1
36,2,1,700,-1,-1,-1,-1,-1
6,1,1,700,1,-1,-1,-1,-1
40,1,1,700,-1,-1,-1,-1,-1
13,1,1,700,1,-1,-1,-1,-1
17,1,1,700,2,-1,-1,-1,-1
32,2,1,700,-1,-1,-1,-1,-1
8,1,1,700,1,-1,-1,-1,-1
37,4,2,700,-1,-1,-1,-1,-1
60,2,1,700,-1,-1,-1,-1,-1
25,2,2,700,-1,1,-1,2,7
21,1,1,700,2,2,-1,2,6
27,1,1,700,-1,-1,-1,-1,-1
17,1,1,700,1,2,-1,2,8
26,1,1,700,-1,-1,-1,-1,-1
36,2,1,700,-1,-1,-1,-1,-1
29,2,2,700,-1,-1,-1,-1,-1
10,1,1,700,2,-1,-1,-1,-1
51,2,2,700,-1,-1,-1,-1,-1
93,1,2,700,-1,1,-1,2,6
17,1,2,700,2,2,-1,2,7
13,1,2,700,1,-1,-1,-1,-1
47,2,1,700,-1,-1,-1,-1,-1
10,1,1,700,1,-1,-1,-1,-1
78,3,2,700,-1,1,-1,2,6
43,1,2,700,-1,1,-1,2,7
43,2,1,700,-1,-1,-1,-1,-1
33,2,2,700,-1,-1,-1,-1,-1
9,1,2,700,1,-1,-1,-1,-1
12,1,2,700,1,-1,-1,-1,-1
44,1,2,700,-1,-1,-1,-1,-1
48,2,1,700,-1,-1,-1,-1,-1
8,1,1,700,1,-1,-1,-1,-1
33,2,1,700,-1,-1,-1,-1,-1
22,1,1,700,2,1,2,1,-1
30,2,2,700,-1,-1,-1,-1,-1
27,2,2,700,-1,1,-1,2,7
49,2,2,700,-1,-1,-1,-1,-1
21,1,1,700,2,-1,-1,-1,-1
11,1,1,700,1,-1,-1,-1,-1
23,2,2,700,2,-1,-1,-1,-1
16,1,1,700,1,2,-1,2,8
58,2,1,700,-1,1,-1,2,6
38,2,1,700,-1,-1,-1,-1,-1
10,1,2,700,1,-1,-1,-1,-1
10,1,2,700,1,-1,-1,-1,-1
40,2,1,700,-1,-1,-1,-1,-1
40,2,1,700,-1,-1,-1,-1,-1
6,1,1,700,1,-1,-1,-1,-1
20,1,1,700,1,2,-1,2,8
54,3,2,700,-1,-1,-1,-1,-1
37,2,2,700,-1,-1,-1,-1,-1
20,4,2,700,2,2,-1,2,6
27,2,1,700,-1,-1,-1,-1,-1
28,2,1,700,-1,-1,-1,-1,-1
53,2,2,700,-1,-1,-1,-1,-1
41,2,2,700,-1,1,-1,2,7
54,2,2,700,-1,-1,-1,-1,-1
39,2,1,700,-1,-1,-1,-1,-1
6,1,2,700,1,-1,-1,-1,-1
14,1,2,700,1,-1,-1,-1,-1
33,2,1,700,-1,-1,-1,-1,-1
52,2,1,700,-1,-1,-1,-1,-1
69,2,1,700,-1,-1,-1,-1,-1
55,2,1,700,-1,-1,-1,-1,-1
20,1,1,700,1,2,-1,2,8
37,2,2,700,-1,1,-1,2,7
12,1,1,700,1,-1,-1,-1,-1
6,1,2,700,2,-1,-1,-1,-1
17,1,2,700,1,1,-1,2,8
15,1,2,700,1,2,-1,2,8
42,2,2,700,-1,1,2,1,-1
35,2,1,700,-1,-1,-1,-1,-1
51,2,1,700,-1,-1,-1,-1,-1
66,3,1,700,-1,1,-1,2,6
10,1,2,700,1,-1,-1,-1,-1
55,2,2,700,-1,-1,-1,-1,-1
49,2,2,700,-1,-1,-1,-1,-1
7,1,1,700,1,-1,-1,-1,-1
10,1,2,700,2,-1,-1,-1,-1
15,1,2,700,1,2,-1,2,8
28,2,2,700,-1,1,-1,2,7
18,1,1,700,1,2,-1,2,8
7,1,1,700,1,-1,-1,-1,-1
52,2,1,700,-1,-1,-1,-1,-1
28,1,1,700,-1,-1,-1,-1,-1
14,1,2,700,1,-1,-1,-1,-1
16,1,2,700,1,2,-1,2,8
51,2,2,700,-1,-1,-1,-1,-1
53,2,2,700,-1,1,-1,2,7
15,1,2,700,1,2,-1,2,8
50,2,2,700,-1,2,-1,2,7
17,1,2,700,1,2,-1,2,8
15,1,2,700,1,2,-1,2,8
39,2,2,700,-1,1,2,1,-1
14,1,1,700,1,-1,-1,-1,-1
15,1,2,700,1,2,-1,2,8
17,1,1,700,1,2,-1,2,8
69,2,1,700,-1,-1,-1,-1,-1
84,2,1,700,-1,1,-1,2,6
12,1,1,700,1,-1,-1,-1,-1
11,1,1,700,1,-1,-1,-1,-1
28,2,2,700,-1,-1,-1,-1,-1
5,1,1,700,1,-1,-1,-1,-1
34,2,2,700,-1,1,-1,2,7
12,1,1,700,1,-1,-1,-1,-1
14,1,2,700,1,-1,-1,-1,-1
19,1,1,700,2,1,2,1,-1
7,1,1,700,1,-1,-1,-1,-1
35,2,1,700,-1,1,-1,2,5
37,2,1,700,-1,-1,-1,-1,-1
8,1,2,700,2,-1,-1,-1,-1
59,2,1,700,-1,-1,-1,-1,-1
45,2,1,700,-1,-1,-1,-1,-1
47,2,2,700,-1,1,-1,2,7
15,1,1,700,1,2,-1,2,8
12,1,1,700,1,-1,-1,-1,-1
17,1,2,700,1,2,-1,2,8
79,3,2,700,-1,1,-1,2,6
37,2,2,700,-1,-1,-1,-1,-1
16,1,2,700,1,-1,-1,-1,-1
37,2,1,700,-1,-1,-1,-1,-1
10,1,1,700,1,-1,-1,-1,-1
45,2,2,700,-1,-1,-1,-1,-1
16,1,1,700,2,-1,-1,-1,-1
43,2,2,700,-1,-1,-1,-1,-1
65,2,2,700,-1,1,-1,2,6
35,2,1,700,-1,-1,-1,-1,-1
63,3,2,700,-1,1,-1,2,7
12,1,1,700,1,-1,-1,-1,-1
60,2,2,700,-1,-1,-1,-1,-1
12,1,2,700,1,-1,-1,-1,-1
13,1,2,700,2,-1,-1,-1,-1
14,1,1,700,1,-1,-1,-1,-1
30,2,2,700,-1,1,-1,2,7
22,1,1,700,2,-1,-1,-1,-1
15,1,2,700,1,2,-1,2,8
32,1,1,700,-1,-1,-1,-1,-1
47,2,1,700,-1,1,2,1,-1
42,2,2,700,-1,-1,-1,-1,-1
38,1,2,700,-1,-1,-1,-1,-1
18,1,1,700,1,2,-1,2,8
46,3,2,700,-1,-1,-1,-1,-1
56,4,1,700,-1,1,-1,2,7
72,2,2,700,-1,-1,-1,-1,-1
15,1,1,700,1,2,-1,2,8
22,1,2,700,2,1,2,1,-1
20,1,2,700,2,2,-1,2,7
7,1,2,700,1,-1,-1,-1,-1
62,2,1,700,-1,-1,-1,-1,-1
37,2,1,700,-1,-1,-1,-1,-1
63,2,2,700,-1,2,-1,2,6
8,1,1,700,1,-1,-1,-1,-1
26,2,2,700,-1,1,-1,2,7
15,1,2,700,1,-1,-1,-1,-1
40,2,2,700,-1,1,-1,2,7
20,1,1,700,2,-1,-1,-1,-1
65,2,1,700,-1,1,-1,2,6
52,2,1,700,-1,-1,-1,-1,-1
49,2,1,700,-1,-1,-1,-1,-1
42,2,1,700,-1,-1,-1,-1,-1
33,2,1,700,-1,-1,-1,-1,-1
28,4,1,700,-1,-1,-1,-1,-1
29,2,2,700,-1,1,-1,2,7
5,1,2,700,1,-1,-1,-1,-1
29,1,1,700,-1,-1,-1,-1,-1
53,2,1,700,-1,-1,-1,-1,-1
14,1,2,700,1,-1,-1,-1,-1
41,2,1,700,-1,-1,-1,-1,-1
51,1,2,700,-1,-1,-1,-1,-1
11,1,1,700,1,-1,-1,-1,-1
17,1,1,700,1,2,-1,2,8
21,2,1,700,2,-1,-1,-1,-1
27,2,2,700,-1,2,-1,2,7
9,1,1,700,1,-1,-1,-1,-1
33,2,2,700,-1,1,-1,2,7
31,1,1,700,-1,-1,-1,-1,-1
20,1,1,700,1,2,-1,2,8
16,1,2,700,1,2,-1,2,8
49,1,1,700,-1,-1,-1,-1,-1
11,1,1,700,1,-1,-1,-1,-1
26,1,2,700,-1,-1,-1,-1,-1
32,2,1,700,-1,-1,-1,-1,-1
53,2,2,700,-1,1,-1,2,7
8,1,2,700,1,-1,-1,-1,-1
17,1,1,700,1,2,-1,2,8
27,2,2,700,-1,-1,-1,-1,-1
31,2,2,700,-1,-1,-1,-1,-1
18,1,2,700,1,2,-1,2,8
45,2,1,700,-1,-1,-1,-1,-1
13,1,1,700,1,-1,-1,-1,-1
18,1,1,700,1,2,-1,2,8
59,2,2,700,-1,-1,-1,-1,-1
15,1,1,700,1,2,-1,2,8
29,2,1,700,-1,-1,-1,-1,-1
21,1,2,700,2,1,-1,2,5
6,1,1,700,1,-1,-1,-1,-1
18,1,2,700,1,2,-1,2,8
60,2,2,700,-1,-1,-1,-1,-1
54,2,1,700,-1,-1,-1,-1,-1
53,2,1,700,-1,-1,-1,-1,-1
37,1,2,700,-1,1,-1,2,8
9,1,1,700,2,-1,-1,-1,-1
25,1,2,700,-1,-1,-1,-1,-1
41,3,1,700,-1,-1,-1,-1,-1
7,1,1,700,1,-1,-1,-1,-1
67,3,2,700,-1,1,-1,2,7
64,3,2,700,-1,1,-1,2,7
40,2,2,700,-1,-1,-1,-1,-1
19,1,2,700,2,-1,-1,-1,-1
10,1,2,700,1,-1,-1,-1,-1
26,1,1,700,-1,1,2,1,-1
20,1,1,700,2,2,-1,2,6
43,1,2,700,-1,-1,-1,-1,-1
67,2,2,700,-1,-1,-1,-1,-1
43,2,1,700,-1,-1,-1,-1,-1
32,2,2,700,-1,1,-1,2,9
70,2,1,700,-1,1,-1,2,6
17,1,1,700,2,-1,-1,-1,-1
13,1,1,700,1,-1,-1,-1,-1
19,1,1,700,2,-1,-1,-1,-1
16,1,2,700,2,1,-1,2,7
7,1,2,700,1,-1,-1,-1,-1
60,2,2,700,-1,-1,-1,-1,-1
5,1,2,700,1,-1,-1,-1,-1
33,2,1,700,-1,-1,-1,-1,-1
12,1,2,700,1,-1,-1,-1,-1
13,1,1,700,1,-1,-1,-1,-1
55,2,2,700,-1,-1,-1,-1,-1
47,2,1,700,-1,-1,-1,-1,-1
27,1,2,700,-1,1,-1,2,8
50,2,2,700,-1,-1,-1,-1,-1
22,1,1,700,1,-1,-1,-1,-1
40,2,1,700,-1,-1,-1,-1,-1
36,2,2,700,-1,1,2,1,-1
47,2,2,700,-1,1,-1,2,7
15,1,1,700,1,2,-1,2,8
18,1,1,700,2,1,-1,2,7
47,4,2,700,-1,-1,-1,-1,-1
39,1,2,700,-1,-1,-1,-1,-1
21,2,1,700,2,-1,-1,-1,-1
15,3,2,700,1,2,-1,2,8
21,1,1,700,2,1,-1,2,1
16,1,2,700,1,2,-1,2,8
52,2,2,700,-1,-1,-1,-1,-1
40,2,1,700,-1,-1,-1,-1,-1
55,2,1,700,-1,-1,-1,-1,-1
6,1,1,700,1,-1,-1,-1,-1
12,1,1,700,1,-1,-1,-1,-1
36,2,2,700,-1,-1,-1,-1,-1
37,2,1,700,-1,-1,-1,-1,-1
49,2,1,700,-1,-1,-1,-1,-1
13,1,1,700,1,-1,-1,-1,-1
28,2,2,700,-1,-1,-1,-1,-1
19,1,2,700,1,-1,-1,-1,-1
10,1,1,700,1,-1,-1,-1,-1
29,2,2,700,-1,-1,-1,-1,-1
7,1,2,700,1,-1,-1,-1,-1
25,1,1,700,-1,-1,-1,-1,-1
36,2,1,700,-1,-1,-1,-1,-1
41,2,1,700,-1,-1,-1,-1,-1
13,1,1,700,1,-1,-1,-1,-1
45,2,2,700,-1,-1,-1,-1,-1
89,3,2,700,-1,2,-1,2,6
48,2,1,700,-1,-1,-1,-1,-1
12,1,2,700,1,-1,-1,-1,-1
11,1,2,700,1,-1,-1,-1,-1
8,1,2,700,1,-1,-1,-1,-1
41,2,2,700,-1,2,-1,2,7
52,2,1,700,-1,-1,-1,-1,-1
40,1,1,700,-1,-1,-1,-1,-1
41,2,1,700,-1,-1,-1,-1,-1
29,2,2,700,-1,-1,-1,-1,-1
20,1,1,700,1,2,-1,2,8
24,1,1,700,1,2,-1,2,8
27,2,1,700,-1,-1,-1,-1,-1
17,1,1,700,1,2,-1,2,8
11,1,2,700,1,-1,-1,-1,-1
29,2,1,700,-1,-1,-1,-1,-1
22,2,2,700,2,1,-1,2,7
42,2,2,700,-1,1,-1,2,7
63,2,1,700,-1,-1,-1,-1,-1
66,2,2,700,-1,1,-1,2,7
49,2,2,700,-1,-1,-1,-1,-1
6,1,1,700,2,-1,-1,-1,-1
41,2,1,700,-1,-1,-1,-1,-1
31,2,2,700,-1,1,-1,2,7
37,2,1,700,-1,-1,-1,-1,-1
30,2,1,700,-1,-1,-1,-1,-1
39,4,1,700,-1,-1,-1,-1,-1
17,1,1,700,1,2,-1,2,8
5,1,2,700,1,-1,-1,-1,-1
35,2,2,700,-1,-1,-1,-1,-1
48,1,1,700,-1,1,-1,2,7
65,2,1,700,-1,-1,-1,-1,-1
60,3,2,700,-1,-1,-1,-1,-1
9,1,1,700,1,-1,-1,-1,-1
10,1,1,700,2,-1,-1,-1,-1
9,1,2,700,1,-1,-1,-1,-1
25,1,1,700,-1,-1,-1,-1,-1
17,1,2,700,1,2,1,1,-1
73,3,2,700,-1,1,-1,2,6
22,1,1,700,2,-1,-1,-1,-1
34,2,2,700,-1,-1,-1,-1,-1
61,2,1,700,-1,-1,-1,-1,-1
10,1,2,700,1,-1,-1,-1,-1
18,1,1,700,2,-1,-1,-1,-1
63,3,2,700,-1,-1,-1,-1,-1
30,2,2,700,-1,-1,-1,-1,-1
31,2,1,700,-1,-1,-1,-1,-1
52,2,2,700,-1,-1,-1,-1,-1
54,3,2,700,-1,-1,-1,-1,-1
13,1,1,700,1,-1,-1,-1,-1
16,1,2,700,1,2,-1,2,8
46,2,2,700,-1,-1,-1,-1,-1
19,1,2,700,1,2,-1,2,8
10,1,1,700,1,-1,-1,-1,-1
49,3,1,700,-1,-1,-1,-1,-1
9,1,1,700,1,-1,-1,-1,-1
15,1,1,700,1,-1,-1,-1,-1
64,2,2,700,-1,1,-1,2,6
26,2,2,700,-1,-1,-1,-1,-1
20,1,1,700,2,1,-1,2,2
72,3,2,700,-1,1,-1,2,7
14,1,2,700,1,-1,-1,-1,-1
12,1,2,700,1,-1,-1,-1,-1
9,1,1,700,1,-1,-1,-1,-1
19,1,2,700,1,2,-1,2,8
66,2,1,700,-1,-1,-1,-1,-1
23,1,2,700,2,2,-1,2,3
25,2,2,700,-1,2,-1,2,7
16,1,1,700,2,2,-1,2,7
32,2,2,700,-1,1,-1,2,7
27,2,2,700,-1,-1,-1,-1,-1
48,3,1,700,-1,1,2,1,-1
10,1,2,700,1,-1,-1,-1,-1
9,1,2,700,1,-1,-1,-1,-1
26,1,2,700,-1,-1,-1,-1,-1
25,1,2,700,-1,-1,-1,-1,-1
75,3,2,700,-1,1,-1,2,6
96,2,2,700,-1,1,-1,2,6
20,1,2,700,2,1,-1,2,7
14,1,1,700,1,-1,-1,-1,-1
56,2,2,700,-1,-1,-1,-1,-1
40,2,2,700,-1,1,-1,2,7
38,2,2,700,-1,1,-1,2,7
13,1,1,700,1,-1,-1,-1,-1
8,1,2,700,1,-1,-1,-1,-1
56,2,2,700,-1,-1,-1,-1,-1
14,1,2,700,1,-1,-1,-1,-1
39,2,1,700,-1,-1,-1,-1,-1
44,2,1,700,-1,-1,-1,-1,-1
17,1,2,700,1,2,-1,2,8
14,1,1,700,1,-1,-1,-1,-1
13,1,2,700,1,-1,-1,-1,-1
35,2,2,700,-1,-1,-1,-1,-1
26,2,2,700,-1,1,-1,2,7
8,1,2,700,1,-1,-1,-1,-1
81,3,2,700,-1,1,-1,2,6
56,2,1,700,-1,-1,-1,-1,-1
37,2,1,700,-1,-1,-1,-1,-1
11,1,1,700,1,-1,-1,-1,-1
33,2,2,700,-1,-1,-1,-1,-1
30,2,1,700,-1,-1,-1,-1,-1
31,2,1,700,-1,-1,-1,-1,-1
13,1,1,700,1,-1,-1,-1,-1
18,1,2,700,2,2,-1,2,7
27,2,1,700,-1,-1,-1,-1,-1
86,2,2,700,-1,1,-1,2,6
23,1,1,700,2,2,1,1,-1
23,1,2,700,2,-1,-1,-1,-1
15,1,2,700,1,2,-1,2,7
28,2,2,700,-1,-1,-1,-1,-1
26,2,2,700,-1,-1,-1,-1,-1
50,2,2,700,-1,-1,-1,-1,-1
80,3,1,700,-1,-1,-1,-1,-1
25,2,1,700,-1,-1,-1,-1,-1
52,3,2,700,-1,-1,-1,-1,-1
7,1,1,700,1,-1,-1,-1,-1
52,2,1,700,-1,-1,-1,-1,-1
23,1,2,700,2,-1,-1,-1,-1
58,2,2,700,-1,1,-1,2,3
48,2,1,700,-1,-1,-1,-1,-1
33,2,1,700,-1,-1,-1,-1,-1
22,2,2,700,2,2,-1,2,7
10,1,1,700,1,-1,-1,-1,-1
17,1,2,700,1,2,-1,2,8
14,1,2,700,1,-1,-1,-1,-1
6,1,1,700,1,-1,-1,-1,-1
21,1,2,700,1,2,-1,2,8
32,1,2,700,-1,-1,-1,-1,-1
12,1,2,700,1,-1,-1,-1,-1
7,1,2,700,1,-1,-1,-1,-1
21,1,1,700,2,-1,-1,-1,-1
5,1,2,700,2,-1,-1,-1,-1
5,1,2,700,1,-1,-1,-1,-1
59,2,2,700,-1,-1,-1,-1,-1
16,1,1,700,1,2,-1,2,8
15,1,1,700,1,2,-1,2,8
12,1,1,700,1,-1,-1,-1,-1
8,1,2,700,1,-1,-1,-1,-1
31,2,1,700,-1,-1,-1,-1,-1
41,2,1,700,-1,-1,-1,-1,-1
15,1,1,700,1,-1,-1,-1,-1
13,1,1,700,1,-1,-1,-1,-1
14,1,2,700,1,-1,-1,-1,-1
40,4,2,700,-1,-1,-1,-1,-1
23,1,2,700,2,1,-1,2,9
16,1,2,700,1,2,-1,2,8
6,1,1,700,1,-1,-1,-1,-1
63,2,2,700,-1,1,-1,2,7
28,1,2,700,-1,-1,-1,-1,-1
67,2,2,700,-1,-1,-1,-1,-1
68,2,2,700,-1,-1,-1,-1,-1
11,1,1,700,1,-1,-1,-1,-1
12,1,2,700,1,-1,-1,-1,-1
46,2,2,700,-1,1,2,1,-1
12,1,1,700,1,-1,-1,-1,-1
32,1,2,700,-1,-1,-1,-1,-1
45,2,1,700,-1,-1,-1,-1,-1
8,1,2,700,1,-1,-1,-1,-1
37,2,1,700,-1,-1,-1,-1,-1
45,2,1,700,-1,-1,-1,-1,-1
5,1,2,700,1,-1,-1,-1,-1
8,1,2,700,1,-1,-1,-1,-1
19,1,2,700,2,2,-1,2,7
56,2,2,700,-1,-1,-1,-1,-1
27,1,1,700,-1,-1,-1,-1,-1
36,2,1,700,-1,-1,-1,-1,-1
27,2,1,700,-1,-1,-1,-1,-1
51,2,1,700,-1,-1,-1,-1,-1
15,1,1,700,1,2,-1,2,8
42,2,1,700,-1,-1,-1,-1,-1
14,1,1,700,1,-1,-1,-1,-1
17,1,1,700,1,-1,-1,-1,-1
39,2,2,700,-1,1,-1,2,7
32,2,2,700,-1,1,-1,2,7
52,2,1,700,-1,-1,-1,-1,-1
22,1,1,700,2,1,2,1,-1
28,2,2,700,-1,-1,-1,-1,-1
16,1,1,700,1,-1,-1,-1,-1
53,2,2,700,-1,-1,-1,-1,-1
15,1,1,700,1,2,-1,2,8
20,1,1,700,2,-1,-1,-1,-1
10,1,2,700,1,-1,-1,-1,-1
65,2,1,700,-1,-1,-1,-1,-1
6,1,1,700,1,-1,-1,-1,-1
17,1,2,700,1,2,-1,2,8
59,2,2,700,-1,-1,-1,-1,-1
20,1,2,700,1,2,-1,2,8
15,1,2,700,2,2,-1,2,7
34,2,1,700,-1,-1,-1,-1,-1
7,1,1,700,1,-1,-1,-1,-1
10,1,2,700,1,-1,-1,-1,-1
9,1,2,700,1,-1,-1,-1,-1
22,2,2,700,2,1,-1,2,7
42,2,1,700,-1,-1,-1,-1,-1
36,2,2,700,-1,-1,-1,-1,-1
44,2,1,700,-1,1,-1,2,9
38,1,1,700,-1,-1,-1,-1,-1
28,2,2,700,-1,-1,-1,-1,-1
22,1,2,700,2,-1,-1,-1,-1
14,1,2,700,1,-1,-1,-1,-1
12,1,2,700,1,-1,-1,-1,-1
11,1,1,700,1,-1,-1,-1,-1
68,2,2,700,-1,-1,-1,-1,-1
29,2,1,700,-1,-1,-1,-1,-1
31,1,2,700,-1,-1,-1,-1,-1
68,2,1,700,-1,-1,-1,-1,-1
65,2,1,700,-1,-1,-1,-1,-1
49,3,2,700,-1,-1,-1,-1,-1
18,1,1,700,1,2,-1,2,8
38,2,2,700,-1,-1,-1,-1,-1
25,1,2,700,-1,-1,-1,-1,-1
5,1,1,700,1,-1,-1,-1,-1
15,1,1,700,1,2,-1,2,8
14,1,1,700,1,-1,-1,-1,-1
7,1,2,700,1,-1,-1,-1,-1
23,2,2,700,2,-1,-1,-1,-1
62,2,1,700,-1,-1,-1,-1,-1
20,1,1,700,2,-1,-1,-1,-1
70,3,2,700,-1,1,-1,2,6
14,1,2,700,1,-1,-1,-1,-1
23,2,2,700,2,1,-1,2,7
35,2,1,700,-1,-1,-1,-1,-1
22,1,1,700,2,-1,-1,-1,-1
6,1,1,700,1,-1,-1,-1,-1
16,1,2,700,1,2,-1,2,8
31,1,1,700,-1,1,-1,2,3
66,3,2,700,-1,-1,-1,-1,-1
5,1,2,700,1,-1,-1,-1,-1
47,2,1,700,-1,-1,-1,-1,-1
53,3,2,700,-1,1,-1,2,7
9,1,2,700,1,-1,-1,-1,-1
17,1,1,700,1,2,-1,2,8
39,2,2,700,-1,-1,-1,-1,-1
8,1,1,700,2,-1,-1,-1,-1
39,2,2,700,-1,-1,-1,-1,-1
21,2,1,700,2,-1,-1,-1,-1
38,2,1,700,-1,-1,-1,-1,-1
48,2,1,700,-1,-1,-1,-1,-1
17,1,1,700,1,2,-1,2,8
30,2,1,700,-1,-1,-1,-1,-1
19,1,1,700,2,2,-1,2,3
56,2,2,700,-1,2,-1,2,7
6,1,2,700,1,-1,-1,-1,-1
14,1,1,700,1,-1,-1,-1,-1
66,2,1,700,-1,1,-1,2,6
14,1,2,700,1,-1,-1,-1,-1
11,1,1,700,1,-1,-1,-1,-1
13,1,1,700,1,-1,-1,-1,-1
36,2,1,700,-1,-1,-1,-1,-1
19,2,1,700,2,2,-1,2,7
10,1,2,700,1,-1,-1,-1,-1
40,2,2,700,-1,-1,-1,-1,-1
10,1,1,700,1,-1,-1,-1,-1
53,2,1,700,-1,-1,-1,-1,-1
35,2,2,700,-1,2,-1,2,7
28,2,1,700,-1,-1,-1,-1,-1
65,2,2,700,-1,-1,-1,-1,-1
16,1,2,700,1,2,-1,2,8
5,1,2,700,2,-1,-1,-1,-1
13,1,1,700,1,-1,-1,-1,-1
16,1,2,700,1,2,-1,2,8
18,1,1,700,2,-1,-1,-1,-1
24,2,2,700,2,1,-1,2,7
35,2,2,700,-1,1,-1,2,7
32,2,1,700,-1,-1,-1,-1,-1
28,2,1,700,-1,-1,-1,-1,-1
57,2,1,700,-1,1,-1,2,7
35,2,2,700,-1,-1,-1,-1,-1
16,1,1,700,1,2,-1,2,8
28,2,2,700,-1,1,-1,2,7
20,1,1,700,2,1,-1,2,6
5,1,2,700,2,-1,-1,-1,-1
22,1,2,700,2,-1,-1,-1,-1
12,1,2,700,1,-1,-1,-1,-1
16,1,1,700,2,-1,-1,-1,-1
31,1,2,700,-1,-1,-1,-1,-1
22,1,2,700,2,2,-1,2,9
53,2,2,700,-1,1,-1,2,7
38,2,1,700,-1,-1,-1,-1,-1
36,2,1,700,-1,-1,-1,-1,-1
34,2,2,700,-1,1,-1,2,7
10,1,1,700,2,-1,-1,-1,-1
50,2,2,700,-1,-1,-1,-1,-1
17,1,2,700,1,2,-1,2,8
77,2,1,700,-1,1,-1,2,6
9,1,2,700,1,-1,-1,-1,-1
22,1,2,700,2,-1,-1,-1,-1
36,2,1,700,-1,-1,-1,-1,-1
51,2,1,700,-1,-1,-1,-1,-1
38,2,1,700,-1,-1,-1,-1,-1
24,1,1,700,2,-1,-1,-1,-1
10,1,2,700,2,-1,-1,-1,-1
8,1,2,700,1,-1,-1,-1,-1
7,1,2,700,1,-1,-1,-1,-1
31,4,2,700,-1,1,-1,2,7
15,1,2,700,1,2,-1,2,8
31,1,2,700,-1,1,-1,2,1
59,2,1,700,-1,1,-1,2,7
39,2,1,700,-1,-1,-1,-1,-1
28,2,2,700,-1,-1,-1,-1,-1
61,3,2,700,-1,-1,-1,-1,-1
52,2,1,700,-1,-1,-1,-1,-1
73,3,2,700,-1,2,-1,2,7
11,1,2,700,1,-1,-1,-1,-1
22,2,1,700,2,-1,-1,-1,-1
38,2,2,700,-1,-1,-1,-1,-1
37,2,1,700,-1,-1,-1,-1,-1
27,2,2,700,-1,2,-1,2,7
58,1,1,700,-1,-1,-1,-1,-1
59,2,1,700,-1,-1,-1,-1,-1
28,4,1,700,-1,-1,-1,-1,-1
22,1,1,700,2,-1,-1,-1,-1
28,1,1,700,-1,-1,-1,-1,-1
68,2,2,700,-1,1,-1,2,6
33,2,2,700,-1,-1,-1,-1,-1
23,2,1,700,2,-1,-1,-1,-1
16,1,1,700,1,2,-1,2,8
20,1,2,700,2,1,-1,2,7
45,1,1,700,-1,-1,-1,-1,-1
15,1,2,700,1,2,-1,2,8
11,1,1,700,1,-1,-1,-1,-1
23,2,1,700,2,-1,-1,-1,-1
66,2,1,700,-1,-1,-1,-1,-1
9,1,2,700,1,-1,-1,-1,-1
7,1,2,700,1,-1,-1,-1,-1
16,1,1,700,1,2,-1,2,8
28,1,1,700,-1,-1,-1,-1,-1
24,1,2,700,2,-1,-1,-1,-1
22,2,2,700,2,1,-1,2,7
37,2,2,700,-1,1,-1,2,7
78,3,2,700,-1,-1,-1,-1,-1
53,2,1,700,-1,-1,-1,-1,-1
39,2,2,700,-1,1,-1,2,7
5,1,2,700,2,-1,-1,-1,-1
9,1,2,700,1,-1,-1,-1,-1
50,3,2,700,-1,2,-1,2,7
5,1,1,700,1,-1,-1,-1,-1
56,2,2,700,-1,-1,-1,-1,-1
20,2,2,700,2,1,-1,2,7
59,4,1,700,-1,1,-1,2,7
14,1,2,700,1,-1,-1,-1,-1
32,2,1,700,-1,-1,-1,-1,-1
24,1,1,700,1,2,-1,2,8
45,2,2,700,-1,1,-1,2,7
24,2,2,700,2,2,-1,2,7
5,1,1,700,1,-1,-1,-1,-1
36,2,1,700,-1,-1,-1,-1,-1
28,1,1,700,-1,1,2,1,-1
20,1,1,700,2,-1,-1,-1,-1
44,2,1,700,-1,-1,-1,-1,-1
32,4,1,700,-1,-1,-1,-1,-1
29,1,1,700,-1,2,-1,2,6
28,1,2,700,-1,-1,-1,-1,-1
14,1,2,700,1,-1,-1,-1,-1
12,1,1,700,1,-1,-1,-1,-1
35,2,2,700,-1,-1,-1,-1,-1
59,4,2,700,-1,-1,-1,-1,-1
23,1,1,700,2,-1,-1,-1,-1
17,1,2,700,1,2,-1,2,8
26,1,2,700,-1,1,-1,2,5
34,2,2,700,-1,-1,-1,-1,-1
25,1,1,700,-1,-1,-1,-1,-1
69,2,1,700,-1,-1,-1,-1,-1
18,1,2,700,1,1,-1,2,8
7,1,1,700,1,-1,-1,-1,-1
15,1,2,700,1,2,-1,2,8
20,1,1,700,2,1,-1,2,1
30,1,1,700,-1,-1,-1,-1,-1
8,1,1,700,1,-1,-1,-1,-1
62,1,2,700,-1,-1,-1,-1,-1
39,2,1,700,-1,-1,-1,-1,-1
36,2,1,700,-1,-1,-1,-1,-1
21,1,2,700,2,2,-1,2,7
44,2,2,700,-1,-1,-1,-1,-1
48,2,2,700,-1,-1,-1,-1,-1
49,2,2,700,-1,-1,-1,-1,-1
13,1,2,700,1,-1,-1,-1,-1
5,1,2,700,2,-1,-1,-1,-1
28,2,1,700,-1,-1,-1,-1,-1
58,2,1,700,-1,-1,-1,-1,-1
13,1,2,700,1,-1,-1,-1,-1
50,2,1,700,-1,-1,-1,-1,-1
24,1,1,700,1,2,-1,2,8
11,1,2,700,1,-1,-1,-1,-1
10,1,2,700,1,-1,-1,-1,-1
25,1,1,700,-1,-1,-1,-1,-1
29,1,2,700,-1,1,-1,2,9
36,2,1,700,-1,-1,-1,-1,-1
6,1,1,700,1,-1,-1,-1,-1
63,2,2,700,-1,1,-1,2,6
61,2,2,700,-1,-1,-1,-1,-1
6,1,2,700,1,-1,-1,-1,-1
13,1,1,700,1,-1,-1,-1,-1
13,1,2,700,1,-1,-1,-1,-1
82,3,1,700,-1,1,-1,2,6
13,1,2,700,2,-1,-1,-1,-1
23,2,1,700,2,1,-1,2,7
12,1,1,700,1,-1,-1,-1,-1
26,2,1,700,-1,-1,-1,-1,-1
59,4,2,700,-1,-1,-1,-1,-1
15,1,1,700,1,1,-1,2,7
25,2,2,700,-1,1,-1,2,7
71,2,2,700,-1,1,-1,2,6
13,1,2,700,1,-1,-1,-1,-1
83,3,2,700,-1,1,-1,2,6
51,2,2,700,-1,1,-1,2,7
41,2,1,700,-1,-1,-1,-1,-1
82,1,2,700,-1,1,-1,2,7
60,2,1,700,-1,-1,-1,-1,-1
12,1,2,700,1,-1,-1,-1,-1
58,2,1,700,-1,1,-1,2,7
54,2,1,700,-1,-1,-1,-1,-1
11,1,1,700,1,-1,-1,-1,-1
22,2,2,700,2,2,-1,2,7
15,1,1,700,1,1,-1,2,8
32,2,2,700,-1,1,-1,2,7
21,2,2,700,2,2,-1,2,7
25,1,1,700,-1,2,-1,2,8
45,2,1,700,-1,-1,-1,-1,-1
38,2,1,700,-1,-1,-1,-1,-1
13,1,1,700,1,-1,-1,-1,-1
20,1,1,700,2,2,-1,2,6
23,1,1,700,2,2,-1,2,8
18,1,1,700,2,1,-1,2,1
66,4,1,700,-1,1,-1,2,7
70,3,2,700,-1,-1,-1,-1,-1
39,1,2,700,-1,-1,-1,-1,-1
37,2,2,700,-1,1,-1,2,7
78,2,1,700,-1,1,-1,2,6
62,1,2,700,-1,1,-1,2,6
50,2,2,700,-1,-1,-1,-1,-1
52,2,2,700,-1,-1,-1,-1,-1
61,2,1,700,-1,-1,-1,-1,-1
32,2,2,700,-1,-1,-1,-1,-1
12,1,1,700,1,-1,-1,-1,-1
28,2,1,700,-1,-1,-1,-1,-1
20,1,2,700,2,-1,-1,-1,-1
59,2,1,700,-1,1,-1,2,7
7,1,2,700,1,-1,-1,-1,-1
19,2,2,700,2,1,2,1,-1
75,2,1,700,-1,1,-1,2,6
20,1,1,700,1,2,-1,2,9
8,1,1,700,1,-1,-1,-1,-1
25,2,2,700,-1,2,-1,2,7
58,2,1,700,-1,-1,-1,-1,-1
10,1,1,700,1,-1,-1,-1,-1
59,3,2,700,-1,-1,-1,-1,-1
10,1,2,700,1,-1,-1,-1,-1
50,2,2,700,-1,1,-1,2,7
34,2,1,700,-1,-1,-1,-1,-1
17,1,2,700,1,1,-1,2,7
10,1,1,700,2,-1,-1,-1,-1
56,2,2,700,-1,-1,-1,-1,-1
13,1,1,700,2,-1,-1,-1,-1
11,1,1,700,1,-1,-1,-1,-1
13,1,2,700,1,-1,-1,-1,-1
5,1,1,700,1,-1,-1,-1,-1
17,1,2,700,1,2,-1,2,8
50,2,1,700,-1,-1,-1,-1,-1
21,1,1,700,2,-1,-1,-1,-1
30,2,2,700,-1,1,-1,2,7
68,2,2,700,-1,-1,-1,-1,-1
51,4,2,700,-1,-1,-1,-1,-1
8,1,2,700,1,-1,-1,-1,-1
33,2,1,700,-1,-1,-1,-1,-1
62,2,2,700,-1,1,-1,2,7
74,2,2,700,-1,1,-1,2,6
71,3,2,700,-1,-1,-1,-1,-1
12,1,2,700,2,-1,-1,-1,-1
37,2,2,700,-1,1,-1,2,7
33,2,2,700,-1,2,-1,2,7
25,1,2,700,-1,-1,-1,-1,-1
29,2,2,700,-1,1,-1,2,7
27,1,1,700,-1,-1,-1,-1,-1
46,2,2,700,-1,-1,-1,-1,-1
18,1,2,700,2,1,-1,2,5
51,2,1,700,-1,-1,-1,-1,-1
47,2,2,700,-1,2,-1,2,7
8,1,2,700,1,-1,-1,-1,-1
45,2,1,700,-1,-1,-1,-1,-1
10,1,2,700,1,-1,-1,-1,-1
20,1,1,700,2,2,-1,2,7
9,1,2,700,1,-1,-1,-1,-1
40,2,1,700,-1,-1,-1,-1,-1
26,2,1,700,-1,-1,-1,-1,-1
11,1,2,700,1,-1,-1,-1,-1
39,2,1,700,-1,-1,-1,-1,-1
53,2,1,700,-1,-1,-1,-1,-1
15,1,1,700,1,2,-1,2,8
19,1,2,700,1,2,-1,2,8
10,1,2,700,1,-1,-1,-1,-1
8,1,2,700,1,-1,-1,-1,-1
9,1,1,700,1,-1,-1,-1,-1
27,2,2,700,-1,1,-1,2,7
21,1,1,700,1,2,-1,2,8
5,1,1,700,2,-1,-1,-1,-1
11,1,1,700,1,-1,-1,-1,-1
13,1,2,700,1,-1,-1,-1,-1
7,1,2,700,1,-1,-1,-1,-1
17,1,2,700,1,2,-1,2,8
17,1,1,700,1,2,-1,2,8
14,1,1,700,1,-1,-1,-1,-1
57,2,2,700,-1,1,-1,2,3
49,2,1,700,-1,-1,-1,-1,-1
35,2,2,700,-1,1,-1,2,7
63,2,1,700,-1,-1,-1,-1,-1
20,1,1,700,2,-1,-1,-1,-1
38,2,1,700,-1,-1,-1,-1,-1
31,1,1,700,-1,1,2,1,-1
29,2,2,700,-1,1,-1,2,7
62,1,2,700,-1,1,-1,2,6
18,1,1,700,1,2,-1,2,8
43,2,2,700,-1,2,-1,2,7
13,1,2,700,1,-1,-1,-1,-1
25,2,2,700,-1,1,-1,2,7
77,2,2,700,-1,1,-1,2,6
78,3,2,700,-1,1,-1,2,6
47,2,1,700,-1,-1,-1,-1,-1
17,1,2,700,2,2,-1,2,7
11,1,2,700,1,-1,-1,-1,-1
11,1,1,700,1,-1,-1,-1,-1
74,2,1,700,-1,-1,-1,-1,-1
20,1,1,700,1,2,-1,2,8
27,2,1,700,-1,-1,-1,-1,-1
40,2,1,700,-1,-1,-1,-1,-1
65,1,2,700,-1,1,-1,2,6
44,2,1,700,-1,-1,-1,-1,-1
32,2,2,700,-1,-1,-1,-1,-1
44,2,2,700,-1,1,-1,2,7
23,2,2,700,2,1,-1,2,7
15,1,1,700,1,2,-1,2,8
8,1,2,700,2,-1,-1,-1,-1
45,2,1,700,-1,-1,-1,-1,-1
14,1,1,700,1,-1,-1,-1,-1
41,2,1,700,-1,-1,-1,-1,-1
5,1,1,700,1,-1,-1,-1,-1
30,2,2,700,-1,-1,-1,-1,-1
20,1,2,700,1,-1,-1,-1,-1
24,2,1,700,2,1,-1,2,7
16,1,1,700,1,2,-1,2,8
16,1,1,700,1,2,-1,2,8
9,1,1,700,1,-1,-1,-1,-1
9,1,2,700,1,-1,-1,-1,-1
9,1,2,700,1,-1,-1,-1,-1
11,1,1,700,1,-1,-1,-1,-1
5,1,2,700,2,-1,-1,-1,-1
8,1,2,700,1,-1,-1,-1,-1
7,1,2,700,1,-1,-1,-1,-1
27,1,1,700,-1,-1,-1,-1,-1
44,2,2,700,-1,1,-1,2,7
20,1,2,700,1,-1,-1,-1,-1
34,2,1,700,-1,-1,-1,-1,-1
16,1,1,700,1,2,-1,2,8
21,1,2,700,1,2,-1,2,8
21,1,1,700,2,-1,-1,-1,-1
47,2,1,700,-1,-1,-1,-1,-1
55,2,2,700,-1,1,-1,2,7
30,1,1,700,-1,-1,-1,-1,-1
7,1,1,700,1,-1,-1,-1,-1
21,4,1,700,2,2,-1,2,7
45,2,1,700,-1,1,-1,2,7
17,1,1,700,1,2,-1,2,8
28,2,2,700,-1,-1,-1,-1,-1
48,2,1,700,-1,-1,-1,-1,-1
61,2,1,700,-1,1,-1,2,6
12,1,1,700,1,-1,-1,-1,-1
8,1,1,700,1,-1,-1,-1,-1
29,1,2,700,-1,-1,-1,-1,-1
21,2,2,700,2,2,-1,2,7
57,2,2,700,-1,2,-1,2,7
10,1,1,700,1,-1,-1,-1,-1
15,1,1,700,1,2,-1,2,6
25,1,1,700,-1,-1,-1,-1,-1
35,2,1,700,-1,-1,-1,-1,-1
53,2,1,700,-1,-1,-1,-1,-1
19,1,1,700,1,2,-1,2,8
25,2,1,700,-1,1,2,1,-1
44,2,1,700,-1,-1,-1,-1,-1
8,1,2,700,1,-1,-1,-1,-1
61,2,2,700,-1,1,-1,2,7
13,1,2,700,1,-1,-1,-1,-1
30,2,2,700,-1,-1,-1,-1,-1
85,3,2,700,-1,1,-1,2,7
20,1,2,700,1,-1,-1,-1,-1
33,2,1,700,-1,-1,-1,-1,-1
19,1,1,700,2,2,-1,2,6
33,1,1,700,-1,-1,-1,-1,-1
32,2,2,700,-1,1,-1,2,7
33,2,1,700,-1,-1,-1,-1,-1
9,1,1,700,1,-1,-1,-1,-1
34,2,1,700,-1,-1,-1,-1,-1
65,3,2,700,-1,2,-1,2,6
20,2,2,700,2,1,-1,2,7
31,2,2,700,-1,1,-1,2,7
18,1,2,700,1,2,-1,2,8
49,2,1,700,-1,-1,-1,-1,-1
6,1,2,700,1,-1,-1,-1,-1
24,1,1,700,2,-1,-1,-1,-1
8,1,1,700,1,-1,-1,-1,-1
18,1,1,700,2,-1,-1,-1,-1
43,2,2,700,-1,-1,-1,-1,-1
43,2,2,700,-1,-1,-1,-1,-1
28,2,2,700,-1,1,-1,2,7
17,1,1,700,1,1,-1,2,8
75,2,1,700,-1,-1,-1,-1,-1
32,1,2,700,-1,-1,-1,-1,-1
81,2,1,700,-1,1,-1,2,6
40,2,2,700,-1,-1,-1,-1,-1
5,1,2,700,1,-1,-1,-1,-1
23,1,2,700,2,-1,-1,-1,-1
36,2,2,700,-1,-1,-1,-1,-1
12,1,1,700,1,-1,-1,-1,-1
24,2,1,700,2,-1,-1,-1,-1
38,2,2,700,-1,-1,-1,-1,-1
18,1,2,700,1,1,-1,2,5
51,1,1,700,-1,-1,-1,-1,-1
29,1,1,700,-1,1,2,1,-1
37,2,1,700,-1,-1,-1,-1,-1
14,1,2,700,1,-1,-1,-1,-1
53,2,1,700,-1,-1,-1,-1,-1
19,2,2,700,2,2,-1,2,7
23,1,1,700,2,-1,-1,-1,-1
13,1,2,700,1,-1,-1,-1,-1
7,1,2,700,1,-1,-1,-1,-1
9,1,1,700,1,-1,-1,-1,-1
25,1,1,700,-1,-1,-1,-1,-1
35,2,1,700,-1,-1,-1,-1,-1
11,1,1,700,1,-1,-1,-1,-1
24,2,2,700,2,-1,-1,-1,-1
79,4,2,700,-1,1,-1,2,6
21,1,2,700,1,2,-1,2,8
22,1,1,700,1,2,-1,2,8
34,1,1,700,-1,-1,-1,-1,-1
55,2,1,700,-1,-1,-1,-1,-1
51,2,2,700,-1,-1,-1,-1,-1
56,3,2,700,-1,-1,-1,-1,-1
24,2,1,700,2,-1,-1,-1,-1
29,2,2,700,-1,1,-1,2,7
8,1,1,700,1,-1,-1,-1,-1
33,2,1,700,-1,-1,-1,-1,-1
48,3,2,700,-1,-1,-1,-1,-1
59,3,2,700,-1,1,-1,2,7
14,1,2,700,1,-1,-1,-1,-1
29,1,2,700,-1,-1,-1,-1,-1
35,2,1,700,-1,-1,-1,-1,-1
26,1,1,700,-1,1,2,1,-1
15,1,2,700,1,2,-1,2,8
35,2,1,700,-1,-1,-1,-1,-1
65,2,2,700,-1,1,-1,2,6
49,2,2,700,-1,-1,-1,-1,-1
30,2,2,700,-1,1,-1,2,7
19,1,2,700,2,1,-1,2,7
34,2,2,700,-1,-1,-1,-1,-1
42,2,2,700,-1,1,-1,2,7
22,1,1,700,2,-1,-1,-1,-1
12,1,2,700,1,-1,-1,-1,-1
11,1,2,700,1,-1,-1,-1,-1
11,1,2,700,1,-1,-1,-1,-1
54,2,2,700,-1,-1,-1,-1,-1
19,1,1,700,2,2,-1,2,8
9,1,2,700,1,-1,-1,-1,-1
59,3,2,700,-1,-1,-1,-1,-1
11,1,1,700,1,-1,-1,-1,-1
14,1,2,700,1,-1,-1,-1,-1
35,2,2,700,-1,2,-1,2,7
14,1,2,700,1,-1,-1,-1,-1
54,2,1,700,-1,-1,-1,-1,-1
37,2,2,700,-1,-1,-1,-1,-1
28,2,1,700,-1,-1,-1,-1,-1
78,2,1,700,-1,1,-1,2,6
54,2,2,700,-1,-1,-1,-1,-1
76,3,2,700,-1,1,-1,2,6
37,2,2,700,-1,1,-1,2,7
41,2,1,700,-1,-1,-1,-1,-1
19,1,2,700,1,-1,-1,-1,-1
40,2,1,700,-1,-1,-1,-1,-1
46,1,1,700,-1,-1,-1,-1,-1
6,1,1,700,2,-1,-1,-1,-1
44,2,1,700,-1,-1,-1,-1,-1
74,3,2,700,-1,1,-1,2,6
5,1,2,700,1,-1,-1,-1,-1
19,1,1,700,2,-1,-1,-1,-1
19,1,2,700,2,-1,-1,-1,-1
26,2,1,700,-1,-1,-1,-1,-1
92,1,2,700,-1,1,-1,2,6
59,2,1,700,-1,-1,-1,-1,-1
5,1,1,700,1,-1,-1,-1,-1
14,1,1,700,1,-1,-1,-1,-1
51,2,1,700,-1,-1,-1,-1,-1
58,2,1,700,-1,1,-1,2,7
77,2,1,700,-1,1,-1,2,6
65,2,2,700,-1,2,-1,2,7
15,1,1,700,2,2,-1,2,6
8,1,1,700,2,-1,-1,-1,-1
40,2,2,700,-1,-1,-1,-1,-1
35,2,2,700,-1,2,-1,2,3
20,1,2,700,1,2,-1,2,8
39,2,1,700,-1,-1,-1,-1,-1
50,2,1,700,-1,-1,-1,-1,-1
14,1,1,700,1,-1,-1,-1,-1
75,3,2,700,-1,1,-1,2,7
43,2,2,700,-1,-1,-1,-1,-1
21,1,1,700,2,-1,-1,-1,-1
31,2,2,700,-1,-1,-1,-1,-1
29,1,1,700,-1,-1,-1,-1,-1
36,2,1,700,-1,-1,-1,-1,-1
16,1,2,700,2,2,-1,2,8
65,1,1,700,-1,1,-1,2,6
30,1,1,700,-1,-1,-1,-1,-1
53,3,2,700,-1,-1,-1,-1,-1
79,2,2,700,-1,-1,-1,-1,-1
40,2,1,700,-1,-1,-1,-1,-1
40,2,2,700,-1,-1,-1,-1,-1
21,1,1,700,2,-1,-1,-1,-1
12,1,1,700,1,-1,-1,-1,-1
8,1,2,700,1,-1,-1,-1,-1
50,2,1,700,-1,-1,-1,-1,-1
43,2,2,700,-1,-1,-1,-1,-1
17,1,2,700,1,1,-1,2,8
28,1,1,700,-1,-1,-1,-1,-1
31,2,2,700,-1,-1,-1,-1,-1
52,2,1,700,-1,-1,-1,-1,-1
25,2,1,700,-1,-1,-1,-1,-1
12,1,1,700,1,-1,-1,-1,-1
42,2,1,700,-1,-1,-1,-1,-1
25,1,1,700,-1,-1,-1,-1,-1
40,2,1,700,-1,-1,-1,-1,-1
27,2,2,700,-1,1,-1,2,7
20,1,2,700,1,-1,-1,-1,-1
5,1,1,700,2,-1,-1,-1,-1
15,1,1,700,2,2,-1,2,6
63,2,2,700,-1,-1,-1,-1,-1
22,1,1,700,2,-1,-1,-1,-1
63,2,2,700,-1,1,-1,2,7
71,3,1,700,-1,1,-1,2,6
7,1,2,700,1,-1,-1,-1,-1
18,1,1,700,2,-1,-1,-1,-1
24,2,1,700,2,-1,-1,-1,-1
49,2,2,700,-1,-1,-1,-1,-1
14,1,1,700,1,-1,-1,-1,-1
7,1,2,700,1,-1,-1,-1,-1
6,1,1,700,1,-1,-1,-1,-1
35,2,2,700,-1,1,-1,2,7
10,1,1,700,1,-1,-1,-1,-1
46,2,2,700,-1,-1,-1,-1,-1
62,1,1,700,-1,-1,-1,-1,-1
68,2,2,700,-1,-1,-1,-1,-1
16,1,1,700,1,-1,-1,-1,-1
33,2,2,700,-1,1,-1,2,7
18,1,1,700,1,2,-1,2,8
23,1,2,700,2,-1,-1,-1,-1
9,1,2,700,1,-1,-1,-1,-1
8,1,1,700,1,-1,-1,-1,-1
37,2,1,700,-1,-1,-1,-1,-1
5,1,1,700,1,-1,-1,-1,-1
82,3,2,700,-1,1,-1,2,6
36,2,1,700,-1,1,-1,2,4
13,1,1,700,1,-1,-1,-1,-1
21,2,1,700,2,-1,-1,-1,-1
16,1,2,700,1,2,-1,2,8
85,3,2,700,-1,1,-1,2,7
16,1,1,700,1,2,-1,2,8
43,2,1,700,-1,-1,-1,-1,-1
63,2,1,700,-1,-1,-1,-1,-1
57,2,2,700,-1,-1,-1,-1,-1
25,1,1,700,-1,-1,-1,-1,-1
19,1,2,700,1,2,-1,2,8
27,2,1,700,-1,-1,-1,-1,-1
27,2,2,700,-1,1,-1,2,7
17,1,1,700,2,-1,-1,-1,-1
36,2,1,700,-1,-1,-1,-1,-1
39,1,1,700,-1,-1,-1,-1,-1
40,2,2,700,-1,1,-1,2,7
19,1,1,700,2,1,-1,2,1
24,1,2,700,2,-1,-1,-1,-1
13,1,2,700,1,-1,-1,-1,-1
18,1,2,700,1,2,-1,2,8
25,1,2,700,-1,-1,-1,-1,-1
24,1,1,700,2,-1,-1,-1,-1
57,2,1,700,-1,1,-1,2,6
50,2,2,700,-1,1,-1,2,7
43,2,1,700,-1,-1,-1,-1,-1
64,2,2,700,-1,-1,-1,-1,-1
57,2,1,700,-1,1,-1,2,3
24,1,1,700,2,-1,-1,-1,-1
52,2,2,700,-1,-1,-1,-1,-1
29,2,1,700,-1,-1,-1,-1,-1
48,2,2,700,-1,-1,-1,-1,-1
37,2,2,700,-1,-1,-1,-1,-1
19,1,1,700,1,2,-1,2,8
18,1,1,700,1,2,-1,2,8
24,2,2,700,2,2,-1,2,7
9,1,1,700,1,-1,-1,-1,-1
7,1,1,700,1,-1,-1,-1,-1
15,1,1,700,1,2,-1,2,8
73,2,1,700,-1,1,-1,2,6
9,1,1,700,1,-1,-1,-1,-1
11,1,1,700,1,-1,-1,-1,-1
20,1,1,700,2,-1,-1,-1,-1
21,1,1,700,2,-1,-1,-1,-1
19,1,1,700,2,-1,-1,-1,-1
14,1,2,700,1,-1,-1,-1,-1
41,2,2,700,-1,2,-1,2,7
41,2,1,700,-1,-1,-1,-1,-1
59,2,1,700,-1,-1,-1,-1,-1
13,1,1,700,1,-1,-1,-1,-1
51,2,2,700,-1,-1,-1,-1,-1
24,2,1,700,2,-1,-1,-1,-1
15,1,2,700,1,2,-1,2,8
29,1,1,700,-1,-1,-1,-1,-1
9,1,2,700,1,-1,-1,-1,-1
6,1,1,700,1,-1,-1,-1,-1
34,2,1,700,-1,-1,-1,-1,-1
17,1,1,700,2,-1,-1,-1,-1
16,1,1,700,2,-1,-1,-1,-1
9,1,2,700,1,-1,-1,-1,-1
59,2,2,700,-1,1,-1,2,7
8,1,2,700,1,-1,-1,-1,-1
21,1,1,700,1,-1,-1,-1,-1
6,1,1,700,1,-1,-1,-1,-1
14,1,2,700,1,-1,-1,-1,-1
14,1,2,700,1,-1,-1,-1,-1
47,2,1,700,-1,-1,-1,-1,-1
15,1,1,700,1,-1,-1,-1,-1
10,1,2,700,1,-1,-1,-1,-1
15,1,2,700,1,2,-1,2,7
18,1,2,700,2,-1,-1,-1,-1
33,2,1,700,-1,-1,-1,-1,-1
12,1,2,700,1,-1,-1,-1,-1
20,1,1,700,2,-1,-1,-1,-1
13,1,2,700,1,-1,-1,-1,-1
20,1,2,700,1,2,-1,2,7
44,2,2,700,-1,-1,-1,-1,-1
34,2,1,700,-1,-1,-1,-1,-1
24,1,1,700,2,-1,-1,-1,-1
8,1,2,700,1,-1,-1,-1,-1
68,2,2,700,-1,1,-1,2,6
7,1,1,700,1,-1,-1,-1,-1
14,1,2,700,1,-1,-1,-1,-1
50,2,1,700,-1,-1,-1,-1,-1
29,2,2,700,-1,1,-1,2,7
7,1,1,700,1,-1,-1,-1,-1
33,1,1,700,-1,-1,-1,-1,-1
43,2,2,700,-1,2,-1,2,7
60,2,2,700,-1,1,-1,2,7
53,2,2,700,-1,1,-1,2,7
23,1,2,700,2,-1,-1,-1,-1
7,1,2,700,1,-1,-1,-1,-1
18,1,1,700,2,-1,-1,-1,-1
10,1,2,700,1,-1,-1,-1,-1
17,1,2,700,1,2,-1,2,8
14,1,1,700,1,-1,-1,-1,-1
45,2,2,700,-1,-1,-1,-1,-1
45,2,2,700,-1,-1,-1,-1,-1
23,1,2,700,2,-1,-1,-1,-1
9,1,2,700,1,-1,-1,-1,-1
16,1,1,700,2,-1,-1,-1,-1
19,1,1,700,2,1,2,1,-1
54,1,1,700,-1,-1,-1,-1,-1
42,2,1,700,-1,-1,-1,-1,-1
53,2,2,700,-1,-1,-1,-1,-1
56,4,2,700,-1,1,-1,2,7
11,1,2,700,1,-1,-1,-1,-1
29,2,2,700,-1,1,-1,2,7
23,2,2,700,2,1,-1,2,7
61,2,2,700,-1,1,-1,2,6
11,1,2,700,1,-1,-1,-1,-1
13,1,2,700,1,-1,-1,-1,-1
20,2,2,700,2,-1,-1,-1,-1
23,2,2,700,2,-1,-1,-1,-1
79,3,1,700,-1,2,-1,2,6
20,2,2,700,2,1,-1,2,7
38,2,1,700,-1,-1,-1,-1,-1
5,1,2,700,2,-1,-1,-1,-1
20,1,2,700,1,2,-1,2,8
20,1,2,700,2,1,-1,2,7
8,1,1,700,1,-1,-1,-1,-1
9,1,2,700,1,-1,-1,-1,-1
64,2,2,700,-1,-1,-1,-1,-1
36,2,2,700,-1,-1,-1,-1,-1
57,2,1,700,-1,-1,-1,-1,-1
7,1,1,700,1,-1,-1,-1,-1
80,2,2,700,-1,1,-1,2,6
9,1,2,700,1,-1,-1,-1,-1
8,1,2,700,1,-1,-1,-1,-1
51,2,1,700,-1,-1,-1,-1,-1
68,2,1,700,-1,-1,-1,-1,-1
32,2,2,700,-1,1,-1,2,7
9,1,1,700,2,-1,-1,-1,-1
43,2,1,700,-1,-1,-1,-1,-1
14,1,2,700,1,-1,-1,-1,-1
51,2,1,700,-1,-1,-1,-1,-1
8,1,1,700,1,-1,-1,-1,-1
8,1,2,700,1,-1,-1,-1,-1
26,1,2,700,-1,-1,-1,-1,-1
36,2,2,700,-1,-1,-1,-1,-1
20,1,1,700,2,-1,-1,-1,-1
29,2,1,700,-1,-1,-1,-1,-1
14,1,1,700,1,-1,-1,-1,-1
8,1,1,700,1,-1,-1,-1,-1
34,2,2,700,-1,1,-1,2,7
26,1,2,700,-1,-1,-1,-1,-1
9,1,2,700,2,-1,-1,-1,-1
24,2,2,700,2,1,-1,2,7
53,2,1,700,-1,-1,-1,-1,-1
19,1,1,700,1,2,-1,2,8
10,1,1,700,1,-1,-1,-1,-1
12,1,2,700,1,-1,-1,-1,-1
20,1,1,700,2,2,2,1,-1
40,2,1,700,-1,-1,-1,-1,-1
19,1,2,700,2,2,-1,2,8
10,1,2,700,1,-1,-1,-1,-1
55,2,2,700,-1,1,-1,2,7
12,1,1,700,1,-1,-1,-1,-1
28,1,2,700,-1,-1,-1,-1,-1
9,1,1,700,1,-1,-1,-1,-1
45,2,1,700,-1,-1,-1,-1,-1
18,2,2,700,2,2,-1,2,7
73,3,2,700,-1,1,-1,2,6
33,2,1,700,-1,-1,-1,-1,-1
27,1,1,700,-1,-1,-1,-1,-1
24,1,2,700,2,-1,-1,-1,-1
10,1,1,700,1,-1,-1,-1,-1
11,1,1,700,1,-1,-1,-1,-1
61,2,2,700,-1,-1,-1,-1,-1
58,2,2,700,-1,-1,-1,-1,-1
47,2,1,700,-1,-1,-1,-1,-1
33,2,1,700,-1,-1,-1,-1,-1
7,1,2,700,1,-1,-1,-1,-1
55,2,2,700,-1,-1,-1,-1,-1
35,2,2,700,-1,-1,-1,-1,-1
32,2,2,700,-1,1,-1,2,7
13,1,1,700,1,-1,-1,-1,-1
49,2,2,700,-1,-1,-1,-1,-1
16,1,1,700,1,2,-1,2,8
17,1,2,700,1,2,-1,2,8
8,1,2,700,1,-1,-1,-1,-1
31,2,1,700,-1,-1,-1,-1,-1
36,2,2,700,-1,1,-1,2,7
37,2,2,700,-1,-1,-1,-1,-1
8,1,1,700,1,-1,-1,-1,-1
23,2,1,700,2,-1,-1,-1,-1
78,2,1,700,-1,1,-1,2,6
46,2,2,700,-1,1,-1,2,7
35,1,1,700,-1,-1,-1,-1,-1
46,2,2,700,-1,1,-1,2,7
35,2,2,700,-1,-1,-1,-1,-1
13,1,1,700,1,-1,-1,-1,-1
69,2,1,700,-1,1,-1,2,6
45,2,2,700,-1,-1,-1,-1,-1
7,1,1,700,1,-1,-1,-1,-1
60,2,1,700,-1,-1,-1,-1,-1
19,1,2,700,2,2,-1,2,7
9,1,1,700,1,-1,-1,-1,-1
19,2,2,700,2,-1,-1,-1,-1
13,1,2,700,1,-1,-1,-1,-1
34,2,1,700,-1,-1,-1,-1,-1
60,2,1,700,-1,1,-1,2,6
33,2,2,700,-1,-1,-1,-1,-1
24,1,1,700,2,1,-1,2,2
30,1,1,700,-1,1,-1,2,8
7,1,2,700,1,-1,-1,-1,-1
16,1,1,700,2,2,-1,2,8
15,1,1,700,1,2,-1,2,8
41,2,1,700,-1,-1,-1,-1,-1
13,1,2,700,1,-1,-1,-1,-1
9,1,1,700,1,-1,-1,-1,-1
15,1,1,700,1,2,-1,2,8
24,1,1,700,2,-1,-1,-1,-1
20,2,2,700,2,2,-1,2,6
17,1,2,700,1,2,-1,2,8
35,1,2,700,-1,2,-1,2,1
43,2,2,700,-1,-1,-1,-1,-1
26,2,2,700,-1,2,-1,2,7
12,1,1,700,1,-1,-1,-1,-1
54,2,1,700,-1,-1,-1,-1,-1
31,1,1,700,-1,-1,-1,-1,-1
42,2,2,700,-1,-1,-1,-1,-1
9,1,1,700,1,-1,-1,-1,-1
25,2,2,700,-1,2,-1,2,7
5,1,2,700,2,-1,-1,-1,-1
25,1,1,700,-1,1,-1,2,8
30,2,2,700,-1,-1,-1,-1,-1
20,1,2,700,2,-1,-1,-1,-1
12,1,1,700,1,-1,-1,-1,-1
35,2,2,700,-1,1,-1,2,7
42,2,2,700,-1,-1,-1,-1,-1
54,1,2,700,-1,2,-1,2,3
65,3,2,700,-1,-1,-1,-1,-1
10,1,1,700,1,-1,-1,-1,-1
13,1,1,700,1,-1,-1,-1,-1
35,2,1,700,-1,1,-1,2,7
46,2,1,700,-1,-1,-1,-1,-1
21,1,1,700,2,-1,-1,-1,-1
22,2,1,700,2,-1,-1,-1,-1
77,2,2,700,-1,-1,-1,-1,-1
25,1,1,700,-1,-1,-1,-1,-1
61,2,2,700,-1,-1,-1,-1,-1
38,2,2,700,-1,-1,-1,-1,-1
26,2,2,700,-1,-1,-1,-1,-1
15,1,1,700,2,2,-1,2,7
8,1,1,700,1,-1,-1,-1,-1
49,2,2,700,-1,-1,-1,-1,-1
21,1,2,700,2,2,-1,2,7
66,2,2,700,-1,1,-1,2,6
20,1,2,700,2,-1,-1,-1,-1
64,3,2,700,-1,2,-1,2,7
10,1,1,700,1,-1,-1,-1,-1
66,3,1,700,-1,1,-1,2,6
18,1,1,700,2,1,2,1,-1
35,2,2,700,-1,1,-1,2,7
7,1,1,700,1,-1,-1,-1,-1
27,2,2,700,-1,2,-1,2,7
7,1,1,700,1,-1,-1,-1,-1
67,2,2,700,-1,1,-1,2,6
40,2,1,700,-1,-1,-1,-1,-1
53,2,2,700,-1,-1,-1,-1,-1
25,2,1,700,-1,-1,-1,-1,-1
10,1,2,700,1,-1,-1,-1,-1
41,2,2,700,-1,1,-1,2,7
59,2,1,700,-1,-1,-1,-1,-1
29,2,1,700,-1,-1,-1,-1,-1
72,3,2,700,-1,1,-1,2,6
22,2,1,700,2,-1,-1,-1,-1
16,1,1,700,1,-1,-1,-1,-1
44,2,1,700,-1,-1,-1,-1,-1
7,1,2,700,1,-1,-1,-1,-1
44,2,1,700,-1,-1,-1,-1,-1
45,3,2,700,-1,-1,-1,-1,-1
14,1,2,700,1,-1,-1,-1,-1
26,1,1,700,-1,-1,-1,-1,-1
13,1,1,700,1,-1,-1,-1,-1
8,1,1,700,1,-1,-1,-1,-1
46,2,1,700,-1,-1,-1,-1,-1
19,1,2,700,1,-1,-1,-1,-1
20,1,2,700,2,1,-1,2,7
26,1,1,700,-1,-1,-1,-1,-1
44,1,1,700,-1,-1,-1,-1,-1
22,1,1,700,2,1,-1,2,5
51,2,2,700,-1,1,-1,2,7
9,1,2,700,1,-1,-1,-1,-1
15,1,1,700,1,2,-1,2,6
18,1,2,700,1,2,-1,2,8
19,1,1,700,1,-1,-1,-1,-1
28,2,2,700,-1,1,-1,2,7
43,2,2,700,-1,1,-1,2,7
19,1,1,700,2,2,-1,2,7
69,3,2,700,-1,-1,-1,-1,-1
9,1,1,700,1,-1,-1,-1,-1
24,1,1,700,2,1,-1,2,9
36,1,1,700,-1,1,-1,2,3
34,2,2,700,-1,-1,-1,-1,-1
24,1,1,700,2,-1,-1,-1,-1
13,1,1,700,2,-1,-1,-1,-1
41,2,2,700,-1,1,-1,2,7
33,2,2,700,-1,2,-1,2,7
47,4,1,700,-1,-1,-1,-1,-1
27,2,2,700,-1,1,-1,2,7
51,1,2,700,-1,-1,-1,-1,-1
13,1,2,700,1,-1,-1,-1,-1
13,1,1,700,1,-1,-1,-1,-1
86,3,2,700,-1,1,-1,2,6
23,1,1,700,2,-1,-1,-1,-1
30,2,1,700,-1,-1,-1,-1,-1
32,1,1,700,-1,-1,-1,-1,-1
45,2,1,700,-1,-1,-1,-1,-1
58,2,1,700,-1,1,-1,2,7
16,1,1,700,2,-1,-1,-1,-1
5,1,1,700,1,-1,-1,-1,-1
23,1,1,700,2,2,-1,2,5
15,1,2,700,1,1,-1,2,8
51,2,1,700,-1,-1,-1,-1,-1
18,2,2,700,2,-1,-1,-1,-1
20,1,2,700,2,2,-1,2,9
9,1,1,700,1,-1,-1,-1,-1
16,1,2,700,1,-1,-1,-1,-1
53,2,1,700,-1,1,-1,2,7
45,3,2,700,-1,-1,-1,-1,-1
31,2,2,700,-1,1,-1,2,7
29,1,1,700,-1,-1,-1,-1,-1
24,1,1,700,2,1,2,1,-1
22,2,2,700,2,-1,-1,-1,-1
37,2,1,700,-1,-1,-1,-1,-1
15,1,2,700,1,2,-1,2,8
5,1,2,700,1,-1,-1,-1,-1
35,2,2,700,-1,-1,-1,-1,-1
44,2,2,700,-1,-1,-1,-1,-1
68,4,1,700,-1,1,-1,2,7
24,1,2,700,1,2,-1,2,8
24,1,2,700,2,-1,-1,-1,-1
29,1,2,700,-1,-1,-1,-1,-1
13,1,1,700,1,-1,-1,-1,-1
41,2,2,700,-1,1,-1,2,7
13,1,1,700,1,-1,-1,-1,-1
6,1,2,700,1,-1,-1,-1,-1
15,1,2,700,1,2,-1,2,8
35,2,2,700,-1,-1,-1,-1,-1
41,2,2,700,-1,1,-1,2,7
62,2,2,700,-1,1,-1,2,7
19,1,2,700,2,-1,-1,-1,-1
22,1,1,700,2,-1,-1,-1,-1
8,1,2,700,1,-1,-1,-1,-1
46,2,1,700,-1,-1,-1,-1,-1
33,1,1,700,-1,-1,-1,-1,-1
36,1,1,700,-1,1,-1,2,1
13,1,1,700,1,-1,-1,-1,-1
31,2,2,700,-1,-1,-1,-1,-1
31,1,1,700,-1,-1,-1,-1,-1
30,2,2,700,-1,1,-1,2,7
5,1,2,700,1,-1,-1,-1,-1
17,2,1,700,1,-1,-1,-1,-1
39,2,2,700,-1,2,-1,2,7
42,2,2,700,-1,1,-1,2,7
35,2,2,700,-1,-1,-1,-1,-1
58,2,1,700,-1,1,-1,2,6
42,2,2,700,-1,-1,-1,-1,-1
20,1,1,700,2,-1,-1,-1,-1
32,2,1,700,-1,1,-1,2,5
50,2,2,700,-1,-1,-1,-1,-1
24,2,1,700,2,-1,-1,-1,-1
46,2,2,700,-1,1,-1,2,7
43,2,2,700,-1,1,-1,2,7
5,1,1,700,1,-1,-1,-1,-1
17,1,1,700,2,1,-1,2,9
62,2,1,700,-1,-1,-1,-1,-1
15,1,1,700,1,2,-1,2,8
55,2,1,700,-1,-1,-1,-1,-1
28,2,2,700,-1,-1,-1,-1,-1
17,1,2,700,1,2,-1,2,7
52,2,2,700,-1,-1,-1,-1,-1
17,1,2,700,1,2,-1,2,8
22,1,2,700,2,-1,-1,-1,-1
19,1,1,700,2,2,-1,2,7
30,2,1,700,-1,-1,-1,-1,-1
67,2,1,700,-1,-1,-1,-1,-1
39,2,2,700,-1,2,-1,2,7
18,1,2,700,1,2,-1,2,8
13,1,2,700,1,-1,-1,-1,-1
40,2,2,700,-1,-1,-1,-1,-1
15,1,2,700,1,2,-1,2,8
5,1,2,700,1,-1,-1,-1,-1
44,2,2,700,-1,-1,-1,-1,-1
20,1,1,700,1,-1,-1,-1,-1
24,2,1,700,1,2,-1,2,8
49,2,1,700,-1,-1,-1,-1,-1
29,2,1,700,-1,-1,-1,-1,-1
18,1,2,700,1,1,-1,2,8
14,1,2,700,1,-1,-1,-1,-1
21,2,2,700,2,2,-1,2,7
5,1,2,700,1,-1,-1,-1,-1
5,1,1,700,1,-1,-1,-1,-1
42,2,1,700,-1,-1,-1,-1,-1
17,1,2,700,1,2,-1,2,8
40,2,2,700,-1,-1,-1,-1,-1
36,2,1,700,-1,-1,-1,-1,-1
30,1,1,700,-1,1,-1,2,1
56,2,2,700,-1,-1,-1,-1,-1
35,2,1,700,-1,-1,-1,-1,-1
53,2,2,700,-1,1,-1,2,7
49,2,2,700,-1,-1,-1,-1,-1
8,1,1,700,1,-1,-1,-1,-1
15,1,1,700,1,2,-1,2,8
36,2,2,700,-1,-1,-1,-1,-1
46,2,2,700,-1,1,-1,2,7
6,1,2,700,1,-1,-1,-1,-1
9,1,1,700,1,-1,-1,-1,-1
24,2,2,700,2,1,-1,2,7
41,2,1,700,-1,-1,-1,-1,-1
27,1,2,700,-1,-1,-1,-1,-1
43,2,1,700,-1,-1,-1,-1,-1
49,2,1,700,-1,-1,-1,-1,-1
49,2,1,700,-1,-1,-1,-1,-1
8,1,2,700,1,-1,-1,-1,-1
42,2,2,700,-1,-1,-1,-1,-1
10,1,2,700,1,-1,-1,-1,-1
35,1,1,700,-1,-1,-1,-1,-1
21,2,1,700,2,-1,-1,-1,-1
25,2,2,700,-1,1,-1,2,7
56,3,2,700,-1,-1,-1,-1,-1
29,2,2,700,-1,1,-1,2,7
57,2,1,700,-1,-1,-1,-1,-1
23,1,1,700,2,-1,-1,-1,-1
81,3,2,700,-1,2,-1,2,7
38,2,1,700,-1,-1,-1,-1,-1
17,1,1,700,1,2,-1,2,8
9,1,2,700,1,-1,-1,-1,-1
64,2,1,700,-1,1,-1,2,6
67,2,1,700,-1,1,-1,2,6
33,2,1,700,-1,1,-1,2,7
17,1,1,700,2,1,-1,2,9
29,2,2,700,-1,-1,-1,-1,-1
53,2,2,700,-1,-1,-1,-1,-1
8,1,2,700,1,-1,-1,-1,-1
15,1,1,700,1,2,-1,2,8
5,1,1,700,1,-1,-1,-1,-1
40,2,2,700,-1,-1,-1,-1,-1
48,2,2,700,-1,-1,-1,-1,-1
56,1,1,700,-1,-1,-1,-1,-1
62,2,1,700,-1,1,-1,2,6
27,2,2,700,-1,1,-1,2,7
37,2,1,700,-1,-1,-1,-1,-1
13,1,2,700,1,-1,-1,-1,-1
38,1,1,700,-1,-1,-1,-1,-1
9,1,2,700,1,-1,-1,-1,-1
14,1,1,700,2,-1,-1,-1,-1
47,2,2,700,-1,1,-1,2,7
7,1,1,700,1,-1,-1,-1,-1
23,2,2,700,2,-1,-1,-1,-1
13,1,2,700,1,-1,-1,-1,-1
50,2,2,700,-1,1,-1,2,7
28,2,2,700,-1,1,-1,2,7
8,1,1,700,1,-1,-1,-1,-1
7,1,1,700,1,-1,-1,-1,-1
56,1,1,700,-1,-1,-1,-1,-1
22,2,2,700,2,-1,-1,-1,-1
29,2,2,700,-1,-1,-1,-1,-1
53,2,1,700,-1,1,-1,2,1
69,3,2,700,-1,1,-1,2,6
18,1,1,700,2,2,-1,2,6
6,1,2,700,1,-1,-1,-1,-1
27,1,1,700,-1,1,-1,2,5
40,2,2,700,-1,-1,-1,-1,-1
33,2,2,700,-1,1,-1,2,7
49,2,2,700,-1,-1,-1,-1,-1
11,1,2,700,1,-1,-1,-1,-1
52,2,2,700,-1,-1,-1,-1,-1
5,1,2,700,2,-1,-1,-1,-1
42,2,2,700,-1,-1,-1,-1,-1
5,1,1,700,1,-1,-1,-1,-1
39,2,2,700,-1,1,-1,2,7
27,1,1,700,-1,-1,-1,-1,-1
5,1,2,700,2,-1,-1,-1,-1
12,1,2,700,1,-1,-1,-1,-1
16,1,1,700,2,2,-1,2,6
59,2,1,700,-1,-1,-1,-1,-1
20,1,1,700,2,-1,-1,-1,-1
13,1,2,700,1,-1,-1,-1,-1
15,1,2,700,1,2,-1,2,8
43,2,1,700,-1,-1,-1,-1,-1
5,1,1,700,1,-1,-1,-1,-1
47,3,2,700,-1,-1,-1,-1,-1
7,1,1,700,1,-1,-1,-1,-1
45,2,1,700,-1,-1,-1,-1,-1
31,2,2,700,-1,1,-1,2,7
11,1,2,700,1,-1,-1,-1,-1
37,2,2,700,-1,2,-1,2,7
54,1,1,700,-1,-1,-1,-1,-1
39,2,2,700,-1,-1,-1,-1,-1
44,2,1,700,-1,-1,-1,-1,-1
25,2,2,700,-1,-1,-1,-1,-1
17,1,1,700,1,2,-1,2,8
26,1,1,700,-1,2,-1,2,1
7,1,1,700,1,-1,-1,-1,-1
69,3,2,700,-1,-1,-1,-1,-1
20,1,2,700,2,-1,-1,-1,-1
25,2,1,700,-1,-1,-1,-1,-1
27,2,2,700,-1,1,-1,2,7
63,2,1,700,-1,-1,-1,-1,-1
9,1,2,700,1,-1,-1,-1,-1
28,2,1,700,-1,-1,-1,-1,-1
9,1,2,700,1,-1,-1,-1,-1
30,1,1,700,-1,-1,-1,-1,-1
25,4,2,700,-1,1,-1,2,7
20,2,1,700,2,-1,-1,-1,-1
29,2,2,700,-1,-1,-1,-1,-1
45,3,1,700,-1,-1,-1,-1,-1
56,4,1,700,-1,-1,-1,-1,-1
40,1,2,700,-1,-1,-1,-1,-1
48,1,2,700,-1,2,-1,2,7
35,2,1,700,-1,-1,-1,-1,-1
45,1,1,700,-1,-1,-1,-1,-1
56,2,2,700,-1,-1,-1,-1,-1
59,2,1,700,-1,-1,-1,-1,-1
56,2,2,700,-1,1,-1,2,7
68,3,2,700,-1,1,-1,2,6
22,2,2,700,2,1,-1,2,7
11,1,1,700,1,-1,-1,-1,-1
39,1,2,700,-1,-1,-1,-1,-1
24,1,1,700,2,1,-1,2,5
63,2,1,700,-1,1,-1,2,6
30,2,1,700,-1,-1,-1,-1,-1
10,1,2,700,1,-1,-1,-1,-1
5,1,2,700,1,-1,-1,-1,-1
23,1,1,700,2,1,-1,2,7
11,1,1,700,1,-1,-1,-1,-1
18,1,1,700,2,-1,-1,-1,-1
20,1,1,700,2,-1,-1,-1,-1
11,1,1,700,1,-1,-1,-1,-1
22,2,2,700,2,-1,-1,-1,-1
20,1,1,700,1,1,-1,2,8
37,2,1,700,-1,-1,-1,-1,-1
45,2,2,700,-1,1,-1,2,7
55,2,2,700,-1,-1,-1,-1,-1
14,1,2,700,1,-1,-1,-1,-1
29,2,2,700,-1,1,-1,2,7
31,1,1,700,-1,-1,-1,-1,-1
88,3,2,700,-1,1,-1,2,6
39,2,1,700,-1,-1,-1,-1,-1
42,1,2,700,-1,-1,-1,-1,-1
37,1,1,700,-1,-1,-1,-1,-1
26,2,1,700,-1,-1,-1,-1,-1
34,2,1,700,-1,-1,-1,-1,-1
7,1,2,700,1,-1,-1,-1,-1
15,1,2,700,1,2,-1,2,8
48,2,2,700,-1,-1,-1,-1,-1
50,1,1,700,-1,1,-1,2,7
46,2,2,700,-1,2,-1,2,7
16,1,1,700,1,2,-1,2,8
60,2,1,700,-1,1,-1,2,9
41,2,2,700,-1,-1,-1,-1,-1
60,2,2,700,-1,2,-1,2,7
25,1,1,700,-1,-1,-1,-1,-1
18,1,1,700,1,2,-1,2,8
29,2,1,700,-1,-1,-1,-1,-1
25,1,2,700,-1,2,-1,2,8
13,1,1,700,1,-1,-1,-1,-1
6,1,2,700,1,-1,-1,-1,-1
41,2,2,700,-1,-1,-1,-1,-1
30,2,2,700,-1,1,-1,2,7
68,3,2,700,-1,-1,-1,-1,-1
8,1,2,700,1,-1,-1,-1,-1
32,2,1,700,-1,-1,-1,-1,-1
18,2,2,700,2,-1,-1,-1,-1
53,3,1,700,-1,-1,-1,-1,-1
38,1,1,700,-1,-1,-1,-1,-1
5,1,1,700,2,-1,-1,-1,-1
36,2,1,700,-1,-1,-1,-1,-1
33,2,1,700,-1,-1,-1,-1,-1
47,2,1,700,-1,-1,-1,-1,-1
38,2,2,700,-1,-1,-1,-1,-1
11,1,2,700,1,-1,-1,-1,-1
55,2,2,700,-1,1,-1,2,7
12,1,2,700,1,-1,-1,-1,-1
35,2,2,700,-1,-1,-1,-1,-1
48,3,2,700,-1,-1,-1,-1,-1
7,1,1,700,1,-1,-1,-1,-1
12,1,1,700,1,-1,-1,-1,-1
40,2,2,700,-1,1,-1,2,7
29,2,1,700,-1,-1,-1,-1,-1
39,2,2,700,-1,-1,-1,-1,-1
54,3,1,700,-1,-1,-1,-1,-1
14,1,1,700,1,-1,-1,-1,-1
27,2,2,700,-1,1,-1,2,7
12,1,2,700,1,-1,-1,-1,-1
23,1,2,700,2,-1,-1,-1,-1
33,2,2,700,-1,-1,-1,-1,-1
8,1,2,700,1,-1,-1,-1,-1
8,1,2,700,1,-1,-1,-1,-1
26,2,2,700,-1,2,-1,2,7
25,1,1,700,-1,-1,-1,-1,-1
18,1,2,700,2,-1,-1,-1,-1
17,1,1,700,1,1,-1,2,8
18,1,2,700,2,-1,-1,-1,-1
71,2,2,700,-1,1,-1,2,6
12,1,2,700,1,-1,-1,-1,-1
26,1,1,700,-1,-1,-1,-1,-1
23,1,2,700,2,1,2,1,-1
7,1,2,700,1,-1,-1,-1,-1
21,1,1,700,2,-1,-1,-1,-1
24,1,1,700,2,2,-1,2,2
16,1,2,700,1,2,-1,2,8
18,1,2,700,1,2,-1,2,8
28,2,1,700,-1,-1,-1,-1,-1
10,1,1,700,1,-1,-1,-1,-1
29,2,2,700,-1,-1,-1,-1,-1
37,2,2,700,-1,-1,-1,-1,-1
65,2,2,700,-1,-1,-1,-1,-1
5,1,2,700,1,-1,-1,-1,-1
23,2,2,700,2,1,-1,2,7
62,2,1,700,-1,1,-1,2,6
29,2,2,700,-1,1,-1,2,7
42,2,1,700,-1,-1,-1,-1,-1
9,1,2,700,1,-1,-1,-1,-1
55,2,1,700,-1,-1,-1,-1,-1
52,2,2,700,-1,1,-1,2,7
54,3,2,700,-1,-1,-1,-1,-1
21,1,1,700,2,1,-1,2,2
39,2,2,700,-1,-1,-1,-1,-1
48,2,1,700,-1,-1,-1,-1,-1
54,2,2,700,-1,-1,-1,-1,-1
41,2,2,700,-1,1,-1,2,7
41,2,2,700,-1,1,-1,2,7
25,2,1,700,-1,-1,-1,-1,-1
33,4,2,700,-1,-1,-1,-1,-1
51,1,1,700,-1,2,-1,2,7
17,1,2,700,1,2,-1,2,8
30,1,2,700,-1,1,-1,2,5
56,2,2,700,-1,-1,-1,-1,-1
27,2,1,700,-1,-1,-1,-1,-1
26,2,1,700,-1,-1,-1,-1,-1
53,2,2,700,-1,-1,-1,-1,-1
13,1,1,700,1,-1,-1,-1,-1
9,1,1,700,1,-1,-1,-1,-1
13,1,2,700,1,-1,-1,-1,-1
66,2,2,700,-1,-1,-1,-1,-1
22,2,2,700,2,1,-1,2,7
9,1,1,700,1,-1,-1,-1,-1
28,2,2,700,-1,1,-1,2,7
25,2,2,700,-1,-1,-1,-1,-1
6,1,1,700,1,-1,-1,-1,-1
9,1,2,700,1,-1,-1,-1,-1
60,2,1,700,-1,-1,-1,-1,-1
17,1,2,700,1,2,-1,2,8
7,1,2,700,1,-1,-1,-1,-1
44,2,2,700,-1,-1,-1,-1,-1
23,1,2,700,2,1,2,1,-1
45,2,1,700,-1,-1,-1,-1,-1
41,2,2,700,-1,1,-1,2,7
20,2,1,700,1,1,-1,2,8
49,1,1,700,-1,-1,-1,-1,-1
20,1,1,700,2,-1,-1,-1,-1
36,2,2,700,-1,-1,-1,-1,-1
24,1,1,700,2,-1,-1,-1,-1
7,1,2,700,1,-1,-1,-1,-1
14,1,2,700,1,-1,-1,-1,-1
15,1,1,700,1,2,-1,2,8
6,1,2,700,1,-1,-1,-1,-1
14,1,2,700,1,-1,-1,-1,-1
27,2,2,700,-1,2,-1,2,7
18,1,1,700,1,-1,-1,-1,-1
61,2,1,700,-1,-1,-1,-1,-1
62,2,1,700,-1,-1,-1,-1,-1
8,1,1,700,1,-1,-1,-1,-1
36,2,2,700,-1,1,-1,2,7
19,1,1,700,2,2,-1,2,8
7,1,2,700,1,-1,-1,-1,-1
12,1,2,700,1,-1,-1,-1,-1
45,2,2,700,-1,1,-1,2,7
18,1,2,700,1,2,-1,2,8
24,2,1,700,2,-1,-1,-1,-1
30,1,1,700,-1,-1,-1,-1,-1
45,2,1,700,-1,-1,-1,-1,-1
24,2,1,700,2,-1,-1,-1,-1
7,1,1,700,1,-1,-1,-1,-1
44,2,1,700,-1,-1,-1,-1,-1
22,1,2,700,2,-1,-1,-1,-1
43,3,2,700,-1,-1,-1,-1,-1
10,1,1,700,1,-1,-1,-1,-1
27,2,1,700,-1,-1,-1,-1,-1
12,1,1,700,1,-1,-1,-1,-1
36,2,2,700,-1,1,-1,2,7
28,1,2,700,-1,-1,-1,-1,-1
55,2,1,700,-1,-1,-1,-1,-1
24,1,1,700,2,1,2,1,-1
54,2,1,700,-1,-1,-1,-1,-1
36,2,2,700,-1,-1,-1,-1,-1
32,2,2,700,-1,-1,-1,-1,-1
55,3,2,700,-1,-1,-1,-1,-1
33,1,2,700,-1,-1,-1,-1,-1
10,1,2,700,1,-1,-1,-1,-1
9,1,2,700,1,-1,-1,-1,-1
15,1,1,700,2,2,-1,2,6
5,1,2,700,1,-1,-1,-1,-1
20,1,2,700,2,1,2,1,-1
54,2,2,700,-1,1,-1,2,7
19,1,2,700,2,1,-1,2,3
38,2,1,700,-1,-1,-1,-1,-1
10,1,2,700,2,-1,-1,-1,-1
10,1,1,700,1,-1,-1,-1,-1
46,2,1,700,-1,-1,-1,-1,-1
33,2,2,700,-1,-1,-1,-1,-1
8,1,2,700,1,-1,-1,-1,-1
28,2,1,700,-1,-1,-1,-1,-1
65,2,2,700,-1,1,-1,2,6
21,1,1,700,2,1,2,1,-1
51,2,1,700,-1,-1,-1,-1,-1
54,2,1,700,-1,-1,-1,-1,-1
26,2,1,700,-1,-1,-1,-1,-1
21,1,2,700,2,2,-1,2,2
14,1,1,700,1,-1,-1,-1,-1
10,1,1,700,1,-1,-1,-1,-1
80,3,1,700,-1,1,-1,2,6
23,2,1,700,2,-1,-1,-1,-1
44,2,1,700,-1,-1,-1,-1,-1
38,2,2,700,-1,2,-1,2,7
7,1,2,700,1,-1,-1,-1,-1
30,2,2,700,-1,1,-1,2,7
44,2,1,700,-1,-1,-1,-1,-1
48,2,1,700,-1,-1,-1,-1,-1
11,1,2,700,1,-1,-1,-1,-1
9,1,1,700,1,-1,-1,-1,-1
46,2,1,700,-1,-1,-1,-1,-1
31,2,1,700,-1,-1,-1,-1,-1
50,2,1,700,-1,-1,-1,-1,-1
56,4,1,700,-1,-1,-1,-1,-1
16,1,2,700,1,2,-1,2,8
16,1,2,700,2,2,-1,2,6
54,2,2,700,-1,1,-1,2,7
21,1,2,700,1,2,-1,2,8
18,1,2,700,1,2,-1,2,8
22,1,1,700,1,1,-1,2,5
6,1,2,700,1,-1,-1,-1,-1
20,1,1,700,2,-1,-1,-1,-1
18,1,2,700,1,2,-1,2,8
42,2,2,700,-1,-1,-1,-1,-1
21,1,2,700,2,-1,-1,-1,-1
52,2,1,700,-1,-1,-1,-1,-1
47,2,2,700,-1,1,-1,2,7
62,2,1,700,-1,-1,-1,-1,-1
22,1,1,700,2,-1,-1,-1,-1
29,2,1,700,-1,-1,-1,-1,-1
27,2,2,700,-1,-1,-1,-1,-1
10,1,1,700,1,-1,-1,-1,-1
41,2,1,700,-1,-1,-1,-1,-1
7,1,2,700,1,-1,-1,-1,-1
53,2,2,700,-1,-1,-1,-1,-1
56,2,2,700,-1,-1,-1,-1,-1
9,1,2,700,1,-1,-1,-1,-1
10,1,2,700,1,-1,-1,-1,-1
5,1,1,700,1,-1,-1,-1,-1
28,2,2,700,-1,-1,-1,-1,-1
24,1,1,700,2,-1,-1,-1,-1
10,1,1,700,1,-1,-1,-1,-1
35,2,2,700,-1,1,2,1,-1
64,2,2,700,-1,-1,-1,-1,-1
65,2,1,700,-1,-1,-1,-1,-1
18,1,1,700,2,-1,-1,-1,-1
34,2,2,700,-1,1,-1,2,7
25,2,2,700,-1,-1,-1,-1,-1
32,2,1,700,-1,-1,-1,-1,-1
44,2,2,700,-1,-1,-1,-1,-1
26,1,1,700,-1,-1,-1,-1,-1
14,1,1,700,1,-1,-1,-1,-1
22,2,2,700,2,1,-1,2,7
43,2,2,700,-1,1,-1,2,7
28,1,1,700,-1,-1,-1,-1,-1
47,2,2,700,-1,1,-1,2,7
19,1,1,700,2,-1,-1,-1,-1
12,1,1,700,1,-1,-1,-1,-1
26,1,2,700,-1,-1,-1,-1,-1
5,1,2,700,1,-1,-1,-1,-1
40,2,2,700,-1,1,-1,2,7
35,2,1,700,-1,-1,-1,-1,-1
42,2,1,700,-1,-1,-1,-1,-1
59,2,1,700,-1,-1,-1,-1,-1
23,1,2,700,2,1,-1,2,7
50,2,1,700,-1,-1,-1,-1,-1
28,4,1,700,-1,-1,-1,-1,-1
23,2,1,700,2,-1,-1,-1,-1
40,2,2,700,-1,-1,-1,-1,-1
79,2,1,700,-1,-1,-1,-1,-1
21,1,1,700,1,-1,-1,-1,-1
20,1,1,700,1,2,-1,2,8
42,2,2,700,-1,-1,-1,-1,-1
10,1,2,700,1,-1,-1,-1,-1
24,2,1,700,2,-1,-1,-1,-1
56,2,2,700,-1,1,-1,2,7
20,1,1,700,1,1,-1,2,8
15,1,2,700,1,2,-1,2,8
15,1,2,700,1,2,-1,2,8
31,1,1,700,-1,-1,-1,-1,-1
11,1,1,700,1,-1,-1,-1,-1
50,2,2,700,-1,-1,-1,-1,-1
11,1,1,700,1,-1,-1,-1,-1
5,1,2,700,1,-1,-1,-1,-1
46,2,1,700,-1,-1,-1,-1,-1
21,1,2,700,2,1,-1,2,8
7,1,2,700,1,-1,-1,-1,-1
63,2,1,700,-1,-1,-1,-1,-1
6,1,1,700,1,-1,-1,-1,-1
18,1,1,700,1,2,-1,2,8
28,2,2,700,-1,1,-1,2,7
13,1,1,700,1,-1,-1,-1,-1
19,1,2,700,1,2,-1,2,8
28,2,2,700,-1,2,-1,2,7
20,2,1,700,2,-1,-1,-1,-1
17,1,1,700,2,2,-1,2,6
42,2,1,700,-1,-1,-1,-1,-1
28,2,1,700,-1,-1,-1,-1,-1
12,1,2,700,1,-1,-1,-1,-1
52,1,1,700,-1,-1,-1,-1,-1
40,3,2,700,-1,-1,-1,-1,-1
9,1,1,700,1,-1,-1,-1,-1
52,2,2,700,-1,1,-1,2,1
47,2,2,700,-1,1,-1,2,3
36,2,1,700,-1,1,-1,2,7
35,2,2,700,-1,-1,-1,-1,-1
47,2,1,700,-1,-1,-1,-1,-1
52,2,1,700,-1,-1,-1,-1,-1
36,2,1,700,-1,-1,-1,-1,-1
19,2,2,700,2,1,-1,2,7
84,2,1,700,-1,1,-1,2,6
36,2,1,700,-1,-1,-1,-1,-1
25,2,1,700,-1,-1,-1,-1,-1
48,2,1,700,-1,-1,-1,-1,-1
59,4,2,700,-1,-1,-1,-1,-1
45,2,2,700,-1,1,-1,2,7
39,2,1,700,-1,-1,-1,-1,-1
29,1,1,700,-1,-1,-1,-1,-1
50,2,2,700,-1,-1,-1,-1,-1
45,2,1,700,-1,-1,-1,-1,-1
7,1,1,700,1,-1,-1,-1,-1
22,2,1,700,2,-1,-1,-1,-1
15,1,1,700,1,2,-1,2,8
8,1,2,700,1,-1,-1,-1,-1
45,2,1,700,-1,1,-1,2,7
25,2,2,700,-1,-1,-1,-1,-1
10,1,2,700,1,-1,-1,-1,-1
33,2,2,700,-1,1,-1,2,7
34,2,2,700,-1,1,-1,2,7
51,2,2,700,-1,-1,-1,-1,-1
14,1,1,700,1,-1,-1,-1,-1
48,2,2,700,-1,1,-1,2,7
27,1,1,700,-1,-1,-1,-1,-1
27,2,1,700,-1,-1,-1,-1,-1
18,1,2,700,1,2,-1,2,8
5,1,2,700,1,-1,-1,-1,-1
58,2,2,700,-1,-1,-1,-1,-1
19,1,1,700,2,1,2,1,-1
16,1,2,700,1,2,-1,2,8
47,2,2,700,-1,2,-1,2,7
21,2,2,700,2,1,-1,2,2
19,1,1,700,2,2,-1,2,8
31,1,1,700,-1,-1,-1,-1,-1
18,1,2,700,2,-1,-1,-1,-1
65,3,1,700,-1,-1,-1,-1,-1
17,1,1,700,1,1,-1,2,8
22,1,2,700,2,2,-1,2,8
29,1,1,700,-1,2,-1,2,8
12,1,1,700,1,-1,-1,-1,-1
43,2,1,700,-1,-1,-1,-1,-1
27,1,1,700,-1,1,-1,2,2
13,1,1,700,1,-1,-1,-1,-1
53,2,1,700,-1,-1,-1,-1,-1
31,2,2,700,-1,-1,-1,-1,-1
51,2,2,700,-1,1,-1,2,7
15,1,2,700,1,2,-1,2,8
21,1,1,700,2,-1,-1,-1,-1
27,2,2,700,-1,1,-1,2,7
46,2,2,700,-1,-1,-1,-1,-1
17,1,2,700,2,2,-1,2,6
10,1,1,700,1,-1,-1,-1,-1
48,2,1,700,-1,-1,-1,-1,-1
50,2,2,700,-1,1,-1,2,7
62,2,1,700,-1,-1,-1,-1,-1
37,2,2,700,-1,-1,-1,-1,-1
61,2,1,700,-1,-1,-1,-1,-1
19,1,1,700,1,2,-1,2,8
24,2,1,700,2,-1,-1,-1,-1
50,2,1,700,-1,-1,-1,-1,-1
9,1,2,700,1,-1,-1,-1,-1
36,2,1,700,-1,-1,-1,-1,-1
15,1,2,700,1,2,-1,2,8
61,2,1,700,-1,1,-1,2,3
16,1,2,700,2,2,-1,2,7
9,1,2,700,1,-1,-1,-1,-1
63,2,2,700,-1,2,-1,2,7
8,1,1,700,1,-1,-1,-1,-1
55,2,1,700,-1,1,-1,2,7
21,2,2,700,2,2,-1,2,7
45,3,2,700,-1,-1,-1,-1,-1
64,3,1,700,-1,-1,-1,-1,-1
6,1,2,700,1,-1,-1,-1,-1
10,1,1,700,1,-1,-1,-1,-1
39,2,2,700,-1,-1,-1,-1,-1
21,1,2,700,2,-1,-1,-1,-1
7,1,2,700,1,-1,-1,-1,-1
50,2,1,700,-1,-1,-1,-1,-1
6,1,2,700,1,-1,-1,-1,-1
22,1,1,700,2,-1,-1,-1,-1
50,2,2,700,-1,1,-1,2,7
56,2,1,700,-1,-1,-1,-1,-1
19,1,1,700,1,2,-1,2,8
31,2,1,700,-1,-1,-1,-1,-1
38,2,1,700,-1,-1,-1,-1,-1
30,1,2,700,-1,-1,-1,-1,-1
11,1,2,700,1,-1,-1,-1,-1
40,2,2,700,-1,1,-1,2,7
5,1,1,700,1,-1,-1,-1,-1
42,2,1,700,-1,-1,-1,-1,-1
28,2,2,700,-1,-1,-1,-1,-1
14,1,1,700,1,-1,-1,-1,-1
29,2,2,700,-1,-1,-1,-1,-1
32,2,1,700,-1,-1,-1,-1,-1
29,1,1,700,-1,-1,-1,-1,-1
32,2,2,700,-1,1,-1,2,7
11,1,1,700,1,-1,-1,-1,-1
70,2,2,700,-1,-1,-1,-1,-1
10,1,1,700,1,-1,-1,-1,-1
31,2,1,700,-1,-1,-1,-1,-1
52,2,2,700,-1,-1,-1,-1,-1
22,1,1,700,2,-1,-1,-1,-1
20,2,2,700,2,2,-1,2,7
40,2,2,700,-1,-1,-1,-1,-1
77,2,2,700,-1,-1,-1,-1,-1
22,1,1,700,1,1,-1,2,8
46,4,2,700,-1,1,-1,2,7
9,1,2,700,1,-1,-1,-1,-1
38,2,1,700,-1,-1,-1,-1,-1
30,1,2,700,-1,-1,-1,-1,-1
44,2,2,700,-1,-1,-1,-1,-1
10,1,2,700,1,-1,-1,-1,-1
7,1,1,700,1,-1,-1,-1,-1
27,1,1,700,-1,-1,-1,-1,-1
33,2,1,700,-1,-1,-1,-1,-1
43,2,2,700,-1,-1,-1,-1,-1
36,2,1,700,-1,-1,-1,-1,-1
48,2,2,700,-1,-1,-1,-1,-1
22,1,2,700,2,-1,-1,-1,-1
9,1,1,700,1,-1,-1,-1,-1
46,2,1,700,-1,-1,-1,-1,-1
10,1,1,700,1,-1,-1,-1,-1
5,1,2,700,1,-1,-1,-1,-1
44,3,2,700,-1,-1,-1,-1,-1
46,2,2,700,-1,-1,-1,-1,-1
7,1,1,700,1,-1,-1,-1,-1
43,2,1,700,-1,-1,-1,-1,-1
18,1,2,700,2,2,-1,2,7
73,3,2,700,-1,1,-1,2,7
5,1,2,700,2,-1,-1,-1,-1
36,2,2,700,-1,-1,-1,-1,-1
8,1,1,700,1,-1,-1,-1,-1
8,1,1,700,1,-1,-1,-1,-1
60,3,2,700,-1,-1,-1,-1,-1
10,1,1,700,1,-1,-1,-1,-1
12,1,2,700,1,-1,-1,-1,-1
39,2,1,700,-1,-1,-1,-1,-1
19,2,2,700,2,2,-1,2,7
14,1,2,700,1,-1,-1,-1,-1
16,1,2,700,2,-1,-1,-1,-1
46,2,2,700,-1,-1,-1,-1,-1
45,2,1,700,-1,-1,-1,-1,-1
5,1,2,700,1,-1,-1,-1,-1
61,3,1,700,-1,1,-1,2,6
56,2,1,700,-1,1,-1,2,3
67,3,1,700,-1,-1,-1,-1,-1
42,2,2,700,-1,1,-1,2,7
73,1,1,700,-1,1,-1,2,6
7,1,1,700,1,-1,-1,-1,-1
36,2,2,700,-1,1,-1,2,7
32,2,1,700,-1,-1,-1,-1,-1
59,2,2,700,-1,-1,-1,-1,-1
68,2,1,700,-1,-1,-1,-1,-1
11,1,1,700,1,-1,-1,-1,-1
56,2,1,700,-1,1,-1,2,7
22,1,2,700,2,-1,-1,-1,-1
27,2,1,700,-1,-1,-1,-1,-1
9,1,2,700,1,-1,-1,-1,-1
24,2,2,700,2,2,-1,2,7
73,2,1,700,-1,1,-1,2,6
59,2,1,700,-1,-1,-1,-1,-1
34,1,1,700,-1,-1,-1,-1,-1
21,2,2,700,1,2,-1,2,8
67,1,2,700,-1,-1,-1,-1,-1
44,2,2,700,-1,-1,-1,-1,-1
23,1,1,700,2,-1,-1,-1,-1
45,2,1,700,-1,-1,-1,-1,-1
40,2,2,700,-1,1,-1,2,7
14,1,1,700,1,-1,-1,-1,-1
24,1,1,700,2,-1,-1,-1,-1
11,1,2,700,1,-1,-1,-1,-1
39,2,2,700,-1,1,-1,2,7
39,2,1,700,-1,1,-1,2,4
26,2,1,700,-1,-1,-1,-1,-1
37,2,2,700,-1,-1,-1,-1,-1
7,1,2,700,1,-1,-1,-1,-1
11,1,1,700,1,-1,-1,-1,-1
49,2,1,700,-1,-1,-1,-1,-1
31,2,1,700,-1,-1,-1,-1,-1
12,1,1,700,1,-1,-1,-1,-1
17,1,1,700,1,2,-1,2,8
43,2,1,700,-1,-1,-1,-1,-1
5,1,2,700,1,-1,-1,-1,-1
24,1,1,700,2,2,-1,2,6
64,2,1,700,-1,1,-1,2,6
14,1,1,700,1,-1,-1,-1,-1
19,1,1,700,1,2,-1,2,8
52,1,2,700,-1,-1,-1,-1,-1
11,1,2,700,1,-1,-1,-1,-1
7,1,2,700,1,-1,-1,-1,-1
24,2,1,700,2,-1,-1,-1,-1
45,2,1,700,-1,-1,-1,-1,-1
16,1,1,700,1,2,-1,2,8
12,1,2,700,1,-1,-1,-1,-1
72,3,2,700,-1,1,-1,2,6
50,2,2,700,-1,-1,-1,-1,-1
33,1,2,700,-1,-1,-1,-1,-1
26,1,1,700,-1,-1,-1,-1,-1
50,2,1,700,-1,-1,-1,-1,-1
12,1,1,700,1,-1,-1,-1,-1
22,2,2,700,2,2,-1,2,7
37,2,2,700,-1,2,-1,2,7
5,1,1,700,1,-1,-1,-1,-1
8,1,1,700,2,-1,-1,-1,-1
16,1,2,700,1,2,-1,2,8
25,2,2,700,-1,-1,-1,-1,-1
28,1,1,700,-1,-1,-1,-1,-1
23,2,2,700,2,1,-1,2,7
30,2,1,700,-1,-1,-1,-1,-1
32,1,1,700,-1,-1,-1,-1,-1
32,2,1,700,-1,-1,-1,-1,-1
25,2,2,700,-1,-1,-1,-1,-1
50,2,1,700,-1,-1,-1,-1,-1
30,4,2,700,-1,1,-1,2,7
15,1,2,700,1,2,-1,2,7
7,1,1,700,1,-1,-1,-1,-1
39,2,1,700,-1,-1,-1,-1,-1
28,2,1,700,-1,1,-1,2,5
10,1,2,700,2,-1,-1,-1,-1
10,1,1,700,1,-1,-1,-1,-1
22,1,2,700,2,-1,-1,-1,-1
24,2,2,700,2,2,-1,2,7
24,1,2,700,2,2,2,1,-1
57,4,2,700,-1,1,-1,2,7
59,2,2,700,-1,-1,-1,-1,-1
13,1,2,700,1,-1,-1,-1,-1
40,2,2,700,-1,1,-1,2,7
31,2,1,700,-1,-1,-1,-1,-1
19,1,2,700,1,2,-1,2,8
31,2,2,700,-1,-1,-1,-1,-1
33,2,2,700,-1,1,-1,2,7
45,2,2,700,-1,-1,-1,-1,-1
14,1,1,700,1,-1,-1,-1,-1
37,2,1,700,-1,-1,-1,-1,-1
40,2,2,700,-1,1,-1,2,7
5,1,1,700,1,-1,-1,-1,-1
64,2,1,700,-1,-1,-1,-1,-1
50,3,1,700,-1,1,-1,2,7
5,1,1,700,1,-1,-1,-1,-1
25,1,2,700,-1,1,-1,2,7
21,1,2,700,2,-1,-1,-1,-1
36,1,2,700,-1,2,-1,2,7
46,2,2,700,-1,-1,-1,-1,-1
15,3,2,700,1,2,-1,2,8
41,2,2,700,-1,1,-1,2,7
14,1,1,700,1,-1,-1,-1,-1
34,1,1,700,-1,1,2,1,-1
56,2,1,700,-1,-1,-1,-1,-1
59,3,2,700,-1,1,-1,2,7
24,1,2,700,1,2,-1,2,8
18,1,1,700,1,-1,-1,-1,-1
41,2,2,700,-1,1,-1,2,7
17,1,1,700,1,2,-1,2,8
9,1,1,700,1,-1,-1,-1,-1
60,2,1,700,-1,-1,-1,-1,-1
59,2,1,700,-1,-1,-1,-1,-1
8,1,2,700,1,-1,-1,-1,-1
10,1,2,700,1,-1,-1,-1,-1
39,2,2,700,-1,2,-1,2,7
60,2,1,700,-1,1,-1,2,7
22,1,1,700,2,2,-1,2,7
59,2,1,700,-1,-1,-1,-1,-1
50,2,1,700,-1,1,-1,2,3
69,3,2,700,-1,-1,-1,-1,-1
28,2,1,700,-1,-1,-1,-1,-1
16,1,1,700,1,2,-1,2,8
7,1,2,700,1,-1,-1,-1,-1
11,1,1,700,2,-1,-1,-1,-1
52,2,2,700,-1,-1,-1,-1,-1
10,1,2,700,1,-1,-1,-1,-1
24,1,1,700,2,-1,-1,-1,-1
45,2,1,700,-1,-1,-1,-1,-1
65,2,2,700,-1,-1,-1,-1,-1
8,1,1,700,1,-1,-1,-1,-1
48,2,1,700,-1,-1,-1,-1,-1
27,2,2,700,-1,-1,-1,-1,-1
19,1,1,700,2,-1,-1,-1,-1
14,1,1,700,1,-1,-1,-1,-1
11,1,2,700,1,-1,-1,-1,-1
27,2,2,700,-1,2,-1,2,7
31,2,2,700,-1,-1,-1,-1,-1
47,2,2,700,-1,-1,-1,-1,-1
90,3,2,700,-1,1,-1,2,6
16,1,1,700,2,2,-1,2,7
11,1,2,700,1,-1,-1,-1,-1
48,2,2,700,-1,1,-1,2,7
11,1,2,700,1,-1,-1,-1,-1
18,1,1,700,1,1,-1,2,8
37,2,1,700,-1,-1,-1,-1,-1
24,1,1,700,2,1,-1,2,7
41,1,1,700,-1,-1,-1,-1,-1
26,1,1,700,-1,1,-1,2,9
44,2,2,700,-1,1,-1,2,7
26,2,2,700,-1,1,-1,2,7
7,1,2,700,1,-1,-1,-1,-1
86,3,2,700,-1,1,-1,2,6
15,1,2,700,1,2,-1,2,8
34,2,2,700,-1,-1,-1,-1,-1
46,2,2,700,-1,-1,-1,-1,-1
28,2,1,700,-1,-1,-1,-1,-1
14,1,1,700,1,-1,-1,-1,-1
27,1,2,700,-1,-1,-1,-1,-1
7,1,2,700,1,-1,-1,-1,-1
49,2,1,700,-1,-1,-1,-1,-1
36,2,1,700,-1,-1,-1,-1,-1
19,1,1,700,1,-1,-1,-1,-1
38,2,1,700,-1,-1,-1,-1,-1
17,1,2,700,1,2,-1,2,8
17,1,2,700,2,2,-1,2,6
29,2,2,700,-1,1,-1,2,7
24,2,2,700,2,1,-1,2,7
49,2,2,700,-1,1,-1,2,7
15,1,2,700,1,2,-1,2,8
42,1,1,700,-1,-1,-1,-1,-1
29,2,2,700,-1,1,-1,2,7
35,2,1,700,-1,-1,-1,-1,-1
11,1,1,700,1,-1,-1,-1,-1
66,2,1,700,-1,-1,-1,-1,-1
29,3,2,700,-1,-1,-1,-1,-1
19,1,2,700,1,1,-1,2,8
22,1,2,700,2,-1,-1,-1,-1
30,1,2,700,-1,-1,-1,-1,-1
28,1,1,700,-1,-1,-1,-1,-1
6,1,2,700,1,-1,-1,-1,-1
13,1,1,700,1,-1,-1,-1,-1
45,2,2,700,-1,1,-1,2,7
18,1,2,700,1,2,-1,2,8
20,1,1,700,2,-1,-1,-1,-1
25,1,2,700,-1,-1,-1,-1,-1
45,2,2,700,-1,-1,-1,-1,-1
27,1,2,700,-1,2,-1,2,7
12,1,2,700,1,-1,-1,-1,-1
65,3,1,700,-1,1,-1,2,6
17,1,2,700,1,2,-1,2,8
5,1,2,700,1,-1,-1,-1,-1
81,3,1,700,-1,1,-1,2,6
71,2,1,700,-1,1,-1,2,6
61,2,2,700,-1,-1,-1,-1,-1
14,1,2,700,1,-1,-1,-1,-1
57,2,2,700,-1,1,-1,2,7
26,2,2,700,-1,-1,-1,-1,-1
25,2,2,700,-1,1,-1,2,7
29,1,1,700,-1,-1,-1,-1,-1
53,2,1,700,-1,-1,-1,-1,-1
6,1,1,700,1,-1,-1,-1,-1
32,1,1,700,-1,-1,-1,-1,-1
28,2,1,700,-1,-1,-1,-1,-1
5,1,1,700,1,-1,-1,-1,-1
19,1,2,700,2,-1,-1,-1,-1
38,1,2,700,-1,-1,-1,-1,-1
8,1,1,700,1,-1,-1,-1,-1
75,3,1,700,-1,1,-1,2,6
23,1,1,700,2,-1,-1,-1,-1
55,2,1,700,-1,-1,-1,-1,-1
20,1,1,700,1,2,1,1,-1
29,2,1,700,-1,-1,-1,-1,-1
68,2,1,700,-1,1,-1,2,6
12,1,2,700,2,-1,-1,-1,-1
58,3,2,700,-1,-1,-1,-1,-1
5,1,2,700,1,-1,-1,-1,-1
15,1,1,700,1,2,-1,2,8
20,2,1,700,2,-1,-1,-1,-1
26,1,1,700,-1,-1,-1,-1,-1
23,2,1,700,2,-1,-1,-1,-1
15,1,2,700,1,2,-1,2,8
54,2,1,700,-1,-1,-1,-1,-1
63,2,1,700,-1,-1,-1,-1,-1
32,2,1,700,-1,-1,-1,-1,-1
15,1,1,700,1,2,-1,2,6
62,2,1,700,-1,-1,-1,-1,-1
9,1,1,700,1,-1,-1,-1,-1
42,1,1,700,-1,-1,-1,-1,-1
10,1,1,700,1,-1,-1,-1,-1
44,4,2,700,-1,1,-1,2,1
9,1,2,700,1,-1,-1,-1,-1
33,2,2,700,-1,-1,-1,-1,-1
30,2,1,700,-1,-1,-1,-1,-1
46,2,1,700,-1,-1,-1,-1,-1
37,2,1,700,-1,-1,-1,-1,-1
18,1,2,700,1,2,-1,2,8
37,2,1,700,-1,-1,-1,-1,-1
21,2,2,700,2,2,-1,2,7
33,2,1,700,-1,-1,-1,-1,-1
17,1,1,700,1,2,-1,2,8
34,1,2,700,-1,-1,-1,-1,-1
23,2,1,700,2,-1,-1,-1,-1
47,3,1,700,-1,-1,-1,-1,-1
22,1,2,700,2,2,-1,2,7
38,2,1,700,-1,-1,-1,-1,-1
45,2,2,700,-1,1,-1,2,7
37,2,1,700,-1,-1,-1,-1,-1
25,2,2,700,-1,1,-1,2,7
5,1,2,700,1,-1,-1,-1,-1
11,1,1,700,1,-1,-1,-1,-1
19,1,2,700,1,1,-1,2,8
52,3,2,700,-1,-1,-1,-1,-1
18,1,2,700,1,2,-1,2,8
30,1,2,700,-1,-1,-1,-1,-1
18,1,1,700,1,2,-1,2,8
20,1,2,700,2,1,-1,2,7
41,2,1,700,-1,-1,-1,-1,-1
30,2,1,700,-1,-1,-1,-1,-1
28,1,2,700,-1,-1,-1,-1,-1
9,1,1,700,1,-1,-1,-1,-1
41,2,2,700,-1,2,-1,2,7
18,1,1,700,1,-1,-1,-1,-1
53,2,1,700,-1,-1,-1,-1,-1
49,2,2,700,-1,-1,-1,-1,-1
71,3,2,700,-1,1,-1,2,6
49,2,2,700,-1,-1,-1,-1,-1
7,1,1,700,1,-1,-1,-1,-1
52,2,2,700,-1,1,-1,2,7
20,1,1,700,1,2,-1,2,9
8,1,1,700,1,-1,-1,-1,-1
55,2,1,700,-1,-1,-1,-1,-1
42,2,2,700,-1,1,-1,2,7
32,2,2,700,-1,1,-1,2,7
15,1,1,700,1,-1,-1,-1,-1
20,1,1,700,2,1,-1,2,7
7,1,1,700,1,-1,-1,-1,-1
24,1,2,700,2,2,-1,2,7
39,2,1,700,-1,-1,-1,-1,-1
62,2,2,700,-1,1,-1,2,7
7,1,2,700,1,-1,-1,-1,-1
19,1,2,700,2,1,2,1,-1
56,4,1,700,-1,-1,-1,-1,-1
22,1,2,700,2,1,2,1,-1
13,1,2,700,1,-1,-1,-1,-1
18,1,1,700,2,-1,-1,-1,-1
10,1,1,700,1,-1,-1,-1,-1
26,2,2,700,-1,1,-1,2,7
47,2,1,700,-1,-1,-1,-1,-1
69,2,1,700,-1,-1,-1,-1,-1
50,4,2,700,-1,-1,-1,-1,-1
47,3,2,700,-1,1,-1,2,7
9,1,2,700,1,-1,-1,-1,-1
10,1,1,700,1,-1,-1,-1,-1
43,1,2,700,-1,-1,-1,-1,-1
48,2,1,700,-1,-1,-1,-1,-1
29,2,2,700,-1,-1,-1,-1,-1
19,1,2,700,2,2,-1,2,3
54,2,2,700,-1,-1,-1,-1,-1
18,1,2,700,1,2,1,1,-1
19,1,1,700,2,-1,-1,-1,-1
5,1,2,700,1,-1,-1,-1,-1
64,1,1,700,-1,-1,-1,-1,-1
21,1,1,700,2,-1,-1,-1,-1
24,2,2,700,2,-1,-1,-1,-1
52,2,2,700,-1,1,-1,2,7
29,2,1,700,-1,-1,-1,-1,-1
41,2,1,700,-1,-1,-1,-1,-1
34,2,1,700,-1,-1,-1,-1,-1
64,3,2,700,-1,1,-1,2,6
68,2,1,700,-1,1,-1,2,6
30,2,2,700,-1,1,-1,2,7
14,1,1,700,1,-1,-1,-1,-1
22,1,2,700,2,-1,-1,-1,-1
45,2,1,700,-1,-1,-1,-1,-1
54,2,1,700,-1,-1,-1,-1,-1
20,1,1,700,2,2,-1,2,9
53,2,2,700,-1,-1,-1,-1,-1
33,2,1,700,-1,-1,-1,-1,-1
36,2,2,700,-1,-1,-1,-1,-1
13,1,2,700,1,-1,-1,-1,-1
8,1,2,700,1,-1,-1,-1,-1
17,2,2,700,2,1,-1,2,7
66,2,1,700,-1,-1,-1,-1,-1
17,1,1,700,1,2,-1,2,8
29,1,2,700,-1,1,-1,2,7
64,2,1,700,-1,1,-1,2,6
61,2,1,700,-1,-1,-1,-1,-1
38,2,1,700,-1,1,2,1,-1
44,2,2,700,-1,-1,-1,-1,-1
39,1,1,700,-1,-1,-1,-1,-1
32,2,1,700,-1,-1,-1,-1,-1
9,1,1,700,1,-1,-1,-1,-1
15,1,2,700,1,2,-1,2,8
50,2,1,700,-1,-1,-1,-1,-1
43,2,1,700,-1,-1,-1,-1,-1
43,2,1,700,-1,-1,-1,-1,-1
15,1,1,700,2,2,-1,2,7
10,1,1,700,1,-1,-1,-1,-1
20,1,1,700,2,-1,-1,-1,-1
62,1,1,700,-1,-1,-1,-1,-1
22,1,1,700,2,2,-1,2,6
18,1,1,700,2,2,1,1,-1
18,1,2,700,2,2,-1,2,2
42,2,2,700,-1,1,-1,2,7
20,2,2,700,2,1,-1,2,7
10,1,1,700,1,-1,-1,-1,-1
10,1,1,700,1,-1,-1,-1,-1
25,2,1,700,-1,-1,-1,-1,-1
59,2,2,700,-1,1,-1,2,7
47,2,1,700,-1,-1,-1,-1,-1
32,2,1,700,-1,-1,-1,-1,-1
42,2,1,700,-1,-1,-1,-1,-1
21,1,2,700,2,1,-1,2,5
29,2,1,700,-1,-1,-1,-1,-1
6,1,2,700,1,-1,-1,-1,-1
55,2,2,700,-1,-1,-1,-1,-1
10,1,1,700,1,-1,-1,-1,-1
32,2,2,700,-1,1,-1,2,7
28,2,1,700,-1,-1,-1,-1,-1
68,2,2,700,-1,1,-1,2,7
35,2,2,700,-1,1,-1,2,7
9,1,2,700,1,-1,-1,-1,-1
24,1,1,700,2,2,1,1,-1
6,1,1,700,1,-1,-1,-1,-1
58,2,1,700,-1,-1,-1,-1,-1
10,1,1,700,1,-1,-1,-1,-1
28,1,1,700,-1,1,-1,2,9
54,2,1,700,-1,-1,-1,-1,-1
35,2,1,700,-1,-1,-1,-1,-1
59,3,2,700,-1,1,-1,2,7
13,1,1,700,1,-1,-1,-1,-1
62,2,1,700,-1,-1,-1,-1,-1
17,1,2,700,2,-1,-1,-1,-1
22,2,1,700,2,-1,-1,-1,-1
55,2,1,700,-1,-1,-1,-1,-1
28,2,1,700,-1,-1,-1,-1,-1
5,1,1,700,1,-1,-1,-1,-1
25,1,2,700,-1,-1,-1,-1,-1
56,2,1,700,-1,-1,-1,-1,-1
40,1,2,700,-1,-1,-1,-1,-1
16,1,2,700,1,2,-1,2,8
7,1,1,700,1,-1,-1,-1,-1
23,2,2,700,2,2,-1,2,7
60,2,1,700,-1,-1,-1,-1,-1
16,1,2,700,1,1,-1,2,8
5,1,1,700,1,-1,-1,-1,-1
63,3,1,700,-1,1,-1,2,6
51,2,2,700,-1,1,-1,2,7
53,2,2,700,-1,-1,-1,-1,-1
31,4,1,700,-1,-1,-1,-1,-1
10,1,2,700,1,-1,-1,-1,-1
19,1,2,700,1,1,-1,2,4
27,2,2,700,-1,1,-1,2,7
49,2,2,700,-1,-1,-1,-1,-1
53,2,1,700,-1,-1,-1,-1,-1
33,2,1,700,-1,-1,-1,-1,-1
45,2,1,700,-1,-1,-1,-1,-1
5,1,1,700,2,-1,-1,-1,-1
26,1,2,700,-1,-1,-1,-1,-1
55,3,2,700,-1,1,-1,2,7
21,2,1,700,2,-1,-1,-1,-1
42,2,2,700,-1,-1,-1,-1,-1
10,1,1,700,1,-1,-1,-1,-1
56,4,1,700,-1,1,-1,2,6
7,1,2,700,1,-1,-1,-1,-1
11,1,1,700,1,-1,-1,-1,-1
23,1,2,700,2,-1,-1,-1,-1
8,1,1,700,1,-1,-1,-1,-1
6,1,2,700,1,-1,-1,-1,-1
8,1,2,700,1,-1,-1,-1,-1
64,2,1,700,-1,-1,-1,-1,-1
22,1,1,700,1,2,-1,2,8
52,1,1,700,-1,-1,-1,-1,-1
6,1,2,700,1,-1,-1,-1,-1
54,3,2,700,-1,-1,-1,-1,-1
25,1,1,700,-1,-1,-1,-1,-1
45,2,2,700,-1,-1,-1,-1,-1
50,2,2,700,-1,-1,-1,-1,-1
38,2,1,700,-1,-1,-1,-1,-1
21,1,1,700,2,-1,-1,-1,-1
46,2,2,700,-1,-1,-1,-1,-1
48,2,1,700,-1,-1,-1,-1,-1
25,1,1,700,-1,2,-1,2,8
8,1,2,700,1,-1,-1,-1,-1
26,1,1,700,-1,-1,-1,-1,-1
62,2,2,700,-1,1,-1,2,7
29,2,2,700,-1,1,-1,2,7
12,1,2,700,1,-1,-1,-1,-1
27,2,1,700,-1,-1,-1,-1,-1
13,1,2,700,1,-1,-1,-1,-1
85,3,1,700,-1,1,-1,2,6
22,1,2,700,2,-1,-1,-1,-1
34,2,2,700,-1,2,-1,2,7
61,3,2,700,-1,-1,-1,-1,-1
8,1,1,700,1,-1,-1,-1,-1
41,1,1,700,-1,-1,-1,-1,-1
32,4,1,700,-1,-1,-1,-1,-1
12,1,2,700,1,-1,-1,-1,-1
15,1,1,700,1,2,-1,2,8
9,1,1,700,1,-1,-1,-1,-1
65,3,2,700,-1,1,-1,2,6
51,2,2,700,-1,-1,-1,-1,-1
30,2,1,700,-1,-1,-1,-1,-1
18,1,1,700,2,-1,-1,-1,-1
5,1,1,700,1,-1,-1,-1,-1
37,2,2,700,-1,1,-1,2,7
20,1,2,700,1,2,-1,2,8
38,2,2,700,-1,1,-1,2,7
25,1,1,700,-1,-1,-1,-1,-1
20,1,1,700,1,2,-1,2,8
14,1,1,700,1,-1,-1,-1,-1
55,2,2,700,-1,1,-1,2,7
41,3,2,700,-1,-1,-1,-1,-1
17,1,1,700,1,2,-1,2,8
34,2,2,700,-1,1,-1,2,7
15,1,2,700,1,2,-1,2,8
28,2,1,700,-1,-1,-1,-1,-1
38,2,2,700,-1,-1,-1,-1,-1
16,1,2,700,1,2,-1,2,8
41,2,1,700,-1,-1,-1,-1,-1
20,1,2,700,1,2,-1,2,8
29,2,1,700,-1,-1,-1,-1,-1
18,1,2,700,1,2,-1,2,8
56,2,2,700,-1,-1,-1,-1,-1
49,2,1,700,-1,-1,-1,-1,-1
5,1,2,700,1,-1,-1,-1,-1
16,1,2,700,1,2,-1,2,6
15,1,1,700,1,2,-1,2,8
6,1,1,700,1,-1,-1,-1,-1
61,2,1,700,-1,-1,-1,-1,-1
10,1,2,700,1,-1,-1,-1,-1
21,1,2,700,2,1,-1,2,3
24,2,1,700,2,-1,-1,-1,-1
65,2,1,700,-1,1,-1,2,6
31,2,2,700,-1,-1,-1,-1,-1
56,2,2,700,-1,2,-1,2,7
54,3,1,700,-1,-1,-1,-1,-1
49,2,1,700,-1,-1,-1,-1,-1
31,2,2,700,-1,-1,-1,-1,-1
45,2,2,700,-1,1,-1,2,7
10,1,2,700,1,-1,-1,-1,-1
8,1,1,700,1,-1,-1,-1,-1
31,2,2,700,-1,-1,-1,-1,-1
28,1,1,700,-1,-1,-1,-1,-1
13,1,2,700,1,-1,-1,-1,-1
8,1,1,700,1,-1,-1,-1,-1
6,1,1,700,1,-1,-1,-1,-1
17,1,1,700,1,2,-1,2,8
49,2,1,700,-1,-1,-1,-1,-1
8,1,1,700,1,-1,-1,-1,-1
27,1,2,700,-1,-1,-1,-1,-1
40,2,1,700,-1,-1,-1,-1,-1
60,3,2,700,-1,1,-1,2,7
12,1,1,700,1,-1,-1,-1,-1
33,1,1,700,-1,-1,-1,-1,-1
13,1,1,700,1,-1,-1,-1,-1
43,2,2,700,-1,-1,-1,-1,-1
51,2,2,700,-1,-1,-1,-1,-1
54,2,1,700,-1,-1,-1,-1,-1
12,1,1,700,1,-1,-1,-1,-1
86,2,2,700,-1,1,-1,2,7
23,1,1,700,1,1,-1,2,8
52,2,1,700,-1,-1,-1,-1,-1
60,2,2,700,-1,-1,-1,-1,-1
43,1,1,700,-1,-1,-1,-1,-1
36,2,2,700,-1,1,-1,2,7
15,1,1,700,1,2,-1,2,8
13,1,1,700,2,-1,-1,-1,-1
34,2,1,700,-1,-1,-1,-1,-1
5,1,1,700,1,-1,-1,-1,-1
60,2,1,700,-1,-1,-1,-1,-1
56,2,2,700,-1,-1,-1,-1,-1
5,1,2,700,1,-1,-1,-1,-1
16,1,1,700,1,2,-1,2,8
32,1,1,700,-1,-1,-1,-1,-1
26,2,1,700,-1,-1,-1,-1,-1
31,2,2,700,-1,1,-1,2,7
27,1,2,700,-1,-1,-1,-1,-1
44,2,1,700,-1,-1,-1,-1,-1
35,2,2,700,-1,-1,-1,-1,-1
12,1,2,700,1,-1,-1,-1,-1
32,2,1,700,-1,-1,-1,-1,-1
33,2,1,700,-1,-1,-1,-1,-1
36,2,2,700,-1,-1,-1,-1,-1
51,2,1,700,-1,-1,-1,-1,-1
41,2,2,700,-1,1,-1,2,7
10,1,1,700,1,-1,-1,-1,-1
12,1,1,700,2,-1,-1,-1,-1
15,1,1,700,2,-1,-1,-1,-1
62,1,2,700,-1,-1,-1,-1,-1
67,3,2,700,-1,1,-1,2,3
35,2,1,700,-1,-1,-1,-1,-1
11,1,1,700,1,-1,-1,-1,-1
48,1,1,700,-1,-1,-1,-1,-1
51,2,1,700,-1,-1,-1,-1,-1
28,2,2,700,-1,1,-1,2,7
22,1,1,700,2,2,-1,2,9
17,1,2,700,1,2,-1,2,8
70,2,2,700,-1,-1,-1,-1,-1
9,1,2,700,1,-1,-1,-1,-1
36,2,2,700,-1,2,-1,2,7
45,2,1,700,-1,-1,-1,-1,-1
8,1,2,700,1,-1,-1,-1,-1
31,1,1,700,-1,-1,-1,-1,-1
22,1,1,700,2,-1,-1,-1,-1
32,2,1,700,-1,-1,-1,-1,-1
49,2,2,700,-1,-1,-1,-1,-1
45,2,2,700,-1,1,-1,2,7
67,3,1,700,-1,1,-1,2,6
5,1,2,700,1,-1,-1,-1,-1
20,1,1,700,2,-1,-1,-1,-1
37,2,2,700,-1,-1,-1,-1,-1
44,2,2,700,-1,2,-1,2,7
55,4,1,700,-1,-1,-1,-1,-1
10,1,2,700,1,-1,-1,-1,-1
31,2,1,700,-1,-1,-1,-1,-1
29,2,1,700,-1,-1,-1,-1,-1
14,1,1,700,1,-1,-1,-1,-1
42,2,1,700,-1,-1,-1,-1,-1
60,2,2,700,-1,1,-1,2,7
36,1,1,700,-1,1,-1,2,9
22,1,2,700,2,-1,-1,-1,-1
14,1,2,700,1,-1,-1,-1,-1
21,2,1,700,2,-1,-1,-1,-1
15,2,2,700,1,2,-1,2,8
28,2,2,700,-1,1,-1,2,7
14,1,1,700,1,-1,-1,-1,-1
61,2,1,700,-1,-1,-1,-1,-1
36,1,1,700,-1,-1,-1,-1,-1
8,1,1,700,1,-1,-1,-1,-1
12,1,1,700,1,-1,-1,-1,-1
50,2,1,700,-1,-1,-1,-1,-1
21,1,1,700,2,-1,-1,-1,-1
26,2,2,700,-1,1,-1,2,7
29,2,2,700,-1,1,-1,2,7
28,2,1,700,-1,-1,-1,-1,-1
33,2,1,700,-1,-1,-1,-1,-1
40,2,2,700,-1,1,-1,2,7
46,2,1,700,-1,-1,-1,-1,-1
30,2,2,700,-1,1,-1,2,7
42,2,2,700,-1,-1,-1,-1,-1
10,1,2,700,2,-1,-1,-1,-1
49,3,2,700,-1,1,-1,2,7
6,1,1,700,1,-1,-1,-1,-1
61,3,1,700,-1,-1,-1,-1,-1
16,1,2,700,1,2,-1,2,8
72,3,2,700,-1,-1,-1,-1,-1
27,1,1,700,-1,-1,-1,-1,-1
8,1,2,700,1,-1,-1,-1,-1
47,2,1,700,-1,-1,-1,-1,-1
10,1,1,700,1,-1,-1,-1,-1
11,1,2,700,1,-1,-1,-1,-1
6,1,2,700,1,-1,-1,-1,-1
7,1,1,700,1,-1,-1,-1,-1
30,2,2,700,-1,1,-1,2,7
23,1,2,700,2,1,-1,2,7
7,1,2,700,1,-1,-1,-1,-1
21,1,2,700,2,-1,-1,-1,-1
20,1,2,700,1,2,-1,2,8
33,1,2,700,-1,-1,-1,-1,-1
18,1,1,700,2,2,1,1,-1
57,2,1,700,-1,-1,-1,-1,-1
25,2,2,700,-1,1,-1,2,7
13,1,1,700,1,-1,-1,-1,-1
18,1,1,700,2,-1,-1,-1,-1
26,2,2,700,-1,1,-1,2,7
13,1,2,700,1,-1,-1,-1,-1
22,1,1,700,1,2,-1,2,8
34,1,1,700,-1,-1,-1,-1,-1
24,1,1,700,2,-1,-1,-1,-1
28,2,2,700,-1,1,-1,2,7
88,3,2,700,-1,1,-1,2,6
12,1,1,700,1,-1,-1,-1,-1
16,1,2,700,1,2,-1,2,8
28,2,2,700,-1,1,-1,2,7
45,2,1,700,-1,-1,-1,-1,-1
38,2,2,700,-1,1,-1,2,7
10,1,2,700,1,-1,-1,-1,-1
46,2,1,700,-1,-1,-1,-1,-1
34,2,2,700,-1,-1,-1,-1,-1
45,2,2,700,-1,-1,-1,-1,-1
70,2,2,700,-1,1,-1,2,6
6,1,1,700,1,-1,-1,-1,-1
31,2,2,700,-1,1,-1,2,7
16,1,1,700,1,-1,-1,-1,-1
52,4,2,700,-1,-1,-1,-1,-1
12,1,1,700,1,-1,-1,-1,-1
32,2,1,700,-1,-1,-1,-1,-1
24,2,2,700,2,-1,-1,-1,-1
17,1,1,700,2,2,-1,2,7
14,1,2,700,1,-1,-1,-1,-1
14,1,2,700,1,-1,-1,-1,-1
39,2,2,700,-1,-1,-1,-1,-1
28,2,1,700,-1,-1,-1,-1,-1
34,2,1,700,-1,-1,-1,-1,-1
51,2,1,700,-1,-1,-1,-1,-1
18,1,1,700,2,-1,-1,-1,-1
16,1,1,700,1,2,-1,2,8
21,1,2,700,1,2,-1,2,8
35,2,2,700,-1,-1,-1,-1,-1
10,1,2,700,1,-1,-1,-1,-1
59,1,2,700,-1,1,-1,2,7
7,1,2,700,1,-1,-1,-1,-1
53,1,2,700,-1,-1,-1,-1,-1
66,2,1,700,-1,-1,-1,-1,-1
43,2,2,700,-1,-1,-1,-1,-1
24,1,1,700,2,-1,-1,-1,-1
37,1,1,700,-1,-1,-1,-1,-1
29,1,1,700,-1,-1,-1,-1,-1
20,1,2,700,1,1,-1,2,7
63,2,1,700,-1,1,-1,2,6
23,1,1,700,2,-1,-1,-1,-1
5,1,1,700,1,-1,-1,-1,-1
47,2,1,700,-1,-1,-1,-1,-1
85,3,1,700,-1,1,-1,2,6
14,1,1,700,1,-1,-1,-1,-1
69,1,2,700,-1,1,-1,2,7
36,2,1,700,-1,-1,-1,-1,-1
56,2,2,700,-1,-1,-1,-1,-1
35,2,2,700,-1,1,-1,2,7
42,2,2,700,-1,1,-1,2,7
28,1,1,700,-1,-1,-1,-1,-1
6,1,2,700,1,-1,-1,-1,-1
8,1,1,700,2,-1,-1,-1,-1
5,1,2,700,1,-1,-1,-1,-1
41,2,1,700,-1,-1,-1,-1,-1
63,2,1,700,-1,-1,-1,-1,-1
16,1,2,700,1,2,-1,2,8
27,2,1,700,-1,-1,-1,-1,-1
28,2,1,700,-1,1,-1,2,3
28,2,2,700,-1,1,-1,2,7
11,1,1,700,1,-1,-1,-1,-1
38,2,2,700,-1,1,-1,2,7
69,2,1,700,-1,2,-1,2,6
29,2,1,700,-1,-1,-1,-1,-1
14,1,2,700,1,-1,-1,-1,-1
17,1,1,700,1,1,-1,2,8
17,1,1,700,2,-1,-1,-1,-1
14,1,2,700,1,-1,-1,-1,-1
20,1,2,700,1,2,-1,2,8
20,1,2,700,2,2,1,1,-1
49,2,2,700,-1,1,-1,2,7
10,1,1,700,1,-1,-1,-1,-1
26,1,1,700,-1,1,2,1,-1
21,1,1,700,1,2,-1,2,8
46,2,2,700,-1,1,-1,2,7
20,2,2,700,2,1,-1,2,7
26,2,2,700,-1,1,-1,2,7
13,1,1,700,1,-1,-1,-1,-1
25,2,2,700,-1,1,-1,2,7
10,1,2,700,1,-1,-1,-1,-1
14,1,1,700,1,-1,-1,-1,-1
11,1,2,700,1,-1,-1,-1,-1
5,1,1,700,1,-1,-1,-1,-1
22,1,1,700,1,2,-1,2,8
16,1,2,700,1,-1,-1,-1,-1
78,3,1,700,-1,-1,-1,-1,-1
32,1,1,700,-1,-1,-1,-1,-1
5,1,2,700,1,-1,-1,-1,-1
28,2,1,700,-1,-1,-1,-1,-1
59,2,1,700,-1,-1,-1,-1,-1
12,1,1,700,1,-1,-1,-1,-1
39,2,2,700,-1,1,-1,2,7
6,1,1,700,1,-1,-1,-1,-1
12,1,1,700,1,-1,-1,-1,-1
5,1,2,700,1,-1,-1,-1,-1
46,2,2,700,-1,1,-1,2,7
17,1,1,700,2,1,-1,2,5
78,3,2,700,-1,1,-1,2,6
25,1,1,700,-1,-1,-1,-1,-1
40,2,1,700,-1,-1,-1,-1,-1
8,1,1,700,1,-1,-1,-1,-1
68,2,2,700,-1,1,-1,2,7
52,2,1,700,-1,-1,-1,-1,-1
38,2,2,700,-1,-1,-1,-1,-1
21,1,2,700,1,2,-1,2,8
20,1,1,700,2,1,-1,2,5
27,1,1,700,-1,-1,-1,-1,-1
23,1,1,700,1,2,-1,2,8
12,1,1,700,1,-1,-1,-1,-1
50,2,2,700,-1,-1,-1,-1,-1
43,1,1,700,-1,2,-1,2,6
9,1,2,700,1,-1,-1,-1,-1
21,1,2,700,2,-1,-1,-1,-1
59,2,1,700,-1,-1,-1,-1,-1
46,3,2,700,-1,-1,-1,-1,-1
70,3,1,700,-1,-1,-1,-1,-1
8,1,1,700,1,-1,-1,-1,-1
26,1,1,700,-1,-1,-1,-1,-1
23,1,1,700,2,-1,-1,-1,-1
9,1,1,700,1,-1,-1,-1,-1
30,2,2,700,-1,1,-1,2,7
11,1,1,700,1,-1,-1,-1,-1
16,1,1,700,1,2,-1,2,8
43,3,2,700,-1,-1,-1,-1,-1
17,1,1,700,1,2,-1,2,8
22,1,1,700,2,-1,-1,-1,-1
7,1,2,700,1,-1,-1,-1,-1
15,1,2,700,1,2,-1,2,8
42,2,2,700,-1,1,-1,2,7
11,1,2,700,1,-1,-1,-1,-1
65,3,2,700,-1,-1,-1,-1,-1
47,2,1,700,-1,-1,-1,-1,-1
65,3,1,700,-1,-1,-1,-1,-1
6,1,1,700,1,-1,-1,-1,-1
24,1,1,700,2,-1,-1,-1,-1
12,1,2,700,1,-1,-1,-1,-1
78,2,1,700,-1,-1,-1,-1,-1
21,4,2,700,2,-1,-1,-1,-1
32,2,1,700,-1,-1,-1,-1,-1
5,1,1,700,1,-1,-1,-1,-1
15,1,1,700,1,1,-1,2,8
34,1,1,700,-1,-1,-1,-1,-1
14,1,2,700,1,-1,-1,-1,-1
36,2,1,700,-1,-1,-1,-1,-1
27,1,2,700,-1,-1,-1,-1,-1
42,2,1,700,-1,-1,-1,-1,-1
8,1,1,700,1,-1,-1,-1,-1
90,3,2,700,-1,1,-1,2,6
12,1,2,700,1,-1,-1,-1,-1
13,1,1,700,1,-1,-1,-1,-1
23,1,2,700,2,-1,-1,-1,-1
62,2,1,700,-1,-1,-1,-1,-1
64,2,1,700,-1,1,-1,2,6
22,1,2,700,2,-1,-1,-1,-1
60,2,2,700,-1,1,-1,2,6
16,1,2,700,1,2,-1,2,8
17,2,2,700,2,1,-1,2,7
6,1,2,700,1,-1,-1,-1,-1
20,1,1,700,2,-1,-1,-1,-1
25,2,1,700,-1,-1,-1,-1,-1
19,2,1,700,2,-1,-1,-1,-1
58,3,2,700,-1,1,-1,2,7
58,2,1,700,-1,-1,-1,-1,-1
54,2,1,700,-1,-1,-1,-1,-1
7,1,1,700,1,-1,-1,-1,-1
49,2,2,700,-1,1,-1,2,7
45,2,1,700,-1,-1,-1,-1,-1
51,2,2,700,-1,-1,-1,-1,-1
57,3,2,700,-1,-1,-1,-1,-1
18,1,1,700,1,2,-1,2,8
34,2,2,700,-1,1,-1,2,7
14,1,2,700,1,-1,-1,-1,-1
15,1,1,700,1,2,-1,2,8
28,2,2,700,-1,1,-1,2,7
32,1,1,700,-1,-1,-1,-1,-1
11,1,1,700,1,-1,-1,-1,-1
46,2,1,700,-1,-1,-1,-1,-1
22,1,2,700,1,2,-1,2,7
23,2,2,700,2,1,-1,2,7
7,1,1,700,1,-1,-1,-1,-1
35,2,1,700,-1,-1,-1,-1,-1
41,2,1,700,-1,-1,-1,-1,-1
63,2,2,700,-1,-1,-1,-1,-1
37,2,2,700,-1,-1,-1,-1,-1
59,2,2,700,-1,1,-1,2,3
59,2,1,700,-1,1,-1,2,6
10,1,1,700,1,-1,-1,-1,-1
75,2,1,700,-1,1,-1,2,6
10,1,1,700,1,-1,-1,-1,-1
12,1,1,700,1,-1,-1,-1,-1
50,2,2,700,-1,-1,-1,-1,-1
11,1,1,700,2,-1,-1,-1,-1
5,1,1,700,2,-1,-1,-1,-1
18,1,1,700,2,2,-1,2,9
54,1,1,700,-1,-1,-1,-1,-1
47,2,2,700,-1,-1,-1,-1,-1
11,1,1,700,1,-1,-1,-1,-1
16,1,1,700,1,-1,-1,-1,-1
12,1,1,700,1,-1,-1,-1,-1
22,1,1,700,1,2,-1,2,8
5,1,2,700,1,-1,-1,-1,-1
9,1,2,700,1,-1,-1,-1,-1
6,1,1,700,1,-1,-1,-1,-1
37,2,1,700,-1,-1,-1,-1,-1
28,1,1,700,-1,-1,-1,-1,-1
11,1,2,700,1,-1,-1,-1,-1
31,2,2,700,-1,-1,-1,-1,-1
30,2,1,700,-1,-1,-1,-1,-1
15,1,1,700,1,2,-1,2,8
21,1,1,700,2,-1,-1,-1,-1
31,2,2,700,-1,1,-1,2,7
12,1,1,700,1,-1,-1,-1,-1
28,2,2,700,-1,-1,-1,-1,-1
62,3,2,700,-1,-1,-1,-1,-1
30,1,1,700,-1,-1,-1,-1,-1
15,1,1,700,1,2,-1,2,8
40,2,1,700,-1,-1,-1,-1,-1
45,2,1,700,-1,-1,-1,-1,-1
9,1,2,700,1,-1,-1,-1,-1
36,2,1,700,-1,-1,-1,-1,-1
45,2,1,700,-1,-1,-1,-1,-1
20,2,2,700,2,1,-1,2,1
17,1,1,700,1,2,-1,2,8
45,2,2,700,-1,-1,-1,-1,-1
60,2,1,700,-1,-1,-1,-1,-1
54,2,2,700,-1,-1,-1,-1,-1
29,2,2,700,-1,1,-1,2,8
14,1,2,700,1,-1,-1,-1,-1
46,2,1,700,-1,-1,-1,-1,-1
54,2,1,700,-1,-1,-1,-1,-1
53,2,2,700,-1,-1,-1,-1,-1
49,2,1,700,-1,-1,-1,-1,-1
64,2,1,700,-1,-1,-1,-1,-1
45,2,2,700,-1,2,-1,2,7
48,2,2,700,-1,1,-1,2,3
14,1,2,700,1,-1,-1,-1,-1
62,1,2,700,-1,-1,-1,-1,-1
8,1,2,700,1,-1,-1,-1,-1
58,3,2,700,-1,-1,-1,-1,-1
40,2,1,700,-1,-1,-1,-1,-1
28,2,1,700,-1,-1,-1,-1,-1
44,2,2,700,-1,-1,-1,-1,-1
6,1,2,700,1,-1,-1,-1,-1
5,1,1,700,1,-1,-1,-1,-1
16,1,1,700,1,2,-1,2,8
46,3,1,700,-1,-1,-1,-1,-1
11,1,1,700,1,-1,-1,-1,-1
58,2,1,700,-1,1,-1,2,7
54,3,1,700,-1,-1,-1,-1,-1
21,2,1,700,1,-1,-1,-1,-1
20,1,1,700,1,2,-1,2,8
46,2,1,700,-1,-1,-1,-1,-1
14,1,2,700,2,-1,-1,-1,-1
56,2,1,700,-1,-1,-1,-1,-1
61,2,2,700,-1,-1,-1,-1,-1
25,1,1,700,-1,-1,-1,-1,-1
38,2,1,700,-1,-1,-1,-1,-1
37,2,2,700,-1,1,-1,2,7
67,2,1,700,-1,-1,-1,-1,-1
9,1,1,700,1,-1,-1,-1,-1
43,1,2,700,-1,-1,-1,-1,-1
38,2,1,700,-1,-1,-1,-1,-1
29,2,2,700,-1,-1,-1,-1,-1
42,2,1,700,-1,-1,-1,-1,-1
11,1,1,700,1,-1,-1,-1,-1
16,1,1,700,1,-1,-1,-1,-1
55,2,2,700,-1,1,-1,2,7
30,2,2,700,-1,-1,-1,-1,-1
49,2,2,700,-1,-1,-1,-1,-1
38,2,1,700,-1,-1,-1,-1,-1
59,2,1,700,-1,-1,-1,-1,-1
54,2,2,700,-1,-1,-1,-1,-1
23,2,2,700,2,1,-1,2,7
6,1,1,700,1,-1,-1,-1,-1
13,1,1,700,1,-1,-1,-1,-1
57,2,1,700,-1,-1,-1,-1,-1
31,2,1,700,-1,-1,-1,-1,-1
56,2,2,700,-1,1,-1,2,3
45,1,1,700,-1,-1,-1,-1,-1
23,1,1,700,2,-1,-1,-1,-1
9,1,2,700,1,-1,-1,-1,-1
38,2,2,700,-1,1,-1,2,7
54,2,2,700,-1,-1,-1,-1,-1
12,1,2,700,1,-1,-1,-1,-1
17,1,2,700,1,2,-1,2,8
16,1,1,700,1,2,-1,2,8
18,1,2,700,2,-1,-1,-1,-1
54,2,2,700,-1,-1,-1,-1,-1
18,2,1,700,2,1,-1,2,3
39,2,1,700,-1,-1,-1,-1,-1
11,1,1,700,1,-1,-1,-1,-1
58,2,2,700,-1,-1,-1,-1,-1
32,2,1,700,-1,-1,-1,-1,-1
5,1,1,700,1,-1,-1,-1,-1
67,2,1,700,-1,-1,-1,-1,-1
11,1,2,700,1,-1,-1,-1,-1
38,1,1,700,-1,-1,-1,-1,-1
9,1,2,700,1,-1,-1,-1,-1
47,2,1,700,-1,-1,-1,-1,-1
30,1,1,700,-1,-1,-1,-1,-1
18,1,1,700,1,2,-1,2,8
33,1,1,700,-1,-1,-1,-1,-1
54,2,1,700,-1,-1,-1,-1,-1
32,2,1,700,-1,-1,-1,-1,-1
86,1,2,700,-1,1,-1,2,6
16,1,1,700,1,2,-1,2,8
45,2,1,700,-1,2,-1,2,7
16,1,1,700,1,-1,-1,-1,-1
6,1,2,700,1,-1,-1,-1,-1
28,1,2,700,-1,2,-1,2,7
8,1,1,700,1,-1,-1,-1,-1
20,1,1,700,1,2,-1,2,7
32,2,2,700,-1,1,-1,2,7
19,2,2,700,2,2,-1,2,8
11,1,2,700,1,-1,-1,-1,-1
23,1,1,700,2,-1,-1,-1,-1
64,3,2,700,-1,-1,-1,-1,-1
20,2,1,700,2,-1,-1,-1,-1
65,3,2,700,-1,1,-1,2,6
8,1,2,700,1,-1,-1,-1,-1
12,1,2,700,1,-1,-1,-1,-1
7,1,1,700,1,-1,-1,-1,-1
38,2,1,700,-1,-1,-1,-1,-1
8,1,1,700,1,-1,-1,-1,-1
61,1,2,700,-1,-1,-1,-1,-1
48,2,1,700,-1,-1,-1,-1,-1
17,1,1,700,1,-1,-1,-1,-1
50,2,1,700,-1,-1,-1,-1,-1
15,1,2,700,1,2,-1,2,8
22,1,2,700,2,-1,-1,-1,-1
41,2,1,700,-1,-1,-1,-1,-1
9,1,2,700,1,-1,-1,-1,-1
62,3,2,700,-1,-1,-1,-1,-1
24,2,2,700,2,1,-1,2,7
38,2,2,700,-1,1,-1,2,7
15,1,1,700,1,2,-1,2,8
6,1,1,700,1,-1,-1,-1,-1
20,1,1,700,2,-1,-1,-1,-1
38,2,2,700,-1,1,-1,2,7
16,1,2,700,1,-1,-1,-1,-1
55,3,1,700,-1,1,-1,2,3
16,1,1,700,1,2,-1,2,8
32,2,2,700,-1,1,-1,2,7
8,1,1,700,1,-1,-1,-1,-1
14,1,2,700,2,-1,-1,-1,-1
8,1,1,700,1,-1,-1,-1,-1
12,1,2,700,1,-1,-1,-1,-1
50,3,2,700,-1,-1,-1,-1,-1
37,2,2,700,-1,1,-1,2,7
29,1,1,700,-1,-1,-1,-1,-1
49,2,2,700,-1,2,-1,2,5
11,1,2,700,1,-1,-1,-1,-1
13,1,2,700,1,-1,-1,-1,-1
17,1,1,700,1,2,-1,2,6
20,1,2,700,2,-1,-1,-1,-1
16,1,2,700,1,2,-1,2,8
25,1,1,700,-1,2,2,1,-1
62,2,1,700,-1,1,-1,2,6
71,3,2,700,-1,-1,-1,-1,-1
47,2,2,700,-1,-1,-1,-1,-1
17,1,1,700,2,2,-1,2,8
19,1,2,700,1,2,-1,2,8
17,1,2,700,1,2,-1,2,8
6,1,1,700,2,-1,-1,-1,-1
40,2,1,700,-1,-1,-1,-1,-1
25,1,1,700,-1,-1,-1,-1,-1
46,2,1,700,-1,-1,-1,-1,-1
66,4,1,700,-1,-1,-1,-1,-1
22,1,1,700,2,-1,-1,-1,-1
53,2,2,700,-1,1,-1,2,7
32,2,1,700,-1,-1,-1,-1,-1
9,1,2,700,1,-1,-1,-1,-1
45,2,1,700,-1,-1,-1,-1,-1
38,2,2,700,-1,1,-1,2,7
47,2,2,700,-1,1,-1,2,7
39,2,1,700,-1,-1,-1,-1,-1
43,4,2,700,-1,-1,-1,-1,-1
32,2,2,700,-1,1,-1,2,7
33,2,1,700,-1,-1,-1,-1,-1
5,1,1,700,1,-1,-1,-1,-1
12,1,1,700,2,-1,-1,-1,-1
6,1,2,700,1,-1,-1,-1,-1
61,2,1,700,-1,-1,-1,-1,-1
5,1,2,700,2,-1,-1,-1,-1
6,1,2,700,1,-1,-1,-1,-1
39,1,1,700,-1,-1,-1,-1,-1
23,2,2,700,2,-1,-1,-1,-1
27,1,2,700,-1,2,-1,2,7
21,2,2,700,2,-1,-1,-1,-1
14,1,1,700,1,-1,-1,-1,-1
21,1,2,700,1,-1,-1,-1,-1
9,1,1,700,1,-1,-1,-1,-1
8,1,2,700,1,-1,-1,-1,-1
52,2,1,700,-1,-1,-1,-1,-1
22,1,1,700,2,-1,-1,-1,-1
72,4,1,700,-1,-1,-1,-1,-1
12,1,1,700,1,-1,-1,-1,-1
22,1,1,700,2,1,2,1,-1
81,3,2,700,-1,2,-1,2,6
9,1,1,700,1,-1,-1,-1,-1
20,1,1,700,2,1,-1,2,1
6,1,1,700,2,-1,-1,-1,-1
36,2,1,700,-1,-1,-1,-1,-1
26,1,1,700,-1,-1,-1,-1,-1
69,2,1,700,-1,1,-1,2,6
34,4,2,700,-1,-1,-1,-1,-1
24,1,2,700,2,-1,-1,-1,-1
11,1,1,700,1,-1,-1,-1,-1
12,1,2,700,1,-1,-1,-1,-1
19,1,1,700,1,2,-1,2,8
23,2,2,700,2,1,-1,2,7
46,2,2,700,-1,-1,-1,-1,-1
58,2,2,700,-1,-1,-1,-1,-1
52,2,1,700,-1,1,-1,2,5
9,1,1,700,1,-1,-1,-1,-1
51,2,1,700,-1,-1,-1,-1,-1
38,2,2,700,-1,1,-1,2,7
45,2,2,700,-1,2,-1,2,7
69,2,2,700,-1,-1,-1,-1,-1
51,1,1,700,-1,-1,-1,-1,-1
7,1,1,700,1,-1,-1,-1,-1
24,1,1,700,2,-1,-1,-1,-1
11,1,1,700,1,-1,-1,-1,-1
20,4,1,700,2,1,-1,2,3
30,2,2,700,-1,-1,-1,-1,-1
85,3,1,700,-1,1,-1,2,6
11,1,2,700,1,-1,-1,-1,-1
24,1,1,700,1,2,-1,2,8
41,2,2,700,-1,-1,-1,-1,-1
29,2,2,700,-1,1,-1,2,7
50,2,2,700,-1,1,-1,2,7
22,2,2,700,2,1,-1,2,7
18,1,2,700,1,2,-1,2,8
5,1,2,700,1,-1,-1,-1,-1
15,1,2,700,1,2,-1,2,8
31,2,2,700,-1,1,-1,2,7
7,1,2,700,1,-1,-1,-1,-1
40,2,1,700,-1,-1,-1,-1,-1
31,2,2,700,-1,-1,-1,-1,-1
12,1,2,700,1,-1,-1,-1,-1
39,1,2,700,-1,1,-1,2,7
19,1,2,700,2,-1,-1,-1,-1
10,1,1,700,1,-1,-1,-1,-1
8,1,1,700,1,-1,-1,-1,-1
14,1,1,700,1,-1,-1,-1,-1
9,1,2,700,1,-1,-1,-1,-1
11,1,1,700,1,-1,-1,-1,-1
50,2,2,700,-1,1,-1,2,7
14,1,1,700,1,-1,-1,-1,-1
42,2,1,700,-1,-1,-1,-1,-1
47,2,2,700,-1,1,-1,2,1
11,1,1,700,1,-1,-1,-1,-1
31,2,1,700,-1,-1,-1,-1,-1
54,2,1,700,-1,-1,-1,-1,-1
42,2,2,700,-1,-1,-1,-1,-1
17,1,1,700,2,-1,-1,-1,-1
37,2,1,700,-1,-1,-1,-1,-1
16,1,1,700,1,-1,-1,-1,-1
7,1,2,700,1,-1,-1,-1,-1
23,2,2,700,2,2,-1,2,7
8,1,2,700,1,-1,-1,-1,-1
14,1,1,700,2,-1,-1,-1,-1
37,1,1,700,-1,-1,-1,-1,-1
48,2,2,700,-1,-1,-1,-1,-1
37,2,1,700,-1,-1,-1,-1,-1
9,1,1,700,1,-1,-1,-1,-1
18,1,2,700,1,2,-1,2,8
10,1,1,700,1,-1,-1,-1,-1
48,2,2,700,-1,-1,-1,-1,-1
17,1,2,700,1,1,-1,2,8
27,2,1,700,-1,-1,-1,-1,-1
28,2,2,700,-1,2,-1,2,7
31,2,2,700,-1,-1,-1,-1,-1
27,1,2,700,-1,-1,-1,-1,-1
16,1,1,700,1,1,-1,2,8
66,2,1,700,-1,-1,-1,-1,-1
55,2,2,700,-1,-1,-1,-1,-1
34,2,2,700,-1,-1,-1,-1,-1
36,1,1,700,-1,-1,-1,-1,-1
37,2,1,700,-1,-1,-1,-1,-1
12,1,2,700,1,-1,-1,-1,-1
37,2,1,700,-1,-1,-1,-1,-1
5,1,1,700,1,-1,-1,-1,-1
16,1,2,700,1,1,-1,2,8
16,1,1,700,1,2,-1,2,8
15,1,2,700,1,2,-1,2,8
13,1,2,700,1,-1,-1,-1,-1
24,2,1,700,2,-1,-1,-1,-1
6,1,2,700,1,-1,-1,-1,-1
41,2,1,700,-1,-1,-1,-1,-1
9,1,1,700,1,-1,-1,-1,-1
25,1,1,700,-1,-1,-1,-1,-1
72,3,2,700,-1,1,-1,2,6
16,1,2,700,1,-1,-1,-1,-1
10,1,1,700,1,-1,-1,-1,-1
43,2,2,700,-1,1,-1,2,7
13,1,1,700,1,-1,-1,-1,-1
10,1,1,700,1,-1,-1,-1,-1
30,2,1,700,-1,-1,-1,-1,-1
20,1,1,700,2,1,-1,2,1
36,2,2,700,-1,1,-1,2,7
63,2,2,700,-1,-1,-1,-1,-1
10,1,1,700,1,-1,-1,-1,-1
20,1,2,700,2,-1,-1,-1,-1
49,2,1,700,-1,-1,-1,-1,-1
55,2,2,700,-1,-1,-1,-1,-1
44,2,1,700,-1,-1,-1,-1,-1
43,2,2,700,-1,2,-1,2,7
37,2,1,700,-1,-1,-1,-1,-1
51,2,1,700,-1,-1,-1,-1,-1
13,1,1,700,1,-1,-1,-1,-1
53,2,1,700,-1,-1,-1,-1,-1
22,1,1,700,2,-1,-1,-1,-1
12,1,1,700,1,-1,-1,-1,-1
18,1,1,700,2,-1,-1,-1,-1
14,1,1,700,1,-1,-1,-1,-1
15,1,1,700,1,-1,-1,-1,-1
38,2,1,700,-1,-1,-1,-1,-1
16,1,1,700,1,2,-1,2,8
62,2,1,700,-1,1,-1,2,6
31,2,2,700,-1,-1,-1,-1,-1
54,2,2,700,-1,-1,-1,-1,-1
49,2,1,700,-1,-1,-1,-1,-1
10,1,1,700,1,-1,-1,-1,-1
16,1,2,700,1,1,-1,2,8
16,1,1,700,1,2,-1,2,8
46,2,1,700,-1,-1,-1,-1,-1
7,1,2,700,2,-1,-1,-1,-1
71,2,1,700,-1,-1,-1,-1,-1
40,2,1,700,-1,-1,-1,-1,-1
13,1,2,700,1,-1,-1,-1,-1
9,1,2,700,1,-1,-1,-1,-1
33,1,2,700,-1,-1,-1,-1,-1
31,2,1,700,-1,-1,-1,-1,-1
25,1,1,700,-1,-1,-1,-1,-1
46,1,1,700,-1,-1,-1,-1,-1
8,1,1,700,1,-1,-1,-1,-1
13,1,1,700,1,-1,-1,-1,-1
12,1,1,700,1,-1,-1,-1,-1
24,1,2,700,2,-1,-1,-1,-1
62,2,1,700,-1,-1,-1,-1,-1
8,1,2,700,1,-1,-1,-1,-1
37,2,2,700,-1,-1,-1,-1,-1
7,1,2,700,1,-1,-1,-1,-1
30,2,1,700,-1,-1,-1,-1,-1
42,1,1,700,-1,-1,-1,-1,-1
52,2,1,700,-1,-1,-1,-1,-1
32,2,1,700,-1,-1,-1,-1,-1
10,1,2,700,1,-1,-1,-1,-1
52,1,1,700,-1,-1,-1,-1,-1
9,1,2,700,1,-1,-1,-1,-1
10,1,2,700,1,-1,-1,-1,-1
13,1,1,700,1,-1,-1,-1,-1
49,2,1,700,-1,-1,-1,-1,-1
11,1,2,700,1,-1,-1,-1,-1
61,2,1,700,-1,-1,-1,-1,-1
38,2,2,700,-1,1,2,1,-1
63,2,2,700,-1,1,-1,2,7
52,2,1,700,-1,-1,-1,-1,-1
22,1,2,700,2,1,-1,2,5
24,1,2,700,2,-1,-1,-1,-1
10,1,2,700,1,-1,-1,-1,-1
46,2,2,700,-1,2,-1,2,7
31,1,1,700,-1,1,-1,2,1
15,1,2,700,1,2,-1,2,8
6,1,1,700,2,-1,-1,-1,-1
32,2,2,700,-1,1,-1,2,7
28,2,1,700,-1,-1,-1,-1,-1
34,2,2,700,-1,2,-1,2,7
13,1,1,700,1,-1,-1,-1,-1
67,1,2,700,-1,1,-1,2,7
30,2,2,700,-1,1,-1,2,7
85,3,2,700,-1,1,-1,2,6
66,3,2,700,-1,-1,-1,-1,-1
32,2,2,700,-1,-1,-1,-1,-1
8,1,1,700,2,-1,-1,-1,-1
17,1,1,700,1,2,-1,2,8
37,2,1,700,-1,-1,-1,-1,-1
33,2,2,700,-1,-1,-1,-1,-1
68,2,1,700,-1,-1,-1,-1,-1
14,1,1,700,1,-1,-1,-1,-1
36,2,2,700,-1,-1,-1,-1,-1
68,2,1,700,-1,-1,-1,-1,-1
48,2,2,700,-1,-1,-1,-1,-1
45,2,2,700,-1,-1,-1,-1,-1
31,2,2,700,-1,-1,-1,-1,-1
18,1,1,700,2,-1,-1,-1,-1
63,3,2,700,-1,1,-1,2,6
42,4,1,700,-1,-1,-1,-1,-1
15,1,2,700,1,2,-1,2,8
34,1,2,700,-1,1,2,1,-1
5,1,1,700,1,-1,-1,-1,-1
46,2,1,700,-1,-1,-1,-1,-1
22,1,1,700,2,-1,-1,-1,-1
6,1,1,700,2,-1,-1,-1,-1
20,1,2,700,2,-1,-1,-1,-1
33,2,2,700,-1,2,-1,2,7
20,1,1,700,2,-1,-1,-1,-1
28,2,2,700,-1,1,-1,2,7
38,2,1,700,-1,-1,-1,-1,-1
5,1,1,700,1,-1,-1,-1,-1
40,1,2,700,-1,-1,-1,-1,-1
25,2,2,700,-1,1,-1,2,7
15,1,1,700,2,-1,-1,-1,-1
20,1,2,700,2,-1,-1,-1,-1
27,2,2,700,-1,-1,-1,-1,-1
29,1,2,700,-1,-1,-1,-1,-1
19,1,1,700,2,-1,-1,-1,-1
16,1,2,700,1,1,-1,2,8
15,1,2,700,1,2,-1,2,8
30,1,1,700,-1,-1,-1,-1,-1
18,1,2,700,1,2,-1,2,8
18,1,1,700,1,2,-1,2,8
53,2,2,700,-1,1,-1,2,7
23,1,1,700,2,2,-1,2,7
58,2,2,700,-1,1,-1,2,7
8,1,1,700,1,-1,-1,-1,-1
19,1,1,700,1,2,-1,2,8
16,1,1,700,1,2,-1,2,8
19,1,2,700,1,2,-1,2,2
14,1,1,700,1,-1,-1,-1,-1
13,1,1,700,1,-1,-1,-1,-1
27,2,1,700,-1,-1,-1,-1,-1
84,3,2,700,-1,1,-1,2,6
46,2,1,700,-1,-1,-1,-1,-1
19,1,1,700,2,-1,-1,-1,-1
20,2,2,700,2,1,-1,2,7
15,1,1,700,1,-1,-1,-1,-1
21,1,2,700,1,1,2,1,-1
40,2,2,700,-1,-1,-1,-1,-1
42,2,2,700,-1,1,-1,2,7
36,2,1,700,-1,-1,-1,-1,-1
19,2,1,700,2,-1,-1,-1,-1
29,2,1,700,-1,-1,-1,-1,-1
76,2,1,700,-1,1,-1,2,6
13,1,1,700,1,-1,-1,-1,-1
10,1,1,700,1,-1,-1,-1,-1
58,3,2,700,-1,1,-1,2,1
8,1,1,700,1,-1,-1,-1,-1
13,1,1,700,1,-1,-1,-1,-1
56,2,2,700,-1,1,-1,2,7
16,1,1,700,2,-1,-1,-1,-1
75,2,1,700,-1,-1,-1,-1,-1
6,1,1,700,1,-1,-1,-1,-1
23,1,1,700,2,-1,-1,-1,-1
8,1,1,700,1,-1,-1,-1,-1
23,1,2,700,2,1,2,1,-1
72,2,2,700,-1,-1,-1,-1,-1
29,4,2,700,-1,2,-1,2,7
22,1,1,700,2,2,1,1,-1
7,1,2,700,1,-1,-1,-1,-1
77,2,2,700,-1,1,-1,2,7
49,2,1,700,-1,-1,-1,-1,-1
9,1,1,700,1,-1,-1,-1,-1
51,3,1,700,-1,-1,-1,-1,-1
21,2,1,700,2,1,-1,2,2
73,3,2,700,-1,2,-1,2,6
74,2,2,700,-1,1,-1,2,6
40,2,1,700,-1,-1,-1,-1,-1
11,1,1,700,1,-1,-1,-1,-1
21,1,1,700,2,-1,-1,-1,-1
35,2,2,700,-1,-1,-1,-1,-1
36,1,1,700,-1,-1,-1,-1,-1
51,2,1,700,-1,-1,-1,-1,-1
39,2,2,700,-1,-1,-1,-1,-1
26,2,2,700,-1,-1,-1,-1,-1
27,1,1,700,-1,-1,-1,-1,-1
24,1,2,700,2,-1,-1,-1,-1
55,2,1,700,-1,-1,-1,-1,-1
24,2,1,700,2,-1,-1,-1,-1
15,1,1,700,2,-1,-1,-1,-1
26,1,2,700,-1,1,-1,2,9
10,1,1,700,1,-1,-1,-1,-1
13,1,2,700,1,-1,-1,-1,-1
20,2,2,700,2,-1,-1,-1,-1
17,1,2,700,1,2,-1,2,8
7,1,2,700,1,-1,-1,-1,-1
36,2,1,700,-1,-1,-1,-1,-1
15,1,2,700,1,2,-1,2,8
25,2,2,700,-1,-1,-1,-1,-1
16,1,1,700,1,2,-1,2,8
10,1,1,700,1,-1,-1,-1,-1
8,1,1,700,1,-1,-1,-1,-1
36,2,2,700,-1,1,-1,2,7
21,1,1,700,1,-1,-1,-1,-1
14,1,2,700,2,-1,-1,-1,-1
68,3,2,700,-1,-1,-1,-1,-1
58,4,2,700,-1,-1,-1,-1,-1
20,1,2,700,2,-1,-1,-1,-1
22,1,2,700,2,-1,-1,-1,-1
28,2,2,700,-1,1,-1,2,7
63,2,1,700,-1,-1,-1,-1,-1
29,2,2,700,-1,1,-1,2,7
21,2,1,700,2,-1,-1,-1,-1
14,1,1,700,1,-1,-1,-1,-1
46,2,2,700,-1,-1,-1,-1,-1
7,1,1,700,1,-1,-1,-1,-1
8,1,2,700,1,-1,-1,-1,-1
62,2,1,700,-1,-1,-1,-1,-1
56,2,2,700,-1,-1,-1,-1,-1
8,1,2,700,1,-1,-1,-1,-1
45,1,1,700,-1,1,-1,2,5
12,1,2,700,1,-1,-1,-1,-1
24,1,1,700,2,1,-1,2,3
21,2,1,700,2,-1,-1,-1,-1
69,2,1,700,-1,-1,-1,-1,-1
42,2,1,700,-1,-1,-1,-1,-1
45,2,2,700,-1,-1,-1,-1,-1
9,1,1,700,1,-1,-1,-1,-1
32,2,1,700,-1,-1,-1,-1,-1
29,2,2,700,-1,-1,-1,-1,-1
21,1,1,700,1,-1,-1,-1,-1
17,1,1,700,2,-1,-1,-1,-1
35,2,2,700,-1,1,-1,2,7
30,2,2,700,-1,-1,-1,-1,-1
29,2,2,700,-1,-1,-1,-1,-1
27,2,2,700,-1,-1,-1,-1,-1
20,1,1,700,1,1,-1,2,8
34,2,2,700,-1,-1,-1,-1,-1
9,1,2,700,1,-1,-1,-1,-1
27,1,1,700,-1,-1,-1,-1,-1
54,2,2,700,-1,-1,-1,-1,-1
23,1,2,700,2,-1,-1,-1,-1
22,1,1,700,2,-1,-1,-1,-1
18,1,1,700,2,-1,-1,-1,-1
48,2,1,700,-1,-1,-1,-1,-1
10,1,1,700,1,-1,-1,-1,-1
65,2,2,700,-1,-1,-1,-1,-1
6,1,1,700,1,-1,-1,-1,-1
67,2,2,700,-1,1,-1,2,7
20,1,1,700,2,-1,-1,-1,-1
52,2,1,700,-1,-1,-1,-1,-1
51,2,2,700,-1,-1,-1,-1,-1
58,4,2,700,-1,-1,-1,-1,-1
18,1,2,700,1,2,-1,2,8
34,1,1,700,-1,-1,-1,-1,-1
53,3,2,700,-1,-1,-1,-1,-1
26,1,2,700,-1,-1,-1,-1,-1
7,1,2,700,1,-1,-1,-1,-1
9,1,2,700,1,-1,-1,-1,-1
15,1,2,700,1,2,-1,2,7
68,3,1,700,-1,1,-1,2,6
49,2,1,700,-1,-1,-1,-1,-1
59,2,1,700,-1,-1,-1,-1,-1
85,2,1,700,-1,-1,-1,-1,-1
75,3,2,700,-1,1,-1,2,6
27,2,2,700,-1,1,-1,2,7
23,2,2,700,2,-1,-1,-1,-1
8,1,1,700,1,-1,-1,-1,-1
63,3,2,700,-1,-1,-1,-1,-1
11,1,1,700,1,-1,-1,-1,-1
12,1,1,700,1,-1,-1,-1,-1
53,2,2,700,-1,1,-1,2,7
22,1,1,700,2,-1,-1,-1,-1
22,2,2,700,2,1,-1,2,7
45,2,2,700,-1,2,-1,2,7
45,2,2,700,-1,1,-1,2,7
35,2,1,700,-1,-1,-1,-1,-1
40,2,1,700,-1,-1,-1,-1,-1
40,2,2,700,-1,2,-1,2,7
33,2,2,700,-1,-1,-1,-1,-1
62,2,1,700,-1,-1,-1,-1,-1
30,2,1,700,-1,-1,-1,-1,-1
68,3,1,700,-1,2,-1,2,6
51,2,1,700,-1,-1,-1,-1,-1
41,2,1,700,-1,-1,-1,-1,-1
26,1,2,700,-1,-1,-1,-1,-1
18,1,1,700,2,2,-1,2,7
25,1,1,700,-1,2,1,1,-1
28,2,2,700,-1,-1,-1,-1,-1
49,2,2,700,-1,1,-1,2,7
6,1,1,700,1,-1,-1,-1,-1
54,3,1,700,-1,1,-1,2,2
15,1,2,700,1,2,-1,2,8
83,2,2,700,-1,-1,-1,-1,-1
16,1,1,700,1,-1,-1,-1,-1
12,1,2,700,1,-1,-1,-1,-1
61,2,1,700,-1,-1,-1,-1,-1
7,1,1,700,1,-1,-1,-1,-1
40,2,2,700,-1,2,-1,2,7
44,2,1,700,-1,-1,-1,-1,-1
20,1,1,700,1,2,-1,2,8
50,1,2,700,-1,-1,-1,-1,-1
23,2,2,700,2,1,-1,2,7
75,3,1,700,-1,1,-1,2,6
42,2,1,700,-1,-1,-1,-1,-1
14,1,1,700,1,-1,-1,-1,-1
21,1,1,700,1,-1,-1,-1,-1
19,1,1,700,1,2,-1,2,8
10,1,2,700,1,-1,-1,-1,-1
8,1,1,700,1,-1,-1,-1,-1
11,1,2,700,1,-1,-1,-1,-1
20,1,2,700,1,2,-1,2,8
40,2,1,700,-1,-1,-1,-1,-1
23,1,1,700,2,-1,-1,-1,-1
53,2,2,700,-1,2,-1,2,7
42,2,2,700,-1,-1,-1,-1,-1
32,2,2,700,-1,1,-1,2,7
5,1,1,700,2,-1,-1,-1,-1
40,2,1,700,-1,-1,-1,-1,-1
39,1,2,700,-1,-1,-1,-1,-1
12,1,2,700,1,-1,-1,-1,-1
54,2,2,700,-1,1,-1,2,7
5,1,1,700,1,-1,-1,-1,-1
29,1,2,700,-1,1,-1,2,7
48,2,1,700,-1,-1,-1,-1,-1
17,1,2,700,1,1,-1,2,8
38,2,1,700,-1,-1,-1,-1,-1
8,1,2,700,1,-1,-1,-1,-1
5,1,1,700,1,-1,-1,-1,-1
25,2,1,700,-1,-1,-1,-1,-1
12,1,1,700,1,-1,-1,-1,-1
14,1,1,700,1,-1,-1,-1,-1
13,1,1,700,1,-1,-1,-1,-1
9,1,1,700,2,-1,-1,-1,-1
29,2,1,700,-1,1,2,1,-1
6,1,1,700,1,-1,-1,-1,-1
30,2,2,700,-1,1,-1,2,7
70,2,1,700,-1,-1,-1,-1,-1
43,2,2,700,-1,-1,-1,-1,-1
6,1,2,700,1,-1,-1,-1,-1
12,1,2,700,1,-1,-1,-1,-1
5,1,1,700,1,-1,-1,-1,-1
18,2,2,700,2,2,-1,2,7
10,1,2,700,1,-1,-1,-1,-1
43,1,1,700,-1,1,-1,2,7
59,1,1,700,-1,-1,-1,-1,-1
37,2,1,700,-1,-1,-1,-1,-1
28,2,2,700,-1,1,-1,2,7
51,4,1,700,-1,-1,-1,-1,-1
65,3,2,700,-1,1,-1,2,6
5,1,2,700,2,-1,-1,-1,-1
31,1,1,700,-1,-1,-1,-1,-1
8,1,1,700,1,-1,-1,-1,-1
65,2,1,700,-1,1,-1,2,5
12,1,1,700,1,-1,-1,-1,-1
26,2,1,700,-1,-1,-1,-1,-1
68,2,1,700,-1,-1,-1,-1,-1
28,1,1,700,-1,-1,-1,-1,-1
63,2,1,700,-1,-1,-1,-1,-1
14,1,1,700,1,-1,-1,-1,-1
5,1,2,700,2,-1,-1,-1,-1
50,2,2,700,-1,-1,-1,-1,-1
61,2,1,700,-1,-1,-1,-1,-1
12,1,1,700,1,-1,-1,-1,-1
5,1,1,700,2,-1,-1,-1,-1
48,1,1,700,-1,-1,-1,-1,-1
33,1,2,700,-1,-1,-1,-1,-1
17,1,1,700,2,-1,-1,-1,-1
51,2,2,700,-1,-1,-1,-1,-1
6,1,2,700,1,-1,-1,-1,-1
40,3,1,700,-1,-1,-1,-1,-1
56,2,1,700,-1,-1,-1,-1,-1
63,2,2,700,-1,1,-1,2,7
34,2,1,700,-1,-1,-1,-1,-1
18,1,1,700,2,-1,-1,-1,-1
8,1,2,700,1,-1,-1,-1,-1
71,2,1,700,-1,1,-1,2,6
31,2,1,700,-1,-1,-1,-1,-1
72,2,2,700,-1,1,-1,2,7
47,4,2,700,-1,-1,-1,-1,-1
44,2,2,700,-1,2,-1,2,7
11,1,2,700,1,-1,-1,-1,-1
26,1,1,700,-1,2,2,1,-1
24,1,1,700,2,2,-1,2,9
59,2,2,700,-1,-1,-1,-1,-1
26,1,1,700,-1,1,-1,2,3
21,1,2,700,2,-1,-1,-1,-1
47,2,1,700,-1,-1,-1,-1,-1
6,1,2,700,1,-1,-1,-1,-1
8,1,1,700,1,-1,-1,-1,-1
49,2,2,700,-1,1,-1,2,7
24,2,1,700,2,-1,-1,-1,-1
23,1,2,700,2,-1,-1,-1,-1
66,2,1,700,-1,-1,-1,-1,-1
6,1,2,700,1,-1,-1,-1,-1
6,1,2,700,1,-1,-1,-1,-1
12,1,2,700,1,-1,-1,-1,-1
12,1,1,700,2,-1,-1,-1,-1
11,1,1,700,1,-1,-1,-1,-1
6,1,2,700,1,-1,-1,-1,-1
17,2,2,700,2,2,-1,2,7
46,2,1,700,-1,-1,-1,-1,-1
32,2,2,700,-1,-1,-1,-1,-1
18,1,1,700,2,-1,-1,-1,-1
38,2,1,700,-1,-1,-1,-1,-1
10,1,1,700,1,-1,-1,-1,-1
41,2,1,700,-1,-1,-1,-1,-1
12,1,2,700,1,-1,-1,-1,-1
7,1,2,700,1,-1,-1,-1,-1
60,3,1,700,-1,-1,-1,-1,-1
13,1,2,700,1,-1,-1,-1,-1
40,2,1,700,-1,-1,-1,-1,-1
30,2,2,700,-1,2,-1,2,7
23,1,2,700,2,1,-1,2,7
28,1,1,700,-1,-1,-1,-1,-1
18,1,1,700,1,2,-1,2,8
16,1,1,700,2,-1,-1,-1,-1
43,2,1,700,-1,-1,-1,-1,-1
54,2,2,700,-1,-1,-1,-1,-1
25,1,1,700,-1,-1,-1,-1,-1
71,2,2,700,-1,1,-1,2,6
18,1,1,700,2,-1,-1,-1,-1
16,1,1,700,1,2,-1,2,8
22,2,2,700,2,1,-1,2,7
51,2,1,700,-1,-1,-1,-1,-1
5,1,2,700,1,-1,-1,-1,-1
21,2,2,700,2,2,-1,2,7
22,1,1,700,2,2,1,1,-1
37,2,2,700,-1,-1,-1,-1,-1
10,1,1,700,1,-1,-1,-1,-1
13,1,1,700,1,-1,-1,-1,-1
22,1,1,700,2,-1,-1,-1,-1
41,2,1,700,-1,-1,-1,-1,-1
40,1,1,700,-1,2,-1,2,9
11,1,1,700,2,-1,-1,-1,-1
23,1,1,700,2,-1,-1,-1,-1
35,2,2,700,-1,1,-1,2,7
7,1,1,700,1,-1,-1,-1,-1
11,1,1,700,1,-1,-1,-1,-1
5,1,1,700,2,-1,-1,-1,-1
87,3,2,700,-1,2,-1,2,6
36,1,2,700,-1,1,-1,2,7
17,1,1,700,2,2,-1,2,8
20,1,1,700,1,2,-1,2,8
14,1,2,700,1,-1,-1,-1,-1
24,2,2,700,2,1,-1,2,7
20,1,2,700,2,-1,-1,-1,-1
28,1,2,700,-1,-1,-1,-1,-1
22,1,1,700,2,-1,-1,-1,-1
20,1,2,700,2,-1,-1,-1,-1
28,2,2,700,-1,1,-1,2,7
19,1,2,700,2,1,-1,2,7
12,1,1,700,1,-1,-1,-1,-1
17,1,2,700,1,2,-1,2,8
32,2,2,700,-1,1,-1,2,7
10,1,2,700,1,-1,-1,-1,-1
61,2,1,700,-1,1,-1,2,6
38,2,1,700,-1,-1,-1,-1,-1
8,1,2,700,2,-1,-1,-1,-1
8,1,2,700,1,-1,-1,-1,-1
21,2,1,700,2,-1,-1,-1,-1
16,1,1,700,2,2,-1,2,6
5,1,1,700,1,-1,-1,-1,-1
58,2,1,700,-1,-1,-1,-1,-1
48,2,2,700,-1,-1,-1,-1,-1
13,1,2,700,1,-1,-1,-1,-1
80,2,2,700,-1,1,-1,2,7
21,1,1,700,2,-1,-1,-1,-1
27,1,2,700,-1,-1,-1,-1,-1
33,2,1,700,-1,1,-1,2,9
29,1,2,700,-1,1,-1,2,7
24,2,2,700,2,1,-1,2,7
20,1,2,700,1,2,-1,2,8
13,1,2,700,1,-1,-1,-1,-1
18,1,1,700,1,-1,-1,-1,-1
13,1,1,700,1,-1,-1,-1,-1
34,2,2,700,-1,1,-1,2,7
6,1,1,700,1,-1,-1,-1,-1
24,2,1,700,2,-1,-1,-1,-1
24,1,1,700,2,-1,-1,-1,-1
17,1,2,700,1,2,-1,2,8
67,2,2,700,-1,-1,-1,-1,-1
29,2,1,700,-1,-1,-1,-1,-1
31,2,2,700,-1,-1,-1,-1,-1
24,2,2,700,2,-1,-1,-1,-1
7,1,2,700,1,-1,-1,-1,-1
20,2,1,700,2,-1,-1,-1,-1
13,1,1,700,1,-1,-1,-1,-1
12,1,1,700,1,-1,-1,-1,-1
14,1,1,700,1,-1,-1,-1,-1
66,3,2,700,-1,-1,-1,-1,-1
19,2,2,700,2,1,-1,2,7
78,3,2,700,-1,1,-1,2,6
29,2,1,700,-1,1,2,1,-1
17,1,2,700,1,2,-1,2,8
41,2,1,700,-1,-1,-1,-1,-1
11,1,2,700,1,-1,-1,-1,-1
47,2,1,700,-1,-1,-1,-1,-1
6,1,2,700,1,-1,-1,-1,-1
37,2,2,700,-1,1,-1,2,7
12,1,1,700,1,-1,-1,-1,-1
19,1,2,700,2,1,-1,2,5
24,2,2,700,2,2,-1,2,7
15,1,2,700,1,2,-1,2,8
20,1,2,700,2,-1,-1,-1,-1
11,1,2,700,1,-1,-1,-1,-1
38,4,1,700,-1,-1,-1,-1,-1
5,1,1,700,2,-1,-1,-1,-1
74,3,2,700,-1,1,-1,2,6
34,4,1,700,-1,-1,-1,-1,-1
37,2,1,700,-1,-1,-1,-1,-1
20,2,2,700,2,2,-1,2,7
68,3,1,700,-1,-1,-1,-1,-1
43,2,2,700,-1,2,-1,2,7
79,3,2,700,-1,1,-1,2,7
11,1,1,700,1,-1,-1,-1,-1
33,2,2,700,-1,2,-1,2,7
71,2,2,700,-1,1,-1,2,6
65,2,1,700,-1,-1,-1,-1,-1
6,1,2,700,1,-1,-1,-1,-1
22,1,2,700,1,1,-1,2,8
39,1,2,700,-1,2,-1,2,7
7,1,2,700,1,-1,-1,-1,-1
13,1,1,700,1,-1,-1,-1,-1
16,1,2,700,1,2,-1,2,8
55,2,2,700,-1,-1,-1,-1,-1
32,2,1,700,-1,-1,-1,-1,-1
54,3,2,700,-1,-1,-1,-1,-1
13,1,1,700,1,-1,-1,-1,-1
46,2,2,700,-1,-1,-1,-1,-1
14,1,1,700,1,-1,-1,-1,-1
8,1,2,700,1,-1,-1,-1,-1
47,2,2,700,-1,-1,-1,-1,-1
7,1,1,700,1,-1,-1,-1,-1
14,1,1,700,1,-1,-1,-1,-1
21,2,2,700,2,1,-1,2,7
59,2,1,700,-1,1,-1,2,3
27,1,2,700,-1,1,-1,2,7
50,2,2,700,-1,1,-1,2,3
33,2,2,700,-1,1,-1,2,7
43,2,1,700,-1,-1,-1,-1,-1
28,1,1,700,-1,-1,-1,-1,-1
5,1,1,700,1,-1,-1,-1,-1
36,2,1,700,-1,-1,-1,-1,-1
17,1,1,700,1,1,-1,2,7
14,1,1,700,1,-1,-1,-1,-1
40,2,2,700,-1,1,-1,2,7
33,2,1,700,-1,-1,-1,-1,-1
54,2,2,700,-1,-1,-1,-1,-1
40,2,1,700,-1,-1,-1,-1,-1
5,1,1,700,1,-1,-1,-1,-1
33,2,1,700,-1,-1,-1,-1,-1
14,1,1,700,1,-1,-1,-1,-1
36,2,2,700,-1,-1,-1,-1,-1
13,1,1,700,1,-1,-1,-1,-1
61,2,1,700,-1,-1,-1,-1,-1
71,2,1,700,-1,-1,-1,-1,-1
55,4,2,700,-1,-1,-1,-1,-1
5,1,2,700,1,-1,-1,-1,-1
16,1,1,700,2,-1,-1,-1,-1
40,2,2,700,-1,2,-1,2,7
16,1,1,700,1,2,-1,2,7
29,2,1,700,-1,-1,-1,-1,-1
34,2,2,700,-1,2,-1,2,7
48,1,1,700,-1,-1,-1,-1,-1
25,1,1,700,-1,-1,-1,-1,-1
77,2,1,700,-1,1,-1,2,6
16,1,1,700,2,-1,-1,-1,-1
64,2,2,700,-1,1,-1,2,6
31,2,1,700,-1,-1,-1,-1,-1
14,1,1,700,1,-1,-1,-1,-1
37,2,2,700,-1,1,-1,2,7
13,1,2,700,1,-1,-1,-1,-1
61,2,2,700,-1,2,-1,2,7
21,2,2,700,2,1,-1,2,7
40,2,1,700,-1,-1,-1,-1,-1
43,2,1,700,-1,-1,-1,-1,-1
13,1,1,700,1,-1,-1,-1,-1
21,1,1,700,1,2,-1,2,8
59,2,1,700,-1,-1,-1,-1,-1
63,2,2,700,-1,-1,-1,-1,-1
25,2,1,700,-1,-1,-1,-1,-1
30,1,1,700,-1,-1,-1,-1,-1
73,2,2,700,-1,1,-1,2,6
57,3,1,700,-1,-1,-1,-1,-1
24,4,2,700,2,-1,-1,-1,-1
21,1,1,700,1,-1,-1,-1,-1
50,2,2,700,-1,1,-1,2,7
60,2,2,700,-1,-1,-1,-1,-1
38,2,1,700,-1,-1,-1,-1,-1
5,1,2,700,1,-1,-1,-1,-1
31,2,2,700,-1,2,-1,2,7
64,2,2,700,-1,-1,-1,-1,-1
73,2,1,700,-1,-1,-1,-1,-1
22,1,1,700,2,-1,-1,-1,-1
33,2,2,700,-1,-1,-1,-1,-1
32,2,2,700,-1,-1,-1,-1,-1
46,2,1,700,-1,-1,-1,-1,-1
5,1,1,700,1,-1,-1,-1,-1
15,1,2,700,1,2,-1,2,8
8,1,2,700,1,-1,-1,-1,-1
25,2,2,700,-1,2,-1,2,7
17,1,2,700,2,2,-1,2,6
38,2,1,700,-1,-1,-1,-1,-1
34,2,1,700,-1,-1,-1,-1,-1
20,2,1,700,2,-1,-1,-1,-1
13,1,1,700,1,-1,-1,-1,-1
61,2,2,700,-1,-1,-1,-1,-1
23,1,2,700,2,-1,-1,-1,-1
24,2,2,700,2,-1,-1,-1,-1
15,1,1,700,1,2,-1,2,8
12,1,2,700,1,-1,-1,-1,-1
7,1,1,700,1,-1,-1,-1,-1
59,2,2,700,-1,1,-1,2,7
8,1,2,700,1,-1,-1,-1,-1
19,1,1,700,1,1,-1,2,7
16,1,2,700,1,1,-1,2,8
65,2,1,700,-1,-1,-1,-1,-1
66,3,2,700,-1,1,-1,2,7
13,1,1,700,1,-1,-1,-1,-1
46,2,2,700,-1,-1,-1,-1,-1
5,1,1,700,2,-1,-1,-1,-1
48,2,1,700,-1,-1,-1,-1,-1
50,2,1,700,-1,-1,-1,-1,-1
77,3,2,700,-1,1,-1,2,6
23,1,2,700,2,1,2,1,-1
26,2,1,700,-1,2,-1,2,8
38,2,1,700,-1,-1,-1,-1,-1
29,2,1,700,-1,-1,-1,-1,-1
7,1,2,700,1,-1,-1,-1,-1
19,1,2,700,1,2,-1,2,8
20,1,1,700,2,1,-1,2,1
9,1,2,700,1,-1,-1,-1,-1
26,2,1,700,-1,-1,-1,-1,-1
10,1,2,700,1,-1,-1,-1,-1
26,2,2,700,-1,-1,-1,-1,-1
42,2,1,700,-1,-1,-1,-1,-1
35,1,1,700,-1,-1,-1,-1,-1
17,2,2,700,2,-1,-1,-1,-1
36,2,2,700,-1,1,-1,2,7
5,1,2,700,2,-1,-1,-1,-1
73,3,2,700,-1,1,-1,2,6
60,3,2,700,-1,1,-1,2,6
41,2,1,700,-1,-1,-1,-1,-1
29,1,1,700,-1,-1,-1,-1,-1
41,2,1,700,-1,-1,-1,-1,-1
29,2,1,700,-1,-1,-1,-1,-1
36,2,2,700,-1,-1,-1,-1,-1
28,2,1,700,-1,-1,-1,-1,-1
14,1,2,700,1,-1,-1,-1,-1
15,1,1,700,1,2,-1,2,8
49,4,2,700,-1,-1,-1,-1,-1
40,1,2,700,-1,-1,-1,-1,-1
14,1,2,700,1,-1,-1,-1,-1
38,2,2,700,-1,1,-1,2,7
63,3,1,700,-1,1,-1,2,3
60,4,1,700,-1,1,-1,2,6
42,2,2,700,-1,-1,-1,-1,-1
41,1,2,700,-1,-1,-1,-1,-1
19,1,1,700,1,1,-1,2,8
14,1,1,700,1,-1,-1,-1,-1
24,1,1,700,2,1,-1,2,2
10,1,1,700,1,-1,-1,-1,-1
5,1,1,700,1,-1,-1,-1,-1
17,1,2,700,1,2,-1,2,8
31,2,2,700,-1,1,-1,2,7
48,2,1,700,-1,-1,-1,-1,-1
42,1,2,700,-1,1,-1,2,1
33,2,1,700,-1,-1,-1,-1,-1
23,2,1,700,2,-1,-1,-1,-1
20,1,2,700,2,2,-1,2,8
42,4,1,700,-1,-1,-1,-1,-1
12,1,1,700,1,-1,-1,-1,-1
48,1,1,700,-1,1,-1,2,1
23,2,2,700,2,2,-1,2,1
10,1,1,700,1,-1,-1,-1,-1
16,1,1,700,1,2,-1,2,8
23,1,2,700,2,-1,-1,-1,-1
58,2,1,700,-1,1,2,1,-1
56,2,1,700,-1,-1,-1,-1,-1
70,3,2,700,-1,1,-1,2,6
19,2,2,700,1,1,-1,2,7
73,3,1,700,-1,1,-1,2,6
25,2,2,700,-1,1,-1,2,7
31,2,2,700,-1,1,-1,2,7
14,1,2,700,1,-1,-1,-1,-1
34,3,2,700,-1,-1,-1,-1,-1
46,2,1,700,-1,-1,-1,-1,-1
45,2,2,700,-1,1,-1,2,7
20,1,1,700,2,-1,-1,-1,-1
26,1,1,700,-1,-1,-1,-1,-1
48,2,2,700,-1,1,-1,2,7
12,1,1,700,1,-1,-1,-1,-1
30,2,2,700,-1,-1,-1,-1,-1
7,1,1,700,1,-1,-1,-1,-1
13,1,1,700,1,-1,-1,-1,-1
22,2,1,700,2,-1,-1,-1,-1
28,4,1,700,-1,1,-1,2,2
34,2,2,700,-1,1,-1,2,9
23,2,1,700,2,-1,-1,-1,-1
5,1,1,700,1,-1,-1,-1,-1
56,2,1,700,-1,1,-1,2,4
28,1,1,700,-1,-1,-1,-1,-1
6,1,1,700,1,-1,-1,-1,-1
8,1,1,700,1,-1,-1,-1,-1
7,1,2,700,1,-1,-1,-1,-1
44,2,2,700,-1,1,-1,2,7
21,1,1,700,1,2,-1,2,8
48,2,2,700,-1,1,-1,2,7
29,2,1,700,-1,-1,-1,-1,-1
24,1,2,700,2,-1,-1,-1,-1
24,2,1,700,2,-1,-1,-1,-1
38,2,2,700,-1,1,-1,2,7
22,1,2,700,2,1,-1,2,3
50,2,1,700,-1,-1,-1,-1,-1
7,1,1,700,1,-1,-1,-1,-1
32,1,1,700,-1,1,-1,2,7
29,2,2,700,-1,-1,-1,-1,-1
36,2,1,700,-1,-1,-1,-1,-1
30,2,2,700,-1,-1,-1,-1,-1
7,1,2,700,1,-1,-1,-1,-1
10,1,2,700,1,-1,-1,-1,-1
36,2,2,700,-1,-1,-1,-1,-1
44,2,1,700,-1,-1,-1,-1,-1
34,2,1,700,-1,-1,-1,-1,-1
40,2,2,700,-1,-1,-1,-1,-1
50,2,2,700,-1,-1,-1,-1,-1
5,1,2,700,1,-1,-1,-1,-1
10,1,2,700,1,-1,-1,-1,-1
33,2,2,700,-1,-1,-1,-1,-1
79,3,2,700,-1,1,-1,2,6
8,1,2,700,1,-1,-1,-1,-1
14,1,2,700,1,-1,-1,-1,-1
9,1,2,700,1,-1,-1,-1,-1
14,1,2,700,1,-1,-1,-1,-1
57,2,2,700,-1,-1,-1,-1,-1
18,1,2,700,1,2,-1,2,8
24,2,2,700,2,1,-1,2,7
17,1,1,700,1,2,-1,2,8
17,1,1,700,2,-1,-1,-1,-1
16,1,2,700,1,2,-1,2,7
14,1,1,700,1,-1,-1,-1,-1
17,1,1,700,1,2,-1,2,8
36,2,2,700,-1,-1,-1,-1,-1
7,1,1,700,1,-1,-1,-1,-1
80,1,2,700,-1,1,-1,2,6
49,3,2,700,-1,-1,-1,-1,-1
85,3,1,700,-1,1,-1,2,6
39,2,1,700,-1,-1,-1,-1,-1
38,2,1,700,-1,-1,-1,-1,-1
44,2,1,700,-1,-1,-1,-1,-1
8,1,1,700,1,-1,-1,-1,-1
8,1,1,700,1,-1,-1,-1,-1
10,1,2,700,1,-1,-1,-1,-1
8,1,1,700,1,-1,-1,-1,-1
19,1,2,700,1,-1,-1,-1,-1
42,1,1,700,-1,-1,-1,-1,-1
39,2,2,700,-1,-1,-1,-1,-1
24,1,2,700,2,-1,-1,-1,-1
19,1,1,700,1,2,-1,2,8
27,1,2,700,-1,-1,-1,-1,-1
16,1,2,700,1,2,-1,2,8
61,3,2,700,-1,1,-1,2,7
18,1,2,700,1,1,-1,2,9
55,2,1,700,-1,-1,-1,-1,-1
46,2,1,700,-1,-1,-1,-1,-1
13,1,2,700,1,-1,-1,-1,-1
12,1,2,700,1,-1,-1,-1,-1
46,2,2,700,-1,2,-1,2,7
5,1,1,700,1,-1,-1,-1,-1
14,1,2,700,1,-1,-1,-1,-1
39,2,2,700,-1,1,-1,2,7
19,1,2,700,1,2,-1,2,8
7,1,2,700,1,-1,-1,-1,-1
26,1,1,700,-1,-1,-1,-1,-1
25,2,2,700,-1,1,-1,2,7
21,1,1,700,1,1,2,1,-1
43,2,2,700,-1,-1,-1,-1,-1
23,1,2,700,2,1,2,1,-1
21,1,1,700,2,-1,-1,-1,-1
43,2,1,700,-1,-1,-1,-1,-1
9,1,2,700,1,-1,-1,-1,-1
33,1,2,700,-1,1,-1,2,7
74,3,2,700,-1,1,-1,2,6
22,1,2,700,2,1,2,1,-1
35,4,2,700,-1,-1,-1,-1,-1
21,1,1,700,1,2,-1,2,8
53,2,1,700,-1,-1,-1,-1,-1
65,2,1,700,-1,1,-1,2,6
16,1,1,700,1,-1,-1,-1,-1
28,1,2,700,-1,1,-1,2,2
20,1,2,700,1,2,-1,2,8
19,1,2,700,1,2,-1,2,8
71,3,2,700,-1,1,-1,2,6
12,1,2,700,1,-1,-1,-1,-1
38,3,1,700,-1,-1,-1,-1,-1
17,1,2,700,2,2,-1,2,2
49,3,1,700,-1,-1,-1,-1,-1
14,1,1,700,1,-1,-1,-1,-1
36,2,2,700,-1,-1,-1,-1,-1
25,1,2,700,-1,-1,-1,-1,-1
35,1,2,700,-1,-1,-1,-1,-1
72,2,2,700,-1,1,-1,2,6
42,2,2,700,-1,-1,-1,-1,-1
11,1,1,700,1,-1,-1,-1,-1
48,2,1,700,-1,-1,-1,-1,-1
28,2,1,700,-1,-1,-1,-1,-1
76,2,1,700,-1,1,-1,2,6
33,2,1,700,-1,-1,-1,-1,-1
45,3,1,700,-1,1,-1,2,7
36,2,1,700,-1,-1,-1,-1,-1
22,1,2,700,2,-1,-1,-1,-1
49,2,2,700,-1,1,-1,2,7
44,2,1,700,-1,-1,-1,-1,-1
37,2,2,700,-1,1,-1,2,7
62,3,2,700,-1,1,-1,2,6
25,2,1,700,-1,-1,-1,-1,-1
13,1,1,700,1,-1,-1,-1,-1
62,3,2,700,-1,1,-1,2,7
26,1,1,700,-1,-1,-1,-1,-1
11,1,2,700,1,-1,-1,-1,-1
24,2,2,700,2,1,-1,2,9
38,1,1,700,-1,-1,-1,-1,-1
25,2,2,700,-1,-1,-1,-1,-1
39,2,1,700,-1,-1,-1,-1,-1
8,1,2,700,1,-1,-1,-1,-1
36,2,1,700,-1,-1,-1,-1,-1
20,1,2,700,1,2,-1,2,8
56,3,2,700,-1,1,-1,2,7
19,1,2,700,1,1,-1,2,8
39,2,1,700,-1,-1,-1,-1,-1
22,1,2,700,2,-1,-1,-1,-1
33,2,1,700,-1,-1,-1,-1,-1
48,2,2,700,-1,-1,-1,-1,-1
17,1,1,700,1,2,-1,2,8
7,1,1,700,1,-1,-1,-1,-1
37,2,2,700,-1,-1,-1,-1,-1
39,2,2,700,-1,1,-1,2,7
40,2,1,700,-1,-1,-1,-1,-1
56,2,1,700,-1,-1,-1,-1,-1
7,1,1,700,1,-1,-1,-1,-1
34,2,1,700,-1,-1,-1,-1,-1
5,1,2,700,2,-1,-1,-1,-1
62,2,2,700,-1,1,-1,2,7
49,2,2,700,-1,-1,-1,-1,-1
11,1,2,700,1,-1,-1,-1,-1
10,1,1,700,1,-1,-1,-1,-1
46,3,2,700,-1,-1,-1,-1,-1
62,2,1,700,-1,-1,-1,-1,-1
18,1,2,700,1,1,-1,2,8
34,2,1,700,-1,-1,-1,-1,-1
19,1,2,700,2,-1,-1,-1,-1
32,2,2,700,-1,1,-1,2,7
14,1,2,700,1,-1,-1,-1,-1
23,1,1,700,2,1,-1,2,7
57,2,1,700,-1,-1,-1,-1,-1
49,2,1,700,-1,-1,-1,-1,-1
56,2,1,700,-1,-1,-1,-1,-1
49,2,2,700,-1,1,-1,2,7
15,1,2,700,1,2,-1,2,8
76,2,2,700,-1,1,-1,2,6
8,1,2,700,1,-1,-1,-1,-1
46,3,2,700,-1,-1,-1,-1,-1
43,2,1,700,-1,-1,-1,-1,-1
39,2,1,700,-1,-1,-1,-1,-1
15,1,1,700,2,-1,-1,-1,-1
21,1,2,700,2,-1,-1,-1,-1
14,1,1,700,2,-1,-1,-1,-1
36,2,2,700,-1,1,-1,2,7
55,2,1,700,-1,-1,-1,-1,-1
58,2,1,700,-1,1,-1,2,3
10,1,1,700,1,-1,-1,-1,-1
13,1,2,700,1,-1,-1,-1,-1
38,2,2,700,-1,-1,-1,-1,-1
33,2,1,700,-1,-1,-1,-1,-1
19,1,2,700,1,2,-1,2,8
27,2,2,700,-1,1,-1,2,7
53,4,2,700,-1,1,2,1,-1
33,2,2,700,-1,-1,-1,-1,-1
12,1,2,700,1,-1,-1,-1,-1
13,1,2,700,1,-1,-1,-1,-1
18,2,2,700,2,1,-1,2,7
30,2,2,700,-1,1,-1,2,7
17,1,2,700,2,-1,-1,-1,-1
40,2,1,700,-1,-1,-1,-1,-1
7,1,1,700,1,-1,-1,-1,-1
12,1,2,700,1,-1,-1,-1,-1
14,1,1,700,1,-1,-1,-1,-1
55,2,1,700,-1,-1,-1,-1,-1
33,1,1,700,-1,1,-1,2,7
21,1,2,700,1,2,-1,2,8
10,1,2,700,1,-1,-1,-1,-1
24,1,1,700,2,-1,-1,-1,-1
37,2,1,700,-1,-1,-1,-1,-1
23,1,1,700,1,1,-1,2,8
6,1,1,700,1,-1,-1,-1,-1
6,1,1,700,1,-1,-1,-1,-1
5,1,2,700,1,-1,-1,-1,-1
58,2,1,700,-1,-1,-1,-1,-1
43,2,1,700,-1,-1,-1,-1,-1
81,1,1,700,-1,1,-1,2,6
28,1,2,700,-1,1,-1,2,3
37,2,1,700,-1,-1,-1,-1,-1
10,1,1,700,1,-1,-1,-1,-1
82,3,2,700,-1,1,-1,2,6
46,2,2,700,-1,1,-1,2,7
13,1,1,700,1,-1,-1,-1,-1
26,2,1,700,-1,-1,-1,-1,-1
23,2,2,700,2,1,-1,2,7
33,2,2,700,-1,-1,-1,-1,-1
5,1,2,700,1,-1,-1,-1,-1
57,2,1,700,-1,-1,-1,-1,-1
9,1,1,700,1,-1,-1,-1,-1
32,2,1,700,-1,-1,-1,-1,-1
40,2,2,700,-1,-1,-1,-1,-1
11,1,2,700,1,-1,-1,-1,-1
41,2,2,700,-1,1,-1,2,7
18,1,1,700,2,-1,-1,-1,-1
69,2,2,700,-1,1,-1,2,7
39,2,1,700,-1,-1,-1,-1,-1
13,1,1,700,2,-1,-1,-1,-1
23,1,2,700,2,-1,-1,-1,-1
40,2,2,700,-1,1,-1,2,7
43,2,2,700,-1,-1,-1,-1,-1
32,2,2,700,-1,1,-1,2,7
20,2,1,700,2,-1,-1,-1,-1
5,1,2,700,1,-1,-1,-1,-1
23,1,1,700,2,-1,-1,-1,-1
7,1,1,700,1,-1,-1,-1,-1
34,2,1,700,-1,-1,-1,-1,-1
5,1,1,700,1,-1,-1,-1,-1
35,2,1,700,-1,-1,-1,-1,-1
16,1,1,700,2,2,-1,2,8
43,2,1,700,-1,-1,-1,-1,-1
18,1,1,700,2,2,-1,2,7
6,1,2,700,1,-1,-1,-1,-1
30,2,2,700,-1,-1,-1,-1,-1
37,2,2,700,-1,-1,-1,-1,-1
6,1,2,700,1,-1,-1,-1,-1
5,1,1,700,1,-1,-1,-1,-1
38,2,2,700,-1,-1,-1,-1,-1
26,2,2,700,-1,1,-1,2,7
38,2,2,700,-1,-1,-1,-1,-1
8,1,1,700,1,-1,-1,-1,-1
47,1,1,700,-1,-1,-1,-1,-1
47,2,1,700,-1,-1,-1,-1,-1
14,1,2,700,1,-1,-1,-1,-1
13,1,2,700,1,-1,-1,-1,-1
8,1,1,700,1,-1,-1,-1,-1
15,1,1,700,1,2,-1,2,8
8,1,1,700,1,-1,-1,-1,-1
40,1,1,700,-1,-1,-1,-1,-1
52,2,2,700,-1,1,-1,2,7
12,1,2,700,1,-1,-1,-1,-1
27,2,2,700,-1,-1,-1,-1,-1
61,2,2,700,-1,-1,-1,-1,-1
49,2,2,700,-1,-1,-1,-1,-1
31,1,1,700,-1,-1,-1,-1,-1
32,2,2,700,-1,1,-1,2,7
5,1,2,700,2,-1,-1,-1,-1
92,3,2,700,-1,1,-1,2,6
29,1,1,700,-1,-1,-1,-1,-1
60,3,2,700,-1,-1,-1,-1,-1
6,1,1,700,1,-1,-1,-1,-1
6,1,2,700,1,-1,-1,-1,-1
16,1,1,700,2,-1,-1,-1,-1
19,1,2,700,1,2,-1,2,7
8,1,1,700,1,-1,-1,-1,-1
26,1,1,700,-1,-1,-1,-1,-1
5,1,2,700,1,-1,-1,-1,-1
19,1,1,700,2,-1,-1,-1,-1
16,1,2,700,2,2,-1,2,6
10,1,2,700,1,-1,-1,-1,-1
78,1,2,700,-1,2,-1,2,6
78,2,1,700,-1,-1,-1,-1,-1
11,1,1,700,1,-1,-1,-1,-1
22,1,1,700,2,-1,-1,-1,-1
15,1,1,700,1,2,-1,2,8
6,1,2,700,1,-1,-1,-1,-1
41,2,2,700,-1,-1,-1,-1,-1
17,1,1,700,1,2,-1,2,8
19,1,2,700,2,-1,-1,-1,-1
31,2,1,700,-1,-1,-1,-1,-1
58,2,1,700,-1,-1,-1,-1,-1
63,3,1,700,-1,1,-1,2,6
26,1,2,700,-1,-1,-1,-1,-1
27,2,1,700,-1,-1,-1,-1,-1
16,1,1,700,1,2,-1,2,9
37,2,1,700,-1,-1,-1,-1,-1
34,2,2,700,-1,-1,-1,-1,-1
17,1,1,700,2,2,-1,2,6
7,1,2,700,1,-1,-1,-1,-1
18,1,1,700,1,1,-1,2,8
55,2,1,700,-1,-1,-1,-1,-1
29,1,1,700,-1,-1,-1,-1,-1
13,1,1,700,1,-1,-1,-1,-1
54,2,2,700,-1,-1,-1,-1,-1
12,1,1,700,2,-1,-1,-1,-1
21,1,2,700,2,1,-1,2,9
7,1,2,700,1,-1,-1,-1,-1
26,2,2,700,-1,1,-1,2,7
7,1,2,700,1,-1,-1,-1,-1
26,2,1,700,-1,-1,-1,-1,-1
17,1,2,700,2,-1,-1,-1,-1
6,1,1,700,1,-1,-1,-1,-1
10,1,1,700,1,-1,-1,-1,-1
69,3,2,700,-1,1,-1,2,6
6,1,1,700,1,-1,-1,-1,-1
48,3,1,700,-1,-1,-1,-1,-1
45,3,1,700,-1,-1,-1,-1,-1
39,2,2,700,-1,1,-1,2,5
35,1,1,700,-1,-1,-1,-1,-1
18,1,2,700,2,2,-1,2,7
57,2,2,700,-1,-1,-1,-1,-1
19,1,1,700,1,2,-1,2,8
35,2,2,700,-1,1,-1,2,7
10,1,1,700,1,-1,-1,-1,-1
10,1,1,700,1,-1,-1,-1,-1
27,2,2,700,-1,1,2,1,-1
49,2,1,700,-1,-1,-1,-1,-1
20,1,1,700,2,-1,-1,-1,-1
29,2,2,700,-1,2,-1,2,7
6,1,1,700,1,-1,-1,-1,-1
15,1,1,700,1,2,-1,2,7
30,1,2,700,-1,-1,-1,-1,-1
24,2,1,700,2,-1,-1,-1,-1
6,1,2,700,1,-1,-1,-1,-1
43,2,2,700,-1,2,-1,2,7
46,2,1,700,-1,-1,-1,-1,-1
11,1,1,700,1,-1,-1,-1,-1
55,2,1,700,-1,1,-1,2,7
33,1,1,700,-1,-1,-1,-1,-1
13,1,2,700,1,-1,-1,-1,-1
20,1,2,700,2,-1,-1,-1,-1
42,2,2,700,-1,1,-1,2,7
36,2,1,700,-1,-1,-1,-1,-1
9,1,1,700,2,-1,-1,-1,-1
41,2,2,700,-1,2,-1,2,7
49,2,1,700,-1,-1,-1,-1,-1
9,1,2,700,1,-1,-1,-1,-1
43,2,2,700,-1,1,-1,2,7
49,2,1,700,-1,-1,-1,-1,-1
16,1,2,700,2,-1,-1,-1,-1
5,1,1,700,1,-1,-1,-1,-1
49,2,1,700,-1,-1,-1,-1,-1
5,1,1,700,1,-1,-1,-1,-1
16,1,2,700,2,-1,-1,-1,-1
7,1,2,700,1,-1,-1,-1,-1
5,1,1,700,1,-1,-1,-1,-1
38,2,1,700,-1,-1,-1,-1,-1
15,1,2,700,1,2,-1,2,8
34,2,2,700,-1,-1,-1,-1,-1
61,2,2,700,-1,-1,-1,-1,-1
35,2,2,700,-1,-1,-1,-1,-1
19,1,2,700,1,1,-1,2,8
36,1,1,700,-1,-1,-1,-1,-1
9,1,2,700,1,-1,-1,-1,-1
31,1,2,700,-1,-1,-1,-1,-1
44,2,1,700,-1,1,-1,2,7
20,1,2,700,2,2,2,1,-1
25,1,1,700,-1,-1,-1,-1,-1
45,2,2,700,-1,-1,-1,-1,-1
32,2,2,700,-1,2,-1,2,7
25,1,1,700,-1,-1,-1,-1,-1
15,1,2,700,1,2,-1,2,8
48,2,2,700,-1,1,-1,2,7
60,2,2,700,-1,1,-1,2,6
16,1,1,700,1,-1,-1,-1,-1
12,1,2,700,1,-1,-1,-1,-1
5,1,1,700,1,-1,-1,-1,-1
30,1,2,700,-1,1,-1,2,7
42,2,2,700,-1,1,-1,2,7
5,1,2,700,1,-1,-1,-1,-1
23,2,1,700,2,-1,-1,-1,-1
9,1,1,700,1,-1,-1,-1,-1
16,1,1,700,1,2,-1,2,7
21,2,2,700,2,2,-1,2,7
36,1,1,700,-1,-1,-1,-1,-1
5,1,2,700,1,-1,-1,-1,-1
10,1,2,700,1,-1,-1,-1,-1
32,2,1,700,-1,-1,-1,-1,-1
60,2,2,700,-1,1,-1,2,7
36,1,1,700,-1,1,2,1,-1
11,1,1,700,1,-1,-1,-1,-1
55,2,2,700,-1,1,-1,2,7
20,1,2,700,1,2,-1,2,8
9,1,1,700,2,-1,-1,-1,-1
14,1,1,700,1,-1,-1,-1,-1
48,2,2,700,-1,1,-1,2,7
58,3,2,700,-1,1,-1,2,7
10,1,1,700,1,-1,-1,-1,-1
75,2,1,700,-1,1,-1,2,6
46,2,2,700,-1,1,-1,2,7
27,2,1,700,-1,-1,-1,-1,-1
26,2,1,700,-1,-1,-1,-1,-1
52,2,1,700,-1,-1,-1,-1,-1
9,1,2,700,1,-1,-1,-1,-1
78,2,1,700,-1,2,-1,2,6
30,2,1,700,-1,-1,-1,-1,-1
25,2,2,700,-1,1,-1,2,7
5,1,1,700,1,-1,-1,-1,-1
60,2,2,700,-1,1,-1,2,7
38,2,1,700,-1,-1,-1,-1,-1
6,1,2,700,1,-1,-1,-1,-1
17,1,1,700,2,-1,-1,-1,-1
16,1,2,700,1,2,-1,2,8
5,1,2,700,2,-1,-1,-1,-1
6,1,2,700,1,-1,-1,-1,-1
26,2,1,700,-1,1,-1,2,7
18,1,2,700,2,1,2,1,-1
20,1,2,700,2,2,-1,2,7
24,2,2,700,2,1,-1,2,7
26,1,1,700,-1,-1,-1,-1,-1
55,2,2,700,-1,1,-1,2,7
32,1,2,700,-1,-1,-1,-1,-1
39,2,2,700,-1,1,-1,2,7
6,1,2,700,1,-1,-1,-1,-1
9,1,2,700,1,-1,-1,-1,-1
14,1,1,700,2,-1,-1,-1,-1
49,2,2,700,-1,-1,-1,-1,-1
7,1,1,700,1,-1,-1,-1,-1
12,1,1,700,1,-1,-1,-1,-1
55,2,2,700,-1,1,-1,2,7
52,2,1,700,-1,-1,-1,-1,-1
9,1,1,700,1,-1,-1,-1,-1
16,1,2,700,1,2,-1,2,8
51,2,1,700,-1,-1,-1,-1,-1
11,1,1,700,1,-1,-1,-1,-1
11,1,1,700,1,-1,-1,-1,-1
24,2,1,700,2,-1,-1,-1,-1
37,2,2,700,-1,-1,-1,-1,-1
30,4,2,700,-1,-1,-1,-1,-1
61,2,1,700,-1,-1,-1,-1,-1
5,1,1,700,1,-1,-1,-1,-1
21,1,1,700,2,-1,-1,-1,-1
59,2,1,700,-1,-1,-1,-1,-1
15,1,2,700,1,2,-1,2,8
10,1,1,700,1,-1,-1,-1,-1
19,1,1,700,2,2,-1,2,2
66,2,1,700,-1,-1,-1,-1,-1
31,2,1,700,-1,-1,-1,-1,-1
15,1,1,700,1,2,-1,2,8
38,2,1,700,-1,-1,-1,-1,-1
36,2,1,700,-1,-1,-1,-1,-1
23,1,2,700,2,2,-1,2,9
54,2,2,700,-1,-1,-1,-1,-1
22,1,1,700,1,2,-1,2,8
60,2,1,700,-1,-1,-1,-1,-1
21,2,1,700,2,-1,-1,-1,-1
26,1,1,700,-1,-1,-1,-1,-1
7,1,1,700,1,-1,-1,-1,-1
13,1,2,700,1,-1,-1,-1,-1
17,1,2,700,1,2,-1,2,8
34,2,2,700,-1,2,-1,2,7
5,1,1,700,1,-1,-1,-1,-1
29,2,1,700,-1,-1,-1,-1,-1
53,2,1,700,-1,-1,-1,-1,-1
17,1,2,700,1,1,-1,2,8
45,2,2,700,-1,-1,-1,-1,-1
16,1,2,700,1,2,-1,2,8
17,1,1,700,2,-1,-1,-1,-1
22,2,2,700,2,-1,-1,-1,-1
64,2,2,700,-1,-1,-1,-1,-1
54,2,2,700,-1,1,-1,2,7
45,2,1,700,-1,-1,-1,-1,-1
6,1,2,700,1,-1,-1,-1,-1
8,1,1,700,1,-1,-1,-1,-1
20,1,2,700,2,-1,-1,-1,-1
5,1,2,700,2,-1,-1,-1,-1
44,2,2,700,-1,1,-1,2,7
51,2,1,700,-1,-1,-1,-1,-1
58,2,1,700,-1,-1,-1,-1,-1
7,1,1,700,2,-1,-1,-1,-1
51,2,2,700,-1,-1,-1,-1,-1
19,1,2,700,1,2,-1,2,8
67,2,2,700,-1,-1,-1,-1,-1
13,1,2,700,2,-1,-1,-1,-1
36,2,1,700,-1,-1,-1,-1,-1
35,2,2,700,-1,-1,-1,-1,-1
15,1,1,700,1,2,-1,2,8
20,1,2,700,2,-1,-1,-1,-1
27,1,2,700,-1,-1,-1,-1,-1
19,1,1,700,2,-1,-1,-1,-1
26,2,2,700,-1,1,-1,2,7
32,2,1,700,-1,-1,-1,-1,-1
25,2,2,700,-1,-1,-1,-1,-1
19,1,2,700,1,2,-1,2,8
11,1,1,700,1,-1,-1,-1,-1
69,2,1,700,-1,-1,-1,-1,-1
56,2,2,700,-1,-1,-1,-1,-1
16,1,1,700,1,2,-1,2,8
13,1,1,700,1,-1,-1,-1,-1
25,1,1,700,-1,1,-1,2,2
17,1,1,700,2,-1,-1,-1,-1
61,1,1,700,-1,-1,-1,-1,-1
52,1,1,700,-1,-1,-1,-1,-1
19,1,2,700,1,2,-1,2,8
40,2,1,700,-1,-1,-1,-1,-1
27,2,2,700,-1,-1,-1,-1,-1
36,2,2,700,-1,-1,-1,-1,-1
28,1,1,700,-1,2,-1,2,6
47,2,2,700,-1,-1,-1,-1,-1
16,1,2,700,1,2,-1,2,8
61,2,2,700,-1,-1,-1,-1,-1
52,2,2,700,-1,1,-1,2,7
58,2,2,700,-1,-1,-1,-1,-1
16,1,1,700,2,-1,-1,-1,-1
74,2,1,700,-1,1,-1,2,6
28,1,1,700,-1,-1,-1,-1,-1
46,2,2,700,-1,-1,-1,-1,-1
50,1,2,700,-1,-1,-1,-1,-1
29,2,2,700,-1,-1,-1,-1,-1
14,1,2,700,2,-1,-1,-1,-1
21,2,2,700,2,2,-1,2,7
25,2,1,700,-1,-1,-1,-1,-1
32,1,1,700,-1,-1,-1,-1,-1
47,2,1,700,-1,-1,-1,-1,-1
64,2,1,700,-1,-1,-1,-1,-1
54,2,2,700,-1,-1,-1,-1,-1
8,1,2,700,1,-1,-1,-1,-1
27,1,2,700,-1,-1,-1,-1,-1
10,1,1,700,1,-1,-1,-1,-1
64,3,2,700,-1,1,-1,2,7
12,1,2,700,1,-1,-1,-1,-1
32,2,2,700,-1,2,-1,2,7
9,1,1,700,1,-1,-1,-1,-1
82,1,2,700,-1,-1,-1,-1,-1
54,2,2,700,-1,1,-1,2,7
6,1,2,700,1,-1,-1,-1,-1
15,1,1,700,1,2,-1,2,8
13,1,1,700,2,-1,-1,-1,-1
14,1,2,700,1,-1,-1,-1,-1
13,1,2,700,1,-1,-1,-1,-1
36,4,1,700,-1,-1,-1,-1,-1
10,1,2,700,1,-1,-1,-1,-1
17,1,1,700,1,2,-1,2,8
25,2,1,700,-1,1,-1,2,2
38,2,2,700,-1,-1,-1,-1,-1
29,1,2,700,-1,1,-1,2,7
17,1,2,700,1,2,-1,2,8
7,1,2,700,1,-1,-1,-1,-1
15,1,2,700,1,2,-1,2,8
62,3,2,700,-1,-1,-1,-1,-1
9,1,2,700,1,-1,-1,-1,-1
87,2,1,700,-1,1,-1,2,6
51,2,1,700,-1,-1,-1,-1,-1
56,4,2,700,-1,-1,-1,-1,-1
50,2,2,700,-1,1,-1,2,7
67,1,2,700,-1,-1,-1,-1,-1
45,4,2,700,-1,1,-1,2,7
10,1,2,700,1,-1,-1,-1,-1
68,2,1,700,-1,1,-1,2,3
11,1,1,700,1,-1,-1,-1,-1
10,1,1,700,1,-1,-1,-1,-1
11,1,1,700,1,-1,-1,-1,-1
7,1,2,700,1,-1,-1,-1,-1
44,2,2,700,-1,1,-1,2,4
10,1,1,700,1,-1,-1,-1,-1
6,1,1,700,1,-1,-1,-1,-1
53,2,1,700,-1,-1,-1,-1,-1
44,4,2,700,-1,-1,-1,-1,-1
35,2,1,700,-1,-1,-1,-1,-1
78,3,1,700,-1,1,-1,2,6
16,1,2,700,1,-1,-1,-1,-1
13,1,2,700,1,-1,-1,-1,-1
36,2,2,700,-1,1,-1,2,7
12,1,1,700,1,-1,-1,-1,-1
5,1,2,700,1,-1,-1,-1,-1
38,4,2,700,-1,1,-1,2,1
11,1,2,700,1,-1,-1,-1,-1
59,1,1,700,-1,-1,-1,-1,-1
9,1,1,700,1,-1,-1,-1,-1
10,1,2,700,1,-1,-1,-1,-1
15,1,2,700,1,2,-1,2,8
65,3,2,700,-1,1,-1,2,3
7,1,1,700,1,-1,-1,-1,-1
32,2,1,700,-1,-1,-1,-1,-1
39,2,2,700,-1,-1,-1,-1,-1
53,2,1,700,-1,-1,-1,-1,-1
27,2,1,700,-1,-1,-1,-1,-1
10,1,2,700,1,-1,-1,-1,-1
48,2,1,700,-1,-1,-1,-1,-1
31,2,1,700,-1,-1,-1,-1,-1
20,1,2,700,2,1,-1,2,5
19,1,2,700,1,-1,-1,-1,-1
52,2,2,700,-1,1,-1,2,7
25,1,2,700,-1,-1,-1,-1,-1
11,1,1,700,1,-1,-1,-1,-1
27,1,1,700,-1,-1,-1,-1,-1
21,1,2,700,2,2,-1,2,7
7,1,1,700,1,-1,-1,-1,-1
40,2,2,700,-1,1,-1,2,7
43,2,1,700,-1,1,-1,2,7
12,1,2,700,1,-1,-1,-1,-1
27,1,1,700,-1,-1,-1,-1,-1
6,1,1,700,2,-1,-1,-1,-1
19,1,2,700,2,2,-1,2,2
16,1,2,700,1,1,2,1,-1
52,1,1,700,-1,2,-1,2,6
29,1,1,700,-1,-1,-1,-1,-1
15,1,2,700,1,2,-1,2,8
39,2,2,700,-1,-1,-1,-1,-1
23,1,1,700,2,-1,-1,-1,-1
69,2,1,700,-1,-1,-1,-1,-1
73,2,2,700,-1,-1,-1,-1,-1
41,1,1,700,-1,-1,-1,-1,-1
40,2,2,700,-1,1,-1,2,7
12,1,2,700,1,-1,-1,-1,-1
11,1,2,700,1,-1,-1,-1,-1
6,1,1,700,1,-1,-1,-1,-1
16,1,2,700,1,2,-1,2,8
49,2,1,700,-1,-1,-1,-1,-1
33,1,2,700,-1,-1,-1,-1,-1
13,1,1,700,2,-1,-1,-1,-1
38,2,2,700,-1,1,-1,2,7
26,2,1,700,-1,-1,-1,-1,-1
22,1,1,700,1,1,-1,2,7
48,2,1,700,-1,-1,-1,-1,-1
32,1,1,700,-1,-1,-1,-1,-1
12,1,1,700,1,-1,-1,-1,-1
53,2,1,700,-1,-1,-1,-1,-1
10,1,2,700,1,-1,-1,-1,-1
30,1,1,700,-1,-1,-1,-1,-1
21,1,1,700,2,-1,-1,-1,-1
27,1,1,700,-1,-1,-1,-1,-1
36,2,2,700,-1,-1,-1,-1,-1
47,2,1,700,-1,-1,-1,-1,-1
65,2,2,700,-1,1,-1,2,6
22,1,1,700,2,-1,-1,-1,-1
22,1,1,700,2,-1,-1,-1,-1
59,3,2,700,-1,-1,-1,-1,-1
19,1,1,700,1,2,-1,2,8
21,1,2,700,2,2,-1,2,7
37,2,1,700,-1,-1,-1,-1,-1
15,1,1,700,1,2,-1,2,8
49,2,1,700,-1,-1,-1,-1,-1
28,1,1,700,-1,-1,-1,-1,-1
40,2,1,700,-1,-1,-1,-1,-1
51,2,1,700,-1,-1,-1,-1,-1
15,1,2,700,1,-1,-1,-1,-1
30,1,1,700,-1,-1,-1,-1,-1
22,2,2,700,2,2,-1,2,7
30,1,1,700,-1,-1,-1,-1,-1
10,1,1,700,1,-1,-1,-1,-1
71,3,2,700,-1,1,-1,2,6
10,1,1,700,1,-1,-1,-1,-1
15,1,1,700,1,-1,-1,-1,-1
30,2,1,700,-1,-1,-1,-1,-1
13,1,2,700,1,-1,-1,-1,-1
20,1,2,700,1,2,-1,2,8
66,3,2,700,-1,-1,-1,-1,-1
39,2,2,700,-1,1,-1,2,7
28,2,2,700,-1,-1,-1,-1,-1
21,2,2,700,2,1,-1,2,2
23,1,1,700,2,2,-1,2,9
36,1,1,700,-1,-1,-1,-1,-1
50,3,2,700,-1,-1,-1,-1,-1
36,2,1,700,-1,-1,-1,-1,-1
5,1,2,700,1,-1,-1,-1,-1
81,2,1,700,-1,-1,-1,-1,-1
13,1,1,700,1,-1,-1,-1,-1
14,1,2,700,1,-1,-1,-1,-1
32,2,1,700,-1,-1,-1,-1,-1
16,1,2,700,1,2,-1,2,8
86,3,2,700,-1,-1,-1,-1,-1
9,1,2,700,1,-1,-1,-1,-1
54,2,1,700,-1,1,-1,2,7
17,1,1,700,1,-1,-1,-1,-1
8,1,1,700,1,-1,-1,-1,-1
65,3,2,700,-1,-1,-1,-1,-1
16,1,1,700,1,-1,-1,-1,-1
10,1,2,700,1,-1,-1,-1,-1
22,1,2,700,2,-1,-1,-1,-1
35,1,1,700,-1,-1,-1,-1,-1
17,1,2,700,1,2,-1,2,8
50,1,1,700,-1,-1,-1,-1,-1
13,1,1,700,1,-1,-1,-1,-1
43,2,1,700,-1,-1,-1,-1,-1
7,1,1,700,1,-1,-1,-1,-1
10,1,1,700,1,-1,-1,-1,-1
41,2,2,700,-1,-1,-1,-1,-1
9,1,1,700,1,-1,-1,-1,-1
55,2,1,700,-1,-1,-1,-1,-1
43,2,1,700,-1,-1,-1,-1,-1
60,3,1,700,-1,-1,-1,-1,-1
28,2,1,700,-1,-1,-1,-1,-1
5,1,2,700,1,-1,-1,-1,-1
38,2,1,700,-1,-1,-1,-1,-1
12,1,2,700,1,-1,-1,-1,-1
54,3,2,700,-1,-1,-1,-1,-1
34,2,1,700,-1,-1,-1,-1,-1
9,1,1,700,1,-1,-1,-1,-1
51,2,2,700,-1,-1,-1,-1,-1
7,1,1,700,1,-1,-1,-1,-1
26,2,1,700,-1,-1,-1,-1,-1
60,2,1,700,-1,-1,-1,-1,-1
26,2,2,700,-1,-1,-1,-1,-1
49,2,1,700,-1,-1,-1,-1,-1
8,1,1,700,1,-1,-1,-1,-1
38,2,2,700,-1,1,-1,2,7
7,1,2,700,1,-1,-1,-1,-1
30,2,1,700,-1,-1,-1,-1,-1
41,2,2,700,-1,-1,-1,-1,-1
10,1,2,700,1,-1,-1,-1,-1
52,2,1,700,-1,-1,-1,-1,-1
14,1,1,700,2,-1,-1,-1,-1
28,1,1,700,-1,-1,-1,-1,-1
40,2,2,700,-1,1,-1,2,7
32,1,1,700,-1,-1,-1,-1,-1
24,1,1,700,2,2,-1,2,5
22,1,1,700,2,1,2,1,-1
14,1,2,700,1,-1,-1,-1,-1
22,1,2,700,2,1,-1,2,2
22,2,1,700,2,-1,-1,-1,-1
32,1,1,700,-1,2,-1,2,7
17,1,1,700,2,-1,-1,-1,-1
22,1,1,700,2,2,-1,2,1
21,1,1,700,1,2,-1,2,8
40,2,1,700,-1,-1,-1,-1,-1
9,1,1,700,1,-1,-1,-1,-1
34,2,2,700,-1,-1,-1,-1,-1
19,1,1,700,1,2,-1,2,8
22,1,2,700,2,1,2,1,-1
32,2,2,700,-1,-1,-1,-1,-1
22,1,1,700,1,2,-1,2,8
8,1,1,700,1,-1,-1,-1,-1
18,1,2,700,1,2,-1,2,8
40,2,2,700,-1,-1,-1,-1,-1
28,2,1,700,-1,1,-1,2,7
33,1,1,700,-1,-1,-1,-1,-1
7,1,1,700,1,-1,-1,-1,-1
62,2,1,700,-1,1,-1,2,6
15,1,1,700,1,-1,-1,-1,-1
57,2,2,700,-1,-1,-1,-1,-1
45,2,2,700,-1,-1,-1,-1,-1
9,1,2,700,1,-1,-1,-1,-1
46,3,1,700,-1,-1,-1,-1,-1
16,1,2,700,2,2,-1,2,7
11,1,2,700,1,-1,-1,-1,-1
48,2,1,700,-1,-1,-1,-1,-1
38,2,2,700,-1,1,-1,2,7
17,1,2,700,1,2,-1,2,8
5,1,2,700,2,-1,-1,-1,-1
41,2,1,700,-1,-1,-1,-1,-1
31,2,1,700,-1,-1,-1,-1,-1
54,2,2,700,-1,1,-1,2,3
13,1,2,700,1,-1,-1,-1,-1
7,1,1,700,1,-1,-1,-1,-1
17,1,1,700,2,2,-1,2,8
53,2,1,700,-1,-1,-1,-1,-1
6,1,2,700,1,-1,-1,-1,-1
19,1,1,700,2,2,-1,2,7
13,1,2,700,1,-1,-1,-1,-1
12,1,2,700,1,-1,-1,-1,-1
52,2,1,700,-1,-1,-1,-1,-1
21,2,2,700,1,1,-1,2,7
24,1,1,700,2,-1,-1,-1,-1
30,1,1,700,-1,-1,-1,-1,-1
13,1,1,700,1,-1,-1,-1,-1
34,2,1,700,-1,-1,-1,-1,-1
18,1,2,700,1,2,-1,2,8
17,1,2,700,1,2,-1,2,8
27,2,2,700,-1,1,-1,2,7
7,1,2,700,1,-1,-1,-1,-1
49,2,2,700,-1,1,-1,2,7
21,1,1,700,2,-1,-1,-1,-1
11,1,1,700,1,-1,-1,-1,-1
21,1,1,700,2,-1,-1,-1,-1
5,1,2,700,1,-1,-1,-1,-1
16,1,2,700,1,2,-1,2,8
10,1,2,700,1,-1,-1,-1,-1
41,2,1,700,-1,-1,-1,-1,-1
24,1,1,700,2,-1,-1,-1,-1
15,1,2,700,1,2,-1,2,8
32,2,2,700,-1,1,-1,2,7
62,2,1,700,-1,2,-1,2,6
20,2,2,700,2,1,-1,2,7
14,1,1,700,1,-1,-1,-1,-1
9,1,2,700,1,-1,-1,-1,-1
12,1,1,700,1,-1,-1,-1,-1
56,3,2,700,-1,1,-1,2,7
28,1,1,700,-1,1,-1,2,3
6,1,2,700,1,-1,-1,-1,-1
18,1,1,700,1,2,-1,2,8
15,1,1,700,1,1,-1,2,6
35,2,1,700,-1,-1,-1,-1,-1
22,2,1,700,2,-1,-1,-1,-1
18,1,1,700,1,2,-1,2,8
19,2,2,700,2,1,-1,2,8
35,2,2,700,-1,1,-1,2,7
15,1,2,700,1,2,-1,2,8
5,1,1,700,2,-1,-1,-1,-1
21,2,2,700,2,1,-1,2,7
11,1,1,700,1,-1,-1,-1,-1
74,2,1,700,-1,-1,-1,-1,-1
7,1,1,700,1,-1,-1,-1,-1
25,1,2,700,-1,-1,-1,-1,-1
17,1,2,700,1,2,-1,2,8
32,2,2,700,-1,-1,-1,-1,-1
31,1,2,700,-1,1,-1,2,7
30,1,1,700,-1,-1,-1,-1,-1
65,2,1,700,-1,1,-1,2,6
10,1,1,700,1,-1,-1,-1,-1
14,1,1,700,1,-1,-1,-1,-1
49,2,1,700,-1,-1,-1,-1,-1
21,1,1,700,1,2,-1,2,8
43,2,1,700,-1,-1,-1,-1,-1
56,2,1,700,-1,-1,-1,-1,-1
50,2,1,700,-1,-1,-1,-1,-1
23,1,1,700,2,-1,-1,-1,-1
80,2,1,700,-1,1,-1,2,6
41,2,1,700,-1,1,-1,2,9
36,2,2,700,-1,1,-1,2,7
48,2,2,700,-1,-1,-1,-1,-1
12,1,1,700,1,-1,-1,-1,-1
46,2,1,700,-1,-1,-1,-1,-1
13,1,1,700,1,-1,-1,-1,-1
21,1,1,700,2,1,2,1,-1
30,2,1,700,-1,-1,-1,-1,-1
40,2,1,700,-1,-1,-1,-1,-1
18,2,1,700,2,-1,-1,-1,-1
12,1,1,700,1,-1,-1,-1,-1
13,1,1,700,1,-1,-1,-1,-1
66,2,2,700,-1,1,-1,2,7
12,1,2,700,1,-1,-1,-1,-1
55,2,2,700,-1,-1,-1,-1,-1
16,1,1,700,1,2,-1,2,8
22,1,1,700,1,2,-1,2,8
10,1,1,700,1,-1,-1,-1,-1
22,1,2,700,2,-1,-1,-1,-1
18,1,1,700,2,-1,-1,-1,-1
23,1,1,700,2,1,2,1,-1
5,1,1,700,1,-1,-1,-1,-1
70,2,2,700,-1,1,-1,2,6
8,1,1,700,1,-1,-1,-1,-1
63,2,1,700,-1,-1,-1,-1,-1
14,1,1,700,1,-1,-1,-1,-1
49,2,1,700,-1,-1,-1,-1,-1
7,1,1,700,1,-1,-1,-1,-1
71,2,1,700,-1,1,-1,2,6
42,2,2,700,-1,1,-1,2,7
20,1,1,700,1,2,1,1,-1
12,1,1,700,1,-1,-1,-1,-1
23,1,1,700,2,-1,-1,-1,-1
6,1,1,700,1,-1,-1,-1,-1
27,2,2,700,-1,1,-1,2,7
21,1,1,700,2,-1,-1,-1,-1
34,2,1,700,-1,-1,-1,-1,-1
10,1,1,700,1,-1,-1,-1,-1
19,1,2,700,1,1,-1,2,8
24,2,2,700,2,-1,-1,-1,-1
26,2,1,700,-1,-1,-1,-1,-1
16,1,2,700,1,-1,-1,-1,-1
9,1,1,700,1,-1,-1,-1,-1
43,2,2,700,-1,-1,-1,-1,-1
34,2,2,700,-1,1,-1,2,7
8,1,1,700,1,-1,-1,-1,-1
8,1,1,700,1,-1,-1,-1,-1
33,2,2,700,-1,1,-1,2,7
57,2,1,700,-1,-1,-1,-1,-1
51,2,2,700,-1,-1,-1,-1,-1
32,1,2,700,-1,-1,-1,-1,-1
25,2,2,700,-1,1,2,1,-1
22,1,1,700,2,-1,-1,-1,-1
46,2,1,700,-1,-1,-1,-1,-1
25,2,1,700,-1,-1,-1,-1,-1
35,2,1,700,-1,-1,-1,-1,-1
82,2,1,700,-1,-1,-1,-1,-1
42,4,2,700,-1,-1,-1,-1,-1
67,2,1,700,-1,-1,-1,-1,-1
35,2,2,700,-1,1,-1,2,7
9,1,2,700,1,-1,-1,-1,-1
34,2,2,700,-1,1,-1,2,7
10,1,1,700,1,-1,-1,-1,-1
29,2,2,700,-1,-1,-1,-1,-1
31,2,2,700,-1,1,-1,2,7
36,2,2,700,-1,-1,-1,-1,-1
40,2,1,700,-1,-1,-1,-1,-1
13,1,2,700,1,-1,-1,-1,-1
20,1,1,700,1,2,-1,2,8
34,2,2,700,-1,1,-1,2,7
51,2,2,700,-1,-1,-1,-1,-1
50,2,1,700,-1,-1,-1,-1,-1
34,1,2,700,-1,-1,-1,-1,-1
30,2,1,700,-1,-1,-1,-1,-1
68,2,1,700,-1,-1,-1,-1,-1
30,1,1,700,-1,-1,-1,-1,-1
64,3,2,700,-1,1,-1,2,6
14,1,1,700,1,-1,-1,-1,-1
14,1,1,700,1,-1,-1,-1,-1
6,1,2,700,1,-1,-1,-1,-1
25,2,2,700,-1,1,-1,2,7
18,1,1,700,1,2,-1,2,8
23,4,2,700,2,-1,-1,-1,-1
45,2,1,700,-1,-1,-1,-1,-1
12,1,2,700,1,-1,-1,-1,-1
8,1,1,700,1,-1,-1,-1,-1
12,1,1,700,1,-1,-1,-1,-1
15,1,1,700,1,-1,-1,-1,-1
5,1,1,700,1,-1,-1,-1,-1
7,1,1,700,1,-1,-1,-1,-1
16,1,1,700,2,2,-1,2,6
30,2,1,700,-1,-1,-1,-1,-1
34,2,2,700,-1,-1,-1,-1,-1
67,1,1,700,-1,-1,-1,-1,-1
23,1,1,700,2,1,2,1,-1
9,1,1,700,1,-1,-1,-1,-1
21,2,2,700,2,1,-1,2,7
42,2,2,700,-1,1,-1,2,7
78,3,2,700,-1,1,-1,2,6
52,2,1,700,-1,-1,-1,-1,-1
8,1,1,700,1,-1,-1,-1,-1
43,2,2,700,-1,-1,-1,-1,-1
47,2,2,700,-1,1,-1,2,7
14,1,2,700,1,-1,-1,-1,-1
48,2,1,700,-1,-1,-1,-1,-1
72,2,2,700,-1,1,-1,2,7
15,1,1,700,1,2,-1,2,9
9,1,1,700,1,-1,-1,-1,-1
50,2,1,700,-1,-1,-1,-1,-1
5,1,1,700,1,-1,-1,-1,-1
8,1,2,700,1,-1,-1,-1,-1
40,2,2,700,-1,-1,-1,-1,-1
19,1,1,700,1,2,-1,2,8
5,1,2,700,2,-1,-1,-1,-1
41,2,2,700,-1,-1,-1,-1,-1
35,2,2,700,-1,1,-1,2,7
71,2,2,700,-1,1,-1,2,6
28,1,1,700,-1,1,2,1,-1
10,1,1,700,1,-1,-1,-1,-1
8,1,2,700,1,-1,-1,-1,-1
60,2,2,700,-1,1,-1,2,3
29,1,1,700,-1,-1,-1,-1,-1
34,2,2,700,-1,-1,-1,-1,-1
27,1,1,700,-1,-1,-1,-1,-1
13,1,2,700,1,-1,-1,-1,-1
22,1,2,700,2,1,2,1,-1
26,1,1,700,-1,-1,-1,-1,-1
5,1,1,700,2,-1,-1,-1,-1
17,1,1,700,1,2,-1,2,8
9,1,1,700,1,-1,-1,-1,-1
30,1,2,700,-1,-1,-1,-1,-1
34,1,1,700,-1,-1,-1,-1,-1
66,2,2,700,-1,-1,-1,-1,-1
12,1,1,700,1,-1,-1,-1,-1
13,1,2,700,1,-1,-1,-1,-1
22,1,1,700,2,-1,-1,-1,-1
21,2,2,700,2,-1,-1,-1,-1
20,1,1,700,2,-1,-1,-1,-1
30,2,1,700,-1,-1,-1,-1,-1
5,1,2,700,1,-1,-1,-1,-1
50,2,2,700,-1,1,-1,2,7
16,1,2,700,1,2,-1,2,8
59,2,2,700,-1,-1,-1,-1,-1
25,2,2,700,-1,1,-1,2,7
36,2,2,700,-1,-1,-1,-1,-1
20,2,2,700,2,-1,-1,-1,-1
34,2,1,700,-1,-1,-1,-1,-1
53,2,2,700,-1,1,-1,2,7
28,2,2,700,-1,2,-1,2,1
31,2,2,700,-1,1,-1,2,7
8,1,2,700,1,-1,-1,-1,-1
58,2,1,700,-1,-1,-1,-1,-1
7,1,2,700,1,-1,-1,-1,-1
5,1,1,700,1,-1,-1,-1,-1
41,2,1,700,-1,-1,-1,-1,-1
66,2,1,700,-1,-1,-1,-1,-1
37,2,2,700,-1,1,-1,2,7
52,2,2,700,-1,1,-1,2,7
10,1,2,700,1,-1,-1,-1,-1
6,1,1,700,2,-1,-1,-1,-1
18,1,2,700,1,-1,-1,-1,-1
45,2,1,700,-1,-1,-1,-1,-1
31,2,1,700,-1,-1,-1,-1,-1
52,1,1,700,-1,-1,-1,-1,-1
14,1,1,700,1,-1,-1,-1,-1
66,4,1,700,-1,1,-1,2,6
35,1,2,700,-1,1,2,1,-1
6,1,2,700,1,-1,-1,-1,-1
6,1,2,700,1,-1,-1,-1,-1
18,1,2,700,1,2,-1,2,8
15,1,1,700,1,2,-1,2,8
10,1,1,700,1,-1,-1,-1,-1
26,2,1,700,-1,-1,-1,-1,-1
33,2,2,700,-1,-1,-1,-1,-1
26,2,1,700,-1,-1,-1,-1,-1
55,4,1,700,-1,-1,-1,-1,-1
23,2,1,700,2,-1,-1,-1,-1
22,1,2,700,2,-1,-1,-1,-1
68,2,1,700,-1,-1,-1,-1,-1
7,1,2,700,1,-1,-1,-1,-1
20,2,2,700,2,-1,-1,-1,-1
12,1,1,700,2,-1,-1,-1,-1
51,2,2,700,-1,-1,-1,-1,-1
22,1,1,700,2,-1,-1,-1,-1
56,2,1,700,-1,-1,-1,-1,-1
20,2,1,700,2,-1,-1,-1,-1
28,2,2,700,-1,-1,-1,-1,-1
9,1,1,700,1,-1,-1,-1,-1
28,2,1,700,-1,1,-1,2,7
48,3,2,700,-1,-1,-1,-1,-1
7,1,2,700,1,-1,-1,-1,-1
6,1,1,700,1,-1,-1,-1,-1
7,1,2,700,1,-1,-1,-1,-1
22,1,2,700,2,-1,-1,-1,-1
42,1,1,700,-1,-1,-1,-1,-1
23,2,2,700,2,-1,-1,-1,-1
21,1,1,700,1,2,-1,2,8
20,2,1,700,2,-1,-1,-1,-1
7,1,2,700,1,-1,-1,-1,-1
18,1,1,700,1,2,-1,2,8
33,1,2,700,-1,-1,-1,-1,-1
51,4,2,700,-1,1,-1,2,7
37,2,2,700,-1,1,-1,2,7
52,1,1,700,-1,-1,-1,-1,-1
27,2,2,700,-1,1,-1,2,7
54,2,1,700,-1,-1,-1,-1,-1
47,3,2,700,-1,-1,-1,-1,-1
48,1,1,700,-1,-1,-1,-1,-1
56,2,1,700,-1,-1,-1,-1,-1
13,1,2,700,1,-1,-1,-1,-1
39,2,2,700,-1,1,-1,2,7
8,1,2,700,1,-1,-1,-1,-1
15,1,1,700,1,2,-1,2,8
40,2,1,700,-1,-1,-1,-1,-1
32,2,1,700,-1,-1,-1,-1,-1
31,2,1,700,-1,-1,-1,-1,-1
14,1,1,700,1,-1,-1,-1,-1
65,2,1,700,-1,1,-1,2,6
75,1,2,700,-1,2,-1,2,6
13,1,1,700,1,-1,-1,-1,-1
36,2,1,700,-1,-1,-1,-1,-1
29,2,2,700,-1,-1,-1,-1,-1
30,2,2,700,-1,-1,-1,-1,-1
28,2,2,700,-1,-1,-1,-1,-1
41,2,1,700,-1,-1,-1,-1,-1
6,1,2,700,1,-1,-1,-1,-1
47,2,2,700,-1,1,-1,2,7
41,2,2,700,-1,1,-1,2,7
9,1,2,700,1,-1,-1,-1,-1
34,2,1,700,-1,-1,-1,-1,-1
11,1,1,700,1,-1,-1,-1,-1
37,2,1,700,-1,-1,-1,-1,-1
5,1,2,700,1,-1,-1,-1,-1
49,2,2,700,-1,-1,-1,-1,-1
35,2,1,700,-1,-1,-1,-1,-1
27,2,1,700,-1,-1,-1,-1,-1
80,2,1,700,-1,-1,-1,-1,-1
17,1,2,700,2,-1,-1,-1,-1
89,2,1,700,-1,1,-1,2,6
35,2,2,700,-1,1,-1,2,7
41,2,1,700,-1,-1,-1,-1,-1
18,1,2,700,1,2,-1,2,8
14,1,1,700,1,-1,-1,-1,-1
20,1,2,700,1,2,-1,2,8
15,1,1,700,2,2,-1,2,7
64,2,2,700,-1,-1,-1,-1,-1
46,2,1,700,-1,-1,-1,-1,-1
19,1,1,700,2,1,-1,2,5
11,1,2,700,1,-1,-1,-1,-1
73,2,1,700,-1,-1,-1,-1,-1
60,3,2,700,-1,-1,-1,-1,-1
20,1,1,700,2,-1,-1,-1,-1
8,1,1,700,1,-1,-1,-1,-1
45,2,2,700,-1,-1,-1,-1,-1
16,1,2,700,1,2,-1,2,8
52,2,2,700,-1,-1,-1,-1,-1
14,1,1,700,1,-1,-1,-1,-1
38,2,1,700,-1,-1,-1,-1,-1
36,2,2,700,-1,-1,-1,-1,-1
13,1,1,700,1,-1,-1,-1,-1
17,1,1,700,2,-1,-1,-1,-1
9,1,1,700,1,-1,-1,-1,-1
13,1,1,700,1,-1,-1,-1,-1
32,2,2,700,-1,1,-1,2,7
25,2,1,700,-1,1,-1,2,3
35,2,1,700,-1,-1,-1,-1,-1
18,1,1,700,1,1,-1,2,8
65,3,1,700,-1,-1,-1,-1,-1
31,1,1,700,-1,-1,-1,-1,-1
27,2,2,700,-1,-1,-1,-1,-1
10,1,1,700,1,-1,-1,-1,-1
57,2,1,700,-1,-1,-1,-1,-1
19,1,1,700,1,2,-1,2,8
36,2,1,700,-1,-1,-1,-1,-1
54,2,2,700,-1,-1,-1,-1,-1
30,2,1,700,-1,-1,-1,-1,-1
45,2,1,700,-1,-1,-1,-1,-1
12,1,1,700,1,-1,-1,-1,-1
9,1,2,700,1,-1,-1,-1,-1
21,2,2,700,2,-1,-1,-1,-1
49,3,2,700,-1,-1,-1,-1,-1
60,3,2,700,-1,1,-1,2,6
12,1,1,700,1,-1,-1,-1,-1
20,2,2,700,2,2,-1,2,7
44,2,2,700,-1,1,-1,2,7
33,2,1,700,-1,-1,-1,-1,-1
18,1,1,700,1,1,-1,2,8
20,1,1,700,1,2,-1,2,8
33,2,2,700,-1,1,-1,2,7
24,2,2,700,2,1,-1,2,7
49,2,1,700,-1,-1,-1,-1,-1
29,2,1,700,-1,1,-1,2,3
43,2,2,700,-1,-1,-1,-1,-1
55,2,1,700,-1,-1,-1,-1,-1
11,1,1,700,1,-1,-1,-1,-1
29,1,1,700,-1,1,-1,2,8
13,1,2,700,1,-1,-1,-1,-1
15,1,1,700,1,-1,-1,-1,-1
38,2,1,700,-1,-1,-1,-1,-1
12,1,1,700,1,-1,-1,-1,-1
23,1,2,700,2,-1,-1,-1,-1
45,2,1,700,-1,-1,-1,-1,-1
5,1,1,700,1,-1,-1,-1,-1
49,2,2,700,-1,-1,-1,-1,-1
31,1,1,700,-1,-1,-1,-1,-1
50,3,1,700,-1,-1,-1,-1,-1
7,1,2,700,1,-1,-1,-1,-1
23,1,1,700,2,-1,-1,-1,-1
53,4,2,700,-1,2,-1,2,7
17,1,1,700,1,-1,-1,-1,-1
28,2,1,700,-1,-1,-1,-1,-1
53,2,1,700,-1,-1,-1,-1,-1
29,2,2,700,-1,1,-1,2,7
7,1,1,700,1,-1,-1,-1,-1
17,1,1,700,1,2,-1,2,9
16,1,1,700,1,-1,-1,-1,-1
49,3,1,700,-1,-1,-1,-1,-1
53,2,1,700,-1,-1,-1,-1,-1
43,1,2,700,-1,-1,-1,-1,-1
47,2,2,700,-1,-1,-1,-1,-1
22,2,2,700,2,-1,-1,-1,-1
12,1,1,700,1,-1,-1,-1,-1
37,2,1,700,-1,-1,-1,-1,-1
42,2,1,700,-1,-1,-1,-1,-1
5,1,1,700,1,-1,-1,-1,-1
5,1,1,700,2,-1,-1,-1,-1
13,1,1,700,1,-1,-1,-1,-1
38,2,2,700,-1,-1,-1,-1,-1
25,1,1,700,-1,2,-1,2,1
26,1,1,700,-1,-1,-1,-1,-1
56,2,2,700,-1,1,-1,2,7
58,2,1,700,-1,-1,-1,-1,-1
6,1,2,700,2,-1,-1,-1,-1
16,1,1,700,1,2,-1,2,8
7,1,1,700,1,-1,-1,-1,-1
18,1,1,700,2,1,-1,2,1
11,1,2,700,1,-1,-1,-1,-1
25,2,1,700,-1,-1,-1,-1,-1
76,3,2,700,-1,1,-1,2,6
50,2,1,700,-1,-1,-1,-1,-1
57,2,2,700,-1,1,-1,2,7
46,2,2,700,-1,-1,-1,-1,-1
74,3,2,700,-1,1,-1,2,6
14,1,2,700,1,-1,-1,-1,-1
21,2,2,700,1,2,-1,2,8
45,2,1,700,-1,-1,-1,-1,-1
10,1,2,700,1,-1,-1,-1,-1
27,1,1,700,-1,-1,-1,-1,-1
14,1,1,700,1,-1,-1,-1,-1
49,2,2,700,-1,-1,-1,-1,-1
7,1,2,700,1,-1,-1,-1,-1
75,2,1,700,-1,1,-1,2,6
17,1,1,700,1,2,-1,2,8
37,2,2,700,-1,-1,-1,-1,-1
13,1,1,700,1,-1,-1,-1,-1
14,1,1,700,1,-1,-1,-1,-1
43,2,1,700,-1,-1,-1,-1,-1
30,2,1,700,-1,-1,-1,-1,-1
53,2,1,700,-1,-1,-1,-1,-1
57,2,1,700,-1,-1,-1,-1,-1
60,2,2,700,-1,-1,-1,-1,-1
8,1,2,700,1,-1,-1,-1,-1
14,1,2,700,1,-1,-1,-1,-1
30,2,2,700,-1,-1,-1,-1,-1
32,1,1,700,-1,-1,-1,-1,-1
10,1,1,700,1,-1,-1,-1,-1
27,2,2,700,-1,-1,-1,-1,-1
63,2,1,700,-1,-1,-1,-1,-1
16,1,1,700,2,2,-1,2,7
15,1,2,700,1,2,-1,2,7
27,2,2,700,-1,1,-1,2,7
20,1,2,700,1,2,2,1,-1
10,1,1,700,1,-1,-1,-1,-1
19,1,2,700,2,2,-1,2,9
42,2,2,700,-1,-1,-1,-1,-1
53,2,1,700,-1,-1,-1,-1,-1
37,2,2,700,-1,1,-1,2,7
22,2,2,700,2,-1,-1,-1,-1
14,1,2,700,1,-1,-1,-1,-1
28,2,1,700,-1,-1,-1,-1,-1
21,1,2,700,2,-1,-1,-1,-1
21,1,1,700,1,1,-1,2,8
14,1,1,700,2,-1,-1,-1,-1
44,2,2,700,-1,1,-1,2,7
37,2,1,700,-1,1,2,1,-1
9,1,2,700,1,-1,-1,-1,-1
26,1,2,700,-1,2,-1,2,7
27,2,1,700,-1,-1,-1,-1,-1
51,2,1,700,-1,-1,-1,-1,-1
59,2,1,700,-1,-1,-1,-1,-1
44,2,2,700,-1,-1,-1,-1,-1
61,2,1,700,-1,-1,-1,-1,-1
22,1,1,700,1,2,-1,2,8
30,1,2,700,-1,-1,-1,-1,-1
77,3,1,700,-1,-1,-1,-1,-1
18,2,1,700,2,-1,-1,-1,-1
59,2,1,700,-1,-1,-1,-1,-1
7,1,1,700,1,-1,-1,-1,-1
13,1,1,700,1,-1,-1,-1,-1
45,2,2,700,-1,-1,-1,-1,-1
17,1,2,700,1,-1,-1,-1,-1
8,1,1,700,1,-1,-1,-1,-1
19,1,2,700,1,1,-1,2,8
36,2,1,700,-1,-1,-1,-1,-1
12,1,1,700,1,-1,-1,-1,-1
14,1,1,700,2,-1,-1,-1,-1
28,2,1,700,-1,-1,-1,-1,-1
38,2,2,700,-1,-1,-1,-1,-1
43,2,1,700,-1,-1,-1,-1,-1
53,2,2,700,-1,1,-1,2,7
18,1,1,700,2,2,-1,2,8
31,2,2,700,-1,2,-1,2,7
69,2,1,700,-1,1,-1,2,6
15,1,2,700,1,2,-1,2,8
65,2,2,700,-1,2,-1,2,7
25,2,1,700,-1,-1,-1,-1,-1
12,1,2,700,1,-1,-1,-1,-1
8,1,1,700,1,-1,-1,-1,-1
41,2,2,700,-1,-1,-1,-1,-1
11,1,2,700,1,-1,-1,-1,-1
62,4,2,700,-1,1,-1,2,6
63,1,2,700,-1,-1,-1,-1,-1
40,2,2,700,-1,1,-1,2,7
26,2,1,700,-1,1,-1,2,9
8,1,1,700,2,-1,-1,-1,-1
24,1,1,700,1,2,-1,2,8
25,2,2,700,-1,1,-1,2,7
36,2,2,700,-1,1,-1,2,7
9,1,1,700,1,-1,-1,-1,-1
31,1,1,700,-1,-1,-1,-1,-1
8,1,1,700,1,-1,-1,-1,-1
31,1,1,700,-1,-1,-1,-1,-1
14,1,1,700,1,-1,-1,-1,-1
32,4,2,700,-1,-1,-1,-1,-1
45,2,1,700,-1,-1,-1,-1,-1
5,1,2,700,1,-1,-1,-1,-1
14,1,2,700,2,-1,-1,-1,-1
11,1,2,700,1,-1,-1,-1,-1
38,2,2,700,-1,-1,-1,-1,-1
25,2,2,700,-1,2,-1,2,7
62,2,1,700,-1,1,-1,2,6
26,1,1,700,-1,-1,-1,-1,-1
21,1,2,700,2,-1,-1,-1,-1
15,1,1,700,1,2,-1,2,6
57,2,2,700,-1,-1,-1,-1,-1
47,2,2,700,-1,2,-1,2,7
44,2,1,700,-1,-1,-1,-1,-1
17,1,1,700,1,2,-1,2,8
45,2,1,700,-1,-1,-1,-1,-1
73,2,1,700,-1,1,-1,2,6
31,2,2,700,-1,-1,-1,-1,-1
10,1,1,700,1,-1,-1,-1,-1
25,1,2,700,-1,1,2,1,-1
25,2,2,700,-1,-1,-1,-1,-1
5,1,1,700,2,-1,-1,-1,-1
32,2,2,700,-1,1,-1,2,7
49,2,1,700,-1,-1,-1,-1,-1
38,2,2,700,-1,-1,-1,-1,-1
17,1,2,700,2,1,-1,2,7
58,2,2,700,-1,-1,-1,-1,-1
8,1,1,700,1,-1,-1,-1,-1
27,1,1,700,-1,-1,-1,-1,-1
17,1,2,700,1,2,-1,2,8
63,3,2,700,-1,2,-1,2,7
45,2,2,700,-1,1,2,1,-1
29,2,1,700,-1,-1,-1,-1,-1
37,2,2,700,-1,-1,-1,-1,-1
26,1,1,700,-1,-1,-1,-1,-1
21,1,1,700,1,2,-1,2,8
10,1,1,700,1,-1,-1,-1,-1
49,2,2,700,-1,-1,-1,-1,-1
5,1,1,700,1,-1,-1,-1,-1
35,2,1,700,-1,-1,-1,-1,-1
14,1,2,700,1,-1,-1,-1,-1
42,4,1,700,-1,-1,-1,-1,-1
29,1,1,700,-1,-1,-1,-1,-1
29,2,1,700,-1,-1,-1,-1,-1
17,1,1,700,1,2,-1,2,8
19,1,1,700,2,-1,-1,-1,-1
15,1,1,700,1,2,-1,2,8
12,1,2,700,1,-1,-1,-1,-1
61,4,2,700,-1,-1,-1,-1,-1
19,1,1,700,2,-1,-1,-1,-1
55,2,1,700,-1,-1,-1,-1,-1
71,2,1,700,-1,1,-1,2,6
28,2,2,700,-1,-1,-1,-1,-1
79,3,1,700,-1,1,-1,2,6
80,3,1,700,-1,1,-1,2,6
72,3,2,700,-1,-1,-1,-1,-1
26,2,1,700,-1,-1,-1,-1,-1
51,2,1,700,-1,-1,-1,-1,-1
17,1,1,700,1,-1,-1,-1,-1
36,2,2,700,-1,1,-1,2,7
33,1,2,700,-1,2,-1,2,6
12,1,1,700,2,-1,-1,-1,-1
14,1,1,700,1,-1,-1,-1,-1
31,2,1,700,-1,-1,-1,-1,-1
19,1,1,700,1,2,-1,2,8
37,2,2,700,-1,-1,-1,-1,-1
24,1,1,700,2,-1,-1,-1,-1
13,1,1,700,1,-1,-1,-1,-1
6,1,1,700,1,-1,-1,-1,-1
21,1,2,700,2,-1,-1,-1,-1
29,2,2,700,-1,-1,-1,-1,-1
18,1,1,700,1,2,-1,2,8
6,1,1,700,1,-1,-1,-1,-1
57,2,1,700,-1,-1,-1,-1,-1
7,1,2,700,1,-1,-1,-1,-1
43,2,1,700,-1,-1,-1,-1,-1
27,2,1,700,-1,-1,-1,-1,-1
30,2,2,700,-1,-1,-1,-1,-1
53,2,1,700,-1,-1,-1,-1,-1
34,2,2,700,-1,-1,-1,-1,-1
51,2,2,700,-1,1,-1,2,7
55,2,1,700,-1,-1,-1,-1,-1
37,2,2,700,-1,-1,-1,-1,-1
10,1,1,700,1,-1,-1,-1,-1
43,2,1,700,-1,-1,-1,-1,-1
18,1,1,700,1,2,-1,2,8
22,1,1,700,2,-1,-1,-1,-1
11,1,2,700,1,-1,-1,-1,-1
7,1,2,700,1,-1,-1,-1,-1
56,2,1,700,-1,-1,-1,-1,-1
7,1,2,700,1,-1,-1,-1,-1
42,2,2,700,-1,1,-1,2,7
39,2,1,700,-1,-1,-1,-1,-1
57,2,1,700,-1,-1,-1,-1,-1
58,3,2,700,-1,-1,-1,-1,-1
5,1,1,700,1,-1,-1,-1,-1
7,1,1,700,1,-1,-1,-1,-1
10,1,1,700,1,-1,-1,-1,-1
18,2,1,700,2,-1,-1,-1,-1
30,2,1,700,-1,-1,-1,-1,-1
85,2,2,700,-1,2,-1,2,6
15,1,2,700,1,2,-1,2,8
38,2,1,700,-1,-1,-1,-1,-1
26,2,1,700,-1,-1,-1,-1,-1
56,2,1,700,-1,1,-1,2,5
23,2,1,700,2,-1,-1,-1,-1
6,1,2,700,1,-1,-1,-1,-1
9,1,2,700,1,-1,-1,-1,-1
6,1,2,700,1,-1,-1,-1,-1
12,1,2,700,1,-1,-1,-1,-1
21,2,2,700,2,1,-1,2,7
13,1,1,700,1,-1,-1,-1,-1
14,1,1,700,1,-1,-1,-1,-1
53,2,1,700,-1,-1,-1,-1,-1
14,1,1,700,1,-1,-1,-1,-1
31,2,2,700,-1,-1,-1,-1,-1
28,2,2,700,-1,1,-1,2,7
17,1,2,700,1,2,-1,2,8
30,2,2,700,-1,1,-1,2,7
65,2,1,700,-1,1,-1,2,6
18,1,1,700,2,2,-1,2,1
50,2,1,700,-1,-1,-1,-1,-1
26,1,2,700,-1,1,2,1,-1
17,1,1,700,2,2,-1,2,7
52,2,2,700,-1,1,-1,2,7
26,1,2,700,-1,-1,-1,-1,-1
54,2,1,700,-1,-1,-1,-1,-1
57,2,2,700,-1,-1,-1,-1,-1
18,1,2,700,1,1,-1,2,8
75,2,2,700,-1,1,-1,2,6
6,1,2,700,1,-1,-1,-1,-1
19,1,2,700,1,2,-1,2,8
27,1,2,700,-1,-1,-1,-1,-1
26,2,2,700,-1,-1,-1,-1,-1
50,2,2,700,-1,1,-1,2,7
23,1,2,700,2,-1,-1,-1,-1
15,1,1,700,1,2,-1,2,8
6,1,2,700,1,-1,-1,-1,-1
5,1,2,700,1,-1,-1,-1,-1
12,1,2,700,1,-1,-1,-1,-1
14,1,2,700,1,-1,-1,-1,-1
16,1,2,700,1,2,-1,2,8
38,2,1,700,-1,-1,-1,-1,-1
16,1,2,700,1,2,-1,2,7
47,2,1,700,-1,-1,-1,-1,-1
21,1,2,700,2,-1,-1,-1,-1
24,2,2,700,2,-1,-1,-1,-1
33,2,1,700,-1,-1,-1,-1,-1
7,1,1,700,1,-1,-1,-1,-1
70,3,2,700,-1,1,-1,2,6
5,1,1,700,2,-1,-1,-1,-1
26,2,2,700,-1,1,-1,2,7
21,1,1,700,1,2,-1,2,8
57,1,1,700,-1,-1,-1,-1,-1
9,1,1,700,1,-1,-1,-1,-1
25,2,2,700,-1,-1,-1,-1,-1
13,1,2,700,1,-1,-1,-1,-1
32,2,1,700,-1,-1,-1,-1,-1
27,2,2,700,-1,2,-1,2,8
24,1,1,700,2,-1,-1,-1,-1
14,1,2,700,1,-1,-1,-1,-1
21,1,2,700,2,-1,-1,-1,-1
17,1,2,700,1,2,-1,2,8
40,2,1,700,-1,-1,-1,-1,-1
23,2,2,700,2,-1,-1,-1,-1
34,1,1,700,-1,-1,-1,-1,-1
51,2,2,700,-1,-1,-1,-1,-1
6,1,1,700,1,-1,-1,-1,-1
48,2,1,700,-1,-1,-1,-1,-1
45,1,1,700,-1,-1,-1,-1,-1
22,2,2,700,2,1,-1,2,7
10,1,2,700,1,-1,-1,-1,-1
9,1,2,700,1,-1,-1,-1,-1
14,1,2,700,1,-1,-1,-1,-1
15,1,2,700,1,2,-1,2,9
18,1,1,700,1,-1,-1,-1,-1
9,1,2,700,1,-1,-1,-1,-1
31,2,1,700,-1,-1,-1,-1,-1
22,1,1,700,2,-1,-1,-1,-1
11,1,2,700,1,-1,-1,-1,-1
5,1,1,700,1,-1,-1,-1,-1
66,3,1,700,-1,-1,-1,-1,-1
26,1,1,700,-1,-1,-1,-1,-1
35,2,1,700,-1,-1,-1,-1,-1
60,2,1,700,-1,-1,-1,-1,-1
38,2,2,700,-1,-1,-1,-1,-1
70,2,2,700,-1,1,-1,2,6
44,2,1,700,-1,-1,-1,-1,-1
26,2,2,700,-1,1,-1,2,7
24,1,2,700,2,-1,-1,-1,-1
85,3,2,700,-1,1,-1,2,6
19,1,1,700,2,-1,-1,-1,-1
35,2,2,700,-1,1,-1,2,7
6,1,1,700,1,-1,-1,-1,-1
63,2,1,700,-1,-1,-1,-1,-1
16,1,2,700,1,2,-1,2,6
14,1,1,700,1,-1,-1,-1,-1
40,2,1,700,-1,-1,-1,-1,-1
38,2,2,700,-1,-1,-1,-1,-1
40,2,1,700,-1,-1,-1,-1,-1
42,1,2,700,-1,-1,-1,-1,-1
47,2,1,700,-1,-1,-1,-1,-1
63,2,2,700,-1,1,-1,2,6
85,2,1,700,-1,-1,-1,-1,-1
29,2,1,700,-1,-1,-1,-1,-1
43,2,2,700,-1,-1,-1,-1,-1
28,2,1,700,-1,-1,-1,-1,-1
19,1,1,700,1,2,-1,2,8
15,1,1,700,1,2,-1,2,8
20,1,2,700,2,2,-1,2,9
7,1,2,700,1,-1,-1,-1,-1
29,2,1,700,-1,-1,-1,-1,-1
11,1,2,700,1,-1,-1,-1,-1
55,1,2,700,-1,1,-1,2,6
6,1,2,700,1,-1,-1,-1,-1
46,2,2,700,-1,-1,-1,-1,-1
24,1,2,700,2,1,2,1,-1
27,2,2,700,-1,-1,-1,-1,-1
72,2,1,700,-1,-1,-1,-1,-1
44,2,1,700,-1,-1,-1,-1,-1
10,1,2,700,1,-1,-1,-1,-1
9,1,2,700,1,-1,-1,-1,-1
5,1,1,700,1,-1,-1,-1,-1
69,3,2,700,-1,-1,-1,-1,-1
46,2,2,700,-1,-1,-1,-1,-1
52,2,1,700,-1,-1,-1,-1,-1
6,1,2,700,1,-1,-1,-1,-1
43,2,1,700,-1,-1,-1,-1,-1
10,1,2,700,1,-1,-1,-1,-1
7,1,1,700,2,-1,-1,-1,-1
42,2,1,700,-1,-1,-1,-1,-1
20,1,1,700,2,-1,-1,-1,-1
62,1,2,700,-1,-1,-1,-1,-1
25,2,1,700,-1,-1,-1,-1,-1
52,2,1,700,-1,-1,-1,-1,-1
8,1,1,700,1,-1,-1,-1,-1
16,1,1,700,1,2,-1,2,8
9,1,2,700,1,-1,-1,-1,-1
8,1,1,700,2,-1,-1,-1,-1
64,2,1,700,-1,-1,-1,-1,-1
56,2,2,700,-1,-1,-1,-1,-1
5,1,1,700,1,-1,-1,-1,-1
42,1,2,700,-1,-1,-1,-1,-1
60,1,1,700,-1,-1,-1,-1,-1
55,2,1,700,-1,-1,-1,-1,-1
25,2,2,700,-1,2,-1,2,7
21,1,2,700,1,2,-1,2,8
69,2,1,700,-1,-1,-1,-1,-1
45,2,2,700,-1,1,-1,2,7
24,1,2,700,2,2,-1,2,7
21,1,2,700,2,-1,-1,-1,-1
25,1,1,700,-1,-1,-1,-1,-1
27,2,1,700,-1,-1,-1,-1,-1
9,1,1,700,1,-1,-1,-1,-1
54,2,1,700,-1,-1,-1,-1,-1
22,1,1,700,2,-1,-1,-1,-1
22,1,1,700,2,2,1,1,-1
26,2,2,700,-1,1,-1,2,7
25,1,1,700,-1,1,-1,2,5
40,2,1,700,-1,-1,-1,-1,-1
34,2,2,700,-1,2,-1,2,7
6,1,1,700,1,-1,-1,-1,-1
17,1,1,700,2,1,-1,2,7
66,3,2,700,-1,1,-1,2,7
9,1,2,700,1,-1,-1,-1,-1
5,1,2,700,2,-1,-1,-1,-1
35,1,1,700,-1,-1,-1,-1,-1
66,2,2,700,-1,1,-1,2,9
14,1,1,700,1,-1,-1,-1,-1
33,2,1,700,-1,-1,-1,-1,-1
17,1,1,700,2,2,-1,2,3
41,2,1,700,-1,-1,-1,-1,-1
78,3,2,700,-1,1,-1,2,7
8,1,1,700,1,-1,-1,-1,-1
66,1,1,700,-1,1,-1,2,6
45,2,1,700,-1,-1,-1,-1,-1
10,1,1,700,1,-1,-1,-1,-1
21,1,1,700,2,-1,-1,-1,-1
72,2,1,700,-1,-1,-1,-1,-1
18,1,1,700,2,2,-1,2,7
12,1,1,700,1,-1,-1,-1,-1
36,2,1,700,-1,-1,-1,-1,-1
26,2,2,700,-1,1,-1,2,7
26,2,1,700,-1,-1,-1,-1,-1
23,2,2,700,2,2,-1,2,7
13,1,2,700,1,-1,-1,-1,-1
37,2,2,700,-1,1,-1,2,7
36,1,1,700,-1,-1,-1,-1,-1
15,1,2,700,2,2,-1,2,7
26,2,2,700,-1,1,-1,2,7
61,2,2,700,-1,-1,-1,-1,-1
26,1,2,700,-1,-1,-1,-1,-1
12,1,1,700,1,-1,-1,-1,-1
18,1,1,700,2,-1,-1,-1,-1
6,1,2,700,1,-1,-1,-1,-1
8,1,1,700,1,-1,-1,-1,-1
24,2,2,700,2,1,-1,2,7
11,1,2,700,1,-1,-1,-1,-1
40,2,2,700,-1,-1,-1,-1,-1
7,1,1,700,1,-1,-1,-1,-1
66,2,2,700,-1,-1,-1,-1,-1
17,1,2,700,1,2,-1,2,8
82,3,2,700,-1,1,-1,2,6
8,1,2,700,1,-1,-1,-1,-1
37,2,2,700,-1,-1,-1,-1,-1
7,1,2,700,1,-1,-1,-1,-1
49,2,2,700,-1,-1,-1,-1,-1
24,2,2,700,2,-1,-1,-1,-1
71,2,2,700,-1,2,-1,2,6
37,2,2,700,-1,2,-1,2,7
10,1,1,700,1,-1,-1,-1,-1
14,1,1,700,1,-1,-1,-1,-1
21,1,1,700,2,2,-1,2,1
42,2,1,700,-1,-1,-1,-1,-1
40,2,1,700,-1,-1,-1,-1,-1
20,1,1,700,1,-1,-1,-1,-1
13,1,1,700,1,-1,-1,-1,-1
8,1,2,700,1,-1,-1,-1,-1
28,2,2,700,-1,1,-1,2,7
29,2,2,700,-1,-1,-1,-1,-1
29,2,1,700,-1,-1,-1,-1,-1
24,1,1,700,2,-1,-1,-1,-1
26,2,1,700,-1,-1,-1,-1,-1
54,2,2,700,-1,1,-1,2,7
22,1,2,700,2,2,-1,2,9
62,2,2,700,-1,1,-1,2,6
12,1,1,700,1,-1,-1,-1,-1
28,2,2,700,-1,1,-1,2,7
9,1,2,700,1,-1,-1,-1,-1
31,2,1,700,-1,2,-1,2,9
66,2,2,700,-1,1,-1,2,7
15,1,1,700,2,2,-1,2,9
32,1,1,700,-1,-1,-1,-1,-1
72,3,2,700,-1,1,-1,2,6
29,2,1,700,-1,-1,-1,-1,-1
24,1,1,700,2,-1,-1,-1,-1
45,2,1,700,-1,-1,-1,-1,-1
26,2,1,700,-1,-1,-1,-1,-1
5,1,2,700,1,-1,-1,-1,-1
5,1,1,700,1,-1,-1,-1,-1
32,2,1,700,-1,-1,-1,-1,-1
12,1,2,700,1,-1,-1,-1,-1
81,2,2,700,-1,-1,-1,-1,-1
18,1,1,700,2,-1,-1,-1,-1
37,2,2,700,-1,-1,-1,-1,-1
47,2,2,700,-1,1,-1,2,7
67,2,1,700,-1,1,-1,2,6
20,2,2,700,2,-1,-1,-1,-1
13,1,2,700,1,-1,-1,-1,-1
28,4,2,700,-1,-1,-1,-1,-1
18,1,2,700,1,2,-1,2,8
64,2,2,700,-1,1,-1,2,6
15,1,2,700,1,2,-1,2,8
62,2,2,700,-1,1,-1,2,7
39,2,1,700,-1,-1,-1,-1,-1
17,1,2,700,1,2,-1,2,8
54,2,1,700,-1,-1,-1,-1,-1
12,1,2,700,1,-1,-1,-1,-1
54,2,1,700,-1,-1,-1,-1,-1
8,1,1,700,1,-1,-1,-1,-1
35,2,2,700,-1,-1,-1,-1,-1
30,2,1,700,-1,-1,-1,-1,-1
45,2,2,700,-1,2,-1,2,7
27,1,1,700,-1,-1,-1,-1,-1
64,2,1,700,-1,1,-1,2,3
6,1,1,700,1,-1,-1,-1,-1
10,1,1,700,1,-1,-1,-1,-1
33,2,1,700,-1,1,2,1,-1
51,3,1,700,-1,-1,-1,-1,-1
24,1,1,700,2,-1,-1,-1,-1
25,2,2,700,-1,2,-1,2,7
7,1,2,700,1,-1,-1,-1,-1
26,1,1,700,-1,1,2,1,-1
24,2,2,700,2,1,-1,2,7
22,1,1,700,2,-1,-1,-1,-1
52,2,1,700,-1,-1,-1,-1,-1
34,2,1,700,-1,-1,-1,-1,-1
56,2,2,700,-1,1,-1,2,7
38,2,2,700,-1,2,-1,2,7
13,1,1,700,1,-1,-1,-1,-1
7,1,2,700,1,-1,-1,-1,-1
15,1,2,700,1,-1,-1,-1,-1
6,1,1,700,1,-1,-1,-1,-1
16,1,1,700,1,1,-1,2,8
12,1,1,700,1,-1,-1,-1,-1
78,2,1,700,-1,1,-1,2,6
42,2,2,700,-1,1,-1,2,7
7,1,1,700,1,-1,-1,-1,-1
6,1,1,700,1,-1,-1,-1,-1
11,1,2,700,1,-1,-1,-1,-1
88,3,2,700,-1,1,-1,2,6
36,2,2,700,-1,-1,-1,-1,-1
18,1,2,700,2,2,-1,2,6
63,2,1,700,-1,1,-1,2,6
16,1,1,700,1,2,-1,2,8
51,2,1,700,-1,-1,-1,-1,-1
73,2,2,700,-1,1,-1,2,7
42,2,1,700,-1,-1,-1,-1,-1
24,1,1,700,2,-1,-1,-1,-1
11,1,1,700,1,-1,-1,-1,-1
50,2,2,700,-1,-1,-1,-1,-1
41,2,2,700,-1,2,-1,2,7
27,2,2,700,-1,1,-1,2,7
41,2,2,700,-1,-1,-1,-1,-1
44,2,2,700,-1,-1,-1,-1,-1
22,1,1,700,2,-1,-1,-1,-1
33,1,1,700,-1,-1,-1,-1,-1
47,2,2,700,-1,2,-1,2,7
28,2,2,700,-1,1,-1,2,7
10,1,1,700,1,-1,-1,-1,-1
20,1,1,700,1,2,-1,2,8
45,2,2,700,-1,-1,-1,-1,-1
52,2,2,700,-1,1,-1,2,6
23,1,2,700,2,-1,-1,-1,-1
35,2,1,700,-1,-1,-1,-1,-1
80,3,2,700,-1,1,-1,2,7
27,1,1,700,-1,-1,-1,-1,-1
14,1,2,700,1,-1,-1,-1,-1
25,1,2,700,-1,1,-1,2,2
25,1,1,700,-1,-1,-1,-1,-1
20,1,2,700,2,2,-1,2,7
36,2,2,700,-1,-1,-1,-1,-1
6,1,2,700,1,-1,-1,-1,-1
55,4,2,700,-1,1,-1,2,6
18,1,2,700,1,2,-1,2,8
28,1,1,700,-1,-1,-1,-1,-1
41,2,1,700,-1,-1,-1,-1,-1
10,1,1,700,1,-1,-1,-1,-1
7,1,1,700,1,-1,-1,-1,-1
18,1,1,700,1,-1,-1,-1,-1
23,1,1,700,2,-1,-1,-1,-1
44,2,1,700,-1,-1,-1,-1,-1
46,2,2,700,-1,-1,-1,-1,-1
8,1,2,700,1,-1,-1,-1,-1
46,2,1,700,-1,-1,-1,-1,-1
23,1,1,700,2,1,-1,2,3
32,1,1,700,-1,-1,-1,-1,-1
13,1,2,700,2,-1,-1,-1,-1
12,1,2,700,1,-1,-1,-1,-1
25,2,2,700,-1,1,-1,2,8
32,2,2,700,-1,-1,-1,-1,-1
46,2,1,700,-1,-1,-1,-1,-1
14,1,1,700,1,-1,-1,-1,-1
60,2,2,700,-1,1,-1,2,6
26,2,2,700,-1,1,-1,2,7
23,2,2,700,2,2,-1,2,7
36,2,2,700,-1,1,-1,2,7
63,3,2,700,-1,1,-1,2,6
80,1,2,700,-1,-1,-1,-1,-1
62,3,2,700,-1,1,-1,2,1
76,3,2,700,-1,-1,-1,-1,-1
33,1,2,700,-1,1,-1,2,7
6,1,2,700,1,-1,-1,-1,-1
35,2,2,700,-1,-1,-1,-1,-1
15,1,2,700,1,2,-1,2,8
53,2,1,700,-1,-1,-1,-1,-1
28,2,1,700,-1,-1,-1,-1,-1
30,2,1,700,-1,-1,-1,-1,-1
44,1,1,700,-1,1,-1,2,6
56,2,2,700,-1,2,-1,2,7
41,2,1,700,-1,-1,-1,-1,-1
7,1,1,700,1,-1,-1,-1,-1
7,1,1,700,1,-1,-1,-1,-1
33,1,1,700,-1,-1,-1,-1,-1
13,1,2,700,1,-1,-1,-1,-1
40,2,1,700,-1,-1,-1,-1,-1
12,1,2,700,1,-1,-1,-1,-1
25,1,2,700,-1,2,1,1,-1
9,1,1,700,1,-1,-1,-1,-1
35,1,1,700,-1,-1,-1,-1,-1
23,2,2,700,2,-1,-1,-1,-1
35,2,2,700,-1,1,-1,2,7
9,1,1,700,1,-1,-1,-1,-1
35,2,1,700,-1,-1,-1,-1,-1
51,2,1,700,-1,-1,-1,-1,-1
12,1,1,700,1,-1,-1,-1,-1
46,2,2,700,-1,-1,-1,-1,-1
40,2,1,700,-1,-1,-1,-1,-1
22,1,2,700,1,1,-1,2,8
7,1,1,700,1,-1,-1,-1,-1
19,1,1,700,2,-1,-1,-1,-1
51,3,1,700,-1,-1,-1,-1,-1
21,1,2,700,2,2,1,1,-1
18,1,1,700,1,1,2,1,-1
35,2,2,700,-1,-1,-1,-1,-1
43,2,1,700,-1,-1,-1,-1,-1
12,1,1,700,1,-1,-1,-1,-1
85,3,2,700,-1,1,-1,2,6
20,1,1,700,2,-1,-1,-1,-1
16,1,2,700,1,2,-1,2,8
46,2,2,700,-1,1,-1,2,7
43,2,1,700,-1,-1,-1,-1,-1
20,1,1,700,2,2,-1,2,7
24,1,2,700,2,-1,-1,-1,-1
63,3,2,700,-1,1,-1,2,6
69,3,1,700,-1,-1,-1,-1,-1
42,1,1,700,-1,1,-1,2,2
19,1,1,700,2,-1,-1,-1,-1
31,2,1,700,-1,-1,-1,-1,-1
21,1,1,700,2,-1,-1,-1,-1
33,2,1,700,-1,-1,-1,-1,-1
44,2,1,700,-1,-1,-1,-1,-1
35,2,2,700,-1,-1,-1,-1,-1
8,1,1,700,1,-1,-1,-1,-1
23,2,1,700,2,-1,-1,-1,-1
52,2,2,700,-1,-1,-1,-1,-1
44,2,1,700,-1,1,-1,2,7
13,1,2,700,1,-1,-1,-1,-1
12,1,1,700,1,-1,-1,-1,-1
77,3,2,700,-1,1,-1,2,6
8,1,1,700,1,-1,-1,-1,-1
65,2,2,700,-1,-1,-1,-1,-1
55,2,1,700,-1,-1,-1,-1,-1
19,1,1,700,1,2,-1,2,8
18,1,1,700,2,-1,-1,-1,-1
15,1,2,700,1,2,-1,2,8
37,2,2,700,-1,-1,-1,-1,-1
28,1,1,700,-1,-1,-1,-1,-1
44,2,2,700,-1,-1,-1,-1,-1
11,1,1,700,1,-1,-1,-1,-1
58,2,1,700,-1,-1,-1,-1,-1
25,2,1,700,-1,-1,-1,-1,-1
18,1,2,700,2,2,-1,2,6
64,2,1,700,-1,-1,-1,-1,-1
57,2,1,700,-1,-1,-1,-1,-1
22,1,1,700,2,2,-1,2,8
39,2,1,700,-1,-1,-1,-1,-1
16,1,1,700,1,2,-1,2,8
8,1,1,700,1,-1,-1,-1,-1
48,1,2,700,-1,-1,-1,-1,-1
12,1,2,700,1,-1,-1,-1,-1
37,4,2,700,-1,1,2,1,-1
23,1,2,700,2,-1,-1,-1,-1
22,1,1,700,2,-1,-1,-1,-1
5,1,1,700,1,-1,-1,-1,-1
41,2,2,700,-1,1,-1,2,7
13,1,2,700,1,-1,-1,-1,-1
16,1,1,700,2,2,-1,2,8
54,2,2,700,-1,-1,-1,-1,-1
21,1,1,700,2,1,2,1,-1
73,3,1,700,-1,-1,-1,-1,-1
38,2,1,700,-1,-1,-1,-1,-1
49,2,1,700,-1,-1,-1,-1,-1
12,1,1,700,1,-1,-1,-1,-1
19,1,1,700,2,-1,-1,-1,-1
42,2,1,700,-1,-1,-1,-1,-1
7,1,2,700,1,-1,-1,-1,-1
14,1,1,700,1,-1,-1,-1,-1
36,2,2,700,-1,1,-1,2,7
8,1,1,700,2,-1,-1,-1,-1
34,2,1,700,-1,-1,-1,-1,-1
47,2,2,700,-1,-1,-1,-1,-1
66,2,1,700,-1,-1,-1,-1,-1
28,2,2,700,-1,1,-1,2,9
46,2,1,700,-1,-1,-1,-1,-1
25,2,1,700,-1,-1,-1,-1,-1
16,1,2,700,1,2,-1,2,8
18,1,2,700,1,2,-1,2,8
27,1,1,700,-1,-1,-1,-1,-1
7,1,1,700,1,-1,-1,-1,-1
7,1,2,700,1,-1,-1,-1,-1
46,2,2,700,-1,2,-1,2,7
6,1,2,700,1,-1,-1,-1,-1
6,1,2,700,1,-1,-1,-1,-1
20,1,2,700,1,2,-1,2,8
72,2,2,700,-1,1,-1,2,7
47,4,2,700,-1,1,-1,2,7
52,2,2,700,-1,-1,-1,-1,-1
15,1,1,700,1,2,-1,2,8
26,2,2,700,-1,1,-1,2,7
35,2,2,700,-1,-1,-1,-1,-1
8,1,2,700,1,-1,-1,-1,-1
52,2,1,700,-1,-1,-1,-1,-1
17,1,1,700,2,-1,-1,-1,-1
25,2,2,700,-1,-1,-1,-1,-1
34,2,2,700,-1,-1,-1,-1,-1
24,2,2,700,2,-1,-1,-1,-1
16,1,1,700,1,-1,-1,-1,-1
44,2,2,700,-1,1,-1,2,7
28,2,2,700,-1,1,-1,2,7
31,2,1,700,-1,-1,-1,-1,-1
63,2,1,700,-1,1,-1,2,6
52,2,2,700,-1,1,-1,2,7
15,1,1,700,1,2,-1,2,8
33,2,2,700,-1,2,-1,2,7
19,1,2,700,2,-1,-1,-1,-1
15,1,2,700,1,2,-1,2,8
59,2,1,700,-1,-1,-1,-1,-1
43,2,2,700,-1,-1,-1,-1,-1
6,1,2,700,1,-1,-1,-1,-1
49,1,2,700,-1,-1,-1,-1,-1
50,2,2,700,-1,1,-1,2,7
20,1,1,700,2,-1,-1,-1,-1
9,1,2,700,1,-1,-1,-1,-1
27,1,2,700,-1,-1,-1,-1,-1
13,1,2,700,1,-1,-1,-1,-1
27,1,1,700,-1,-1,-1,-1,-1
39,2,2,700,-1,-1,-1,-1,-1
5,1,2,700,1,-1,-1,-1,-1
5,1,1,700,2,-1,-1,-1,-1
55,2,2,700,-1,-1,-1,-1,-1
38,1,2,700,-1,-1,-1,-1,-1
38,2,2,700,-1,-1,-1,-1,-1
27,2,2,700,-1,1,-1,2,7
59,2,1,700,-1,-1,-1,-1,-1
46,2,1,700,-1,-1,-1,-1,-1
42,2,2,700,-1,-1,-1,-1,-1
6,1,2,700,1,-1,-1,-1,-1
31,2,1,700,-1,-1,-1,-1,-1
24,3,1,700,2,-1,-1,-1,-1
58,2,2,700,-1,-1,-1,-1,-1
14,1,2,700,1,-1,-1,-1,-1
6,1,1,700,1,-1,-1,-1,-1
8,1,1,700,1,-1,-1,-1,-1
26,2,1,700,-1,-1,-1,-1,-1
15,1,1,700,1,1,-1,2,8
11,1,2,700,1,-1,-1,-1,-1
25,2,2,700,-1,-1,-1,-1,-1
10,1,1,700,1,-1,-1,-1,-1
5,1,2,700,1,-1,-1,-1,-1
13,1,2,700,1,-1,-1,-1,-1
13,1,2,700,1,-1,-1,-1,-1
57,2,2,700,-1,-1,-1,-1,-1
5,1,2,700,1,-1,-1,-1,-1
39,2,1,700,-1,-1,-1,-1,-1
11,1,2,700,1,-1,-1,-1,-1
57,2,1,700,-1,-1,-1,-1,-1
63,2,2,700,-1,-1,-1,-1,-1
16,1,1,700,1,1,-1,2,8
43,2,2,700,-1,-1,-1,-1,-1
13,1,2,700,1,-1,-1,-1,-1
16,1,2,700,1,2,-1,2,8
45,2,2,700,-1,1,-1,2,7
59,2,2,700,-1,1,-1,2,7
36,2,1,700,-1,-1,-1,-1,-1
25,1,2,700,-1,-1,-1,-1,-1
38,2,2,700,-1,-1,-1,-1,-1
16,1,2,700,1,2,-1,2,8
63,2,1,700,-1,-1,-1,-1,-1
32,2,2,700,-1,1,-1,2,7
13,1,1,700,1,-1,-1,-1,-1
13,1,1,700,1,-1,-1,-1,-1
43,2,1,700,-1,-1,-1,-1,-1
19,2,2,700,2,1,-1,2,7
19,1,1,700,2,2,-1,2,3
13,1,2,700,1,-1,-1,-1,-1
12,1,2,700,1,-1,-1,-1,-1
34,1,1,700,-1,1,-1,2,7
20,1,1,700,2,-1,-1,-1,-1
46,2,1,700,-1,-1,-1,-1,-1
25,2,2,700,-1,1,-1,2,7
44,2,1,700,-1,-1,-1,-1,-1
36,2,1,700,-1,-1,-1,-1,-1
9,1,2,700,1,-1,-1,-1,-1
37,2,2,700,-1,-1,-1,-1,-1
32,2,1,700,-1,-1,-1,-1,-1
59,2,2,700,-1,-1,-1,-1,-1
46,2,2,700,-1,-1,-1,-1,-1
45,2,1,700,-1,-1,-1,-1,-1
12,1,2,700,1,-1,-1,-1,-1
62,2,1,700,-1,-1,-1,-1,-1
33,2,1,700,-1,-1,-1,-1,-1
25,2,1,700,-1,-1,-1,-1,-1
5,1,2,700,1,-1,-1,-1,-1
13,1,1,700,1,-1,-1,-1,-1
5,1,1,700,2,-1,-1,-1,-1
87,3,1,700,-1,1,-1,2,6
15,1,2,700,1,2,-1,2,8
63,3,2,700,-1,-1,-1,-1,-1
13,1,2,700,1,-1,-1,-1,-1
68,3,2,700,-1,-1,-1,-1,-1
38,2,2,700,-1,-1,-1,-1,-1
12,1,1,700,1,-1,-1,-1,-1
52,2,2,700,-1,-1,-1,-1,-1
38,2,2,700,-1,2,-1,2,7
62,2,2,700,-1,1,-1,2,6
42,2,2,700,-1,-1,-1,-1,-1
60,1,1,700,-1,1,-1,2,6
6,1,1,700,1,-1,-1,-1,-1
45,2,1,700,-1,-1,-1,-1,-1
59,2,1,700,-1,-1,-1,-1,-1
17,1,1,700,2,2,-1,2,7
14,1,2,700,1,-1,-1,-1,-1
17,1,1,700,1,1,-1,2,8
7,1,1,700,1,-1,-1,-1,-1
53,2,1,700,-1,-1,-1,-1,-1
10,1,2,700,1,-1,-1,-1,-1
15,1,1,700,1,2,-1,2,8
7,1,1,700,1,-1,-1,-1,-1
5,1,1,700,2,-1,-1,-1,-1
62,2,2,700,-1,-1,-1,-1,-1
5,1,1,700,1,-1,-1,-1,-1
58,2,2,700,-1,-1,-1,-1,-1
9,1,2,700,1,-1,-1,-1,-1
32,1,1,700,-1,-1,-1,-1,-1
22,1,1,700,2,2,-1,2,2
12,1,1,700,1,-1,-1,-1,-1
5,1,1,700,1,-1,-1,-1,-1
43,2,1,700,-1,-1,-1,-1,-1
6,1,2,700,1,-1,-1,-1,-1
29,1,2,700,-1,-1,-1,-1,-1
12,1,2,700,1,-1,-1,-1,-1
6,1,2,700,1,-1,-1,-1,-1
16,1,2,700,1,2,-1,2,8
22,1,1,700,2,2,-1,2,8
48,2,1,700,-1,-1,-1,-1,-1
67,2,1,700,-1,-1,-1,-1,-1
64,2,2,700,-1,-1,-1,-1,-1
66,3,2,700,-1,1,-1,2,6
43,1,2,700,-1,-1,-1,-1,-1
17,1,1,700,2,1,-1,2,6
48,2,1,700,-1,-1,-1,-1,-1
6,1,1,700,1,-1,-1,-1,-1
50,2,1,700,-1,1,-1,2,7
50,2,1,700,-1,-1,-1,-1,-1
39,2,1,700,-1,-1,-1,-1,-1
38,2,1,700,-1,-1,-1,-1,-1
40,2,1,700,-1,-1,-1,-1,-1
60,2,1,700,-1,-1,-1,-1,-1
26,2,1,700,-1,-1,-1,-1,-1
14,1,1,700,1,-1,-1,-1,-1
22,1,2,700,1,-1,-1,-1,-1
45,2,2,700,-1,2,-1,2,7
24,1,2,700,2,-1,-1,-1,-1
30,2,1,700,-1,-1,-1,-1,-1
44,2,2,700,-1,1,-1,2,7
24,2,2,700,2,1,-1,2,7
24,2,2,700,2,2,-1,2,7
40,2,2,700,-1,-1,-1,-1,-1
27,1,2,700,-1,-1,-1,-1,-1
10,1,1,700,1,-1,-1,-1,-1
28,2,2,700,-1,1,-1,2,7
25,2,1,700,-1,-1,-1,-1,-1
56,2,1,700,-1,-1,-1,-1,-1
5,1,1,700,1,-1,-1,-1,-1
7,1,1,700,1,-1,-1,-1,-1
8,1,1,700,1,-1,-1,-1,-1
50,2,2,700,-1,-1,-1,-1,-1
30,2,2,700,-1,-1,-1,-1,-1
39,2,2,700,-1,-1,-1,-1,-1
20,2,2,700,2,1,-1,2,7
74,2,1,700,-1,-1,-1,-1,-1
29,2,2,700,-1,1,-1,2,2
37,2,2,700,-1,1,-1,2,7
13,1,2,700,1,-1,-1,-1,-1
36,2,1,700,-1,-1,-1,-1,-1
40,2,1,700,-1,-1,-1,-1,-1
13,1,1,700,1,-1,-1,-1,-1
59,2,1,700,-1,-1,-1,-1,-1
34,2,1,700,-1,1,2,1,-1
37,2,1,700,-1,-1,-1,-1,-1
25,1,2,700,-1,-1,-1,-1,-1
15,1,2,700,1,1,-1,2,8
41,1,1,700,-1,-1,-1,-1,-1
19,1,1,700,1,2,-1,2,8
21,1,1,700,2,1,-1,2,1
14,1,2,700,1,-1,-1,-1,-1
36,2,1,700,-1,-1,-1,-1,-1
24,1,2,700,2,-1,-1,-1,-1
10,1,1,700,1,-1,-1,-1,-1
14,1,1,700,1,-1,-1,-1,-1
25,2,2,700,-1,1,-1,2,7
28,2,2,700,-1,1,-1,2,3
5,1,1,700,1,-1,-1,-1,-1
44,2,2,700,-1,-1,-1,-1,-1
38,2,1,700,-1,-1,-1,-1,-1
9,1,1,700,1,-1,-1,-1,-1
27,2,2,700,-1,-1,-1,-1,-1
15,1,2,700,1,2,-1,2,8
8,1,1,700,1,-1,-1,-1,-1
9,1,1,700,1,-1,-1,-1,-1
64,2,2,700,-1,-1,-1,-1,-1
29,1,2,700,-1,-1,-1,-1,-1
46,4,2,700,-1,-1,-1,-1,-1
19,1,2,700,1,1,-1,2,8
15,1,1,700,1,2,-1,2,8
37,1,1,700,-1,-1,-1,-1,-1
20,1,2,700,1,2,-1,2,8
57,1,2,700,-1,1,-1,2,7
8,1,2,700,1,-1,-1,-1,-1
37,2,1,700,-1,-1,-1,-1,-1
21,1,1,700,2,-1,-1,-1,-1
11,1,1,700,1,-1,-1,-1,-1
34,4,2,700,-1,-1,-1,-1,-1
61,2,2,700,-1,-1,-1,-1,-1
84,3,2,700,-1,2,-1,2,6
23,1,2,700,2,1,-1,2,7
44,1,2,700,-1,-1,-1,-1,-1
28,1,2,700,-1,-1,-1,-1,-1
56,3,2,700,-1,-1,-1,-1,-1
33,2,1,700,-1,-1,-1,-1,-1
42,2,1,700,-1,-1,-1,-1,-1
20,1,2,700,1,2,-1,2,8
38,2,2,700,-1,1,-1,2,7
9,1,2,700,1,-1,-1,-1,-1
29,2,1,700,-1,1,-1,2,9
37,2,1,700,-1,-1,-1,-1,-1
9,1,1,700,1,-1,-1,-1,-1
8,1,2,700,1,-1,-1,-1,-1
13,1,2,700,1,-1,-1,-1,-1
20,1,1,700,1,2,-1,2,8
36,2,2,700,-1,-1,-1,-1,-1
38,4,1,700,-1,-1,-1,-1,-1
13,1,2,700,1,-1,-1,-1,-1
18,2,2,700,2,1,-1,2,7
21,1,2,700,2,-1,-1,-1,-1
43,2,2,700,-1,1,-1,2,7
20,1,2,700,1,2,-1,2,8
30,1,2,700,-1,2,-1,2,7
34,4,1,700,-1,-1,-1,-1,-1
53,2,1,700,-1,-1,-1,-1,-1
7,1,2,700,1,-1,-1,-1,-1
42,2,1,700,-1,-1,-1,-1,-1
59,2,1,700,-1,-1,-1,-1,-1
23,2,1,700,2,-1,-1,-1,-1
46,3,2,700,-1,-1,-1,-1,-1
17,1,1,700,2,-1,-1,-1,-1
9,1,1,700,1,-1,-1,-1,-1
23,2,2,700,2,2,-1,2,7
46,2,1,700,-1,-1,-1,-1,-1
47,2,2,700,-1,1,-1,2,7
55,2,1,700,-1,-1,-1,-1,-1
6,1,1,700,1,-1,-1,-1,-1
7,1,2,700,1,-1,-1,-1,-1
16,1,1,700,1,2,-1,2,6
27,2,2,700,-1,-1,-1,-1,-1
12,1,1,700,1,-1,-1,-1,-1
77,3,1,700,-1,1,-1,2,6
20,1,2,700,2,-1,-1,-1,-1
14,1,1,700,1,-1,-1,-1,-1
57,2,1,700,-1,-1,-1,-1,-1
13,1,1,700,1,-1,-1,-1,-1
25,1,1,700,-1,1,2,1,-1
38,2,2,700,-1,-1,-1,-1,-1
28,2,2,700,-1,1,-1,2,7
34,2,2,700,-1,1,-1,2,7
60,2,2,700,-1,1,-1,2,7
41,2,2,700,-1,-1,-1,-1,-1
7,1,1,700,1,-1,-1,-1,-1
56,2,1,700,-1,-1,-1,-1,-1
6,1,1,700,1,-1,-1,-1,-1
18,1,2,700,1,2,-1,2,7
18,2,2,700,2,2,-1,2,7
15,1,1,700,1,2,-1,2,8
40,2,2,700,-1,-1,-1,-1,-1
15,1,1,700,1,2,-1,2,8
52,2,1,700,-1,-1,-1,-1,-1
40,1,1,700,-1,-1,-1,-1,-1
83,2,1,700,-1,2,-1,2,6
14,1,1,700,1,-1,-1,-1,-1
60,2,1,700,-1,-1,-1,-1,-1
26,2,2,700,-1,-1,-1,-1,-1
13,1,2,700,1,-1,-1,-1,-1
54,2,1,700,-1,-1,-1,-1,-1
27,2,2,700,-1,-1,-1,-1,-1
20,1,1,700,1,2,-1,2,8
16,1,2,700,1,2,-1,2,7
14,1,1,700,1,-1,-1,-1,-1
16,1,1,700,1,1,-1,2,8
16,1,2,700,1,2,-1,2,8
22,1,1,700,2,-1,-1,-1,-1
18,1,2,700,2,1,-1,2,7
5,1,2,700,1,-1,-1,-1,-1
36,2,2,700,-1,1,-1,2,7
44,2,1,700,-1,-1,-1,-1,-1
18,1,1,700,2,1,-1,2,2
5,1,1,700,1,-1,-1,-1,-1
5,1,1,700,1,-1,-1,-1,-1
11,1,2,700,1,-1,-1,-1,-1
16,1,1,700,1,2,-1,2,8
36,2,1,700,-1,-1,-1,-1,-1
15,1,2,700,1,2,-1,2,8
82,4,2,700,-1,-1,-1,-1,-1
41,2,1,700,-1,-1,-1,-1,-1
13,1,1,700,1,-1,-1,-1,-1
15,1,1,700,1,2,-1,2,8
45,2,1,700,-1,-1,-1,-1,-1
21,1,1,700,1,2,-1,2,8
30,2,2,700,-1,1,-1,2,7
5,1,1,700,1,-1,-1,-1,-1
10,1,2,700,1,-1,-1,-1,-1
18,1,1,700,1,-1,-1,-1,-1
8,1,2,700,1,-1,-1,-1,-1
30,2,1,700,-1,-1,-1,-1,-1
48,2,2,700,-1,2,-1,2,7
20,1,2,700,1,1,-1,2,8
35,2,1,700,-1,-1,-1,-1,-1
62,2,2,700,-1,2,-1,2,6
43,2,1,700,-1,-1,-1,-1,-1
44,2,2,700,-1,1,-1,2,7
18,1,1,700,1,-1,-1,-1,-1
55,2,1,700,-1,1,-1,2,9
6,1,2,700,1,-1,-1,-1,-1
40,2,2,700,-1,1,-1,2,7
36,2,2,700,-1,1,-1,2,7
12,1,1,700,1,-1,-1,-1,-1
27,2,1,700,-1,-1,-1,-1,-1
65,2,2,700,-1,1,-1,2,6
21,1,2,700,2,1,-1,2,7
24,2,2,700,2,-1,-1,-1,-1
83,3,2,700,-1,1,-1,2,6
24,2,2,700,2,2,-1,2,7
24,1,1,700,1,2,-1,2,8
18,2,2,700,2,2,-1,2,7
42,2,1,700,-1,-1,-1,-1,-1
7,1,1,700,1,-1,-1,-1,-1
15,1,2,700,1,2,-1,2,8
50,1,2,700,-1,-1,-1,-1,-1
31,2,2,700,-1,-1,-1,-1,-1
14,1,2,700,1,-1,-1,-1,-1
51,1,1,700,-1,1,-1,2,3
34,2,1,700,-1,-1,-1,-1,-1
12,1,2,700,1,-1,-1,-1,-1
13,1,2,700,1,-1,-1,-1,-1
18,1,2,700,2,-1,-1,-1,-1
16,1,2,700,2,2,-1,2,9
9,1,1,700,1,-1,-1,-1,-1
14,1,2,700,1,-1,-1,-1,-1
38,2,1,700,-1,-1,-1,-1,-1
12,1,1,700,1,-1,-1,-1,-1
12,1,1,700,2,-1,-1,-1,-1
10,1,2,700,1,-1,-1,-1,-1
6,1,1,700,1,-1,-1,-1,-1
19,1,1,700,2,2,-1,2,3
49,2,1,700,-1,-1,-1,-1,-1
49,4,1,700,-1,-1,-1,-1,-1
60,2,1,700,-1,-1,-1,-1,-1
35,2,1,700,-1,-1,-1,-1,-1
27,2,2,700,-1,-1,-1,-1,-1
25,1,1,700,-1,1,-1,2,5
16,1,1,700,1,1,-1,2,9
10,1,1,700,1,-1,-1,-1,-1
40,2,1,700,-1,-1,-1,-1,-1
29,2,2,700,-1,1,-1,2,7
46,2,2,700,-1,-1,-1,-1,-1
58,4,2,700,-1,1,-1,2,7
27,2,1,700,-1,-1,-1,-1,-1
40,2,1,700,-1,1,-1,2,4
12,1,2,700,1,-1,-1,-1,-1
9,1,2,700,1,-1,-1,-1,-1
5,1,2,700,2,-1,-1,-1,-1
59,2,2,700,-1,-1,-1,-1,-1
42,2,2,700,-1,1,-1,2,7
34,1,2,700,-1,1,-1,2,2
32,2,2,700,-1,1,-1,2,7
10,1,1,700,1,-1,-1,-1,-1
83,3,2,700,-1,1,-1,2,6
22,1,2,700,2,1,-1,2,9
17,1,2,700,1,1,-1,2,8
37,2,1,700,-1,-1,-1,-1,-1
11,1,1,700,1,-1,-1,-1,-1
13,1,1,700,1,-1,-1,-1,-1
11,1,2,700,1,-1,-1,-1,-1
9,1,2,700,1,-1,-1,-1,-1
52,2,2,700,-1,-1,-1,-1,-1
22,1,1,700,2,-1,-1,-1,-1
20,2,2,700,2,1,-1,2,7
59,2,2,700,-1,-1,-1,-1,-1
31,2,2,700,-1,-1,-1,-1,-1
7,1,2,700,1,-1,-1,-1,-1
6,1,2,700,1,-1,-1,-1,-1
14,1,2,700,1,-1,-1,-1,-1
12,1,1,700,1,-1,-1,-1,-1
22,1,1,700,2,-1,-1,-1,-1
6,1,1,700,1,-1,-1,-1,-1
15,1,1,700,1,2,-1,2,8
15,1,2,700,1,2,-1,2,8
18,1,1,700,1,2,-1,2,8
60,2,2,700,-1,1,-1,2,7
61,2,2,700,-1,2,-1,2,7
32,1,1,700,-1,2,-1,2,7
9,1,2,700,1,-1,-1,-1,-1
35,2,2,700,-1,-1,-1,-1,-1
45,2,2,700,-1,1,-1,2,7
5,1,2,700,1,-1,-1,-1,-1
7,1,2,700,1,-1,-1,-1,-1
7,1,2,700,1,-1,-1,-1,-1
22,1,1,700,2,-1,-1,-1,-1
23,1,1,700,2,-1,-1,-1,-1
46,1,2,700,-1,1,2,1,-1
8,1,1,700,1,-1,-1,-1,-1
12,1,2,700,2,-1,-1,-1,-1
23,1,2,700,2,-1,-1,-1,-1
61,3,2,700,-1,1,-1,2,7
49,2,2,700,-1,-1,-1,-1,-1
9,1,1,700,1,-1,-1,-1,-1
10,1,2,700,1,-1,-1,-1,-1
35,2,2,700,-1,1,-1,2,7
11,1,1,700,1,-1,-1,-1,-1
10,1,2,700,1,-1,-1,-1,-1
20,1,1,700,2,1,-1,2,7
36,2,1,700,-1,-1,-1,-1,-1
70,2,2,700,-1,1,-1,2,6
59,2,2,700,-1,-1,-1,-1,-1
15,1,1,700,1,2,-1,2,8
10,1,1,700,2,-1,-1,-1,-1
43,2,1,700,-1,1,-1,2,1
40,1,2,700,-1,1,-1,2,3
54,2,2,700,-1,2,-1,2,7
50,2,2,700,-1,2,-1,2,7
41,2,2,700,-1,-1,-1,-1,-1
43,2,2,700,-1,-1,-1,-1,-1
17,1,2,700,1,1,-1,2,8
6,1,2,700,1,-1,-1,-1,-1
23,2,1,700,2,1,2,1,-1
52,3,1,700,-1,-1,-1,-1,-1
60,2,1,700,-1,-1,-1,-1,-1
22,2,1,700,2,-1,-1,-1,-1
10,1,1,700,1,-1,-1,-1,-1
32,2,2,700,-1,1,-1,2,7
15,1,2,700,1,2,-1,2,8
55,2,1,700,-1,-1,-1,-1,-1
63,2,1,700,-1,-1,-1,-1,-1
30,2,1,700,-1,-1,-1,-1,-1
6,1,1,700,1,-1,-1,-1,-1
14,1,1,700,2,-1,-1,-1,-1
59,3,1,700,-1,1,-1,2,6
14,1,1,700,1,-1,-1,-1,-1
45,2,1,700,-1,-1,-1,-1,-1
27,1,1,700,-1,1,-1,2,7
53,2,2,700,-1,-1,-1,-1,-1
46,2,1,700,-1,-1,-1,-1,-1
18,1,1,700,1,2,-1,2,8
40,1,1,700,-1,1,-1,2,3
66,2,2,700,-1,-1,-1,-1,-1
31,2,1,700,-1,-1,-1,-1,-1
80,3,2,700,-1,1,-1,2,6
26,2,2,700,-1,2,-1,2,7
16,1,1,700,1,2,-1,2,8
11,1,2,700,1,-1,-1,-1,-1
32,2,1,700,-1,-1,-1,-1,-1
25,2,1,700,-1,-1,-1,-1,-1
16,1,1,700,1,2,-1,2,8
43,2,2,700,-1,-1,-1,-1,-1
65,3,2,700,-1,1,-1,2,7
18,2,2,700,2,1,-1,2,7
47,2,2,700,-1,-1,-1,-1,-1
14,1,2,700,1,-1,-1,-1,-1
31,2,1,700,-1,-1,-1,-1,-1
38,1,1,700,-1,-1,-1,-1,-1
7,1,2,700,1,-1,-1,-1,-1
24,2,2,700,2,-1,-1,-1,-1
8,1,2,700,1,-1,-1,-1,-1
35,2,2,700,-1,-1,-1,-1,-1
22,2,2,700,2,1,-1,2,9
10,1,1,700,1,-1,-1,-1,-1
21,2,2,700,2,1,-1,2,7
67,2,2,700,-1,1,-1,2,7
51,2,1,700,-1,-1,-1,-1,-1
16,1,1,700,2,-1,-1,-1,-1
12,1,1,700,1,-1,-1,-1,-1
13,1,2,700,1,-1,-1,-1,-1
12,1,2,700,1,-1,-1,-1,-1
6,1,2,700,1,-1,-1,-1,-1
35,2,2,700,-1,1,-1,2,7
5,1,1,700,1,-1,-1,-1,-1
47,2,1,700,-1,-1,-1,-1,-1
13,1,1,700,1,-1,-1,-1,-1
6,1,2,700,1,-1,-1,-1,-1
56,2,1,700,-1,-1,-1,-1,-1
20,2,2,700,2,2,-1,2,7
63,2,1,700,-1,-1,-1,-1,-1
19,1,2,700,2,-1,-1,-1,-1
14,1,1,700,1,-1,-1,-1,-1
50,2,2,700,-1,-1,-1,-1,-1
59,2,1,700,-1,-1,-1,-1,-1
38,2,1,700,-1,-1,-1,-1,-1
16,1,2,700,1,2,-1,2,8
19,1,1,700,2,2,1,1,-1
57,1,1,700,-1,-1,-1,-1,-1
12,1,1,700,1,-1,-1,-1,-1
50,2,2,700,-1,2,-1,2,6
68,2,1,700,-1,1,-1,2,6
62,2,1,700,-1,-1,-1,-1,-1
8,1,1,700,1,-1,-1,-1,-1
63,2,1,700,-1,-1,-1,-1,-1
13,1,2,700,1,-1,-1,-1,-1
63,3,2,700,-1,-1,-1,-1,-1
12,1,1,700,1,-1,-1,-1,-1
8,1,1,700,1,-1,-1,-1,-1
6,1,1,700,1,-1,-1,-1,-1
25,1,1,700,-1,-1,-1,-1,-1
12,1,2,700,1,-1,-1,-1,-1
14,1,1,700,1,-1,-1,-1,-1
12,1,1,700,1,-1,-1,-1,-1
47,2,1,700,-1,1,-1,2,7
24,1,1,700,2,-1,-1,-1,-1
55,2,2,700,-1,-1,-1,-1,-1
18,1,2,700,1,2,-1,2,8
20,1,1,700,2,2,-1,2,9
14,1,1,700,1,-1,-1,-1,-1
23,2,1,700,2,-1,-1,-1,-1
21,1,1,700,2,2,-1,2,5
48,2,1,700,-1,-1,-1,-1,-1
38,2,1,700,-1,-1,-1,-1,-1
8,1,2,700,1,-1,-1,-1,-1
24,2,1,700,2,-1,-1,-1,-1
12,1,2,700,1,-1,-1,-1,-1
59,2,1,700,-1,-1,-1,-1,-1
25,1,2,700,-1,1,-1,2,4
67,2,1,700,-1,-1,-1,-1,-1
33,1,1,700,-1,-1,-1,-1,-1
20,1,1,700,1,2,-1,2,8
9,1,1,700,1,-1,-1,-1,-1
30,3,2,700,-1,-1,-1,-1,-1
40,2,1,700,-1,1,-1,2,2
31,2,1,700,-1,1,-1,2,4
63,2,2,700,-1,-1,-1,-1,-1
36,2,1,700,-1,-1,-1,-1,-1
10,1,1,700,1,-1,-1,-1,-1
16,1,1,700,1,2,-1,2,8
16,1,2,700,1,2,-1,2,8
17,1,2,700,1,2,-1,2,8
24,2,2,700,2,1,-1,2,7
10,1,2,700,1,-1,-1,-1,-1
77,2,2,700,-1,1,-1,2,7
55,2,1,700,-1,-1,-1,-1,-1
12,1,1,700,1,-1,-1,-1,-1
5,1,1,700,1,-1,-1,-1,-1
60,2,1,700,-1,-1,-1,-1,-1
32,2,1,700,-1,-1,-1,-1,-1
34,2,1,700,-1,-1,-1,-1,-1
36,2,2,700,-1,-1,-1,-1,-1
19,2,2,700,2,2,-1,2,7
52,2,1,700,-1,-1,-1,-1,-1
38,2,2,700,-1,2,-1,2,7
23,1,1,700,2,-1,-1,-1,-1
29,1,2,700,-1,1,-1,2,2
28,1,1,700,-1,1,-1,2,7
55,2,2,700,-1,1,-1,2,7
12,1,1,700,1,-1,-1,-1,-1
45,2,1,700,-1,-1,-1,-1,-1
39,2,2,700,-1,-1,-1,-1,-1
30,2,2,700,-1,-1,-1,-1,-1
7,1,2,700,1,-1,-1,-1,-1
21,2,2,700,1,2,-1,2,8
5,1,2,700,2,-1,-1,-1,-1
30,2,2,700,-1,1,-1,2,7
8,1,2,700,1,-1,-1,-1,-1
24,2,1,700,2,-1,-1,-1,-1
14,1,1,700,1,-1,-1,-1,-1
27,2,2,700,-1,-1,-1,-1,-1
53,3,2,700,-1,2,-1,2,7
65,2,2,700,-1,-1,-1,-1,-1
36,2,2,700,-1,1,-1,2,7
50,2,1,700,-1,-1,-1,-1,-1
18,1,2,700,2,-1,-1,-1,-1
33,2,1,700,-1,1,-1,2,7
70,2,2,700,-1,1,-1,2,7
26,1,2,700,-1,-1,-1,-1,-1
55,2,1,700,-1,-1,-1,-1,-1
6,1,2,700,1,-1,-1,-1,-1
21,1,2,700,2,-1,-1,-1,-1
54,2,1,700,-1,-1,-1,-1,-1
46,1,1,700,-1,1,-1,2,7
26,2,1,700,-1,-1,-1,-1,-1
13,1,1,700,1,-1,-1,-1,-1
61,3,2,700,-1,1,-1,2,6
19,1,2,700,2,2,-1,2,7
33,2,1,700,-1,-1,-1,-1,-1
28,4,2,700,-1,1,-1,2,7
10,1,2,700,1,-1,-1,-1,-1
33,1,2,700,-1,-1,-1,-1,-1
60,2,1,700,-1,-1,-1,-1,-1
32,1,2,700,-1,-1,-1,-1,-1
9,1,2,700,1,-1,-1,-1,-1
13,1,1,700,1,-1,-1,-1,-1
6,1,1,700,1,-1,-1,-1,-1
49,2,2,700,-1,-1,-1,-1,-1
24,1,1,700,2,-1,-1,-1,-1
29,2,1,700,-1,-1,-1,-1,-1
59,3,1,700,-1,-1,-1,-1,-1
35,1,1,700,-1,-1,-1,-1,-1
12,1,1,700,1,-1,-1,-1,-1
19,1,1,700,1,2,-1,2,8
19,1,2,700,2,2,-1,2,7
11,1,1,700,1,-1,-1,-1,-1
8,1,2,700,1,-1,-1,-1,-1
15,1,2,700,1,2,-1,2,8
18,1,1,700,1,2,-1,2,8
73,4,1,700,-1,-1,-1,-1,-1
18,1,2,700,1,2,-1,2,8
33,2,2,700,-1,1,-1,2,7
52,2,1,700,-1,-1,-1,-1,-1
8,1,2,700,1,-1,-1,-1,-1
16,1,2,700,1,2,-1,2,8
12,1,1,700,1,-1,-1,-1,-1
6,1,2,700,1,-1,-1,-1,-1
58,2,1,700,-1,1,-1,2,3
52,2,2,700,-1,1,-1,2,7
37,2,2,700,-1,-1,-1,-1,-1
67,2,2,700,-1,-1,-1,-1,-1
78,2,1,700,-1,-1,-1,-1,-1
45,2,2,700,-1,1,-1,2,5
20,1,1,700,2,-1,-1,-1,-1
14,1,2,700,1,-1,-1,-1,-1
6,1,1,700,1,-1,-1,-1,-1
24,2,2,700,2,2,-1,2,7
27,2,1,700,-1,-1,-1,-1,-1
9,1,2,700,1,-1,-1,-1,-1
40,2,1,700,-1,-1,-1,-1,-1
22,2,2,700,2,1,-1,2,7
29,2,1,700,-1,-1,-1,-1,-1
40,3,1,700,-1,-1,-1,-1,-1
56,2,1,700,-1,1,-1,2,7
30,1,1,700,-1,-1,-1,-1,-1
23,2,1,700,2,1,-1,2,3
11,1,1,700,1,-1,-1,-1,-1
30,1,2,700,-1,-1,-1,-1,-1
62,2,2,700,-1,-1,-1,-1,-1
37,2,2,700,-1,-1,-1,-1,-1
33,2,2,700,-1,1,-1,2,7
39,2,1,700,-1,-1,-1,-1,-1
11,1,2,700,1,-1,-1,-1,-1
11,1,2,700,1,-1,-1,-1,-1
5,1,1,700,1,-1,-1,-1,-1
40,2,1,700,-1,-1,-1,-1,-1
19,1,1,700,1,2,-1,2,8
23,1,1,700,2,2,-1,2,2
49,2,2,700,-1,-1,-1,-1,-1
14,1,2,700,1,-1,-1,-1,-1
47,2,2,700,-1,-1,-1,-1,-1
52,2,2,700,-1,1,-1,2,7
34,2,2,700,-1,1,-1,2,7
66,2,1,700,-1,1,-1,2,6
17,1,1,700,1,2,-1,2,8
47,2,1,700,-1,-1,-1,-1,-1
27,1,2,700,-1,-1,-1,-1,-1
52,2,1,700,-1,-1,-1,-1,-1
59,2,2,700,-1,1,-1,2,7
18,1,2,700,2,-1,-1,-1,-1
12,1,2,700,1,-1,-1,-1,-1
23,2,2,700,2,1,-1,2,9
39,2,1,700,-1,-1,-1,-1,-1
5,1,1,700,1,-1,-1,-1,-1
26,1,1,700,-1,2,-1,2,7
31,2,2,700,-1,1,-1,2,7
36,2,2,700,-1,1,-1,2,7
23,1,1,700,2,-1,-1,-1,-1
38,2,2,700,-1,1,-1,2,7
24,2,1,700,2,-1,-1,-1,-1
32,2,2,700,-1,1,-1,2,7
44,3,2,700,-1,-1,-1,-1,-1
9,1,1,700,1,-1,-1,-1,-1
23,1,1,700,2,-1,-1,-1,-1
6,1,1,700,1,-1,-1,-1,-1
5,1,1,700,1,-1,-1,-1,-1
37,2,1,700,-1,-1,-1,-1,-1
62,2,2,700,-1,-1,-1,-1,-1
35,2,1,700,-1,-1,-1,-1,-1
51,2,1,700,-1,-1,-1,-1,-1
28,1,1,700,-1,-1,-1,-1,-1
32,2,2,700,-1,-1,-1,-1,-1
40,1,2,700,-1,-1,-1,-1,-1
55,2,1,700,-1,-1,-1,-1,-1
51,2,2,700,-1,-1,-1,-1,-1
65,1,2,700,-1,2,-1,2,7
40,2,2,700,-1,2,-1,2,7
73,1,2,700,-1,1,-1,2,6
23,1,1,700,2,-1,-1,-1,-1
25,2,2,700,-1,1,-1,2,7
17,1,1,700,1,1,-1,2,8
5,1,1,700,1,-1,-1,-1,-1
30,2,2,700,-1,-1,-1,-1,-1
49,2,2,700,-1,-1,-1,-1,-1
12,1,2,700,1,-1,-1,-1,-1
51,2,2,700,-1,1,-1,2,7
16,1,1,700,1,2,-1,2,7
32,2,1,700,-1,-1,-1,-1,-1
15,1,2,700,1,2,-1,2,7
15,1,2,700,2,-1,-1,-1,-1
27,2,1,700,-1,-1,-1,-1,-1
33,2,2,700,-1,2,-1,2,7
5,1,2,700,2,-1,-1,-1,-1
42,2,1,700,-1,-1,-1,-1,-1
6,1,2,700,1,-1,-1,-1,-1
5,1,2,700,1,-1,-1,-1,-1
9,1,2,700,1,-1,-1,-1,-1
9,1,1,700,1,-1,-1,-1,-1
25,1,1,700,-1,-1,-1,-1,-1
16,1,1,700,1,2,-1,2,8
54,2,2,700,-1,-1,-1,-1,-1
39,3,2,700,-1,-1,-1,-1,-1
44,2,1,700,-1,-1,-1,-1,-1
15,1,2,700,1,2,-1,2,8
49,2,1,700,-1,-1,-1,-1,-1
50,2,1,700,-1,-1,-1,-1,-1
13,1,1,700,1,-1,-1,-1,-1
9,1,2,700,1,-1,-1,-1,-1
8,1,1,700,1,-1,-1,-1,-1
42,2,1,700,-1,-1,-1,-1,-1
22,1,2,700,2,-1,-1,-1,-1
24,1,2,700,2,-1,-1,-1,-1
38,2,2,700,-1,-1,-1,-1,-1
8,1,2,700,1,-1,-1,-1,-1
52,2,1,700,-1,2,-1,2,6
15,1,2,700,1,2,-1,2,8
32,1,1,700,-1,-1,-1,-1,-1
32,2,1,700,-1,-1,-1,-1,-1
58,2,2,700,-1,-1,-1,-1,-1
15,1,2,700,1,2,-1,2,7
5,1,2,700,2,-1,-1,-1,-1
81,3,1,700,-1,1,-1,2,6
7,1,1,700,1,-1,-1,-1,-1
49,2,1,700,-1,-1,-1,-1,-1
17,1,2,700,1,2,-1,2,8
29,2,2,700,-1,2,-1,2,1
10,1,2,700,1,-1,-1,-1,-1
40,2,1,700,-1,-1,-1,-1,-1
29,2,1,700,-1,-1,-1,-1,-1
31,2,2,700,-1,1,-1,2,7
13,1,1,700,1,-1,-1,-1,-1
36,2,1,700,-1,-1,-1,-1,-1
43,2,2,700,-1,-1,-1,-1,-1
7,1,2,700,1,-1,-1,-1,-1
38,4,1,700,-1,-1,-1,-1,-1
34,2,2,700,-1,2,-1,2,7
5,1,2,700,1,-1,-1,-1,-1
66,4,2,700,-1,1,-1,2,6
15,1,2,700,1,-1,-1,-1,-1
36,2,1,700,-1,-1,-1,-1,-1
37,2,2,700,-1,1,2,1,-1
46,2,2,700,-1,-1,-1,-1,-1
7,1,2,700,1,-1,-1,-1,-1
18,1,1,700,1,2,-1,2,8
72,2,2,700,-1,1,-1,2,6
15,1,2,700,2,2,-1,2,6
27,1,1,700,-1,-1,-1,-1,-1
38,1,2,700,-1,-1,-1,-1,-1
13,1,1,700,1,-1,-1,-1,-1
16,1,1,700,1,2,-1,2,8
47,2,2,700,-1,-1,-1,-1,-1
6,1,1,700,1,-1,-1,-1,-1
34,2,1,700,-1,-1,-1,-1,-1
21,1,1,700,1,1,-1,2,8
28,1,2,700,-1,-1,-1,-1,-1
50,2,2,700,-1,2,-1,2,7
24,1,1,700,2,-1,-1,-1,-1
11,1,1,700,1,-1,-1,-1,-1
22,1,1,700,2,-1,-1,-1,-1
47,2,1,700,-1,-1,-1,-1,-1
42,2,2,700,-1,-1,-1,-1,-1
29,1,1,700,-1,-1,-1,-1,-1
9,1,2,700,1,-1,-1,-1,-1
42,2,1,700,-1,-1,-1,-1,-1
28,1,1,700,-1,2,2,1,-1
27,1,1,700,-1,-1,-1,-1,-1
35,2,2,700,-1,-1,-1,-1,-1
22,1,1,700,2,-1,-1,-1,-1
33,2,2,700,-1,-1,-1,-1,-1
14,1,1,700,1,-1,-1,-1,-1
18,1,2,700,2,2,-1,2,6
68,4,1,700,-1,-1,-1,-1,-1
16,1,2,700,1,2,-1,2,8
22,1,1,700,2,1,-1,2,1
31,2,1,700,-1,-1,-1,-1,-1
70,3,2,700,-1,1,-1,2,6
17,1,1,700,1,2,-1,2,8
50,2,2,700,-1,1,-1,2,7
11,1,1,700,1,-1,-1,-1,-1
12,1,2,700,1,-1,-1,-1,-1
7,1,2,700,2,-1,-1,-1,-1
9,1,2,700,2,-1,-1,-1,-1
47,2,1,700,-1,-1,-1,-1,-1
14,1,1,700,1,-1,-1,-1,-1
29,2,1,700,-1,-1,-1,-1,-1
28,4,2,700,-1,-1,-1,-1,-1
24,1,2,700,2,-1,-1,-1,-1
33,2,1,700,-1,-1,-1,-1,-1
49,2,1,700,-1,1,-1,2,4
45,2,1,700,-1,-1,-1,-1,-1
25,1,1,700,-1,-1,-1,-1,-1
45,2,1,700,-1,-1,-1,-1,-1
43,2,1,700,-1,-1,-1,-1,-1
36,4,1,700,-1,1,-1,2,2
19,1,1,700,2,2,-1,2,6
30,2,2,700,-1,-1,-1,-1,-1
39,1,2,700,-1,-1,-1,-1,-1
18,1,2,700,1,2,-1,2,8
43,2,2,700,-1,1,-1,2,7
47,2,2,700,-1,-1,-1,-1,-1
14,1,1,700,1,-1,-1,-1,-1
54,2,2,700,-1,-1,-1,-1,-1
31,2,1,700,-1,-1,-1,-1,-1
34,2,1,700,-1,-1,-1,-1,-1
27,2,2,700,-1,-1,-1,-1,-1
22,1,2,700,2,-1,-1,-1,-1
27,2,1,700,-1,-1,-1,-1,-1
19,1,1,700,1,2,-1,2,8
27,2,1,700,-1,-1,-1,-1,-1
25,1,1,700,-1,-1,-1,-1,-1
33,2,1,700,-1,-1,-1,-1,-1
26,1,2,700,-1,1,-1,2,3
68,2,2,700,-1,-1,-1,-1,-1
10,1,1,700,1,-1,-1,-1,-1
7,1,1,700,1,-1,-1,-1,-1
11,1,1,700,1,-1,-1,-1,-1
50,2,2,700,-1,-1,-1,-1,-1
46,2,1,700,-1,-1,-1,-1,-1
5,1,2,700,2,-1,-1,-1,-1
14,1,2,700,1,-1,-1,-1,-1
37,2,1,700,-1,-1,-1,-1,-1
8,1,2,700,1,-1,-1,-1,-1
19,1,2,700,1,2,-1,2,8
20,2,1,700,2,-1,-1,-1,-1
16,1,2,700,1,2,-1,2,8
31,2,1,700,-1,-1,-1,-1,-1
44,2,1,700,-1,-1,-1,-1,-1
39,1,1,700,-1,1,-1,2,7
72,2,1,700,-1,-1,-1,-1,-1
18,1,1,700,1,-1,-1,-1,-1
48,1,2,700,-1,-1,-1,-1,-1
14,1,1,700,1,-1,-1,-1,-1
85,3,2,700,-1,2,-1,2,6
14,1,1,700,1,-1,-1,-1,-1
36,3,2,700,-1,-1,-1,-1,-1
19,1,1,700,1,2,-1,2,8
17,1,2,700,1,2,-1,2,8
46,2,2,700,-1,-1,-1,-1,-1
30,2,2,700,-1,1,-1,2,7
57,2,2,700,-1,-1,-1,-1,-1
28,2,1,700,-1,-1,-1,-1,-1
25,1,1,700,-1,-1,-1,-1,-1
17,1,2,700,2,-1,-1,-1,-1
26,1,2,700,-1,-1,-1,-1,-1
56,2,1,700,-1,-1,-1,-1,-1
21,1,1,700,2,1,2,1,-1
43,2,2,700,-1,1,-1,2,7
25,1,2,700,-1,-1,-1,-1,-1
61,2,2,700,-1,-1,-1,-1,-1
15,2,2,700,2,-1,-1,-1,-1
12,1,1,700,1,-1,-1,-1,-1
42,2,2,700,-1,1,-1,2,7
14,1,2,700,1,-1,-1,-1,-1
42,2,1,700,-1,-1,-1,-1,-1
7,1,1,700,1,-1,-1,-1,-1
59,2,1,700,-1,1,-1,2,7
40,3,1,700,-1,-1,-1,-1,-1
10,1,2,700,1,-1,-1,-1,-1
48,2,2,700,-1,-1,-1,-1,-1
56,3,2,700,-1,-1,-1,-1,-1
28,1,1,700,-1,-1,-1,-1,-1
14,1,1,700,1,-1,-1,-1,-1
19,1,1,700,1,-1,-1,-1,-1
63,2,2,700,-1,-1,-1,-1,-1
13,1,2,700,1,-1,-1,-1,-1
18,1,1,700,1,2,-1,2,8
37,2,1,700,-1,-1,-1,-1,-1
42,2,2,700,-1,-1,-1,-1,-1
42,2,2,700,-1,1,-1,2,7
9,1,2,700,1,-1,-1,-1,-1
57,2,2,700,-1,-1,-1,-1,-1
37,2,1,700,-1,-1,-1,-1,-1
10,1,1,700,1,-1,-1,-1,-1
39,2,2,700,-1,2,-1,2,7
69,2,1,700,-1,1,-1,2,6
37,1,2,700,-1,-1,-1,-1,-1
6,1,2,700,2,-1,-1,-1,-1
12,1,2,700,1,-1,-1,-1,-1
45,2,2,700,-1,1,-1,2,7
34,2,1,700,-1,-1,-1,-1,-1
60,2,1,700,-1,-1,-1,-1,-1
32,2,1,700,-1,-1,-1,-1,-1
59,2,2,700,-1,-1,-1,-1,-1
13,1,2,700,1,-1,-1,-1,-1
63,2,1,700,-1,1,-1,2,6
15,1,1,700,1,2,-1,2,8
14,1,2,700,1,-1,-1,-1,-1
40,2,1,700,-1,-1,-1,-1,-1
20,1,2,700,2,-1,-1,-1,-1
50,2,1,700,-1,-1,-1,-1,-1
61,1,2,700,-1,1,-1,2,6
18,1,2,700,1,2,-1,2,8
37,2,1,700,-1,-1,-1,-1,-1
39,2,2,700,-1,-1,-1,-1,-1
9,1,1,700,1,-1,-1,-1,-1
53,2,2,700,-1,2,-1,2,7
15,1,1,700,2,2,-1,2,7
10,1,2,700,1,-1,-1,-1,-1
48,2,1,700,-1,-1,-1,-1,-1
12,1,2,700,1,-1,-1,-1,-1
52,2,1,700,-1,-1,-1,-1,-1
45,2,2,700,-1,1,-1,2,7
17,2,1,700,2,1,-1,2,5
12,1,2,700,1,-1,-1,-1,-1
25,2,2,700,-1,2,-1,2,7
59,2,2,700,-1,1,-1,2,7
34,2,2,700,-1,-1,-1,-1,-1
24,2,2,700,2,-1,-1,-1,-1
7,1,1,700,1,-1,-1,-1,-1
47,2,2,700,-1,-1,-1,-1,-1
23,1,1,700,2,-1,-1,-1,-1
32,2,2,700,-1,1,-1,2,7
40,2,2,700,-1,-1,-1,-1,-1
56,3,2,700,-1,-1,-1,-1,-1
50,2,2,700,-1,-1,-1,-1,-1
43,2,2,700,-1,1,-1,2,7
7,1,2,700,1,-1,-1,-1,-1
39,2,1,700,-1,-1,-1,-1,-1
52,2,1,700,-1,-1,-1,-1,-1
46,2,2,700,-1,-1,-1,-1,-1
5,1,2,700,1,-1,-1,-1,-1
25,2,2,700,-1,1,-1,2,7
59,4,2,700,-1,1,-1,2,7
57,2,2,700,-1,-1,-1,-1,-1
15,1,1,700,1,2,-1,2,8
7,1,1,700,1,-1,-1,-1,-1
62,3,2,700,-1,1,-1,2,7
24,1,1,700,2,2,-1,2,8
40,2,1,700,-1,-1,-1,-1,-1
11,1,1,700,1,-1,-1,-1,-1
23,1,1,700,2,1,-1,2,3
24,2,1,700,2,-1,-1,-1,-1
28,2,2,700,-1,2,-1,2,7
48,2,2,700,-1,-1,-1,-1,-1
16,1,2,700,1,2,-1,2,8
19,1,2,700,1,2,-1,2,8
32,2,1,700,-1,-1,-1,-1,-1
44,2,1,700,-1,-1,-1,-1,-1
17,1,1,700,1,2,-1,2,8
13,1,2,700,1,-1,-1,-1,-1
51,2,1,700,-1,1,-1,2,7
21,1,1,700,2,-1,-1,-1,-1
73,3,1,700,-1,-1,-1,-1,-1
87,3,1,700,-1,1,-1,2,6
36,2,1,700,-1,-1,-1,-1,-1
15,1,2,700,1,2,-1,2,8
18,1,2,700,1,-1,-1,-1,-1
9,1,2,700,1,-1,-1,-1,-1
46,2,2,700,-1,1,-1,2,7
52,2,1,700,-1,-1,-1,-1,-1
9,1,2,700,1,-1,-1,-1,-1
20,1,1,700,2,-1,-1,-1,-1
12,1,1,700,1,-1,-1,-1,-1
22,1,2,700,2,-1,-1,-1,-1
6,1,1,700,2,-1,-1,-1,-1
6,1,1,700,1,-1,-1,-1,-1
65,2,2,700,-1,1,-1,2,6
64,2,1,700,-1,1,-1,2,6
8,1,2,700,1,-1,-1,-1,-1
8,1,2,700,1,-1,-1,-1,-1
15,1,2,700,1,2,-1,2,8
22,1,1,700,2,-1,-1,-1,-1
45,2,2,700,-1,1,-1,2,7
52,2,1,700,-1,-1,-1,-1,-1
56,1,1,700,-1,-1,-1,-1,-1
49,2,2,700,-1,1,-1,2,7
70,2,2,700,-1,-1,-1,-1,-1
55,2,2,700,-1,-1,-1,-1,-1
14,1,2,700,1,-1,-1,-1,-1
15,1,2,700,2,1,2,1,-1
25,2,1,700,-1,-1,-1,-1,-1
30,2,1,700,-1,-1,-1,-1,-1
34,2,2,700,-1,1,-1,2,7
46,2,1,700,-1,-1,-1,-1,-1
50,2,2,700,-1,2,-1,2,7
5,1,2,700,1,-1,-1,-1,-1
36,2,1,700,-1,-1,-1,-1,-1
53,2,1,700,-1,-1,-1,-1,-1
11,1,1,700,1,-1,-1,-1,-1
25,2,2,700,-1,1,-1,2,7
5,1,1,700,2,-1,-1,-1,-1
9,1,2,700,1,-1,-1,-1,-1
23,2,1,700,2,-1,-1,-1,-1
41,1,1,700,-1,1,-1,2,7
26,2,1,700,-1,-1,-1,-1,-1
14,1,1,700,1,-1,-1,-1,-1
27,3,2,700,-1,1,-1,2,7
5,1,1,700,1,-1,-1,-1,-1
14,1,1,700,2,-1,-1,-1,-1
43,2,1,700,-1,-1,-1,-1,-1
33,2,1,700,-1,-1,-1,-1,-1
18,1,2,700,2,2,-1,2,7
29,1,1,700,-1,-1,-1,-1,-1
16,1,2,700,1,2,-1,2,8
57,2,1,700,-1,-1,-1,-1,-1
17,1,2,700,2,2,-1,2,6
14,1,2,700,1,-1,-1,-1,-1
32,2,1,700,-1,-1,-1,-1,-1
47,2,2,700,-1,-1,-1,-1,-1
20,1,2,700,2,2,-1,2,7
74,2,2,700,-1,1,-1,2,6
50,2,1,700,-1,-1,-1,-1,-1
60,2,2,700,-1,1,-1,2,7
34,2,1,700,-1,-1,-1,-1,-1
8,1,1,700,1,-1,-1,-1,-1
32,2,1,700,-1,-1,-1,-1,-1
15,1,1,700,1,2,-1,2,8
29,2,1,700,-1,-1,-1,-1,-1
74,2,2,700,-1,1,-1,2,6
13,1,2,700,1,-1,-1,-1,-1
66,2,1,700,-1,1,-1,2,6
17,1,1,700,1,2,-1,2,8
33,2,2,700,-1,-1,-1,-1,-1
44,2,2,700,-1,-1,-1,-1,-1
18,1,1,700,1,2,-1,2,8
28,2,2,700,-1,-1,-1,-1,-1
10,1,1,700,1,-1,-1,-1,-1
38,2,2,700,-1,-1,-1,-1,-1
34,2,2,700,-1,-1,-1,-1,-1
60,2,1,700,-1,2,-1,2,7
77,3,2,700,-1,1,-1,2,6
30,2,1,700,-1,-1,-1,-1,-1
29,2,1,700,-1,-1,-1,-1,-1
25,2,1,700,-1,1,2,1,-1
40,2,1,700,-1,-1,-1,-1,-1
61,4,2,700,-1,-1,-1,-1,-1
13,1,1,700,1,-1,-1,-1,-1
20,2,1,700,2,-1,-1,-1,-1
45,2,1,700,-1,-1,-1,-1,-1
54,2,2,700,-1,1,-1,2,7
14,1,2,700,2,-1,-1,-1,-1
20,1,1,700,2,1,2,1,-1
31,2,1,700,-1,-1,-1,-1,-1
59,2,2,700,-1,-1,-1,-1,-1
24,1,1,700,2,1,-1,2,3
5,1,1,700,1,-1,-1,-1,-1
27,1,1,700,-1,-1,-1,-1,-1
48,2,2,700,-1,-1,-1,-1,-1
20,1,2,700,2,-1,-1,-1,-1
38,2,2,700,-1,-1,-1,-1,-1
46,2,2,700,-1,-1,-1,-1,-1
20,1,1,700,2,-1,-1,-1,-1
10,1,1,700,1,-1,-1,-1,-1
7,1,1,700,1,-1,-1,-1,-1
19,1,2,700,1,2,-1,2,8
7,1,1,700,1,-1,-1,-1,-1
52,2,2,700,-1,-1,-1,-1,-1
6,1,1,700,1,-1,-1,-1,-1
24,1,2,700,2,1,-1,2,5
29,1,1,700,-1,-1,-1,-1,-1
5,1,1,700,2,-1,-1,-1,-1
60,2,2,700,-1,1,-1,2,6
16,1,2,700,1,2,-1,2,8
11,1,1,700,1,-1,-1,-1,-1
30,2,2,700,-1,1,-1,2,7
22,1,2,700,2,2,-1,2,8
35,2,2,700,-1,1,-1,2,7
6,1,1,700,1,-1,-1,-1,-1
18,1,1,700,1,2,-1,2,8
14,1,1,700,2,-1,-1,-1,-1
46,2,1,700,-1,-1,-1,-1,-1
12,1,2,700,1,-1,-1,-1,-1
25,2,1,700,-1,-1,-1,-1,-1
64,2,2,700,-1,-1,-1,-1,-1
54,2,2,700,-1,1,-1,2,7
56,2,2,700,-1,-1,-1,-1,-1
22,1,2,700,1,-1,-1,-1,-1
25,2,2,700,-1,2,-1,2,7
12,1,1,700,1,-1,-1,-1,-1
27,1,2,700,-1,-1,-1,-1,-1
14,1,1,700,1,-1,-1,-1,-1
26,2,2,700,-1,-1,-1,-1,-1
19,1,1,700,1,2,-1,2,8
72,3,2,700,-1,1,-1,2,7
58,3,1,700,-1,1,-1,2,1
25,1,1,700,-1,-1,-1,-1,-1
24,2,2,700,2,1,-1,2,4
67,2,1,700,-1,-1,-1,-1,-1
45,2,2,700,-1,-1,-1,-1,-1
41,2,2,700,-1,-1,-1,-1,-1
5,1,2,700,1,-1,-1,-1,-1
15,1,2,700,1,2,-1,2,8
20,1,1,700,1,2,-1,2,8
67,2,1,700,-1,1,-1,2,6
14,1,2,700,1,-1,-1,-1,-1
39,2,1,700,-1,-1,-1,-1,-1
62,2,1,700,-1,-1,-1,-1,-1
44,2,2,700,-1,-1,-1,-1,-1
55,3,2,700,-1,1,-1,2,3
64,2,1,700,-1,-1,-1,-1,-1
35,2,2,700,-1,-1,-1,-1,-1
6,1,2,700,1,-1,-1,-1,-1
38,2,1,700,-1,-1,-1,-1,-1
5,1,1,700,1,-1,-1,-1,-1
7,1,2,700,1,-1,-1,-1,-1
35,2,1,700,-1,-1,-1,-1,-1
36,1,1,700,-1,-1,-1,-1,-1
18,1,1,700,2,-1,-1,-1,-1
47,2,1,700,-1,-1,-1,-1,-1
57,2,1,700,-1,-1,-1,-1,-1
26,2,2,700,-1,2,-1,2,7
24,2,2,700,2,2,-1,2,7
61,2,2,700,-1,-1,-1,-1,-1
63,2,1,700,-1,1,-1,2,1
17,1,2,700,1,2,-1,2,8
19,1,2,700,1,2,-1,2,8
8,1,1,700,1,-1,-1,-1,-1
24,2,1,700,2,-1,-1,-1,-1
15,1,2,700,1,2,-1,2,8
43,1,1,700,-1,-1,-1,-1,-1
23,1,1,700,2,-1,-1,-1,-1
14,1,2,700,1,-1,-1,-1,-1
43,2,1,700,-1,-1,-1,-1,-1
8,1,1,700,2,-1,-1,-1,-1
39,2,2,700,-1,-1,-1,-1,-1
13,1,1,700,1,-1,-1,-1,-1
12,1,2,700,1,-1,-1,-1,-1
24,2,1,700,2,-1,-1,-1,-1
15,1,2,700,1,2,-1,2,6
7,1,1,700,1,-1,-1,-1,-1
51,1,1,700,-1,-1,-1,-1,-1
20,1,1,700,2,-1,-1,-1,-1
44,2,1,700,-1,-1,-1,-1,-1
13,1,2,700,1,-1,-1,-1,-1
29,2,2,700,-1,1,-1,2,7
32,2,1,700,-1,-1,-1,-1,-1
57,2,1,700,-1,1,-1,2,7
10,1,1,700,1,-1,-1,-1,-1
13,1,1,700,1,-1,-1,-1,-1
49,2,2,700,-1,-1,-1,-1,-1
40,2,1,700,-1,-1,-1,-1,-1
62,2,2,700,-1,-1,-1,-1,-1
40,2,2,700,-1,1,-1,2,7
16,1,1,700,1,2,-1,2,8
7,1,2,700,1,-1,-1,-1,-1
32,1,2,700,-1,-1,-1,-1,-1
33,2,2,700,-1,1,-1,2,7
22,1,1,700,1,-1,-1,-1,-1
13,1,2,700,1,-1,-1,-1,-1
57,2,2,700,-1,-1,-1,-1,-1
14,1,1,700,1,-1,-1,-1,-1
16,1,2,700,1,2,-1,2,8
62,2,1,700,-1,-1,-1,-1,-1
30,2,2,700,-1,1,-1,2,7
71,2,2,700,-1,1,-1,2,6
38,2,1,700,-1,-1,-1,-1,-1
47,2,2,700,-1,1,-1,2,7
41,2,1,700,-1,-1,-1,-1,-1
37,2,1,700,-1,-1,-1,-1,-1
6,1,1,700,1,-1,-1,-1,-1
65,2,1,700,-1,1,-1,2,6
37,2,1,700,-1,-1,-1,-1,-1
26,1,1,700,-1,-1,-1,-1,-1
53,2,2,700,-1,1,-1,2,7
37,2,2,700,-1,1,-1,2,7
9,1,2,700,1,-1,-1,-1,-1
14,1,2,700,1,-1,-1,-1,-1
6,1,1,700,1,-1,-1,-1,-1
38,2,2,700,-1,-1,-1,-1,-1
18,1,1,700,1,2,-1,2,8
16,1,2,700,1,1,-1,2,8
28,2,1,700,-1,1,-1,2,7
13,1,1,700,1,-1,-1,-1,-1
57,2,1,700,-1,-1,-1,-1,-1
61,2,1,700,-1,-1,-1,-1,-1
25,1,1,700,-1,1,2,1,-1
25,2,2,700,-1,2,-1,2,7
14,1,2,700,1,-1,-1,-1,-1
18,1,2,700,1,2,-1,2,8
12,1,2,700,1,-1,-1,-1,-1
40,2,1,700,-1,-1,-1,-1,-1
9,1,1,700,1,-1,-1,-1,-1
15,1,1,700,2,-1,-1,-1,-1
24,1,1,700,2,-1,-1,-1,-1
43,2,2,700,-1,-1,-1,-1,-1
9,1,1,700,1,-1,-1,-1,-1
45,2,1,700,-1,-1,-1,-1,-1
28,2,1,700,-1,-1,-1,-1,-1
27,1,1,700,-1,-1,-1,-1,-1
50,2,1,700,-1,1,-1,2,7
17,1,1,700,2,-1,-1,-1,-1
61,2,2,700,-1,1,-1,2,7
37,2,1,700,-1,-1,-1,-1,-1
5,1,1,700,1,-1,-1,-1,-1
12,1,1,700,1,-1,-1,-1,-1
26,1,2,700,-1,-1,-1,-1,-1
30,1,2,700,-1,-1,-1,-1,-1
29,2,2,700,-1,-1,-1,-1,-1
25,1,2,700,-1,-1,-1,-1,-1
68,2,1,700,-1,-1,-1,-1,-1
38,2,2,700,-1,-1,-1,-1,-1
36,2,2,700,-1,-1,-1,-1,-1
24,2,1,700,2,-1,-1,-1,-1
51,1,2,700,-1,-1,-1,-1,-1
7,1,2,700,1,-1,-1,-1,-1
59,2,1,700,-1,-1,-1,-1,-1
17,1,2,700,1,2,-1,2,8
42,2,2,700,-1,-1,-1,-1,-1
10,1,1,700,1,-1,-1,-1,-1
58,2,2,700,-1,-1,-1,-1,-1
27,1,1,700,-1,-1,-1,-1,-1
21,1,2,700,2,1,-1,2,7
23,2,2,700,2,-1,-1,-1,-1
22,2,2,700,2,2,-1,2,7
17,1,2,700,1,2,-1,2,8
33,2,2,700,-1,1,-1,2,7
17,1,2,700,1,2,-1,2,8
49,2,1,700,-1,-1,-1,-1,-1
17,1,1,700,1,2,-1,2,8
85,3,2,700,-1,1,-1,2,6
39,2,2,700,-1,1,-1,2,7
19,1,2,700,2,-1,-1,-1,-1
10,1,2,700,1,-1,-1,-1,-1
14,1,2,700,1,-1,-1,-1,-1
54,2,1,700,-1,-1,-1,-1,-1
8,1,2,700,1,-1,-1,-1,-1
50,2,1,700,-1,-1,-1,-1,-1
26,2,2,700,-1,1,-1,2,7
81,3,2,700,-1,1,-1,2,6
73,2,2,700,-1,1,-1,2,6
17,1,2,700,2,1,-1,2,7
41,2,1,700,-1,-1,-1,-1,-1
48,2,2,700,-1,-1,-1,-1,-1
45,2,2,700,-1,1,-1,2,7
37,2,1,700,-1,-1,-1,-1,-1
30,2,1,700,-1,-1,-1,-1,-1
70,2,2,700,-1,-1,-1,-1,-1
7,1,1,700,1,-1,-1,-1,-1
43,2,2,700,-1,-1,-1,-1,-1
21,1,1,700,2,-1,-1,-1,-1
36,2,1,700,-1,-1,-1,-1,-1
33,2,2,700,-1,-1,-1,-1,-1
63,2,2,700,-1,1,-1,2,6
34,2,2,700,-1,2,-1,2,7
74,2,2,700,-1,-1,-1,-1,-1
46,2,2,700,-1,-1,-1,-1,-1
84,3,2,700,-1,1,-1,2,6
21,1,1,700,2,-1,-1,-1,-1
15,1,1,700,1,2,-1,2,8
24,1,1,700,2,-1,-1,-1,-1
15,1,1,700,1,2,-1,2,8
15,1,1,700,1,2,-1,2,8
35,2,2,700,-1,1,-1,2,7
48,2,2,700,-1,1,-1,2,7
40,2,1,700,-1,-1,-1,-1,-1
12,1,1,700,1,-1,-1,-1,-1
12,1,2,700,1,-1,-1,-1,-1
53,2,2,700,-1,-1,-1,-1,-1
22,1,1,700,2,-1,-1,-1,-1
50,2,2,700,-1,-1,-1,-1,-1
18,1,1,700,1,2,-1,2,8
49,2,2,700,-1,-1,-1,-1,-1
81,3,1,700,-1,-1,-1,-1,-1
53,2,2,700,-1,-1,-1,-1,-1
41,2,2,700,-1,-1,-1,-1,-1
18,1,2,700,1,2,-1,2,8
40,2,2,700,-1,-1,-1,-1,-1
5,1,1,700,1,-1,-1,-1,-1
23,2,2,700,2,1,-1,2,7
24,1,2,700,2,-1,-1,-1,-1
17,1,2,700,1,2,-1,2,9
9,1,2,700,1,-1,-1,-1,-1
47,2,1,700,-1,-1,-1,-1,-1
28,1,1,700,-1,-1,-1,-1,-1
5,1,2,700,1,-1,-1,-1,-1
7,1,1,700,1,-1,-1,-1,-1
9,1,2,700,1,-1,-1,-1,-1
32,2,2,700,-1,-1,-1,-1,-1
37,2,1,700,-1,-1,-1,-1,-1
29,2,2,700,-1,1,-1,2,7
27,1,2,700,-1,-1,-1,-1,-1
5,1,1,700,2,-1,-1,-1,-1
63,2,2,700,-1,-1,-1,-1,-1
5,1,2,700,1,-1,-1,-1,-1
33,1,1,700,-1,-1,-1,-1,-1
24,1,1,700,2,-1,-1,-1,-1
17,1,1,700,1,2,-1,2,8
7,1,1,700,1,-1,-1,-1,-1
5,1,1,700,2,-1,-1,-1,-1
7,1,2,700,1,-1,-1,-1,-1
8,1,1,700,1,-1,-1,-1,-1
44,2,1,700,-1,1,2,1,-1
5,1,2,700,1,-1,-1,-1,-1
7,1,2,700,1,-1,-1,-1,-1
38,2,1,700,-1,-1,-1,-1,-1
42,2,2,700,-1,2,-1,2,7
23,2,2,700,2,-1,-1,-1,-1
46,2,2,700,-1,-1,-1,-1,-1
5,1,1,700,1,-1,-1,-1,-1
32,1,1,700,-1,1,-1,2,8
67,2,1,700,-1,1,-1,2,6
68,3,2,700,-1,2,-1,2,3
39,2,1,700,-1,-1,-1,-1,-1
53,2,1,700,-1,-1,-1,-1,-1
9,1,2,700,1,-1,-1,-1,-1
81,3,1,700,-1,-1,-1,-1,-1
71,2,1,700,-1,-1,-1,-1,-1
17,1,1,700,1,-1,-1,-1,-1
20,1,2,700,1,1,-1,2,7
20,1,2,700,2,-1,-1,-1,-1
21,1,1,700,1,2,-1,2,8
29,2,2,700,-1,-1,-1,-1,-1
14,1,2,700,1,-1,-1,-1,-1
39,2,1,700,-1,-1,-1,-1,-1
38,2,2,700,-1,-1,-1,-1,-1
47,1,1,700,-1,-1,-1,-1,-1
56,3,2,700,-1,1,-1,2,7
40,2,1,700,-1,-1,-1,-1,-1
66,2,1,700,-1,1,-1,2,6
53,2,2,700,-1,-1,-1,-1,-1
24,1,1,700,2,-1,-1,-1,-1
15,1,1,700,1,2,-1,2,8
7,1,2,700,1,-1,-1,-1,-1
16,1,2,700,1,1,-1,2,8
12,1,1,700,1,-1,-1,-1,-1
14,1,1,700,1,-1,-1,-1,-1
11,1,2,700,1,-1,-1,-1,-1
20,1,1,700,2,-1,-1,-1,-1
41,2,2,700,-1,1,-1,2,7
12,1,1,700,1,-1,-1,-1,-1
85,2,2,700,-1,1,-1,2,6
23,2,2,700,2,-1,-1,-1,-1
84,3,2,700,-1,1,-1,2,6
40,1,1,700,-1,-1,-1,-1,-1
23,1,2,700,1,2,-1,2,8
10,1,1,700,1,-1,-1,-1,-1
5,1,1,700,2,-1,-1,-1,-1
78,2,2,700,-1,1,-1,2,6
9,1,2,700,1,-1,-1,-1,-1
63,2,1,700,-1,-1,-1,-1,-1
51,2,1,700,-1,-1,-1,-1,-1
16,1,1,700,1,2,-1,2,8
61,2,1,700,-1,-1,-1,-1,-1
19,1,1,700,2,2,-1,2,2
37,2,2,700,-1,-1,-1,-1,-1
11,1,1,700,1,-1,-1,-1,-1
66,2,1,700,-1,-1,-1,-1,-1
9,1,2,700,1,-1,-1,-1,-1
5,1,1,700,1,-1,-1,-1,-1
26,2,2,700,-1,1,-1,2,7
17,1,1,700,1,2,-1,2,8
8,1,2,700,1,-1,-1,-1,-1
42,1,2,700,-1,-1,-1,-1,-1
6,1,2,700,1,-1,-1,-1,-1
10,1,1,700,1,-1,-1,-1,-1
48,1,1,700,-1,1,-1,2,9
9,1,2,700,1,-1,-1,-1,-1
9,1,1,700,1,-1,-1,-1,-1
30,2,1,700,-1,-1,-1,-1,-1
28,2,2,700,-1,1,-1,2,7
23,1,1,700,2,1,-1,2,1
52,2,2,700,-1,1,-1,2,7
53,2,2,700,-1,-1,-1,-1,-1
59,2,2,700,-1,-1,-1,-1,-1
74,2,1,700,-1,1,-1,2,6
5,1,2,700,1,-1,-1,-1,-1
31,2,1,700,-1,-1,-1,-1,-1
55,2,2,700,-1,-1,-1,-1,-1
50,4,2,700,-1,-1,-1,-1,-1
8,1,2,700,1,-1,-1,-1,-1
60,2,1,700,-1,-1,-1,-1,-1
20,1,1,700,2,2,1,1,-1
18,1,2,700,1,2,-1,2,8
22,2,1,700,2,-1,-1,-1,-1
69,3,2,700,-1,1,-1,2,6
21,1,1,700,1,2,-1,2,8
23,2,2,700,2,-1,-1,-1,-1
17,1,2,700,1,2,-1,2,8
5,1,2,700,1,-1,-1,-1,-1
14,1,1,700,1,-1,-1,-1,-1
6,1,1,700,1,-1,-1,-1,-1
36,2,1,700,-1,-1,-1,-1,-1
16,1,2,700,1,2,-1,2,8
50,2,1,700,-1,-1,-1,-1,-1
31,2,2,700,-1,1,-1,2,7
38,4,2,700,-1,1,-1,2,6
54,3,1,700,-1,-1,-1,-1,-1
61,2,2,700,-1,2,-1,2,7
9,1,2,700,1,-1,-1,-1,-1
38,3,2,700,-1,1,-1,2,7
36,2,1,700,-1,-1,-1,-1,-1
5,1,2,700,1,-1,-1,-1,-1
10,1,1,700,1,-1,-1,-1,-1
31,2,2,700,-1,1,-1,2,7
14,1,2,700,1,-1,-1,-1,-1
28,2,2,700,-1,-1,-1,-1,-1
25,4,1,700,-1,-1,-1,-1,-1
18,1,1,700,2,-1,-1,-1,-1
6,1,2,700,1,-1,-1,-1,-1
10,1,1,700,1,-1,-1,-1,-1
27,2,2,700,-1,2,-1,2,7
25,2,1,700,-1,-1,-1,-1,-1
18,1,1,700,2,-1,-1,-1,-1
43,2,2,700,-1,1,-1,2,7
8,1,2,700,1,-1,-1,-1,-1
10,1,1,700,1,-1,-1,-1,-1
28,2,1,700,-1,-1,-1,-1,-1
32,2,2,700,-1,-1,-1,-1,-1
19,2,2,700,2,1,-1,2,7
44,2,2,700,-1,-1,-1,-1,-1
54,3,2,700,-1,1,-1,2,7
44,2,2,700,-1,-1,-1,-1,-1
13,1,1,700,1,-1,-1,-1,-1
64,2,1,700,-1,1,-1,2,6
19,2,2,700,2,1,-1,2,7
15,1,2,700,1,2,-1,2,8
15,1,2,700,1,2,-1,2,8
15,1,1,700,1,2,-1,2,8
40,2,2,700,-1,-1,-1,-1,-1
27,1,1,700,-1,-1,-1,-1,-1
51,2,2,700,-1,1,-1,2,7
80,3,2,700,-1,1,-1,2,7
10,1,2,700,1,-1,-1,-1,-1
54,3,1,700,-1,-1,-1,-1,-1
17,1,1,700,1,2,-1,2,8
9,1,2,700,1,-1,-1,-1,-1
60,2,2,700,-1,1,-1,2,6
56,2,2,700,-1,1,-1,2,7
9,1,2,700,1,-1,-1,-1,-1
29,2,1,700,-1,-1,-1,-1,-1
14,1,1,700,1,-1,-1,-1,-1
56,2,1,700,-1,-1,-1,-1,-1
27,2,1,700,-1,-1,-1,-1,-1
38,1,2,700,-1,1,-1,2,4
24,1,1,700,2,-1,-1,-1,-1
8,1,1,700,1,-1,-1,-1,-1
10,1,1,700,1,-1,-1,-1,-1
11,1,1,700,1,-1,-1,-1,-1
15,1,1,700,1,-1,-1,-1,-1
8,1,1,700,1,-1,-1,-1,-1
21,1,2,700,2,2,-1,2,7
34,2,2,700,-1,2,-1,2,7
16,1,1,700,1,2,-1,2,8
47,2,2,700,-1,-1,-1,-1,-1
27,2,2,700,-1,1,-1,2,7
45,2,1,700,-1,-1,-1,-1,-1
26,2,2,700,-1,-1,-1,-1,-1
47,2,2,700,-1,1,-1,2,7
44,2,1,700,-1,-1,-1,-1,-1
9,1,2,700,1,-1,-1,-1,-1
62,2,1,700,-1,-1,-1,-1,-1
25,2,2,700,-1,1,-1,2,7
7,1,2,700,1,-1,-1,-1,-1
51,3,1,700,-1,-1,-1,-1,-1
6,1,2,700,1,-1,-1,-1,-1
41,2,1,700,-1,-1,-1,-1,-1
46,1,1,700,-1,1,-1,2,7
76,2,2,700,-1,1,-1,2,6
39,2,2,700,-1,-1,-1,-1,-1
47,2,2,700,-1,1,-1,2,7
31,2,1,700,-1,-1,-1,-1,-1
16,1,1,700,1,2,-1,2,8
16,1,2,700,1,2,-1,2,8
13,1,2,700,1,-1,-1,-1,-1
24,2,1,700,2,1,-1,2,5
40,2,2,700,-1,-1,-1,-1,-1
12,1,1,700,1,-1,-1,-1,-1
63,2,1,700,-1,-1,-1,-1,-1
26,2,1,700,-1,-1,-1,-1,-1
36,1,1,700,-1,-1,-1,-1,-1
52,2,1,700,-1,-1,-1,-1,-1
18,2,2,700,2,1,-1,2,9
53,2,2,700,-1,-1,-1,-1,-1
5,1,1,700,1,-1,-1,-1,-1
33,2,2,700,-1,1,-1,2,7
34,2,1,700,-1,-1,-1,-1,-1
13,1,2,700,1,-1,-1,-1,-1
13,1,1,700,1,-1,-1,-1,-1
52,2,1,700,-1,-1,-1,-1,-1
55,2,2,700,-1,1,-1,2,7
13,1,1,700,1,-1,-1,-1,-1
49,2,2,700,-1,-1,-1,-1,-1
68,3,2,700,-1,1,-1,2,6
52,2,1,700,-1,-1,-1,-1,-1
13,1,1,700,1,-1,-1,-1,-1
69,2,2,700,-1,2,-1,2,6
11,1,1,700,1,-1,-1,-1,-1
16,1,2,700,1,2,-1,2,8
52,2,2,700,-1,-1,-1,-1,-1
28,1,1,700,-1,-1,-1,-1,-1
35,2,1,700,-1,1,-1,2,7
10,1,1,700,1,-1,-1,-1,-1
72,2,2,700,-1,-1,-1,-1,-1
63,3,2,700,-1,1,-1,2,6
46,2,2,700,-1,-1,-1,-1,-1
51,1,1,700,-1,-1,-1,-1,-1
66,2,1,700,-1,1,-1,2,6
19,1,1,700,1,-1,-1,-1,-1
25,1,1,700,-1,1,-1,2,1
11,1,1,700,1,-1,-1,-1,-1
5,1,1,700,1,-1,-1,-1,-1
10,1,1,700,1,-1,-1,-1,-1
59,2,2,700,-1,-1,-1,-1,-1
69,3,1,700,-1,1,-1,2,6
15,1,2,700,1,2,-1,2,8
35,2,1,700,-1,-1,-1,-1,-1
11,1,1,700,1,-1,-1,-1,-1
28,1,2,700,-1,-1,-1,-1,-1
29,1,1,700,-1,-1,-1,-1,-1
6,1,2,700,1,-1,-1,-1,-1
17,1,1,700,2,2,1,1,-1
35,2,2,700,-1,-1,-1,-1,-1
12,1,2,700,1,-1,-1,-1,-1
21,2,1,700,1,2,-1,2,8
16,1,1,700,1,2,-1,2,8
30,2,1,700,-1,-1,-1,-1,-1
24,1,1,700,2,-1,-1,-1,-1
40,2,1,700,-1,-1,-1,-1,-1
15,1,1,700,1,-1,-1,-1,-1
20,2,2,700,2,-1,-1,-1,-1
47,2,2,700,-1,-1,-1,-1,-1
13,1,2,700,1,-1,-1,-1,-1
25,1,2,700,-1,-1,-1,-1,-1
59,2,1,700,-1,-1,-1,-1,-1
35,2,2,700,-1,-1,-1,-1,-1
76,2,2,700,-1,1,-1,2,6
43,2,1,700,-1,-1,-1,-1,-1
29,2,1,700,-1,-1,-1,-1,-1
10,1,1,700,1,-1,-1,-1,-1
15,1,1,700,1,2,-1,2,8
34,2,1,700,-1,-1,-1,-1,-1
33,4,2,700,-1,-1,-1,-1,-1
65,2,2,700,-1,1,-1,2,7
69,2,2,700,-1,1,-1,2,6
43,2,2,700,-1,-1,-1,-1,-1
44,2,1,700,-1,-1,-1,-1,-1
21,1,2,700,2,-1,-1,-1,-1
94,3,2,700,-1,1,-1,2,6
26,2,2,700,-1,1,-1,2,7
28,2,1,700,-1,-1,-1,-1,-1
47,2,2,700,-1,1,-1,2,3
32,2,2,700,-1,1,-1,2,7
12,1,1,700,1,-1,-1,-1,-1
9,1,1,700,1,-1,-1,-1,-1
62,2,2,700,-1,1,-1,2,6
46,2,2,700,-1,-1,-1,-1,-1
58,1,2,700,-1,-1,-1,-1,-1
6,1,1,700,1,-1,-1,-1,-1
14,1,1,700,1,-1,-1,-1,-1
73,3,1,700,-1,1,-1,2,6
78,2,1,700,-1,1,-1,2,6
42,2,2,700,-1,-1,-1,-1,-1
16,1,1,700,2,2,-1,2,6
26,2,1,700,-1,-1,-1,-1,-1
17,1,1,700,2,2,-1,2,8
66,2,1,700,-1,-1,-1,-1,-1
31,2,2,700,-1,1,-1,2,7
25,1,2,700,-1,1,-1,2,2
14,1,1,700,1,-1,-1,-1,-1
41,1,1,700,-1,-1,-1,-1,-1
34,2,1,700,-1,-1,-1,-1,-1
39,1,1,700,-1,-1,-1,-1,-1
43,2,2,700,-1,-1,-1,-1,-1
11,1,1,700,1,-1,-1,-1,-1
29,2,2,700,-1,-1,-1,-1,-1
14,1,1,700,2,-1,-1,-1,-1
18,1,2,700,1,2,-1,2,8
57,2,1,700,-1,-1,-1,-1,-1
42,2,2,700,-1,-1,-1,-1,-1
67,2,2,700,-1,-1,-1,-1,-1
26,2,1,700,-1,1,-1,2,3
47,2,2,700,-1,-1,-1,-1,-1
13,1,1,700,1,-1,-1,-1,-1
8,1,2,700,1,-1,-1,-1,-1
51,3,2,700,-1,-1,-1,-1,-1
79,2,1,700,-1,-1,-1,-1,-1
47,2,1,700,-1,-1,-1,-1,-1
24,2,2,700,2,1,-1,2,7
57,3,2,700,-1,1,-1,2,7
55,2,2,700,-1,-1,-1,-1,-1
24,1,1,700,2,2,1,1,-1
40,2,2,700,-1,1,-1,2,7
12,1,2,700,1,-1,-1,-1,-1
21,1,1,700,1,2,-1,2,8
16,1,2,700,1,2,-1,2,8
68,3,2,700,-1,1,-1,2,6
19,1,1,700,1,1,-1,2,8
50,2,1,700,-1,-1,-1,-1,-1
28,2,2,700,-1,-1,-1,-1,-1
36,2,1,700,-1,-1,-1,-1,-1
13,1,2,700,2,-1,-1,-1,-1
22,1,2,700,2,-1,-1,-1,-1
7,1,1,700,1,-1,-1,-1,-1
38,2,2,700,-1,1,-1,2,7
13,1,2,700,1,-1,-1,-1,-1
19,1,1,700,1,2,-1,2,8
32,2,2,700,-1,-1,-1,-1,-1
70,2,1,700,-1,1,-1,2,6
21,2,2,700,2,2,-1,2,7
23,1,1,700,2,-1,-1,-1,-1
52,2,2,700,-1,1,-1,2,7
52,2,2,700,-1,1,-1,2,7
38,2,1,700,-1,-1,-1,-1,-1
55,3,2,700,-1,-1,-1,-1,-1
47,2,2,700,-1,-1,-1,-1,-1
10,1,2,700,1,-1,-1,-1,-1
19,1,2,700,2,2,-1,2,7
7,1,1,700,1,-1,-1,-1,-1
9,1,2,700,1,-1,-1,-1,-1
15,1,1,700,2,-1,-1,-1,-1
21,1,2,700,2,-1,-1,-1,-1
38,2,2,700,-1,2,-1,2,7
14,1,2,700,1,-1,-1,-1,-1
12,1,2,700,1,-1,-1,-1,-1
13,1,2,700,1,-1,-1,-1,-1
12,1,2,700,1,-1,-1,-1,-1
50,2,1,700,-1,-1,-1,-1,-1
57,2,2,700,-1,1,-1,2,7
19,1,2,700,1,2,-1,2,8
14,1,2,700,1,-1,-1,-1,-1
38,2,2,700,-1,-1,-1,-1,-1
23,2,2,700,2,2,-1,2,7
29,2,2,700,-1,1,-1,2,7
45,2,1,700,-1,-1,-1,-1,-1
11,1,2,700,1,-1,-1,-1,-1
9,1,1,700,1,-1,-1,-1,-1
32,2,2,700,-1,-1,-1,-1,-1
54,2,1,700,-1,-1,-1,-1,-1
5,1,1,700,2,-1,-1,-1,-1
18,1,1,700,2,1,2,1,-1
28,1,2,700,-1,-1,-1,-1,-1
26,2,2,700,-1,-1,-1,-1,-1
44,2,2,700,-1,-1,-1,-1,-1
29,1,1,700,-1,-1,-1,-1,-1
14,1,2,700,1,-1,-1,-1,-1
55,2,1,700,-1,1,-1,2,3
10,1,2,700,2,-1,-1,-1,-1
6,1,1,700,2,-1,-1,-1,-1
54,2,1,700,-1,-1,-1,-1,-1
42,2,1,700,-1,-1,-1,-1,-1
60,2,1,700,-1,-1,-1,-1,-1
40,1,2,700,-1,1,-1,2,7
52,2,1,700,-1,-1,-1,-1,-1
53,2,2,700,-1,1,-1,2,7
55,2,2,700,-1,-1,-1,-1,-1
22,1,2,700,2,2,-1,2,7
15,1,1,700,1,2,-1,2,8
52,2,1,700,-1,-1,-1,-1,-1
37,2,1,700,-1,-1,-1,-1,-1
54,2,1,700,-1,-1,-1,-1,-1
44,3,1,700,-1,-1,-1,-1,-1
73,2,2,700,-1,1,-1,2,6
19,1,1,700,1,-1,-1,-1,-1
27,1,1,700,-1,-1,-1,-1,-1
17,1,2,700,1,2,-1,2,8
12,1,2,700,1,-1,-1,-1,-1
24,2,2,700,2,1,-1,2,7
32,2,1,700,-1,-1,-1,-1,-1
18,1,1,700,2,-1,-1,-1,-1
17,1,2,700,1,2,-1,2,8
27,1,1,700,-1,-1,-1,-1,-1
36,2,2,700,-1,1,-1,2,7
36,2,1,700,-1,-1,-1,-1,-1
37,2,1,700,-1,-1,-1,-1,-1
50,2,2,700,-1,1,-1,2,7
16,1,2,700,1,2,-1,2,8
34,2,2,700,-1,1,-1,2,8
43,2,1,700,-1,-1,-1,-1,-1
6,1,2,700,1,-1,-1,-1,-1
65,2,2,700,-1,-1,-1,-1,-1
7,1,2,700,1,-1,-1,-1,-1
37,2,2,700,-1,-1,-1,-1,-1
46,2,1,700,-1,-1,-1,-1,-1
79,3,2,700,-1,1,-1,2,6
17,1,2,700,1,2,-1,2,7
68,1,2,700,-1,-1,-1,-1,-1
61,2,2,700,-1,-1,-1,-1,-1
5,1,2,700,1,-1,-1,-1,-1
88,3,2,700,-1,1,-1,2,6
46,2,2,700,-1,1,-1,2,7
33,2,2,700,-1,1,-1,2,7
21,2,2,700,2,1,-1,2,7
60,2,1,700,-1,1,-1,2,6
19,1,1,700,1,-1,-1,-1,-1
22,1,1,700,2,-1,-1,-1,-1
35,2,1,700,-1,-1,-1,-1,-1
52,1,1,700,-1,-1,-1,-1,-1
47,2,1,700,-1,-1,-1,-1,-1
39,2,1,700,-1,-1,-1,-1,-1
81,2,1,700,-1,1,-1,2,6
46,2,1,700,-1,-1,-1,-1,-1
14,1,1,700,1,-1,-1,-1,-1
39,2,1,700,-1,-1,-1,-1,-1
42,4,2,700,-1,1,-1,2,7
39,2,2,700,-1,1,-1,2,7
45,2,1,700,-1,-1,-1,-1,-1
19,1,2,700,1,2,-1,2,8
7,1,1,700,1,-1,-1,-1,-1
7,1,2,700,2,-1,-1,-1,-1
26,1,1,700,-1,-1,-1,-1,-1
38,2,2,700,-1,-1,-1,-1,-1
69,2,2,700,-1,1,-1,2,6
90,3,2,700,-1,1,-1,2,6
61,2,2,700,-1,1,-1,2,7
43,1,1,700,-1,-1,-1,-1,-1
7,1,2,700,1,-1,-1,-1,-1
67,2,2,700,-1,1,-1,2,6
15,1,1,700,1,2,-1,2,6
39,2,1,700,-1,-1,-1,-1,-1
46,2,2,700,-1,-1,-1,-1,-1
25,2,2,700,-1,-1,-1,-1,-1
14,1,2,700,1,-1,-1,-1,-1
16,1,1,700,1,2,-1,2,8
55,2,1,700,-1,-1,-1,-1,-1
42,2,2,700,-1,-1,-1,-1,-1
37,1,2,700,-1,1,-1,2,1
12,1,2,700,1,-1,-1,-1,-1
49,3,2,700,-1,-1,-1,-1,-1
78,3,2,700,-1,1,-1,2,6
10,1,2,700,1,-1,-1,-1,-1
28,2,1,700,-1,-1,-1,-1,-1
43,2,1,700,-1,-1,-1,-1,-1
15,1,1,700,1,2,-1,2,8
32,2,2,700,-1,-1,-1,-1,-1
12,1,1,700,1,-1,-1,-1,-1
30,2,2,700,-1,1,-1,2,7
21,1,1,700,2,-1,-1,-1,-1
68,2,1,700,-1,1,-1,2,6
13,1,2,700,1,-1,-1,-1,-1
64,3,2,700,-1,1,-1,2,7
34,2,2,700,-1,1,-1,2,7
95,3,2,700,-1,1,-1,2,6
40,2,2,700,-1,-1,-1,-1,-1
15,1,2,700,1,2,-1,2,8
61,3,2,700,-1,-1,-1,-1,-1
39,2,1,700,-1,-1,-1,-1,-1
7,1,1,700,1,-1,-1,-1,-1
42,2,2,700,-1,-1,-1,-1,-1
51,2,2,700,-1,1,-1,2,1
57,3,2,700,-1,1,-1,2,7
39,1,1,700,-1,-1,-1,-1,-1
16,1,2,700,1,2,-1,2,8
20,1,2,700,1,-1,-1,-1,-1
8,1,1,700,1,-1,-1,-1,-1
46,2,1,700,-1,-1,-1,-1,-1
7,1,1,700,1,-1,-1,-1,-1
16,2,2,700,2,-1,-1,-1,-1
13,1,2,700,1,-1,-1,-1,-1
48,2,1,700,-1,-1,-1,-1,-1
67,2,1,700,-1,1,-1,2,6
70,3,2,700,-1,1,-1,2,7
8,1,2,700,1,-1,-1,-1,-1
28,1,1,700,-1,1,-1,2,5
50,2,1,700,-1,-1,-1,-1,-1
15,1,2,700,1,1,-1,2,6
40,2,1,700,-1,1,-1,2,5
37,2,2,700,-1,-1,-1,-1,-1
13,1,2,700,1,-1,-1,-1,-1
31,2,2,700,-1,1,-1,2,7
68,3,2,700,-1,-1,-1,-1,-1
37,2,1,700,-1,-1,-1,-1,-1
36,2,1,700,-1,-1,-1,-1,-1
25,2,2,700,-1,1,-1,2,9
32,1,1,700,-1,-1,-1,-1,-1
33,2,1,700,-1,-1,-1,-1,-1
32,2,1,700,-1,-1,-1,-1,-1
21,1,1,700,1,2,-1,2,8
28,2,2,700,-1,-1,-1,-1,-1
34,2,1,700,-1,-1,-1,-1,-1
22,1,1,700,1,-1,-1,-1,-1
7,1,1,700,1,-1,-1,-1,-1
17,1,2,700,1,2,-1,2,8
61,3,2,700,-1,1,-1,2,6
17,1,1,700,1,2,-1,2,8
6,1,1,700,1,-1,-1,-1,-1
6,1,2,700,1,-1,-1,-1,-1
25,2,1,700,-1,-1,-1,-1,-1
15,1,1,700,1,2,-1,2,8
23,1,2,700,2,-1,-1,-1,-1
29,1,1,700,-1,-1,-1,-1,-1
39,2,2,700,-1,-1,-1,-1,-1
34,2,1,700,-1,-1,-1,-1,-1
69,3,2,700,-1,1,-1,2,6
18,1,2,700,1,-1,-1,-1,-1
13,1,2,700,1,-1,-1,-1,-1
16,1,1,700,1,2,-1,2,8
40,2,1,700,-1,-1,-1,-1,-1
16,1,1,700,1,2,-1,2,8
47,2,2,700,-1,-1,-1,-1,-1
10,1,2,700,1,-1,-1,-1,-1
7,1,1,700,1,-1,-1,-1,-1
35,2,1,700,-1,-1,-1,-1,-1
7,1,1,700,1,-1,-1,-1,-1
54,2,2,700,-1,2,-1,2,7
30,2,1,700,-1,-1,-1,-1,-1
47,2,2,700,-1,-1,-1,-1,-1
37,1,1,700,-1,-1,-1,-1,-1
16,1,2,700,1,2,-1,2,8
27,2,2,700,-1,-1,-1,-1,-1
23,1,1,700,2,-1,-1,-1,-1
7,1,2,700,1,-1,-1,-1,-1
11,1,2,700,1,-1,-1,-1,-1
23,1,1,700,2,-1,-1,-1,-1
52,2,1,700,-1,-1,-1,-1,-1
70,3,1,700,-1,1,-1,2,6
16,1,1,700,1,1,-1,2,8
38,2,2,700,-1,-1,-1,-1,-1
51,2,1,700,-1,-1,-1,-1,-1
35,2,1,700,-1,-1,-1,-1,-1
32,1,1,700,-1,-1,-1,-1,-1
27,1,2,700,-1,1,-1,2,7
13,1,2,700,1,-1,-1,-1,-1
27,2,1,700,-1,-1,-1,-1,-1
29,2,1,700,-1,-1,-1,-1,-1
62,2,1,700,-1,1,-1,2,6
39,4,2,700,-1,-1,-1,-1,-1
45,1,1,700,-1,-1,-1,-1,-1
20,1,1,700,1,2,-1,2,8
54,2,1,700,-1,-1,-1,-1,-1
8,1,1,700,1,-1,-1,-1,-1
10,1,1,700,1,-1,-1,-1,-1
6,1,2,700,1,-1,-1,-1,-1
49,2,1,700,-1,-1,-1,-1,-1
20,1,2,700,1,1,-1,2,8
34,2,2,700,-1,-1,-1,-1,-1
27,2,1,700,-1,-1,-1,-1,-1
65,2,2,700,-1,-1,-1,-1,-1
15,1,1,700,1,2,-1,2,8
48,2,1,700,-1,-1,-1,-1,-1
12,1,1,700,1,-1,-1,-1,-1
13,1,1,700,1,-1,-1,-1,-1
5,1,1,700,1,-1,-1,-1,-1
15,1,2,700,1,2,-1,2,8
43,4,2,700,-1,-1,-1,-1,-1
39,2,1,700,-1,-1,-1,-1,-1
25,2,2,700,-1,1,-1,2,7
12,1,1,700,1,-1,-1,-1,-1
60,2,1,700,-1,-1,-1,-1,-1
13,1,1,700,1,-1,-1,-1,-1
75,2,2,700,-1,1,-1,2,6
22,1,1,700,2,-1,-1,-1,-1
73,2,2,700,-1,1,-1,2,6
48,2,2,700,-1,1,-1,2,7
29,2,1,700,-1,-1,-1,-1,-1
23,1,2,700,2,-1,-1,-1,-1
20,2,2,700,2,1,-1,2,7
60,2,1,700,-1,-1,-1,-1,-1
13,1,1,700,1,-1,-1,-1,-1
12,1,2,700,1,-1,-1,-1,-1
16,1,2,700,1,2,-1,2,7
46,2,2,700,-1,1,-1,2,7
30,2,2,700,-1,1,-1,2,7
22,1,2,700,2,-1,-1,-1,-1
21,2,1,700,2,-1,-1,-1,-1
14,1,2,700,1,-1,-1,-1,-1
21,1,1,700,2,-1,-1,-1,-1
59,2,1,700,-1,-1,-1,-1,-1
39,4,2,700,-1,-1,-1,-1,-1
22,1,1,700,2,2,-1,2,8
18,1,2,700,1,2,-1,2,8
64,2,1,700,-1,1,-1,2,6
7,1,2,700,1,-1,-1,-1,-1
63,2,1,700,-1,-1,-1,-1,-1
15,1,2,700,1,2,-1,2,8
17,1,1,700,1,2,-1,2,8
60,2,1,700,-1,-1,-1,-1,-1
26,1,1,700,-1,2,2,1,-1
59,2,1,700,-1,-1,-1,-1,-1
22,1,2,700,1,2,-1,2,8
17,1,2,700,1,2,-1,2,8
38,2,1,700,-1,-1,-1,-1,-1
11,1,1,700,1,-1,-1,-1,-1
12,1,1,700,1,-1,-1,-1,-1
40,2,1,700,-1,-1,-1,-1,-1
60,2,2,700,-1,-1,-1,-1,-1
50,2,1,700,-1,-1,-1,-1,-1
27,2,2,700,-1,-1,-1,-1,-1
32,1,1,700,-1,-1,-1,-1,-1
53,2,1,700,-1,-1,-1,-1,-1
10,1,1,700,1,-1,-1,-1,-1
60,2,2,700,-1,-1,-1,-1,-1
22,2,2,700,2,2,-1,2,7
38,2,2,700,-1,-1,-1,-1,-1
8,1,1,700,1,-1,-1,-1,-1
43,2,1,700,-1,-1,-1,-1,-1
43,2,2,700,-1,-1,-1,-1,-1
20,1,2,700,1,-1,-1,-1,-1
23,2,2,700,2,2,-1,2,7
43,2,2,700,-1,1,-1,2,7
8,1,2,700,1,-1,-1,-1,-1
12,1,1,700,1,-1,-1,-1,-1
40,1,1,700,-1,-1,-1,-1,-1
9,1,1,700,1,-1,-1,-1,-1
39,2,2,700,-1,-1,-1,-1,-1
64,3,2,700,-1,1,-1,2,9
61,2,1,700,-1,1,-1,2,6
7,1,1,700,1,-1,-1,-1,-1
6,1,2,700,1,-1,-1,-1,-1
15,1,1,700,1,2,-1,2,8
5,1,2,700,1,-1,-1,-1,-1
16,1,1,700,1,2,-1,2,8
5,1,1,700,1,-1,-1,-1,-1
34,2,2,700,-1,-1,-1,-1,-1
16,1,1,700,2,-1,-1,-1,-1
12,1,1,700,1,-1,-1,-1,-1
24,1,2,700,2,-1,-1,-1,-1
19,1,2,700,1,2,-1,2,8
8,1,2,700,1,-1,-1,-1,-1
29,1,2,700,-1,-1,-1,-1,-1
11,1,1,700,1,-1,-1,-1,-1
18,1,1,700,2,-1,-1,-1,-1
10,1,1,700,1,-1,-1,-1,-1
8,1,1,700,1,-1,-1,-1,-1
75,3,2,700,-1,-1,-1,-1,-1
22,1,2,700,1,2,1,1,-1
18,1,1,700,2,-1,-1,-1,-1
15,1,2,700,1,2,-1,2,8
5,1,2,700,1,-1,-1,-1,-1
48,2,2,700,-1,1,-1,2,7
21,1,1,700,1,2,-1,2,8
25,2,1,700,-1,-1,-1,-1,-1
35,1,1,700,-1,-1,-1,-1,-1
46,2,1,700,-1,-1,-1,-1,-1
16,1,1,700,1,2,-1,2,8
57,2,1,700,-1,-1,-1,-1,-1
10,1,2,700,1,-1,-1,-1,-1
35,1,1,700,-1,-1,-1,-1,-1
9,1,1,700,1,-1,-1,-1,-1
20,1,2,700,2,1,-1,2,9
5,1,2,700,1,-1,-1,-1,-1
12,1,2,700,1,-1,-1,-1,-1
20,1,2,700,1,2,-1,2,8
63,2,2,700,-1,-1,-1,-1,-1
7,1,2,700,1,-1,-1,-1,-1
23,2,1,700,2,-1,-1,-1,-1
50,2,2,700,-1,2,-1,2,7
19,1,2,700,1,2,-1,2,8
23,1,2,700,2,-1,-1,-1,-1
33,2,2,700,-1,-1,-1,-1,-1
30,2,2,700,-1,1,-1,2,7
26,2,2,700,-1,2,-1,2,7
53,2,2,700,-1,1,-1,2,7
9,1,2,700,1,-1,-1,-1,-1
46,2,2,700,-1,-1,-1,-1,-1
46,2,1,700,-1,-1,-1,-1,-1
41,2,2,700,-1,1,-1,2,7
25,1,2,700,-1,1,2,1,-1
14,1,1,700,2,-1,-1,-1,-1
15,1,1,700,1,-1,-1,-1,-1
9,1,1,700,1,-1,-1,-1,-1
33,2,1,700,-1,-1,-1,-1,-1
9,1,1,700,1,-1,-1,-1,-1
29,1,1,700,-1,-1,-1,-1,-1
20,1,2,700,1,-1,-1,-1,-1
22,1,1,700,2,2,-1,2,5
45,1,1,700,-1,-1,-1,-1,-1
23,1,1,700,2,1,2,1,-1
18,1,2,700,1,-1,-1,-1,-1
52,3,2,700,-1,-1,-1,-1,-1
32,2,2,700,-1,1,2,1,-1
14,1,1,700,2,-1,-1,-1,-1
42,2,1,700,-1,-1,-1,-1,-1
53,2,1,700,-1,-1,-1,-1,-1
8,1,1,700,1,-1,-1,-1,-1
5,1,1,700,1,-1,-1,-1,-1
12,1,1,700,1,-1,-1,-1,-1
6,1,2,700,1,-1,-1,-1,-1
23,2,1,700,2,1,2,1,-1
69,3,2,700,-1,1,-1,2,6
82,2,2,700,-1,1,-1,2,6
7,1,1,700,1,-1,-1,-1,-1
36,1,1,700,-1,1,-1,2,7
17,1,2,700,1,2,-1,2,8
7,1,2,700,1,-1,-1,-1,-1
5,1,1,700,1,-1,-1,-1,-1
34,4,2,700,-1,-1,-1,-1,-1
51,2,2,700,-1,1,-1,2,7
21,1,2,700,1,2,-1,2,8
5,1,2,700,1,-1,-1,-1,-1
62,2,1,700,-1,-1,-1,-1,-1
63,2,1,700,-1,1,-1,2,6
58,2,2,700,-1,-1,-1,-1,-1
29,2,1,700,-1,-1,-1,-1,-1
18,1,2,700,1,2,-1,2,8
45,1,2,700,-1,-1,-1,-1,-1
42,2,1,700,-1,-1,-1,-1,-1
15,1,1,700,2,-1,-1,-1,-1
32,2,1,700,-1,-1,-1,-1,-1
64,3,2,700,-1,2,-1,2,7
15,1,2,700,1,2,-1,2,8
32,2,2,700,-1,1,-1,2,7
45,2,1,700,-1,-1,-1,-1,-1
7,1,2,700,2,-1,-1,-1,-1
19,1,2,700,1,2,-1,2,8
6,1,1,700,1,-1,-1,-1,-1
21,1,1,700,2,2,-1,2,2
34,2,1,700,-1,-1,-1,-1,-1
15,1,1,700,1,2,-1,2,8
68,2,1,700,-1,-1,-1,-1,-1
66,2,1,700,-1,1,-1,2,7
48,2,1,700,-1,-1,-1,-1,-1
33,2,2,700,-1,1,-1,2,7
21,1,1,700,2,-1,-1,-1,-1
35,2,2,700,-1,-1,-1,-1,-1
60,2,2,700,-1,-1,-1,-1,-1
63,1,2,700,-1,-1,-1,-1,-1
14,1,1,700,1,-1,-1,-1,-1
7,1,1,700,1,-1,-1,-1,-1
45,2,2,700,-1,1,-1,2,7
5,1,1,700,1,-1,-1,-1,-1
60,2,1,700,-1,-1,-1,-1,-1
42,2,2,700,-1,1,-1,2,7
37,2,2,700,-1,1,-1,2,7
20,2,1,700,2,-1,-1,-1,-1
38,1,2,700,-1,2,-1,2,6
12,1,2,700,1,-1,-1,-1,-1
5,1,2,700,1,-1,-1,-1,-1
31,2,2,700,-1,-1,-1,-1,-1
14,1,1,700,1,-1,-1,-1,-1
35,1,1,700,-1,-1,-1,-1,-1
9,1,1,700,1,-1,-1,-1,-1
28,2,1,700,-1,-1,-1,-1,-1
49,2,1,700,-1,-1,-1,-1,-1
17,1,2,700,1,2,-1,2,8
46,1,1,700,-1,1,-1,2,1
25,2,2,700,-1,2,-1,2,7
18,1,2,700,2,1,-1,2,7
38,2,2,700,-1,1,-1,2,7
20,1,1,700,1,-1,-1,-1,-1
37,2,2,700,-1,-1,-1,-1,-1
12,1,1,700,1,-1,-1,-1,-1
33,2,2,700,-1,-1,-1,-1,-1
41,2,2,700,-1,-1,-1,-1,-1
27,2,2,700,-1,1,-1,2,7
6,1,2,700,1,-1,-1,-1,-1
5,1,2,700,1,-1,-1,-1,-1
14,1,2,700,1,-1,-1,-1,-1
29,2,2,700,-1,1,-1,2,7
21,2,2,700,2,1,-1,2,7
11,1,2,700,1,-1,-1,-1,-1
15,1,1,700,1,2,-1,2,3
38,2,2,700,-1,1,-1,2,7
11,1,2,700,2,-1,-1,-1,-1
34,2,1,700,-1,-1,-1,-1,-1
9,1,2,700,1,-1,-1,-1,-1
11,1,2,700,1,-1,-1,-1,-1
28,2,1,700,-1,-1,-1,-1,-1
15,1,1,700,2,2,-1,2,8
10,1,1,700,1,-1,-1,-1,-1
6,1,2,700,1,-1,-1,-1,-1
21,2,1,700,2,-1,-1,-1,-1
28,2,1,700,-1,-1,-1,-1,-1
15,1,2,700,1,2,-1,2,8
11,1,1,700,1,-1,-1,-1,-1
27,1,1,700,-1,-1,-1,-1,-1
9,1,1,700,1,-1,-1,-1,-1
19,1,1,700,2,-1,-1,-1,-1
49,2,1,700,-1,-1,-1,-1,-1
17,3,2,700,2,2,-1,2,6
29,2,1,700,-1,-1,-1,-1,-1
36,2,2,700,-1,1,-1,2,7
14,1,2,700,1,-1,-1,-1,-1
24,2,1,700,2,-1,-1,-1,-1
67,2,2,700,-1,-1,-1,-1,-1
51,2,2,700,-1,-1,-1,-1,-1
23,1,2,700,2,-1,-1,-1,-1
33,2,1,700,-1,-1,-1,-1,-1
42,2,2,700,-1,-1,-1,-1,-1
36,1,2,700,-1,2,-1,2,7
34,2,1,700,-1,-1,-1,-1,-1
40,2,1,700,-1,-1,-1,-1,-1
18,2,2,700,2,2,-1,2,7
36,2,2,700,-1,-1,-1,-1,-1
30,2,2,700,-1,2,-1,2,7
22,2,2,700,2,-1,-1,-1,-1
56,2,2,700,-1,-1,-1,-1,-1
18,1,1,700,2,-1,-1,-1,-1
62,3,2,700,-1,-1,-1,-1,-1
40,1,1,700,-1,-1,-1,-1,-1
23,1,1,700,2,-1,-1,-1,-1
36,4,1,700,-1,-1,-1,-1,-1
54,2,2,700,-1,-1,-1,-1,-1
50,2,2,700,-1,-1,-1,-1,-1
6,1,2,700,1,-1,-1,-1,-1
49,2,2,700,-1,-1,-1,-1,-1
37,2,2,700,-1,1,-1,2,7
23,2,1,700,2,-1,-1,-1,-1
15,1,2,700,1,2,-1,2,7
34,2,2,700,-1,2,-1,2,7
19,1,1,700,1,2,-1,2,8
9,1,2,700,1,-1,-1,-1,-1
6,1,1,700,1,-1,-1,-1,-1
22,1,1,700,2,1,2,1,-1
71,1,1,700,-1,1,-1,2,6
46,2,1,700,-1,-1,-1,-1,-1
18,1,1,700,1,2,-1,2,8
28,2,1,700,-1,-1,-1,-1,-1
25,1,1,700,-1,-1,-1,-1,-1
29,2,2,700,-1,2,-1,2,7
35,2,2,700,-1,1,-1,2,7
29,2,2,700,-1,1,-1,2,7
12,1,1,700,1,-1,-1,-1,-1
56,2,1,700,-1,-1,-1,-1,-1
11,1,2,700,1,-1,-1,-1,-1
26,1,1,700,-1,-1,-1,-1,-1
39,2,1,700,-1,-1,-1,-1,-1
9,1,2,700,1,-1,-1,-1,-1
8,1,2,700,1,-1,-1,-1,-1
33,2,2,700,-1,1,-1,2,2
11,1,1,700,1,-1,-1,-1,-1
73,2,2,700,-1,-1,-1,-1,-1
10,1,1,700,1,-1,-1,-1,-1
6,1,1,700,1,-1,-1,-1,-1
37,2,2,700,-1,-1,-1,-1,-1
70,3,1,700,-1,-1,-1,-1,-1
13,1,2,700,1,-1,-1,-1,-1
54,2,2,700,-1,-1,-1,-1,-1
12,1,1,700,1,-1,-1,-1,-1
45,2,1,700,-1,-1,-1,-1,-1
18,1,2,700,1,2,-1,2,8
32,1,1,700,-1,-1,-1,-1,-1
11,1,2,700,1,-1,-1,-1,-1
45,2,2,700,-1,2,-1,2,7
10,1,2,700,1,-1,-1,-1,-1
14,1,1,700,1,-1,-1,-1,-1
53,3,2,700,-1,1,-1,2,7
16,1,1,700,1,2,-1,2,8
5,1,1,700,1,-1,-1,-1,-1
60,2,2,700,-1,-1,-1,-1,-1
6,1,2,700,1,-1,-1,-1,-1
24,1,1,700,2,-1,-1,-1,-1
73,3,2,700,-1,-1,-1,-1,-1
24,1,2,700,1,2,-1,2,8
20,1,2,700,1,2,1,1,-1
12,1,2,700,1,-1,-1,-1,-1
14,1,1,700,1,-1,-1,-1,-1
12,1,2,700,1,-1,-1,-1,-1
16,1,2,700,1,2,-1,2,8
28,2,2,700,-1,2,-1,2,7
47,4,2,700,-1,-1,-1,-1,-1
14,1,1,700,1,-1,-1,-1,-1
19,2,1,700,1,2,-1,2,8
29,2,1,700,-1,-1,-1,-1,-1
27,2,2,700,-1,1,-1,2,7
59,2,1,700,-1,-1,-1,-1,-1
15,1,2,700,1,2,-1,2,7
17,1,1,700,1,2,-1,2,8
68,2,1,700,-1,1,-1,2,6
9,1,1,700,1,-1,-1,-1,-1
28,2,2,700,-1,1,-1,2,7
68,2,1,700,-1,-1,-1,-1,-1
30,2,2,700,-1,-1,-1,-1,-1
32,1,2,700,-1,-1,-1,-1,-1
11,1,2,700,1,-1,-1,-1,-1
29,1,1,700,-1,-1,-1,-1,-1
8,1,2,700,1,-1,-1,-1,-1
15,1,1,700,1,2,-1,2,8
68,2,1,700,-1,-1,-1,-1,-1
33,2,2,700,-1,-1,-1,-1,-1
43,2,1,700,-1,-1,-1,-1,-1
16,1,1,700,1,2,-1,2,8
10,1,2,700,1,-1,-1,-1,-1
9,1,2,700,1,-1,-1,-1,-1
20,6,2,700,2,-1,-1,-1,-1
48,2,2,700,-1,-1,-1,-1,-1
18,1,1,700,1,2,-1,2,8
13,1,1,700,1,-1,-1,-1,-1
30,2,2,700,-1,1,-1,2,7
10,1,2,700,1,-1,-1,-1,-1
17,1,2,700,2,-1,-1,-1,-1
58,2,1,700,-1,-1,-1,-1,-1
21,1,1,700,2,1,-1,2,9
16,1,1,700,1,2,-1,2,7
40,2,1,700,-1,-1,-1,-1,-1
8,1,2,700,1,-1,-1,-1,-1
13,1,2,700,1,-1,-1,-1,-1
10,1,2,700,1,-1,-1,-1,-1
17,1,2,700,1,2,-1,2,8
39,2,2,700,-1,-1,-1,-1,-1
13,1,1,700,1,-1,-1,-1,-1
40,2,1,700,-1,-1,-1,-1,-1
11,1,2,700,1,-1,-1,-1,-1
10,1,1,700,1,-1,-1,-1,-1
35,2,2,700,-1,-1,-1,-1,-1
26,1,2,700,-1,-1,-1,-1,-1
29,2,1,700,-1,-1,-1,-1,-1
41,2,1,700,-1,1,-1,2,1
52,2,1,700,-1,-1,-1,-1,-1
55,2,1,700,-1,-1,-1,-1,-1
26,1,1,700,-1,-1,-1,-1,-1
53,2,1,700,-1,-1,-1,-1,-1
45,2,2,700,-1,-1,-1,-1,-1
41,2,1,700,-1,-1,-1,-1,-1
8,1,2,700,1,-1,-1,-1,-1
19,1,1,700,1,2,-1,2,8
7,1,2,700,1,-1,-1,-1,-1
16,1,2,700,1,2,-1,2,8
48,2,2,700,-1,1,-1,2,7
60,2,1,700,-1,-1,-1,-1,-1
41,2,1,700,-1,-1,-1,-1,-1
28,2,2,700,-1,-1,-1,-1,-1
34,2,2,700,-1,-1,-1,-1,-1
17,1,1,700,2,-1,-1,-1,-1
41,2,1,700,-1,-1,-1,-1,-1
36,2,2,700,-1,-1,-1,-1,-1
34,2,1,700,-1,-1,-1,-1,-1
25,1,2,700,-1,2,-1,2,7
61,2,1,700,-1,-1,-1,-1,-1
18,1,1,700,2,-1,-1,-1,-1
57,2,1,700,-1,1,-1,2,3
5,1,2,700,1,-1,-1,-1,-1
45,2,2,700,-1,1,-1,2,7
88,3,2,700,-1,1,-1,2,6
14,1,2,700,1,-1,-1,-1,-1
27,1,2,700,-1,-1,-1,-1,-1
6,1,2,700,1,-1,-1,-1,-1
11,1,1,700,1,-1,-1,-1,-1
42,2,2,700,-1,-1,-1,-1,-1
33,2,1,700,-1,-1,-1,-1,-1
21,2,1,700,2,-1,-1,-1,-1
18,1,1,700,1,2,-1,2,8
10,1,1,700,1,-1,-1,-1,-1
21,2,1,700,2,-1,-1,-1,-1
64,3,1,700,-1,2,-1,2,7
10,1,2,700,1,-1,-1,-1,-1
89,3,2,700,-1,1,-1,2,6
44,2,2,700,-1,-1,-1,-1,-1
35,2,1,700,-1,-1,-1,-1,-1
47,5,1,700,-1,-1,-1,-1,-1
56,2,2,700,-1,-1,-1,-1,-1
7,1,1,700,1,-1,-1,-1,-1
5,1,2,700,1,-1,-1,-1,-1
33,2,1,700,-1,-1,-1,-1,-1
24,1,1,700,2,-1,-1,-1,-1
15,1,1,700,1,2,-1,2,8
20,2,2,700,2,2,-1,2,7
42,2,2,700,-1,1,-1,2,7
22,1,1,700,2,-1,-1,-1,-1
16,1,2,700,1,2,-1,2,8
25,2,2,700,-1,2,-1,2,7
36,2,2,700,-1,-1,-1,-1,-1
17,1,2,700,1,2,-1,2,8
14,1,1,700,1,-1,-1,-1,-1
15,1,2,700,1,2,-1,2,8
26,2,2,700,-1,2,-1,2,3
8,1,1,700,1,-1,-1,-1,-1
14,1,2,700,1,-1,-1,-1,-1
15,1,1,700,1,2,-1,2,8
6,1,2,700,1,-1,-1,-1,-1
76,3,2,700,-1,-1,-1,-1,-1
41,2,1,700,-1,-1,-1,-1,-1
8,1,1,700,1,-1,-1,-1,-1
33,2,2,700,-1,-1,-1,-1,-1
29,2,2,700,-1,1,-1,2,7
10,1,2,700,1,-1,-1,-1,-1
19,1,1,700,1,1,-1,2,8
5,1,1,700,1,-1,-1,-1,-1
49,1,1,700,-1,-1,-1,-1,-1
18,1,1,700,1,2,-1,2,8
28,2,2,700,-1,1,-1,2,7
36,2,2,700,-1,-1,-1,-1,-1
10,1,1,700,1,-1,-1,-1,-1
49,2,2,700,-1,-1,-1,-1,-1
22,1,2,700,1,2,-1,2,8
66,2,1,700,-1,-1,-1,-1,-1
7,1,1,700,1,-1,-1,-1,-1
36,2,1,700,-1,-1,-1,-1,-1
33,2,2,700,-1,-1,-1,-1,-1
12,1,1,700,1,-1,-1,-1,-1
7,1,1,700,1,-1,-1,-1,-1
7,1,1,700,1,-1,-1,-1,-1
38,2,2,700,-1,-1,-1,-1,-1
65,2,2,700,-1,1,-1,2,7
50,2,2,700,-1,1,-1,2,7
36,2,2,700,-1,2,-1,2,7
52,2,1,700,-1,1,-1,2,3
62,3,2,700,-1,-1,-1,-1,-1
15,1,2,700,1,1,-1,2,8
50,2,2,700,-1,-1,-1,-1,-1
43,2,2,700,-1,1,-1,2,7
32,2,2,700,-1,1,-1,2,7
13,1,2,700,1,-1,-1,-1,-1
12,1,2,700,1,-1,-1,-1,-1
11,1,1,700,1,-1,-1,-1,-1
20,1,1,700,2,-1,-1,-1,-1
55,2,1,700,-1,-1,-1,-1,-1
32,2,2,700,-1,1,-1,2,7
5,1,1,700,1,-1,-1,-1,-1
8,1,1,700,1,-1,-1,-1,-1
54,2,1,700,-1,-1,-1,-1,-1
6,1,2,700,1,-1,-1,-1,-1
64,2,1,700,-1,-1,-1,-1,-1
20,1,1,700,2,-1,-1,-1,-1
62,2,2,700,-1,-1,-1,-1,-1
25,1,1,700,-1,-1,-1,-1,-1
16,1,1,700,2,-1,-1,-1,-1
55,2,1,700,-1,-1,-1,-1,-1
5,1,2,700,1,-1,-1,-1,-1
40,2,2,700,-1,-1,-1,-1,-1
11,1,2,700,1,-1,-1,-1,-1
24,2,2,700,2,1,-1,2,7
11,1,1,700,1,-1,-1,-1,-1
10,1,2,700,1,-1,-1,-1,-1
25,2,2,700,-1,-1,-1,-1,-1
18,1,1,700,2,-1,-1,-1,-1
6,1,1,700,1,-1,-1,-1,-1
18,1,1,700,2,2,-1,2,2
9,1,1,700,1,-1,-1,-1,-1
24,1,1,700,2,1,-1,2,3
20,1,2,700,2,2,-1,2,6
37,2,1,700,-1,-1,-1,-1,-1
21,4,1,700,2,1,-1,2,5
55,1,1,700,-1,-1,-1,-1,-1
43,2,2,700,-1,-1,-1,-1,-1
16,1,2,700,1,2,-1,2,8
53,2,2,700,-1,2,-1,2,9
56,2,2,700,-1,-1,-1,-1,-1
55,1,1,700,-1,-1,-1,-1,-1
52,2,2,700,-1,-1,-1,-1,-1
40,2,1,700,-1,-1,-1,-1,-1
22,2,2,700,1,1,-1,2,8
52,2,1,700,-1,-1,-1,-1,-1
18,1,1,700,1,2,-1,2,8
28,1,1,700,-1,-1,-1,-1,-1
19,1,2,700,1,1,-1,2,8
24,2,1,700,2,-1,-1,-1,-1
7,1,2,700,1,-1,-1,-1,-1
5,1,2,700,1,-1,-1,-1,-1
6,1,1,700,1,-1,-1,-1,-1
63,3,2,700,-1,1,-1,2,7
5,1,1,700,1,-1,-1,-1,-1
31,2,2,700,-1,-1,-1,-1,-1
35,2,1,700,-1,-1,-1,-1,-1
44,2,2,700,-1,1,-1,2,7
33,2,1,700,-1,-1,-1,-1,-1
21,1,1,700,2,2,-1,2,2
37,2,2,700,-1,1,-1,2,7
62,2,2,700,-1,1,-1,2,6
45,2,1,700,-1,-1,-1,-1,-1
9,1,1,700,1,-1,-1,-1,-1
49,2,2,700,-1,1,-1,2,7
43,2,1,700,-1,-1,-1,-1,-1
35,2,2,700,-1,1,-1,2,7
61,2,1,700,-1,-1,-1,-1,-1
30,2,2,700,-1,1,-1,2,7
60,2,2,700,-1,-1,-1,-1,-1
21,2,2,700,2,1,-1,2,7
13,1,2,700,1,-1,-1,-1,-1
29,1,2,700,-1,-1,-1,-1,-1
16,1,1,700,1,2,-1,2,8
44,2,2,700,-1,-1,-1,-1,-1
51,2,1,700,-1,-1,-1,-1,-1
13,1,1,700,1,-1,-1,-1,-1
28,2,1,700,-1,-1,-1,-1,-1
9,1,2,700,1,-1,-1,-1,-1
31,2,2,700,-1,1,-1,2,9
14,1,1,700,1,-1,-1,-1,-1
27,1,2,700,-1,2,-1,2,8
25,2,1,700,-1,-1,-1,-1,-1
11,1,2,700,1,-1,-1,-1,-1
46,2,2,700,-1,1,-1,2,7
51,2,2,700,-1,-1,-1,-1,-1
48,4,1,700,-1,-1,-1,-1,-1
27,2,1,700,-1,1,-1,2,7
31,1,1,700,-1,-1,-1,-1,-1
63,3,2,700,-1,-1,-1,-1,-1
73,3,1,700,-1,1,-1,2,6
48,2,2,700,-1,-1,-1,-1,-1
32,2,1,700,-1,-1,-1,-1,-1
10,1,2,700,1,-1,-1,-1,-1
9,1,1,700,1,-1,-1,-1,-1
5,1,2,700,1,-1,-1,-1,-1
15,1,1,700,1,2,-1,2,8
22,2,2,700,2,2,-1,2,7
14,1,2,700,1,-1,-1,-1,-1
48,2,2,700,-1,1,-1,2,7
14,1,1,700,1,-1,-1,-1,-1
48,2,1,700,-1,-1,-1,-1,-1
27,1,1,700,-1,-1,-1,-1,-1
31,2,1,700,-1,-1,-1,-1,-1
8,1,1,700,1,-1,-1,-1,-1
7,1,1,700,1,-1,-1,-1,-1
46,2,2,700,-1,1,-1,2,7
68,2,2,700,-1,1,-1,2,6
31,1,1,700,-1,2,-1,2,7
13,1,2,700,1,-1,-1,-1,-1
5,1,2,700,2,-1,-1,-1,-1
55,2,1,700,-1,1,-1,2,1
5,1,2,700,1,-1,-1,-1,-1
20,1,1,700,2,2,1,1,-1
13,1,1,700,1,-1,-1,-1,-1
14,1,1,700,1,-1,-1,-1,-1
7,1,1,700,1,-1,-1,-1,-1
21,1,2,700,1,1,-1,2,8
68,2,2,700,-1,-1,-1,-1,-1
43,2,1,700,-1,-1,-1,-1,-1
9,1,1,700,1,-1,-1,-1,-1
44,2,1,700,-1,-1,-1,-1,-1
35,2,2,700,-1,1,-1,2,7
17,1,1,700,2,-1,-1,-1,-1
6,1,1,700,1,-1,-1,-1,-1
17,1,2,700,2,2,-1,2,2
19,1,2,700,2,-1,-1,-1,-1
29,2,1,700,-1,-1,-1,-1,-1
5,1,2,700,2,-1,-1,-1,-1
18,1,2,700,1,2,-1,2,8
46,2,1,700,-1,-1,-1,-1,-1
23,2,2,700,2,1,-1,2,7
25,2,2,700,-1,-1,-1,-1,-1
22,2,2,700,2,1,-1,2,7
9,1,1,700,1,-1,-1,-1,-1
30,2,1,700,-1,-1,-1,-1,-1
55,4,2,700,-1,1,-1,2,7
37,2,2,700,-1,-1,-1,-1,-1
60,2,1,700,-1,-1,-1,-1,-1
8,1,1,700,1,-1,-1,-1,-1
31,2,1,700,-1,-1,-1,-1,-1
34,2,2,700,-1,-1,-1,-1,-1
59,3,2,700,-1,-1,-1,-1,-1
43,2,1,700,-1,-1,-1,-1,-1
25,2,1,700,-1,-1,-1,-1,-1
48,2,1,700,-1,-1,-1,-1,-1
53,2,2,700,-1,2,-1,2,7
18,1,1,700,2,2,-1,2,9
25,2,2,700,-1,1,-1,2,7
23,2,2,700,2,1,-1,2,9
36,2,2,700,-1,-1,-1,-1,-1
26,1,2,700,-1,-1,-1,-1,-1
22,1,2,700,2,-1,-1,-1,-1
16,2,2,700,2,2,-1,2,7
63,2,2,700,-1,-1,-1,-1,-1
61,2,1,700,-1,-1,-1,-1,-1
51,2,2,700,-1,-1,-1,-1,-1
35,2,2,700,-1,-1,-1,-1,-1
13,1,1,700,1,-1,-1,-1,-1
36,3,2,700,-1,-1,-1,-1,-1
5,1,1,700,1,-1,-1,-1,-1
53,3,1,700,-1,-1,-1,-1,-1
22,1,1,700,2,-1,-1,-1,-1
60,2,2,700,-1,2,-1,2,7
42,2,1,700,-1,-1,-1,-1,-1
8,1,2,700,1,-1,-1,-1,-1
6,1,2,700,1,-1,-1,-1,-1
25,2,2,700,-1,1,-1,2,7
44,2,2,700,-1,1,-1,2,7
17,1,2,700,1,2,-1,2,8
26,2,2,700,-1,2,-1,2,7
9,1,2,700,1,-1,-1,-1,-1
16,1,2,700,1,2,-1,2,8
47,2,1,700,-1,-1,-1,-1,-1
34,2,2,700,-1,-1,-1,-1,-1
33,1,1,700,-1,-1,-1,-1,-1
58,2,1,700,-1,-1,-1,-1,-1
49,2,2,700,-1,2,-1,2,7
8,1,1,700,1,-1,-1,-1,-1
12,1,2,700,1,-1,-1,-1,-1
16,1,2,700,1,2,-1,2,8
22,2,2,700,2,1,-1,2,7
26,1,1,700,-1,-1,-1,-1,-1
39,2,1,700,-1,-1,-1,-1,-1
8,1,2,700,1,-1,-1,-1,-1
18,1,1,700,2,-1,-1,-1,-1
31,2,2,700,-1,-1,-1,-1,-1
49,2,2,700,-1,-1,-1,-1,-1
13,1,2,700,1,-1,-1,-1,-1
56,2,2,700,-1,-1,-1,-1,-1
15,1,1,700,1,-1,-1,-1,-1
12,1,1,700,1,-1,-1,-1,-1
8,1,2,700,1,-1,-1,-1,-1
18,1,2,700,2,1,-1,2,7
12,1,1,700,1,-1,-1,-1,-1
24,2,2,700,2,-1,-1,-1,-1
12,1,2,700,1,-1,-1,-1,-1
55,2,2,700,-1,1,-1,2,7
26,2,1,700,-1,1,2,1,-1
77,3,2,700,-1,1,-1,2,6
26,2,2,700,-1,1,-1,2,7
16,1,1,700,1,-1,-1,-1,-1
14,1,2,700,1,-1,-1,-1,-1
5,1,1,700,1,-1,-1,-1,-1
49,2,2,700,-1,-1,-1,-1,-1
26,2,2,700,-1,2,-1,2,7
5,1,2,700,1,-1,-1,-1,-1
52,2,1,700,-1,-1,-1,-1,-1
73,3,1,700,-1,-1,-1,-1,-1
20,1,2,700,1,2,-1,2,8
64,3,2,700,-1,-1,-1,-1,-1
20,1,1,700,1,-1,-1,-1,-1
22,1,1,700,2,-1,-1,-1,-1
42,2,2,700,-1,-1,-1,-1,-1
19,1,2,700,2,-1,-1,-1,-1
48,2,2,700,-1,-1,-1,-1,-1
14,1,2,700,1,-1,-1,-1,-1
6,1,1,700,1,-1,-1,-1,-1
25,2,1,700,-1,-1,-1,-1,-1
32,1,1,700,-1,-1,-1,-1,-1
9,1,2,700,1,-1,-1,-1,-1
41,1,1,700,-1,-1,-1,-1,-1
51,2,2,700,-1,-1,-1,-1,-1
19,1,1,700,2,-1,-1,-1,-1
11,1,2,700,1,-1,-1,-1,-1
35,2,2,700,-1,-1,-1,-1,-1
51,2,2,700,-1,-1,-1,-1,-1
51,2,1,700,-1,-1,-1,-1,-1
23,1,1,700,2,1,-1,2,1
35,1,1,700,-1,-1,-1,-1,-1
23,2,2,700,2,1,-1,2,7
22,2,1,700,2,-1,-1,-1,-1
16,1,1,700,1,2,-1,2,8
12,1,2,700,1,-1,-1,-1,-1
24,2,1,700,2,1,-1,2,9
36,2,2,700,-1,-1,-1,-1,-1
29,2,2,700,-1,-1,-1,-1,-1
9,1,1,700,1,-1,-1,-1,-1
36,1,1,700,-1,-1,-1,-1,-1
22,1,2,700,2,2,-1,2,3
32,2,1,700,-1,-1,-1,-1,-1
64,2,2,700,-1,1,-1,2,6
51,2,1,700,-1,-1,-1,-1,-1
22,1,1,700,1,2,-1,2,8
44,2,2,700,-1,1,-1,2,7
37,2,2,700,-1,2,-1,2,7
46,2,2,700,-1,2,-1,2,7
26,1,2,700,-1,-1,-1,-1,-1
48,2,2,700,-1,-1,-1,-1,-1
49,4,2,700,-1,1,-1,2,7
63,2,1,700,-1,-1,-1,-1,-1
14,1,2,700,1,-1,-1,-1,-1
21,1,2,700,1,2,-1,2,8
40,2,2,700,-1,-1,-1,-1,-1
43,4,1,700,-1,-1,-1,-1,-1
13,1,1,700,1,-1,-1,-1,-1
39,2,1,700,-1,-1,-1,-1,-1
35,2,2,700,-1,-1,-1,-1,-1
27,2,1,700,-1,-1,-1,-1,-1
28,1,1,700,-1,-1,-1,-1,-1
33,2,1,700,-1,-1,-1,-1,-1
5,1,1,700,1,-1,-1,-1,-1
18,1,1,700,1,-1,-1,-1,-1
69,3,2,700,-1,-1,-1,-1,-1
23,2,2,700,2,-1,-1,-1,-1
38,2,1,700,-1,-1,-1,-1,-1
44,2,1,700,-1,-1,-1,-1,-1
28,2,2,700,-1,1,-1,2,7
26,2,1,700,-1,-1,-1,-1,-1
42,2,1,700,-1,-1,-1,-1,-1
39,1,2,700,-1,-1,-1,-1,-1
30,1,1,700,-1,1,-1,2,7
5,1,2,700,1,-1,-1,-1,-1
9,1,1,700,1,-1,-1,-1,-1
42,1,1,700,-1,1,-1,2,2
15,1,2,700,1,2,-1,2,6
8,1,2,700,1,-1,-1,-1,-1
35,1,2,700,-1,1,-1,2,7
62,2,1,700,-1,-1,-1,-1,-1
20,1,1,700,1,2,-1,2,8
41,2,1,700,-1,1,-1,2,1
35,1,1,700,-1,-1,-1,-1,-1
7,1,2,700,1,-1,-1,-1,-1
11,1,1,700,1,-1,-1,-1,-1
23,2,1,700,2,1,-1,2,5
20,1,1,700,1,-1,-1,-1,-1
43,2,2,700,-1,-1,-1,-1,-1
25,1,2,700,-1,-1,-1,-1,-1
9,1,2,700,1,-1,-1,-1,-1
29,1,1,700,-1,-1,-1,-1,-1
45,2,2,700,-1,-1,-1,-1,-1
44,2,1,700,-1,-1,-1,-1,-1
48,2,2,700,-1,-1,-1,-1,-1
26,1,2,700,-1,-1,-1,-1,-1
6,1,1,700,1,-1,-1,-1,-1
70,3,1,700,-1,-1,-1,-1,-1
68,3,2,700,-1,-1,-1,-1,-1
16,1,2,700,1,2,-1,2,8
35,2,1,700,-1,-1,-1,-1,-1
19,4,2,700,1,-1,-1,-1,-1
63,3,2,700,-1,1,-1,2,6
5,1,1,700,1,-1,-1,-1,-1
52,2,2,700,-1,1,-1,2,7
43,2,1,700,-1,-1,-1,-1,-1
21,1,2,700,1,2,-1,2,8
21,1,2,700,1,2,-1,2,8
63,4,1,700,-1,-1,-1,-1,-1
44,2,1,700,-1,-1,-1,-1,-1
27,2,2,700,-1,-1,-1,-1,-1
65,3,2,700,-1,1,-1,2,6
17,1,1,700,1,2,-1,2,8
55,2,1,700,-1,-1,-1,-1,-1
36,2,1,700,-1,-1,-1,-1,-1
53,3,1,700,-1,-1,-1,-1,-1
38,1,2,700,-1,-1,-1,-1,-1
49,1,1,700,-1,-1,-1,-1,-1
21,1,1,700,2,-1,-1,-1,-1
61,2,2,700,-1,-1,-1,-1,-1
33,2,2,700,-1,-1,-1,-1,-1
35,2,2,700,-1,2,-1,2,7
39,2,1,700,-1,-1,-1,-1,-1
67,2,2,700,-1,1,-1,2,6
37,2,2,700,-1,1,-1,2,7
14,1,2,700,1,-1,-1,-1,-1
24,1,1,700,2,1,-1,2,7
16,1,1,700,1,2,-1,2,8
24,1,1,700,2,2,-1,2,9
23,2,2,700,2,1,-1,2,7
18,1,1,700,1,-1,-1,-1,-1
13,1,2,700,1,-1,-1,-1,-1
14,1,1,700,1,-1,-1,-1,-1
13,1,2,700,1,-1,-1,-1,-1
21,1,2,700,1,2,-1,2,8
41,2,1,700,-1,-1,-1,-1,-1
55,2,2,700,-1,1,-1,2,7
46,2,2,700,-1,1,-1,2,7
28,2,2,700,-1,-1,-1,-1,-1
6,1,2,700,1,-1,-1,-1,-1
74,2,2,700,-1,1,-1,2,6
38,2,2,700,-1,-1,-1,-1,-1
9,1,1,700,1,-1,-1,-1,-1
24,1,2,700,2,-1,-1,-1,-1
29,2,2,700,-1,-1,-1,-1,-1
33,1,1,700,-1,-1,-1,-1,-1
35,2,2,700,-1,1,-1,2,7
42,2,2,700,-1,1,-1,2,7
18,1,2,700,1,-1,-1,-1,-1
35,2,1,700,-1,1,2,1,-1
49,2,2,700,-1,-1,-1,-1,-1
20,1,1,700,2,-1,-1,-1,-1
46,2,1,700,-1,-1,-1,-1,-1
47,1,1,700,-1,-1,-1,-1,-1
25,2,1,700,-1,-1,-1,-1,-1
46,2,2,700,-1,2,-1,2,7
16,1,2,700,1,2,-1,2,8
14,1,2,700,1,-1,-1,-1,-1
23,1,1,700,2,-1,-1,-1,-1
29,2,2,700,-1,2,-1,2,7
43,1,2,700,-1,-1,-1,-1,-1
23,2,2,700,2,-1,-1,-1,-1
37,1,1,700,-1,-1,-1,-1,-1
41,2,2,700,-1,-1,-1,-1,-1
13,1,1,700,1,-1,-1,-1,-1
44,2,1,700,-1,-1,-1,-1,-1
22,1,1,700,2,2,1,1,-1
53,2,2,700,-1,1,-1,2,7
11,1,2,700,1,-1,-1,-1,-1
14,1,1,700,1,-1,-1,-1,-1
19,1,1,700,1,2,-1,2,8
53,2,2,700,-1,-1,-1,-1,-1
8,1,2,700,1,-1,-1,-1,-1
52,2,1,700,-1,-1,-1,-1,-1
15,1,2,700,1,2,-1,2,8
9,1,1,700,1,-1,-1,-1,-1
34,2,2,700,-1,1,-1,2,7
43,4,2,700,-1,-1,-1,-1,-1
5,1,1,700,1,-1,-1,-1,-1
60,1,1,700,-1,1,-1,2,3
61,2,1,700,-1,-1,-1,-1,-1
15,1,1,700,1,2,-1,2,8
42,2,1,700,-1,-1,-1,-1,-1
70,2,2,700,-1,1,-1,2,6
51,2,2,700,-1,-1,-1,-1,-1
45,2,1,700,-1,-1,-1,-1,-1
35,2,2,700,-1,1,-1,2,7
34,2,2,700,-1,1,-1,2,7
21,1,2,700,2,2,-1,2,8
37,2,2,700,-1,-1,-1,-1,-1
80,3,2,700,-1,1,-1,2,6
25,2,1,700,-1,-1,-1,-1,-1
73,3,2,700,-1,2,-1,2,6
56,2,1,700,-1,1,-1,2,6
38,4,1,700,-1,-1,-1,-1,-1
54,2,1,700,-1,1,-1,2,7
7,1,2,700,1,-1,-1,-1,-1
29,1,2,700,-1,-1,-1,-1,-1
62,1,1,700,-1,1,-1,2,6
35,2,2,700,-1,1,-1,2,7
31,2,1,700,-1,-1,-1,-1,-1
22,1,2,700,2,-1,-1,-1,-1
10,1,1,700,1,-1,-1,-1,-1
15,1,2,700,1,2,-1,2,8
34,2,1,700,-1,-1,-1,-1,-1
25,1,2,700,-1,-1,-1,-1,-1
29,2,2,700,-1,-1,-1,-1,-1
5,1,1,700,1,-1,-1,-1,-1
21,1,2,700,2,-1,-1,-1,-1
14,1,1,700,2,-1,-1,-1,-1
47,2,1,700,-1,-1,-1,-1,-1
15,1,2,700,1,2,-1,2,8
52,2,2,700,-1,-1,-1,-1,-1
15,1,1,700,1,2,-1,2,8
10,1,2,700,1,-1,-1,-1,-1
53,2,2,700,-1,1,-1,2,7
12,1,1,700,1,-1,-1,-1,-1
22,1,2,700,2,-1,-1,-1,-1
65,3,1,700,-1,-1,-1,-1,-1
15,1,1,700,1,2,-1,2,8
39,4,1,700,-1,-1,-1,-1,-1
29,2,2,700,-1,-1,-1,-1,-1
19,1,2,700,2,2,-1,2,7
17,1,1,700,1,2,-1,2,8
27,2,1,700,-1,-1,-1,-1,-1
87,3,2,700,-1,1,-1,2,6
14,1,1,700,1,-1,-1,-1,-1
38,2,2,700,-1,-1,-1,-1,-1
14,1,2,700,1,-1,-1,-1,-1
33,2,2,700,-1,-1,-1,-1,-1
50,2,1,700,-1,-1,-1,-1,-1
30,2,2,700,-1,1,-1,2,7
12,1,2,700,1,-1,-1,-1,-1
18,1,1,700,2,-1,-1,-1,-1
37,2,2,700,-1,1,2,1,-1
9,1,1,700,1,-1,-1,-1,-1
23,1,2,700,2,2,1,1,-1
14,1,2,700,1,-1,-1,-1,-1
18,1,2,700,2,2,-1,2,2
5,1,1,700,1,-1,-1,-1,-1
41,2,1,700,-1,-1,-1,-1,-1
10,1,1,700,1,-1,-1,-1,-1
30,1,2,700,-1,-1,-1,-1,-1
8,1,2,700,1,-1,-1,-1,-1
52,2,2,700,-1,-1,-1,-1,-1
37,2,1,700,-1,-1,-1,-1,-1
17,1,1,700,1,2,-1,2,8
31,1,1,700,-1,-1,-1,-1,-1
11,1,1,700,1,-1,-1,-1,-1
33,1,1,700,-1,-1,-1,-1,-1
13,1,1,700,1,-1,-1,-1,-1
6,1,1,700,1,-1,-1,-1,-1
62,4,1,700,-1,-1,-1,-1,-1
39,2,1,700,-1,-1,-1,-1,-1
37,2,1,700,-1,-1,-1,-1,-1
29,2,2,700,-1,-1,-1,-1,-1
40,2,2,700,-1,1,2,1,-1
66,1,2,700,-1,1,-1,2,6
12,1,2,700,1,-1,-1,-1,-1
6,1,2,700,1,-1,-1,-1,-1
73,2,1,700,-1,1,-1,2,6
11,1,2,700,1,-1,-1,-1,-1
23,2,2,700,2,1,-1,2,7
75,3,2,700,-1,1,-1,2,7
61,2,2,700,-1,-1,-1,-1,-1
36,4,1,700,-1,-1,-1,-1,-1
46,2,2,700,-1,-1,-1,-1,-1
63,2,1,700,-1,1,-1,2,6
39,2,2,700,-1,-1,-1,-1,-1
32,2,1,700,-1,-1,-1,-1,-1
21,2,2,700,2,-1,-1,-1,-1
62,3,1,700,-1,-1,-1,-1,-1
28,1,1,700,-1,1,2,1,-1
41,2,2,700,-1,-1,-1,-1,-1
10,1,2,700,1,-1,-1,-1,-1
29,2,2,700,-1,1,-1,2,7
61,2,1,700,-1,-1,-1,-1,-1
40,1,1,700,-1,-1,-1,-1,-1
6,1,1,700,1,-1,-1,-1,-1
18,2,2,700,2,2,-1,2,7
16,1,1,700,2,-1,-1,-1,-1
33,2,1,700,-1,-1,-1,-1,-1
5,1,2,700,1,-1,-1,-1,-1
53,2,2,700,-1,2,-1,2,7
65,2,1,700,-1,1,-1,2,6
63,2,1,700,-1,-1,-1,-1,-1
10,1,2,700,1,-1,-1,-1,-1
48,2,1,700,-1,1,-1,2,5
14,1,1,700,1,-1,-1,-1,-1
59,2,2,700,-1,-1,-1,-1,-1
5,1,2,700,2,-1,-1,-1,-1
50,2,2,700,-1,-1,-1,-1,-1
15,1,1,700,1,2,-1,2,8
11,1,1,700,1,-1,-1,-1,-1
62,3,2,700,-1,1,-1,2,6
35,2,2,700,-1,-1,-1,-1,-1
38,2,1,700,-1,-1,-1,-1,-1
28,4,1,700,-1,-1,-1,-1,-1
57,4,1,700,-1,1,-1,2,7
38,2,1,700,-1,-1,-1,-1,-1
21,1,1,700,1,1,-1,2,7
16,1,1,700,1,-1,-1,-1,-1
42,2,1,700,-1,-1,-1,-1,-1
41,2,1,700,-1,-1,-1,-1,-1
6,1,2,700,1,-1,-1,-1,-1
29,2,2,700,-1,-1,-1,-1,-1
23,2,1,700,2,-1,-1,-1,-1
38,2,1,700,-1,-1,-1,-1,-1
37,2,1,700,-1,-1,-1,-1,-1
12,1,1,700,1,-1,-1,-1,-1
36,2,1,700,-1,-1,-1,-1,-1
25,2,2,700,-1,-1,-1,-1,-1
18,1,2,700,2,-1,-1,-1,-1
34,1,1,700,-1,-1,-1,-1,-1
35,2,2,700,-1,-1,-1,-1,-1
57,2,1,700,-1,-1,-1,-1,-1
7,1,1,700,1,-1,-1,-1,-1
59,3,1,700,-1,-1,-1,-1,-1
7,1,2,700,2,-1,-1,-1,-1
72,2,1,700,-1,-1,-1,-1,-1
42,3,2,700,-1,-1,-1,-1,-1
82,1,1,700,-1,-1,-1,-1,-1
37,2,1,700,-1,-1,-1,-1,-1
14,1,1,700,1,-1,-1,-1,-1
48,1,1,700,-1,-1,-1,-1,-1
43,2,1,700,-1,-1,-1,-1,-1
43,2,1,700,-1,-1,-1,-1,-1
36,2,2,700,-1,2,-1,2,7
15,1,2,700,1,2,-1,2,8
24,2,2,700,2,2,-1,2,7
30,1,2,700,-1,-1,-1,-1,-1
10,1,1,700,1,-1,-1,-1,-1
16,1,2,700,1,2,-1,2,8
11,1,2,700,1,-1,-1,-1,-1
14,1,1,700,1,-1,-1,-1,-1
12,1,1,700,1,-1,-1,-1,-1
32,2,1,700,-1,-1,-1,-1,-1
20,1,2,700,2,2,-1,2,8
8,1,2,700,1,-1,-1,-1,-1
67,3,2,700,-1,-1,-1,-1,-1
16,2,2,700,2,2,-1,2,7
41,2,2,700,-1,-1,-1,-1,-1
13,1,2,700,1,-1,-1,-1,-1
22,2,2,700,2,-1,-1,-1,-1
46,2,2,700,-1,2,-1,2,7
10,1,1,700,2,-1,-1,-1,-1
35,1,1,700,-1,1,-1,2,3
15,1,2,700,1,2,-1,2,8
7,1,2,700,1,-1,-1,-1,-1
5,1,2,700,1,-1,-1,-1,-1
13,1,2,700,1,-1,-1,-1,-1
36,2,2,700,-1,1,-1,2,7
14,1,2,700,1,-1,-1,-1,-1
69,2,2,700,-1,-1,-1,-1,-1
7,1,1,700,1,-1,-1,-1,-1
15,1,1,700,1,2,-1,2,8
46,2,2,700,-1,-1,-1,-1,-1
24,2,2,700,2,-1,-1,-1,-1
40,2,1,700,-1,-1,-1,-1,-1
27,2,1,700,-1,-1,-1,-1,-1
5,1,1,700,1,-1,-1,-1,-1
49,2,1,700,-1,-1,-1,-1,-1
25,2,2,700,-1,-1,-1,-1,-1
49,2,1,700,-1,-1,-1,-1,-1
43,2,1,700,-1,-1,-1,-1,-1
18,1,1,700,2,-1,-1,-1,-1
12,1,2,700,1,-1,-1,-1,-1
9,1,2,700,1,-1,-1,-1,-1
16,1,1,700,1,-1,-1,-1,-1
77,2,2,700,-1,1,-1,2,6
7,1,1,700,1,-1,-1,-1,-1
24,1,1,700,2,-1,-1,-1,-1
24,1,2,700,2,-1,-1,-1,-1
80,3,2,700,-1,1,-1,2,6
38,2,1,700,-1,-1,-1,-1,-1
40,2,1,700,-1,-1,-1,-1,-1
30,2,2,700,-1,-1,-1,-1,-1
67,2,2,700,-1,1,-1,2,6
35,2,1,700,-1,-1,-1,-1,-1
61,2,1,700,-1,-1,-1,-1,-1
45,2,1,700,-1,-1,-1,-1,-1
24,1,2,700,1,2,-1,2,8
16,1,1,700,1,2,-1,2,8
68,2,2,700,-1,-1,-1,-1,-1
15,1,2,700,1,2,1,1,-1
17,1,1,700,1,2,-1,2,2
74,2,2,700,-1,1,-1,2,6
75,3,2,700,-1,-1,-1,-1,-1
28,2,1,700,-1,-1,-1,-1,-1
65,2,2,700,-1,1,-1,2,7
43,2,1,700,-1,-1,-1,-1,-1
10,1,2,700,1,-1,-1,-1,-1
16,1,1,700,1,-1,-1,-1,-1
79,2,1,700,-1,1,-1,2,6
18,1,2,700,1,2,-1,2,8
15,1,1,700,1,2,-1,2,8
33,2,1,700,-1,-1,-1,-1,-1
50,2,1,700,-1,-1,-1,-1,-1
27,2,2,700,-1,-1,-1,-1,-1
12,1,1,700,1,-1,-1,-1,-1
44,2,2,700,-1,1,-1,2,7
35,2,2,700,-1,-1,-1,-1,-1
40,2,1,700,-1,-1,-1,-1,-1
13,1,1,700,1,-1,-1,-1,-1
12,1,1,700,2,-1,-1,-1,-1
50,2,2,700,-1,-1,-1,-1,-1
55,2,2,700,-1,1,-1,2,7
33,2,2,700,-1,1,-1,2,7
14,1,1,700,1,-1,-1,-1,-1
26,1,1,700,-1,-1,-1,-1,-1
44,2,2,700,-1,-1,-1,-1,-1
32,2,1,700,-1,-1,-1,-1,-1
15,1,2,700,1,2,-1,2,8
19,2,1,700,2,-1,-1,-1,-1
7,1,2,700,1,-1,-1,-1,-1
16,1,2,700,1,-1,-1,-1,-1
23,1,1,700,2,2,2,1,-1
41,4,2,700,-1,-1,-1,-1,-1
22,1,2,700,2,-1,-1,-1,-1
41,2,2,700,-1,1,-1,2,7
27,2,1,700,-1,-1,-1,-1,-1
58,2,2,700,-1,-1,-1,-1,-1
20,1,1,700,1,2,-1,2,8
40,2,1,700,-1,-1,-1,-1,-1
50,2,1,700,-1,1,-1,2,6
40,2,2,700,-1,2,-1,2,7
46,2,1,700,-1,-1,-1,-1,-1
33,2,2,700,-1,1,-1,2,7
29,2,1,700,-1,-1,-1,-1,-1
55,2,1,700,-1,-1,-1,-1,-1
55,2,1,700,-1,-1,-1,-1,-1
7,1,1,700,1,-1,-1,-1,-1
8,1,2,700,1,-1,-1,-1,-1
6,1,2,700,1,-1,-1,-1,-1
39,2,2,700,-1,1,2,1,-1
7,1,2,700,1,-1,-1,-1,-1
33,2,2,700,-1,-1,-1,-1,-1
22,2,2,700,2,2,-1,2,7
34,2,2,700,-1,1,-1,2,7
17,1,1,700,1,2,-1,2,8
25,1,2,700,-1,-1,-1,-1,-1
13,1,2,700,1,-1,-1,-1,-1
5,1,2,700,1,-1,-1,-1,-1
68,1,1,700,-1,1,-1,2,6
48,2,2,700,-1,2,-1,2,7
16,1,2,700,1,2,-1,2,8
14,1,2,700,2,-1,-1,-1,-1
54,2,1,700,-1,-1,-1,-1,-1
87,1,2,700,-1,2,-1,2,6
50,2,1,700,-1,-1,-1,-1,-1
44,2,1,700,-1,-1,-1,-1,-1
27,2,1,700,-1,-1,-1,-1,-1
16,1,2,700,1,2,-1,2,8
19,1,1,700,2,-1,-1,-1,-1
46,2,2,700,-1,-1,-1,-1,-1
12,1,1,700,1,-1,-1,-1,-1
15,1,2,700,2,2,-1,2,7
8,1,2,700,1,-1,-1,-1,-1
35,2,2,700,-1,1,-1,2,7
13,1,1,700,1,-1,-1,-1,-1
44,2,1,700,-1,1,-1,2,7
71,2,1,700,-1,1,-1,2,6
20,1,2,700,2,-1,-1,-1,-1
27,1,1,700,-1,-1,-1,-1,-1
59,2,2,700,-1,1,-1,2,7
8,1,2,700,1,-1,-1,-1,-1
28,2,2,700,-1,-1,-1,-1,-1
9,1,2,700,1,-1,-1,-1,-1
79,2,2,700,-1,1,-1,2,7
18,1,2,700,2,-1,-1,-1,-1
5,1,1,700,2,-1,-1,-1,-1
9,1,2,700,1,-1,-1,-1,-1
10,1,2,700,1,-1,-1,-1,-1
64,2,2,700,-1,-1,-1,-1,-1
29,2,2,700,-1,-1,-1,-1,-1
15,1,2,700,1,2,-1,2,8
47,2,2,700,-1,-1,-1,-1,-1
13,1,2,700,1,-1,-1,-1,-1
20,1,2,700,2,-1,-1,-1,-1
23,2,2,700,2,1,-1,2,7
58,2,1,700,-1,-1,-1,-1,-1
28,1,2,700,-1,-1,-1,-1,-1
15,1,2,700,2,-1,-1,-1,-1
18,1,2,700,1,2,-1,2,8
36,2,2,700,-1,-1,-1,-1,-1
24,1,2,700,2,-1,-1,-1,-1
51,1,1,700,-1,-1,-1,-1,-1
8,1,1,700,2,-1,-1,-1,-1
27,2,2,700,-1,1,-1,2,7
42,2,2,700,-1,-1,-1,-1,-1
14,1,1,700,1,-1,-1,-1,-1
50,1,2,700,-1,1,-1,2,3
16,1,2,700,1,2,-1,2,8
54,3,2,700,-1,1,-1,2,7
29,2,1,700,-1,-1,-1,-1,-1
14,1,2,700,1,-1,-1,-1,-1
49,2,1,700,-1,-1,-1,-1,-1
13,1,1,700,1,-1,-1,-1,-1
21,2,2,700,2,-1,-1,-1,-1
6,1,1,700,1,-1,-1,-1,-1
54,3,2,700,-1,1,-1,2,7
16,1,1,700,1,2,-1,2,8
38,2,2,700,-1,1,-1,2,7
71,1,2,700,-1,-1,-1,-1,-1
28,2,2,700,-1,1,-1,2,7
9,1,2,700,1,-1,-1,-1,-1
9,1,2,700,1,-1,-1,-1,-1
19,1,1,700,2,2,-1,2,7
18,1,2,700,2,-1,-1,-1,-1
27,2,2,700,-1,-1,-1,-1,-1
12,1,1,700,1,-1,-1,-1,-1
23,1,2,700,2,-1,-1,-1,-1
21,1,1,700,1,2,-1,2,8
64,2,1,700,-1,-1,-1,-1,-1
42,1,1,700,-1,-1,-1,-1,-1
10,1,2,700,1,-1,-1,-1,-1
9,1,2,700,1,-1,-1,-1,-1
9,1,1,700,1,-1,-1,-1,-1
84,3,2,700,-1,1,-1,2,6
61,2,1,700,-1,1,-1,2,6
42,2,2,700,-1,2,-1,2,7
34,2,1,700,-1,1,-1,2,7
8,1,2,700,1,-1,-1,-1,-1
6,1,1,700,1,-1,-1,-1,-1
48,2,1,700,-1,-1,-1,-1,-1
50,1,1,700,-1,-1,-1,-1,-1
22,1,2,700,2,2,-1,2,8
44,2,1,700,-1,-1,-1,-1,-1
62,2,1,700,-1,-1,-1,-1,-1
19,1,1,700,1,2,-1,2,8
8,1,2,700,1,-1,-1,-1,-1
59,2,2,700,-1,-1,-1,-1,-1
6,1,2,700,1,-1,-1,-1,-1
26,2,1,700,-1,-1,-1,-1,-1
69,2,1,700,-1,1,-1,2,6
40,2,1,700,-1,-1,-1,-1,-1
34,2,2,700,-1,-1,-1,-1,-1
50,2,1,700,-1,-1,-1,-1,-1
10,1,2,700,1,-1,-1,-1,-1
44,2,2,700,-1,1,-1,2,7
32,2,2,700,-1,-1,-1,-1,-1
35,2,1,700,-1,-1,-1,-1,-1
28,2,1,700,-1,-1,-1,-1,-1
46,1,2,700,-1,-1,-1,-1,-1
9,1,1,700,1,-1,-1,-1,-1
9,1,2,700,1,-1,-1,-1,-1
24,2,2,700,2,1,-1,2,7
26,2,2,700,-1,-1,-1,-1,-1
52,2,1,700,-1,-1,-1,-1,-1
42,2,1,700,-1,-1,-1,-1,-1
6,1,2,700,1,-1,-1,-1,-1
19,1,1,700,2,2,-1,2,7
41,2,1,700,-1,-1,-1,-1,-1
6,1,1,700,1,-1,-1,-1,-1
40,2,1,700,-1,-1,-1,-1,-1
83,2,1,700,-1,1,-1,2,6
7,1,2,700,1,-1,-1,-1,-1
56,2,1,700,-1,-1,-1,-1,-1
12,1,1,700,1,-1,-1,-1,-1
20,1,1,700,2,-1,-1,-1,-1
29,1,1,700,-1,-1,-1,-1,-1
58,3,2,700,-1,2,-1,2,7
43,2,1,700,-1,-1,-1,-1,-1
17,1,2,700,1,1,-1,2,8
24,1,2,700,1,2,-1,2,8
73,2,1,700,-1,1,-1,2,6
11,1,1,700,1,-1,-1,-1,-1
61,2,2,700,-1,-1,-1,-1,-1
28,2,2,700,-1,1,-1,2,7
9,1,1,700,2,-1,-1,-1,-1
6,1,2,700,1,-1,-1,-1,-1
36,2,1,700,-1,-1,-1,-1,-1
6,1,1,700,1,-1,-1,-1,-1
50,2,1,700,-1,-1,-1,-1,-1
18,1,1,700,2,2,-1,2,7
12,1,2,700,1,-1,-1,-1,-1
40,2,1,700,-1,-1,-1,-1,-1
33,2,2,700,-1,-1,-1,-1,-1
12,1,1,700,1,-1,-1,-1,-1
5,1,1,700,1,-1,-1,-1,-1
74,2,2,700,-1,2,-1,2,7
45,2,2,700,-1,1,-1,2,7
26,2,1,700,-1,1,2,1,-1
5,1,2,700,2,-1,-1,-1,-1
46,2,2,700,-1,-1,-1,-1,-1
70,3,1,700,-1,-1,-1,-1,-1
16,1,2,700,1,2,-1,2,7
20,1,1,700,2,-1,-1,-1,-1
8,1,1,700,1,-1,-1,-1,-1
5,1,2,700,1,-1,-1,-1,-1
55,2,1,700,-1,-1,-1,-1,-1
39,2,2,700,-1,-1,-1,-1,-1
50,1,2,700,-1,-1,-1,-1,-1
14,1,2,700,1,-1,-1,-1,-1
72,3,1,700,-1,1,-1,2,6
37,2,2,700,-1,-1,-1,-1,-1
25,2,2,700,-1,1,-1,2,7
47,2,1,700,-1,-1,-1,-1,-1
78,2,2,700,-1,-1,-1,-1,-1
9,1,2,700,1,-1,-1,-1,-1
55,2,2,700,-1,-1,-1,-1,-1
13,1,1,700,1,-1,-1,-1,-1
10,1,1,700,1,-1,-1,-1,-1
58,2,2,700,-1,1,-1,2,7
54,2,2,700,-1,-1,-1,-1,-1
44,2,1,700,-1,-1,-1,-1,-1
27,1,2,700,-1,-1,-1,-1,-1
6,1,1,700,1,-1,-1,-1,-1
62,3,2,700,-1,-1,-1,-1,-1
7,1,2,700,1,-1,-1,-1,-1
18,1,1,700,2,1,-1,2,7
8,1,1,700,1,-1,-1,-1,-1
99,1,1,700,-1,2,-1,2,6
47,2,1,700,-1,-1,-1,-1,-1
15,1,2,700,1,2,-1,2,8
20,1,1,700,2,-1,-1,-1,-1
11,1,2,700,1,-1,-1,-1,-1
35,2,2,700,-1,-1,-1,-1,-1
46,2,2,700,-1,1,-1,2,7
31,2,1,700,-1,-1,-1,-1,-1
17,1,1,700,1,-1,-1,-1,-1
12,1,2,700,1,-1,-1,-1,-1
65,2,2,700,-1,1,-1,2,6
23,2,2,700,2,1,-1,2,7
13,1,2,700,1,-1,-1,-1,-1
53,2,2,700,-1,1,-1,2,7
38,4,2,700,-1,-1,-1,-1,-1
60,2,2,700,-1,-1,-1,-1,-1
12,1,1,700,1,-1,-1,-1,-1
48,2,1,700,-1,-1,-1,-1,-1
35,2,2,700,-1,-1,-1,-1,-1
40,2,2,700,-1,-1,-1,-1,-1
10,1,2,700,1,-1,-1,-1,-1
27,2,2,700,-1,1,-1,2,7
7,1,2,700,1,-1,-1,-1,-1
25,2,1,700,-1,-1,-1,-1,-1
5,1,1,700,2,-1,-1,-1,-1
22,1,2,700,2,2,-1,2,2
78,3,2,700,-1,1,-1,2,6
7,1,2,700,1,-1,-1,-1,-1
10,1,2,700,1,-1,-1,-1,-1
28,1,1,700,-1,1,-1,2,7
16,1,1,700,2,2,-1,2,8
13,1,2,700,2,-1,-1,-1,-1
60,2,1,700,-1,-1,-1,-1,-1
33,2,2,700,-1,1,-1,2,7
5,1,2,700,1,-1,-1,-1,-1
8,1,2,700,1,-1,-1,-1,-1
35,2,2,700,-1,-1,-1,-1,-1
9,1,2,700,1,-1,-1,-1,-1
76,2,1,700,-1,-1,-1,-1,-1
55,2,1,700,-1,-1,-1,-1,-1
47,2,1,700,-1,-1,-1,-1,-1
11,1,1,700,1,-1,-1,-1,-1
36,2,2,700,-1,-1,-1,-1,-1
9,1,1,700,1,-1,-1,-1,-1
48,2,2,700,-1,2,-1,2,7
14,1,2,700,1,-1,-1,-1,-1
32,2,1,700,-1,-1,-1,-1,-1
49,2,2,700,-1,1,-1,2,7
66,2,2,700,-1,1,-1,2,6
42,2,2,700,-1,1,-1,2,7
35,2,1,700,-1,-1,-1,-1,-1
12,1,1,700,1,-1,-1,-1,-1
34,2,1,700,-1,-1,-1,-1,-1
50,2,2,700,-1,1,-1,2,7
70,2,1,700,-1,-1,-1,-1,-1
13,1,1,700,1,-1,-1,-1,-1
54,4,2,700,-1,-1,-1,-1,-1
15,1,1,700,1,2,-1,2,6
43,2,1,700,-1,-1,-1,-1,-1
22,1,1,700,2,-1,-1,-1,-1
11,1,2,700,1,-1,-1,-1,-1
44,2,1,700,-1,-1,-1,-1,-1
55,2,2,700,-1,1,-1,2,7
81,3,2,700,-1,1,-1,2,7
60,3,2,700,-1,2,-1,2,7
73,3,2,700,-1,-1,-1,-1,-1
24,2,2,700,2,-1,-1,-1,-1
42,1,2,700,-1,1,-1,2,9
24,1,1,700,2,-1,-1,-1,-1
24,2,2,700,2,1,-1,2,7
39,2,1,700,-1,-1,-1,-1,-1
22,1,1,700,1,2,-1,2,8
90,3,1,700,-1,1,-1,2,6
11,1,1,700,1,-1,-1,-1,-1
19,1,1,700,2,-1,-1,-1,-1
9,1,1,700,1,-1,-1,-1,-1
71,2,1,700,-1,-1,-1,-1,-1
19,1,1,700,1,2,-1,2,8
16,1,2,700,2,-1,-1,-1,-1
20,1,2,700,2,2,1,1,-1
17,1,1,700,2,2,-1,2,6
34,1,1,700,-1,-1,-1,-1,-1
52,1,1,700,-1,-1,-1,-1,-1
7,1,2,700,1,-1,-1,-1,-1
12,1,1,700,1,-1,-1,-1,-1
13,1,1,700,1,-1,-1,-1,-1
41,1,2,700,-1,-1,-1,-1,-1
6,1,2,700,2,-1,-1,-1,-1
5,1,2,700,1,-1,-1,-1,-1
5,1,2,700,2,-1,-1,-1,-1
27,2,1,700,-1,-1,-1,-1,-1
21,1,2,700,2,-1,-1,-1,-1
27,2,1,700,-1,-1,-1,-1,-1
16,1,2,700,1,2,-1,2,8
19,1,1,700,2,-1,-1,-1,-1
49,2,2,700,-1,1,-1,2,7
65,3,2,700,-1,-1,-1,-1,-1
10,1,2,700,1,-1,-1,-1,-1
50,1,2,700,-1,-1,-1,-1,-1
18,1,1,700,1,2,-1,2,8
7,1,1,700,1,-1,-1,-1,-1
23,2,2,700,2,1,-1,2,7
28,1,2,700,-1,-1,-1,-1,-1
60,1,1,700,-1,-1,-1,-1,-1
55,2,1,700,-1,-1,-1,-1,-1
36,1,1,700,-1,-1,-1,-1,-1
18,1,2,700,1,-1,-1,-1,-1
21,1,1,700,1,-1,-1,-1,-1
63,2,2,700,-1,1,-1,2,6
19,1,2,700,2,2,-1,2,8
57,2,1,700,-1,-1,-1,-1,-1
11,1,2,700,1,-1,-1,-1,-1
20,1,1,700,2,-1,-1,-1,-1
64,2,1,700,-1,-1,-1,-1,-1
15,1,2,700,1,2,-1,2,8
17,1,1,700,2,1,-1,2,1
32,2,1,700,-1,-1,-1,-1,-1
73,3,2,700,-1,-1,-1,-1,-1
27,3,2,700,-1,-1,-1,-1,-1
77,2,1,700,-1,1,-1,2,6
18,1,1,700,2,-1,-1,-1,-1
37,2,2,700,-1,-1,-1,-1,-1
14,1,1,700,1,-1,-1,-1,-1
5,1,2,700,1,-1,-1,-1,-1
43,2,1,700,-1,-1,-1,-1,-1
8,1,1,700,1,-1,-1,-1,-1
39,2,1,700,-1,-1,-1,-1,-1
40,2,1,700,-1,-1,-1,-1,-1
28,2,2,700,-1,1,-1,2,7
23,2,1,700,2,-1,-1,-1,-1
20,1,1,700,2,-1,-1,-1,-1
44,2,1,700,-1,-1,-1,-1,-1
22,1,1,700,2,-1,-1,-1,-1
17,1,1,700,1,2,-1,2,8
20,2,1,700,2,-1,-1,-1,-1
26,4,2,700,-1,1,-1,2,7
58,2,2,700,-1,2,-1,2,7
5,1,2,700,2,-1,-1,-1,-1
15,1,1,700,1,2,-1,2,8
16,1,2,700,1,2,-1,2,9
7,1,2,700,1,-1,-1,-1,-1
79,2,2,700,-1,1,-1,2,6
12,1,1,700,1,-1,-1,-1,-1
60,2,1,700,-1,-1,-1,-1,-1
9,1,1,700,1,-1,-1,-1,-1
23,2,1,700,2,-1,-1,-1,-1
8,1,1,700,1,-1,-1,-1,-1
50,2,1,700,-1,-1,-1,-1,-1
40,2,2,700,-1,-1,-1,-1,-1
40,1,1,700,-1,-1,-1,-1,-1
75,3,2,700,-1,1,-1,2,6
65,2,2,700,-1,-1,-1,-1,-1
39,2,2,700,-1,-1,-1,-1,-1
20,1,1,700,2,-1,-1,-1,-1
36,2,2,700,-1,1,-1,2,7
16,1,2,700,1,1,-1,2,8
38,1,2,700,-1,2,-1,2,1
55,2,2,700,-1,1,-1,2,7
42,2,2,700,-1,-1,-1,-1,-1
51,4,1,700,-1,-1,-1,-1,-1
49,2,2,700,-1,-1,-1,-1,-1
71,3,2,700,-1,1,-1,2,6
24,2,2,700,1,1,-1,2,7
40,2,1,700,-1,-1,-1,-1,-1
11,1,1,700,1,-1,-1,-1,-1
8,1,2,700,1,-1,-1,-1,-1
18,1,1,700,1,2,-1,2,8
5,1,2,700,1,-1,-1,-1,-1
31,2,2,700,-1,-1,-1,-1,-1
31,1,2,700,-1,2,-1,2,2
46,2,2,700,-1,2,-1,2,7
5,1,2,700,1,-1,-1,-1,-1
17,1,2,700,2,1,-1,2,9
25,2,1,700,-1,-1,-1,-1,-1
6,1,2,700,1,-1,-1,-1,-1
12,1,1,700,1,-1,-1,-1,-1
23,2,2,700,2,1,-1,2,7
52,1,1,700,-1,-1,-1,-1,-1
7,1,2,700,1,-1,-1,-1,-1
15,1,2,700,2,2,-1,2,7
14,1,1,700,1,-1,-1,-1,-1
45,2,1,700,-1,-1,-1,-1,-1
36,2,1,700,-1,-1,-1,-1,-1
12,1,2,700,2,-1,-1,-1,-1
25,3,2,700,-1,-1,-1,-1,-1
28,2,1,700,-1,-1,-1,-1,-1
11,1,2,700,1,-1,-1,-1,-1
8,1,2,700,1,-1,-1,-1,-1
54,2,2,700,-1,-1,-1,-1,-1
7,1,2,700,2,-1,-1,-1,-1
12,1,2,700,1,-1,-1,-1,-1
35,2,2,700,-1,1,-1,2,7
44,2,1,700,-1,-1,-1,-1,-1
34,2,2,700,-1,2,-1,2,7
10,1,1,700,1,-1,-1,-1,-1
67,3,2,700,-1,1,-1,2,6
65,2,1,700,-1,1,-1,2,3
8,1,2,700,1,-1,-1,-1,-1
41,2,2,700,-1,2,-1,2,7
17,1,1,700,2,-1,-1,-1,-1
8,1,2,700,1,-1,-1,-1,-1
75,3,2,700,-1,1,-1,2,6
53,2,1,700,-1,-1,-1,-1,-1
8,1,2,700,1,-1,-1,-1,-1
22,1,1,700,2,1,-1,2,1
68,2,1,700,-1,1,-1,2,6
29,2,2,700,-1,1,-1,2,7
24,2,2,700,2,1,-1,2,7
13,1,1,700,1,-1,-1,-1,-1
15,1,2,700,2,2,-1,2,8
11,1,1,700,1,-1,-1,-1,-1
42,2,2,700,-1,1,-1,2,7
12,1,1,700,1,-1,-1,-1,-1
64,2,2,700,-1,1,-1,2,6
80,3,2,700,-1,1,-1,2,6
14,1,1,700,1,-1,-1,-1,-1
5,1,1,700,2,-1,-1,-1,-1
47,3,2,700,-1,-1,-1,-1,-1
5,1,1,700,2,-1,-1,-1,-1
35,1,2,700,-1,-1,-1,-1,-1
28,1,1,700,-1,-1,-1,-1,-1
63,2,2,700,-1,1,-1,2,6
40,2,1,700,-1,-1,-1,-1,-1
20,1,1,700,1,-1,-1,-1,-1
16,1,2,700,1,2,-1,2,8
24,1,2,700,2,-1,-1,-1,-1
26,1,1,700,-1,1,-1,2,9
29,2,1,700,-1,-1,-1,-1,-1
54,2,2,700,-1,-1,-1,-1,-1
15,1,2,700,1,2,-1,2,8
31,2,2,700,-1,-1,-1,-1,-1
8,1,2,700,1,-1,-1,-1,-1
14,1,1,700,1,-1,-1,-1,-1
31,2,2,700,-1,1,-1,2,7
27,2,1,700,-1,-1,-1,-1,-1
29,2,1,700,-1,-1,-1,-1,-1
11,1,1,700,1,-1,-1,-1,-1
10,1,2,700,1,-1,-1,-1,-1
30,2,2,700,-1,-1,-1,-1,-1
60,2,2,700,-1,-1,-1,-1,-1
28,4,1,700,-1,-1,-1,-1,-1
6,1,2,700,1,-1,-1,-1,-1
24,2,2,700,2,1,-1,2,7
12,1,1,700,1,-1,-1,-1,-1
19,1,2,700,1,2,1,1,-1
12,1,2,700,1,-1,-1,-1,-1
43,2,2,700,-1,-1,-1,-1,-1
20,1,1,700,2,-1,-1,-1,-1
75,2,1,700,-1,1,-1,2,6
35,2,1,700,-1,-1,-1,-1,-1
13,1,1,700,1,-1,-1,-1,-1
8,1,2,700,1,-1,-1,-1,-1
53,4,2,700,-1,-1,-1,-1,-1
56,1,1,700,-1,-1,-1,-1,-1
26,2,2,700,-1,1,-1,2,7
50,2,2,700,-1,-1,-1,-1,-1
45,2,2,700,-1,1,-1,2,7
7,1,1,700,1,-1,-1,-1,-1
11,1,2,700,1,-1,-1,-1,-1
46,2,1,700,-1,-1,-1,-1,-1
48,2,2,700,-1,-1,-1,-1,-1
37,2,1,700,-1,-1,-1,-1,-1
35,2,1,700,-1,1,-1,2,5
44,3,2,700,-1,-1,-1,-1,-1
24,2,2,700,2,1,-1,2,7
19,2,2,700,2,1,-1,2,7
5,1,1,700,2,-1,-1,-1,-1
66,1,2,700,-1,2,-1,2,6
63,2,2,700,-1,1,-1,2,7
21,1,2,700,2,-1,-1,-1,-1
23,1,2,700,2,1,-1,2,1
16,1,2,700,1,2,-1,2,8
21,2,1,700,2,1,-1,2,1
51,3,2,700,-1,1,-1,2,7
17,1,1,700,1,2,-1,2,8
35,2,2,700,-1,1,-1,2,7
23,2,1,700,2,-1,-1,-1,-1
17,1,1,700,2,2,-1,2,9
55,2,2,700,-1,-1,-1,-1,-1
48,2,1,700,-1,-1,-1,-1,-1
8,1,2,700,1,-1,-1,-1,-1
12,1,1,700,1,-1,-1,-1,-1
73,2,1,700,-1,-1,-1,-1,-1
11,1,2,700,1,-1,-1,-1,-1
36,4,1,700,-1,-1,-1,-1,-1
51,2,2,700,-1,2,-1,2,7
39,2,2,700,-1,-1,-1,-1,-1
40,2,2,700,-1,1,-1,2,7
12,1,2,700,1,-1,-1,-1,-1
48,1,1,700,-1,-1,-1,-1,-1
14,1,1,700,1,-1,-1,-1,-1
33,2,2,700,-1,-1,-1,-1,-1
34,2,1,700,-1,1,2,1,-1
80,2,1,700,-1,-1,-1,-1,-1
50,2,1,700,-1,-1,-1,-1,-1
34,2,1,700,-1,-1,-1,-1,-1
21,2,2,700,2,2,-1,2,7
23,1,1,700,2,-1,-1,-1,-1
43,2,2,700,-1,-1,-1,-1,-1
9,1,2,700,1,-1,-1,-1,-1
21,1,2,700,2,-1,-1,-1,-1
15,1,1,700,2,2,-1,2,8
6,1,1,700,1,-1,-1,-1,-1
30,1,1,700,-1,-1,-1,-1,-1
55,2,1,700,-1,-1,-1,-1,-1
28,2,1,700,-1,-1,-1,-1,-1
14,1,1,700,1,-1,-1,-1,-1
46,2,2,700,-1,-1,-1,-1,-1
56,2,2,700,-1,-1,-1,-1,-1
6,1,2,700,1,-1,-1,-1,-1
71,2,2,700,-1,1,-1,2,6
53,3,1,700,-1,1,-1,2,3
9,1,1,700,1,-1,-1,-1,-1
13,1,2,700,1,-1,-1,-1,-1
31,2,2,700,-1,-1,-1,-1,-1
38,2,1,700,-1,-1,-1,-1,-1
10,1,2,700,1,-1,-1,-1,-1
71,2,1,700,-1,-1,-1,-1,-1
35,2,2,700,-1,-1,-1,-1,-1
23,1,1,700,2,-1,-1,-1,-1
69,1,1,700,-1,-1,-1,-1,-1
55,3,2,700,-1,-1,-1,-1,-1
47,2,2,700,-1,1,-1,2,3
28,1,2,700,-1,-1,-1,-1,-1
35,2,1,700,-1,-1,-1,-1,-1
62,2,1,700,-1,-1,-1,-1,-1
18,1,2,700,2,2,-1,2,6
35,2,2,700,-1,-1,-1,-1,-1
34,2,1,700,-1,-1,-1,-1,-1
35,2,2,700,-1,2,-1,2,7
61,2,1,700,-1,-1,-1,-1,-1
21,1,1,700,2,-1,-1,-1,-1
21,2,1,700,2,-1,-1,-1,-1
59,2,2,700,-1,-1,-1,-1,-1
22,2,1,700,2,-1,-1,-1,-1
5,1,2,700,1,-1,-1,-1,-1
43,2,2,700,-1,-1,-1,-1,-1
10,1,1,700,1,-1,-1,-1,-1
26,1,1,700,-1,-1,-1,-1,-1
55,2,2,700,-1,-1,-1,-1,-1
11,1,1,700,1,-1,-1,-1,-1
7,1,1,700,1,-1,-1,-1,-1
27,1,1,700,-1,-1,-1,-1,-1
52,1,1,700,-1,-1,-1,-1,-1
25,1,2,700,-1,-1,-1,-1,-1
36,2,1,700,-1,-1,-1,-1,-1
8,1,1,700,1,-1,-1,-1,-1
22,1,1,700,2,-1,-1,-1,-1
52,2,2,700,-1,-1,-1,-1,-1
10,1,1,700,1,-1,-1,-1,-1
12,1,2,700,1,-1,-1,-1,-1
73,2,2,700,-1,1,-1,2,6
14,1,2,700,1,-1,-1,-1,-1
22,2,2,700,2,-1,-1,-1,-1
75,2,1,700,-1,1,-1,2,6
52,2,1,700,-1,-1,-1,-1,-1
22,1,1,700,2,1,-1,2,2
26,2,1,700,-1,-1,-1,-1,-1
9,1,2,700,1,-1,-1,-1,-1
23,2,2,700,2,1,-1,2,7
16,3,2,700,1,-1,-1,-1,-1
62,2,2,700,-1,-1,-1,-1,-1
22,1,1,700,1,-1,-1,-1,-1
8,1,1,700,1,-1,-1,-1,-1
10,1,1,700,1,-1,-1,-1,-1
69,3,2,700,-1,-1,-1,-1,-1
29,2,1,700,-1,-1,-1,-1,-1
70,2,2,700,-1,1,-1,2,6
36,1,1,700,-1,-1,-1,-1,-1
22,1,2,700,2,-1,-1,-1,-1
13,1,2,700,1,-1,-1,-1,-1
9,1,2,700,1,-1,-1,-1,-1
17,1,1,700,1,-1,-1,-1,-1
22,2,1,700,2,-1,-1,-1,-1
21,1,2,700,2,2,-1,2,9
8,1,1,700,1,-1,-1,-1,-1
32,2,2,700,-1,1,-1,2,7
73,3,2,700,-1,1,-1,2,6
18,1,1,700,1,2,-1,2,8
22,1,2,700,2,-1,-1,-1,-1
12,1,2,700,1,-1,-1,-1,-1
12,1,2,700,1,-1,-1,-1,-1
24,2,1,700,2,-1,-1,-1,-1
13,1,1,700,1,-1,-1,-1,-1
45,2,2,700,-1,-1,-1,-1,-1
7,1,1,700,1,-1,-1,-1,-1
5,1,2,700,1,-1,-1,-1,-1
63,3,1,700,-1,-1,-1,-1,-1
63,2,1,700,-1,-1,-1,-1,-1
48,2,2,700,-1,1,-1,2,7
30,2,2,700,-1,2,-1,2,7
73,3,2,700,-1,1,-1,2,7
76,1,2,700,-1,-1,-1,-1,-1
40,3,1,700,-1,-1,-1,-1,-1
35,2,2,700,-1,-1,-1,-1,-1
8,1,2,700,1,-1,-1,-1,-1
17,1,1,700,2,-1,-1,-1,-1
21,1,2,700,2,2,1,1,-1
19,2,2,700,2,1,-1,2,9
27,1,1,700,-1,-1,-1,-1,-1
10,1,2,700,1,-1,-1,-1,-1
55,2,2,700,-1,-1,-1,-1,-1
40,1,2,700,-1,-1,-1,-1,-1
37,2,1,700,-1,-1,-1,-1,-1
6,1,1,700,1,-1,-1,-1,-1
66,2,1,700,-1,-1,-1,-1,-1
30,1,2,700,-1,2,-1,2,7
9,1,2,700,1,-1,-1,-1,-1
29,2,2,700,-1,1,-1,2,8
36,1,1,700,-1,1,-1,2,1
30,2,2,700,-1,1,-1,2,7
27,2,1,700,-1,-1,-1,-1,-1
46,4,2,700,-1,-1,-1,-1,-1
31,2,1,700,-1,1,-1,2,5
20,2,2,700,2,1,-1,2,7
50,2,1,700,-1,-1,-1,-1,-1
13,1,1,700,1,-1,-1,-1,-1
20,1,1,700,1,-1,-1,-1,-1
34,2,2,700,-1,1,-1,2,7
22,2,1,700,2,-1,-1,-1,-1
20,1,1,700,2,-1,-1,-1,-1
30,2,2,700,-1,1,-1,2,7
67,1,2,700,-1,1,-1,2,6
48,2,2,700,-1,-1,-1,-1,-1
46,2,1,700,-1,-1,-1,-1,-1
20,2,1,700,2,-1,-1,-1,-1
23,2,2,700,2,2,-1,2,7
33,2,1,700,-1,-1,-1,-1,-1
35,2,2,700,-1,1,-1,2,7
18,1,1,700,1,-1,-1,-1,-1
50,2,2,700,-1,-1,-1,-1,-1
17,1,2,700,1,2,-1,2,8
23,2,2,700,2,2,-1,2,7
8,1,2,700,1,-1,-1,-1,-1
40,2,1,700,-1,-1,-1,-1,-1
8,1,1,700,1,-1,-1,-1,-1
6,1,1,700,1,-1,-1,-1,-1
21,1,2,700,2,-1,-1,-1,-1
55,2,2,700,-1,-1,-1,-1,-1
21,1,1,700,2,-1,-1,-1,-1
59,2,2,700,-1,1,-1,2,7
61,2,2,700,-1,-1,-1,-1,-1
49,2,1,700,-1,-1,-1,-1,-1
8,1,1,700,1,-1,-1,-1,-1
17,1,1,700,1,2,-1,2,8
38,2,1,700,-1,-1,-1,-1,-1
23,1,2,700,2,1,-1,2,1
47,2,1,700,-1,-1,-1,-1,-1
23,2,2,700,2,-1,-1,-1,-1
70,3,2,700,-1,-1,-1,-1,-1
29,2,1,700,-1,1,2,1,-1
27,1,1,700,-1,-1,-1,-1,-1
34,2,1,700,-1,-1,-1,-1,-1
19,1,2,700,2,-1,-1,-1,-1
21,1,1,700,2,2,2,1,-1
23,1,1,700,1,2,-1,2,8
21,1,1,700,2,-1,-1,-1,-1
8,1,1,700,1,-1,-1,-1,-1
23,2,2,700,2,1,-1,2,7
37,2,2,700,-1,1,-1,2,7
7,1,1,700,1,-1,-1,-1,-1
8,1,2,700,1,-1,-1,-1,-1
62,2,1,700,-1,1,-1,2,6
56,2,1,700,-1,-1,-1,-1,-1
40,2,1,700,-1,-1,-1,-1,-1
13,1,1,700,1,-1,-1,-1,-1
59,2,1,700,-1,-1,-1,-1,-1
15,1,1,700,1,2,-1,2,8
29,2,2,700,-1,2,-1,2,7
25,1,1,700,-1,1,-1,2,5
7,1,2,700,1,-1,-1,-1,-1
21,1,2,700,2,1,2,1,-1
6,1,2,700,1,-1,-1,-1,-1
24,2,2,700,2,2,-1,2,7
18,1,2,700,1,2,-1,2,8
38,2,2,700,-1,1,2,1,-1
31,2,1,700,-1,-1,-1,-1,-1
28,4,2,700,-1,-1,-1,-1,-1
43,4,2,700,-1,2,-1,2,7
68,2,1,700,-1,-1,-1,-1,-1
9,1,2,700,1,-1,-1,-1,-1
15,1,1,700,1,2,-1,2,8
42,2,1,700,-1,-1,-1,-1,-1
9,1,1,700,1,-1,-1,-1,-1
60,2,1,700,-1,1,-1,2,6
58,2,2,700,-1,-1,-1,-1,-1
44,2,2,700,-1,-1,-1,-1,-1
55,2,2,700,-1,-1,-1,-1,-1
78,3,1,700,-1,1,-1,2,6
33,2,1,700,-1,-1,-1,-1,-1
5,1,2,700,1,-1,-1,-1,-1
18,2,2,700,2,1,-1,2,7
5,1,2,700,1,-1,-1,-1,-1
9,1,1,700,1,-1,-1,-1,-1
16,1,2,700,1,2,-1,2,8
59,3,2,700,-1,-1,-1,-1,-1
30,2,2,700,-1,1,-1,2,7
22,1,2,700,2,-1,-1,-1,-1
54,1,1,700,-1,-1,-1,-1,-1
5,1,2,700,2,-1,-1,-1,-1
56,2,2,700,-1,-1,-1,-1,-1
79,3,1,700,-1,1,-1,2,6
9,1,2,700,1,-1,-1,-1,-1
52,2,1,700,-1,-1,-1,-1,-1
58,2,2,700,-1,-1,-1,-1,-1
56,2,2,700,-1,-1,-1,-1,-1
15,1,1,700,1,-1,-1,-1,-1
41,2,1,700,-1,-1,-1,-1,-1
13,1,1,700,1,-1,-1,-1,-1
15,1,2,700,1,2,-1,2,8
11,1,2,700,1,-1,-1,-1,-1
37,2,1,700,-1,-1,-1,-1,-1
58,2,1,700,-1,-1,-1,-1,-1
16,1,2,700,1,2,-1,2,8
10,1,2,700,1,-1,-1,-1,-1
23,1,2,700,2,1,-1,2,7
16,1,1,700,1,1,-1,2,8
49,1,2,700,-1,-1,-1,-1,-1
20,1,1,700,2,-1,-1,-1,-1
23,2,1,700,2,-1,-1,-1,-1
55,1,2,700,-1,1,-1,2,7
20,1,1,700,1,-1,-1,-1,-1
50,2,1,700,-1,-1,-1,-1,-1
5,1,2,700,2,-1,-1,-1,-1
59,2,2,700,-1,1,-1,2,7
25,2,2,700,-1,1,-1,2,7
11,1,1,700,1,-1,-1,-1,-1
23,2,1,700,2,1,-1,2,5
55,2,1,700,-1,-1,-1,-1,-1
60,3,2,700,-1,-1,-1,-1,-1
37,1,1,700,-1,-1,-1,-1,-1
13,1,2,700,1,-1,-1,-1,-1
18,1,2,700,1,2,-1,2,8
73,3,1,700,-1,-1,-1,-1,-1
45,2,2,700,-1,-1,-1,-1,-1
30,2,2,700,-1,-1,-1,-1,-1
59,2,2,700,-1,2,-1,2,7
7,1,2,700,1,-1,-1,-1,-1
39,2,2,700,-1,-1,-1,-1,-1
12,1,2,700,1,-1,-1,-1,-1
50,2,1,700,-1,-1,-1,-1,-1
84,3,1,700,-1,1,-1,2,6
60,2,2,700,-1,1,-1,2,7
17,2,2,700,2,2,-1,2,7
21,1,1,700,2,-1,-1,-1,-1
39,1,1,700,-1,-1,-1,-1,-1
7,1,1,700,1,-1,-1,-1,-1
17,1,1,700,1,2,-1,2,8
67,2,1,700,-1,1,-1,2,9
55,2,1,700,-1,-1,-1,-1,-1
44,2,2,700,-1,1,-1,2,7
28,2,2,700,-1,1,-1,2,7
5,1,1,700,1,-1,-1,-1,-1
10,1,2,700,1,-1,-1,-1,-1
21,1,1,700,2,-1,-1,-1,-1
64,1,1,700,-1,1,-1,2,7
16,1,1,700,2,2,-1,2,7
38,2,2,700,-1,-1,-1,-1,-1
27,2,1,700,-1,-1,-1,-1,-1
24,2,1,700,2,-1,-1,-1,-1
37,1,2,700,-1,-1,-1,-1,-1
12,1,1,700,1,-1,-1,-1,-1
38,2,2,700,-1,-1,-1,-1,-1
8,1,1,700,1,-1,-1,-1,-1
31,2,2,700,-1,-1,-1,-1,-1
24,1,2,700,2,2,-1,2,7
50,2,1,700,-1,-1,-1,-1,-1
31,2,1,700,-1,-1,-1,-1,-1
8,1,1,700,1,-1,-1,-1,-1
44,2,1,700,-1,-1,-1,-1,-1
61,2,2,700,-1,1,-1,2,7
26,2,1,700,-1,-1,-1,-1,-1
5,1,1,700,1,-1,-1,-1,-1
12,1,1,700,1,-1,-1,-1,-1
14,1,1,700,1,-1,-1,-1,-1
37,2,2,700,-1,1,-1,2,7
35,1,1,700,-1,-1,-1,-1,-1
52,2,1,700,-1,-1,-1,-1,-1
6,1,2,700,1,-1,-1,-1,-1
51,2,2,700,-1,-1,-1,-1,-1
39,2,2,700,-1,-1,-1,-1,-1
11,1,2,700,1,-1,-1,-1,-1
61,2,2,700,-1,1,-1,2,7
37,2,2,700,-1,-1,-1,-1,-1
50,2,1,700,-1,-1,-1,-1,-1
47,2,1,700,-1,-1,-1,-1,-1
48,2,2,700,-1,-1,-1,-1,-1
13,1,1,700,1,-1,-1,-1,-1
68,3,1,700,-1,-1,-1,-1,-1
45,2,2,700,-1,2,-1,2,7
31,2,2,700,-1,-1,-1,-1,-1
15,1,1,700,1,2,-1,2,8
7,1,2,700,1,-1,-1,-1,-1
7,1,1,700,1,-1,-1,-1,-1
29,1,1,700,-1,-1,-1,-1,-1
35,2,2,700,-1,-1,-1,-1,-1
63,2,2,700,-1,1,-1,2,7
13,1,1,700,1,-1,-1,-1,-1
52,2,2,700,-1,-1,-1,-1,-1
13,1,2,700,1,-1,-1,-1,-1
27,2,1,700,-1,-1,-1,-1,-1
34,2,2,700,-1,-1,-1,-1,-1
23,2,2,700,2,-1,-1,-1,-1
21,2,2,700,2,2,-1,2,7
46,2,2,700,-1,-1,-1,-1,-1
71,2,1,700,-1,-1,-1,-1,-1
7,1,1,700,1,-1,-1,-1,-1
55,2,1,700,-1,1,-1,2,3
40,1,1,700,-1,-1,-1,-1,-1
80,2,2,700,-1,1,-1,2,6
56,2,1,700,-1,-1,-1,-1,-1
32,2,1,700,-1,-1,-1,-1,-1
15,1,1,700,1,2,-1,2,8
71,3,2,700,-1,-1,-1,-1,-1
26,2,2,700,-1,1,-1,2,7
11,1,1,700,1,-1,-1,-1,-1
38,1,2,700,-1,1,-1,2,7
33,2,2,700,-1,-1,-1,-1,-1
64,2,1,700,-1,-1,-1,-1,-1
35,2,1,700,-1,-1,-1,-1,-1
43,2,2,700,-1,-1,-1,-1,-1
28,2,1,700,-1,-1,-1,-1,-1
18,1,1,700,1,1,-1,2,8
85,2,2,700,-1,1,-1,2,6
15,1,2,700,1,-1,-1,-1,-1
11,1,1,700,1,-1,-1,-1,-1
35,2,2,700,-1,1,-1,2,7
9,1,1,700,1,-1,-1,-1,-1
25,1,2,700,-1,1,-1,2,7
23,2,1,700,2,-1,-1,-1,-1
33,2,1,700,-1,-1,-1,-1,-1
15,1,1,700,1,2,-1,2,8
11,1,1,700,1,-1,-1,-1,-1
80,3,2,700,-1,2,-1,2,6
7,1,2,700,1,-1,-1,-1,-1
32,2,1,700,-1,-1,-1,-1,-1
53,2,2,700,-1,2,-1,2,7
56,1,2,700,-1,1,-1,2,7
14,1,1,700,1,-1,-1,-1,-1
9,1,1,700,1,-1,-1,-1,-1
60,2,1,700,-1,-1,-1,-1,-1
5,1,2,700,2,-1,-1,-1,-1
13,1,2,700,1,-1,-1,-1,-1
27,2,1,700,-1,-1,-1,-1,-1
34,2,2,700,-1,-1,-1,-1,-1
57,2,1,700,-1,-1,-1,-1,-1
50,2,2,700,-1,-1,-1,-1,-1
50,4,2,700,-1,-1,-1,-1,-1
30,2,1,700,-1,-1,-1,-1,-1
19,1,1,700,1,2,-1,2,8
32,4,1,700,-1,-1,-1,-1,-1
31,1,2,700,-1,-1,-1,-1,-1
22,1,2,700,2,-1,-1,-1,-1
18,1,1,700,2,-1,-1,-1,-1
24,1,1,700,2,1,2,1,-1
25,2,1,700,-1,-1,-1,-1,-1
19,1,1,700,1,2,-1,2,8
21,2,2,700,2,1,-1,2,9
27,2,2,700,-1,1,-1,2,7
42,2,2,700,-1,-1,-1,-1,-1
14,1,2,700,1,-1,-1,-1,-1
16,1,1,700,2,-1,-1,-1,-1
45,2,2,700,-1,-1,-1,-1,-1
10,1,2,700,1,-1,-1,-1,-1
36,2,1,700,-1,-1,-1,-1,-1
35,1,2,700,-1,2,-1,2,7
8,1,1,700,1,-1,-1,-1,-1
31,2,1,700,-1,-1,-1,-1,-1
67,3,2,700,-1,1,-1,2,6
31,1,1,700,-1,-1,-1,-1,-1
10,1,2,700,1,-1,-1,-1,-1
30,1,1,700,-1,-1,-1,-1,-1
11,1,1,700,1,-1,-1,-1,-1
17,1,2,700,1,2,-1,2,8
32,2,1,700,-1,-1,-1,-1,-1
60,2,1,700,-1,-1,-1,-1,-1
67,2,1,700,-1,-1,-1,-1,-1
20,1,1,700,2,2,-1,2,2
11,1,1,700,2,-1,-1,-1,-1
24,2,1,700,2,-1,-1,-1,-1
55,2,1,700,-1,-1,-1,-1,-1
25,1,1,700,-1,-1,-1,-1,-1
10,1,2,700,1,-1,-1,-1,-1
45,1,1,700,-1,-1,-1,-1,-1
23,4,2,700,2,-1,-1,-1,-1
26,2,1,700,-1,-1,-1,-1,-1
46,2,1,700,-1,-1,-1,-1,-1
25,1,1,700,-1,-1,-1,-1,-1
52,2,2,700,-1,-1,-1,-1,-1
31,2,2,700,-1,1,-1,2,7
15,1,1,700,1,2,-1,2,8
11,1,1,700,1,-1,-1,-1,-1
15,1,1,700,1,2,-1,2,8
11,1,1,700,1,-1,-1,-1,-1
12,1,1,700,1,-1,-1,-1,-1
17,1,1,700,1,2,-1,2,8
39,1,1,700,-1,-1,-1,-1,-1
17,1,2,700,1,2,-1,2,7
8,1,2,700,1,-1,-1,-1,-1
25,1,1,700,-1,2,-1,2,8
9,1,1,700,1,-1,-1,-1,-1
8,1,1,700,1,-1,-1,-1,-1
8,1,2,700,2,-1,-1,-1,-1
27,1,1,700,-1,-1,-1,-1,-1
8,1,1,700,1,-1,-1,-1,-1
76,3,2,700,-1,1,-1,2,6
10,1,1,700,1,-1,-1,-1,-1
16,1,1,700,1,2,-1,2,8
25,2,2,700,-1,1,-1,2,7
48,2,2,700,-1,-1,-1,-1,-1
72,2,1,700,-1,-1,-1,-1,-1
20,1,2,700,2,1,-1,2,5
11,1,1,700,1,-1,-1,-1,-1
19,1,1,700,1,2,-1,2,8
72,2,1,700,-1,1,-1,2,6
34,1,1,700,-1,1,-1,2,8
55,2,1,700,-1,-1,-1,-1,-1
11,1,1,700,1,-1,-1,-1,-1
52,1,2,700,-1,-1,-1,-1,-1
44,2,1,700,-1,-1,-1,-1,-1
13,1,2,700,1,-1,-1,-1,-1
30,2,1,700,-1,-1,-1,-1,-1
37,2,2,700,-1,1,-1,2,7
53,2,1,700,-1,-1,-1,-1,-1
52,2,2,700,-1,-1,-1,-1,-1
74,2,1,700,-1,1,-1,2,6
38,2,1,700,-1,-1,-1,-1,-1
82,2,2,700,-1,1,-1,2,6
47,2,1,700,-1,-1,-1,-1,-1
44,2,2,700,-1,-1,-1,-1,-1
14,1,1,700,1,-1,-1,-1,-1
27,2,2,700,-1,-1,-1,-1,-1
55,2,2,700,-1,-1,-1,-1,-1
24,2,2,700,2,2,-1,2,7
68,2,2,700,-1,1,-1,2,6
42,2,1,700,-1,-1,-1,-1,-1
35,2,2,700,-1,-1,-1,-1,-1
16,1,2,700,2,-1,-1,-1,-1
74,2,1,700,-1,2,-1,2,6
7,1,1,700,1,-1,-1,-1,-1
57,2,2,700,-1,-1,-1,-1,-1
63,2,2,700,-1,1,-1,2,7
30,2,1,700,-1,-1,-1,-1,-1
6,1,1,700,1,-1,-1,-1,-1
22,2,1,700,2,-1,-1,-1,-1
9,1,2,700,1,-1,-1,-1,-1
24,2,2,700,2,1,-1,2,7
15,1,2,700,1,2,-1,2,8
36,2,1,700,-1,-1,-1,-1,-1
18,1,1,700,2,2,-1,2,6
11,1,2,700,1,-1,-1,-1,-1
15,1,2,700,1,2,-1,2,8
52,2,1,700,-1,-1,-1,-1,-1
34,1,2,700,-1,-1,-1,-1,-1
35,2,1,700,-1,-1,-1,-1,-1
72,2,2,700,-1,-1,-1,-1,-1
23,1,1,700,2,-1,-1,-1,-1
13,1,2,700,1,-1,-1,-1,-1
41,2,1,700,-1,-1,-1,-1,-1
33,2,1,700,-1,-1,-1,-1,-1
49,1,2,700,-1,-1,-1,-1,-1
46,2,2,700,-1,-1,-1,-1,-1
19,1,1,700,1,2,-1,2,8
23,2,2,700,2,2,-1,2,8
20,1,2,700,1,2,-1,2,8
59,2,1,700,-1,1,-1,2,7
20,1,2,700,1,-1,-1,-1,-1
44,2,1,700,-1,-1,-1,-1,-1
15,1,2,700,1,2,-1,2,6
33,2,1,700,-1,-1,-1,-1,-1
12,1,2,700,1,-1,-1,-1,-1
54,1,1,700,-1,-1,-1,-1,-1
30,1,1,700,-1,-1,-1,-1,-1
50,2,1,700,-1,-1,-1,-1,-1
22,2,2,700,2,-1,-1,-1,-1
70,3,2,700,-1,2,-1,2,7
36,2,1,700,-1,-1,-1,-1,-1
12,1,2,700,1,-1,-1,-1,-1
14,1,1,700,2,-1,-1,-1,-1
66,2,1,700,-1,-1,-1,-1,-1
37,2,2,700,-1,1,-1,2,7
7,1,2,700,1,-1,-1,-1,-1
28,2,1,700,-1,-1,-1,-1,-1
29,1,2,700,-1,1,-1,2,7
43,2,1,700,-1,-1,-1,-1,-1
14,1,1,700,1,-1,-1,-1,-1
59,2,1,700,-1,-1,-1,-1,-1
59,2,1,700,-1,-1,-1,-1,-1
22,2,2,700,2,2,-1,2,7
31,2,1,700,-1,-1,-1,-1,-1
48,2,2,700,-1,1,-1,2,7
32,2,1,700,-1,-1,-1,-1,-1
6,1,1,700,1,-1,-1,-1,-1
35,2,1,700,-1,-1,-1,-1,-1
75,1,2,700,-1,1,-1,2,4
14,1,1,700,1,-1,-1,-1,-1
27,2,2,700,-1,1,-1,2,7
33,2,1,700,-1,-1,-1,-1,-1
8,1,2,700,1,-1,-1,-1,-1
6,1,2,700,1,-1,-1,-1,-1
17,1,1,700,2,-1,-1,-1,-1
12,1,2,700,1,-1,-1,-1,-1
37,2,2,700,-1,1,-1,2,7
7,1,2,700,1,-1,-1,-1,-1
22,1,1,700,2,-1,-1,-1,-1
55,4,2,700,-1,-1,-1,-1,-1
5,1,1,700,2,-1,-1,-1,-1
5,1,1,700,1,-1,-1,-1,-1
45,2,2,700,-1,-1,-1,-1,-1
21,2,2,700,2,1,-1,2,7
41,2,2,700,-1,1,-1,2,7
58,2,1,700,-1,1,-1,2,6
20,1,2,700,2,2,-1,2,9
63,2,1,700,-1,-1,-1,-1,-1
53,2,2,700,-1,-1,-1,-1,-1
35,2,2,700,-1,-1,-1,-1,-1
11,1,1,700,1,-1,-1,-1,-1
68,2,2,700,-1,2,-1,2,6
47,2,2,700,-1,-1,-1,-1,-1
34,2,2,700,-1,-1,-1,-1,-1
40,1,2,700,-1,1,2,1,-1
17,1,1,700,2,-1,-1,-1,-1
60,3,2,700,-1,1,-1,2,7
28,1,2,700,-1,2,2,1,-1
45,2,1,700,-1,-1,-1,-1,-1
12,1,2,700,1,-1,-1,-1,-1
28,2,1,700,-1,-1,-1,-1,-1
23,1,2,700,2,2,-1,2,2
23,1,2,700,2,-1,-1,-1,-1
32,2,2,700,-1,-1,-1,-1,-1
45,2,1,700,-1,-1,-1,-1,-1
64,2,1,700,-1,-1,-1,-1,-1
36,2,1,700,-1,-1,-1,-1,-1
39,2,1,700,-1,1,-1,2,3
10,1,1,700,1,-1,-1,-1,-1
35,2,2,700,-1,2,-1,2,2
17,1,1,700,2,2,-1,2,7
37,2,1,700,-1,-1,-1,-1,-1
39,1,1,700,-1,-1,-1,-1,-1
12,1,2,700,1,-1,-1,-1,-1
48,4,1,700,-1,-1,-1,-1,-1
66,3,2,700,-1,-1,-1,-1,-1
47,2,1,700,-1,-1,-1,-1,-1
10,1,1,700,1,-1,-1,-1,-1
24,1,2,700,2,-1,-1,-1,-1
24,2,2,700,2,1,-1,2,7
33,1,1,700,-1,2,-1,2,3
68,2,1,700,-1,-1,-1,-1,-1
10,1,2,700,1,-1,-1,-1,-1
51,2,2,700,-1,-1,-1,-1,-1
11,1,1,700,1,-1,-1,-1,-1
7,1,2,700,1,-1,-1,-1,-1
48,2,1,700,-1,-1,-1,-1,-1
16,2,1,700,2,-1,-1,-1,-1
60,1,2,700,-1,1,-1,2,6
13,1,2,700,1,-1,-1,-1,-1
30,1,1,700,-1,-1,-1,-1,-1
34,2,1,700,-1,-1,-1,-1,-1
15,1,1,700,1,2,-1,2,8
24,1,1,700,2,-1,-1,-1,-1
33,2,1,700,-1,-1,-1,-1,-1
45,2,2,700,-1,-1,-1,-1,-1
9,1,1,700,1,-1,-1,-1,-1
8,1,1,700,1,-1,-1,-1,-1
31,2,2,700,-1,1,-1,2,7
81,2,1,700,-1,-1,-1,-1,-1
14,1,2,700,1,-1,-1,-1,-1
12,1,2,700,1,-1,-1,-1,-1
26,1,1,700,-1,-1,-1,-1,-1
30,2,1,700,-1,-1,-1,-1,-1
26,2,2,700,-1,1,-1,2,7
50,2,1,700,-1,1,-1,2,6
5,1,2,700,1,-1,-1,-1,-1
42,2,1,700,-1,-1,-1,-1,-1
49,2,2,700,-1,-1,-1,-1,-1
31,2,2,700,-1,-1,-1,-1,-1
22,2,1,700,2,1,2,1,-1
16,1,1,700,1,2,-1,2,8
59,3,2,700,-1,-1,-1,-1,-1
26,2,2,700,-1,1,-1,2,7
12,1,2,700,1,-1,-1,-1,-1
19,2,2,700,2,1,-1,2,7
26,1,1,700,-1,-1,-1,-1,-1
20,2,2,700,2,-1,-1,-1,-1
49,2,1,700,-1,-1,-1,-1,-1
44,2,2,700,-1,-1,-1,-1,-1
36,2,2,700,-1,-1,-1,-1,-1
45,2,2,700,-1,-1,-1,-1,-1
23,1,1,700,2,1,2,1,-1
30,2,2,700,-1,2,-1,2,7
28,2,1,700,-1,-1,-1,-1,-1
11,1,2,700,2,-1,-1,-1,-1
39,2,2,700,-1,1,-1,2,7
31,1,1,700,-1,-1,-1,-1,-1
19,1,1,700,2,-1,-1,-1,-1
23,1,1,700,2,-1,-1,-1,-1
32,2,1,700,-1,-1,-1,-1,-1
23,1,2,700,2,2,1,1,-1
21,1,2,700,2,-1,-1,-1,-1
8,1,2,700,1,-1,-1,-1,-1
14,1,1,700,1,-1,-1,-1,-1
22,1,2,700,2,1,2,1,-1
19,1,1,700,2,1,2,1,-1
24,2,2,700,2,-1,-1,-1,-1
28,2,2,700,-1,1,-1,2,7
90,3,2,700,-1,1,-1,2,6
31,4,1,700,-1,-1,-1,-1,-1
24,2,1,700,2,-1,-1,-1,-1
19,1,1,700,2,-1,-1,-1,-1
18,1,2,700,1,2,-1,2,8
25,2,2,700,-1,1,-1,2,7
5,1,2,700,1,-1,-1,-1,-1
48,1,1,700,-1,-1,-1,-1,-1
13,1,1,700,1,-1,-1,-1,-1
48,2,2,700,-1,1,-1,2,7
43,2,1,700,-1,-1,-1,-1,-1
9,1,1,700,1,-1,-1,-1,-1
42,2,1,700,-1,-1,-1,-1,-1
60,4,2,700,-1,-1,-1,-1,-1
27,2,1,700,-1,-1,-1,-1,-1
10,1,2,700,1,-1,-1,-1,-1
18,1,1,700,1,2,-1,2,8
62,2,2,700,-1,1,-1,2,6
10,1,2,700,1,-1,-1,-1,-1
6,1,2,700,1,-1,-1,-1,-1
45,2,1,700,-1,1,-1,2,3
62,3,2,700,-1,-1,-1,-1,-1
38,2,1,700,-1,-1,-1,-1,-1
20,1,1,700,1,2,-1,2,8
67,2,2,700,-1,1,-1,2,6
24,2,2,700,2,1,-1,2,7
16,1,1,700,1,2,-1,2,8
23,1,1,700,2,2,-1,2,9
28,2,1,700,-1,-1,-1,-1,-1
29,2,1,700,-1,-1,-1,-1,-1
7,1,2,700,1,-1,-1,-1,-1
10,1,1,700,1,-1,-1,-1,-1
21,1,1,700,2,1,2,1,-1
14,1,2,700,1,-1,-1,-1,-1
36,2,1,700,-1,-1,-1,-1,-1
8,1,2,700,1,-1,-1,-1,-1
41,1,1,700,-1,-1,-1,-1,-1
60,2,2,700,-1,-1,-1,-1,-1
9,1,1,700,1,-1,-1,-1,-1
23,2,1,700,2,1,-1,2,5
60,2,1,700,-1,1,-1,2,6
23,2,2,700,2,1,-1,2,7
27,1,2,700,-1,-1,-1,-1,-1
41,2,1,700,-1,-1,-1,-1,-1
22,2,2,700,2,1,-1,2,2
8,1,2,700,1,-1,-1,-1,-1
6,1,1,700,1,-1,-1,-1,-1
9,1,1,700,1,-1,-1,-1,-1
21,1,1,700,2,1,-1,2,5
7,1,2,700,1,-1,-1,-1,-1
39,4,2,700,-1,-1,-1,-1,-1
64,2,2,700,-1,-1,-1,-1,-1
33,2,2,700,-1,1,-1,2,7
6,1,1,700,1,-1,-1,-1,-1
79,3,2,700,-1,2,-1,2,6
45,4,1,700,-1,-1,-1,-1,-1
7,1,2,700,2,-1,-1,-1,-1
65,2,2,700,-1,1,-1,2,7
16,1,2,700,1,2,-1,2,7
32,2,1,700,-1,-1,-1,-1,-1
9,1,2,700,1,-1,-1,-1,-1
30,2,1,700,-1,-1,-1,-1,-1
6,1,2,700,1,-1,-1,-1,-1
35,2,2,700,-1,2,-1,2,7
46,2,2,700,-1,-1,-1,-1,-1
12,1,2,700,1,-1,-1,-1,-1
17,1,2,700,1,2,-1,2,8
61,2,2,700,-1,1,-1,2,6
13,1,1,700,1,-1,-1,-1,-1
11,1,2,700,1,-1,-1,-1,-1
17,1,2,700,1,2,-1,2,8
5,1,2,700,1,-1,-1,-1,-1
59,2,2,700,-1,-1,-1,-1,-1
50,2,1,700,-1,-1,-1,-1,-1
54,1,1,700,-1,-1,-1,-1,-1
8,1,1,700,1,-1,-1,-1,-1
50,2,1,700,-1,-1,-1,-1,-1
71,2,2,700,-1,1,-1,2,6
63,2,1,700,-1,1,-1,2,6
50,3,2,700,-1,2,-1,2,7
48,2,2,700,-1,1,-1,2,7
17,1,1,700,1,2,-1,2,8
24,2,1,700,2,-1,-1,-1,-1
14,1,2,700,1,-1,-1,-1,-1
53,2,2,700,-1,-1,-1,-1,-1
85,3,2,700,-1,1,-1,2,6
15,1,1,700,1,2,-1,2,8
20,1,1,700,2,-1,-1,-1,-1
6,1,1,700,1,-1,-1,-1,-1
27,1,1,700,-1,-1,-1,-1,-1
5,1,2,700,1,-1,-1,-1,-1
41,2,1,700,-1,-1,-1,-1,-1
5,1,1,700,1,-1,-1,-1,-1
16,1,2,700,1,1,-1,2,8
36,2,1,700,-1,-1,-1,-1,-1
43,2,2,700,-1,-1,-1,-1,-1
14,1,1,700,1,-1,-1,-1,-1
18,1,2,700,1,2,-1,2,8
8,1,2,700,1,-1,-1,-1,-1
17,1,1,700,1,2,-1,2,8
76,2,2,700,-1,1,-1,2,6
21,1,2,700,2,-1,-1,-1,-1
15,1,2,700,1,2,-1,2,8
16,1,2,700,1,2,-1,2,8
18,1,1,700,1,-1,-1,-1,-1
31,2,2,700,-1,-1,-1,-1,-1
14,1,2,700,1,-1,-1,-1,-1
25,1,1,700,-1,-1,-1,-1,-1
63,2,1,700,-1,2,-1,2,6
16,1,2,700,1,2,-1,2,8
33,2,2,700,-1,1,-1,2,7
54,2,1,700,-1,-1,-1,-1,-1
33,4,2,700,-1,1,-1,2,3
44,2,1,700,-1,-1,-1,-1,-1
7,1,1,700,1,-1,-1,-1,-1
24,1,1,700,1,2,-1,2,8
35,1,1,700,-1,-1,-1,-1,-1
11,1,1,700,1,-1,-1,-1,-1
48,2,2,700,-1,2,-1,2,7
9,1,2,700,2,-1,-1,-1,-1
19,1,1,700,2,1,-1,2,8
22,1,1,700,1,-1,-1,-1,-1
29,2,1,700,-1,-1,-1,-1,-1
33,1,1,700,-1,-1,-1,-1,-1
29,2,2,700,-1,-1,-1,-1,-1
10,1,1,700,1,-1,-1,-1,-1
36,2,1,700,-1,-1,-1,-1,-1
72,2,1,700,-1,1,-1,2,6
16,1,1,700,1,2,-1,2,8
50,2,2,700,-1,-1,-1,-1,-1
28,2,2,700,-1,-1,-1,-1,-1
37,2,2,700,-1,-1,-1,-1,-1
58,2,1,700,-1,1,-1,2,9
8,1,2,700,1,-1,-1,-1,-1
9,1,1,700,1,-1,-1,-1,-1
5,1,2,700,1,-1,-1,-1,-1
26,1,1,700,-1,2,-1,2,8
17,1,1,700,1,2,-1,2,8
9,1,2,700,1,-1,-1,-1,-1
10,1,2,700,1,-1,-1,-1,-1
30,1,1,700,-1,-1,-1,-1,-1
42,2,2,700,-1,-1,-1,-1,-1
17,1,2,700,1,1,-1,2,8
63,2,1,700,-1,-1,-1,-1,-1
13,1,1,700,1,-1,-1,-1,-1
39,2,2,700,-1,-1,-1,-1,-1
39,2,2,700,-1,-1,-1,-1,-1
5,1,1,700,1,-1,-1,-1,-1
12,1,1,700,1,-1,-1,-1,-1
22,1,2,700,2,1,2,1,-1
24,2,1,700,2,-1,-1,-1,-1
13,1,1,700,1,-1,-1,-1,-1
24,2,2,700,2,1,-1,2,7
53,2,2,700,-1,-1,-1,-1,-1
20,1,1,700,2,-1,-1,-1,-1
38,1,1,700,-1,-1,-1,-1,-1
26,2,1,700,-1,-1,-1,-1,-1
35,2,2,700,-1,-1,-1,-1,-1
37,4,1,700,-1,1,-1,2,7
12,1,2,700,1,-1,-1,-1,-1
72,3,2,700,-1,1,-1,2,7
42,2,1,700,-1,-1,-1,-1,-1
17,1,1,700,2,2,-1,2,7
30,1,1,700,-1,-1,-1,-1,-1
50,3,2,700,-1,-1,-1,-1,-1
8,1,2,700,1,-1,-1,-1,-1
59,4,2,700,-1,-1,-1,-1,-1
56,3,2,700,-1,1,-1,2,7
42,2,1,700,-1,-1,-1,-1,-1
64,3,1,700,-1,-1,-1,-1,-1
20,1,1,700,1,2,-1,2,8
30,1,2,700,-1,-1,-1,-1,-1
43,2,1,700,-1,-1,-1,-1,-1
5,1,1,700,1,-1,-1,-1,-1
49,4,1,700,-1,-1,-1,-1,-1
38,1,1,700,-1,-1,-1,-1,-1
25,2,1,700,-1,-1,-1,-1,-1
49,4,1,700,-1,-1,-1,-1,-1
39,2,1,700,-1,-1,-1,-1,-1
51,2,2,700,-1,1,-1,2,7
18,1,1,700,1,-1,-1,-1,-1
49,2,2,700,-1,1,-1,2,7
19,1,1,700,2,-1,-1,-1,-1
29,1,2,700,-1,1,-1,2,7
22,1,1,700,2,-1,-1,-1,-1
62,2,1,700,-1,-1,-1,-1,-1
79,3,2,700,-1,2,-1,2,6
12,1,1,700,1,-1,-1,-1,-1
30,1,2,700,-1,-1,-1,-1,-1
13,1,1,700,1,-1,-1,-1,-1
36,1,1,700,-1,1,-1,2,7
24,1,1,700,1,2,-1,2,8
6,1,1,700,1,-1,-1,-1,-1
47,2,2,700,-1,-1,-1,-1,-1
12,1,2,700,1,-1,-1,-1,-1
40,3,2,700,-1,1,-1,2,7
51,2,1,700,-1,-1,-1,-1,-1
24,2,2,700,2,1,-1,2,7
9,1,1,700,1,-1,-1,-1,-1
21,2,1,700,2,-1,-1,-1,-1
37,2,2,700,-1,1,-1,2,7
33,1,1,700,-1,-1,-1,-1,-1
41,2,1,700,-1,-1,-1,-1,-1
47,2,2,700,-1,-1,-1,-1,-1
5,1,2,700,2,-1,-1,-1,-1
30,2,2,700,-1,1,-1,2,7
36,2,1,700,-1,-1,-1,-1,-1
5,1,2,700,1,-1,-1,-1,-1
6,1,2,700,1,-1,-1,-1,-1
11,1,1,700,1,-1,-1,-1,-1
11,1,1,700,1,-1,-1,-1,-1
13,1,2,700,1,-1,-1,-1,-1
12,1,1,700,1,-1,-1,-1,-1
17,1,1,700,1,2,-1,2,8
8,1,2,700,1,-1,-1,-1,-1
22,1,1,700,2,-1,-1,-1,-1
56,3,2,700,-1,-1,-1,-1,-1
25,2,1,700,-1,-1,-1,-1,-1
30,1,2,700,-1,-1,-1,-1,-1
15,1,2,700,1,2,-1,2,8
16,1,2,700,2,2,-1,2,7
24,1,2,700,2,-1,-1,-1,-1
32,1,1,700,-1,-1,-1,-1,-1
17,1,2,700,2,2,-1,2,8
27,2,2,700,-1,-1,-1,-1,-1
10,1,2,700,1,-1,-1,-1,-1
10,1,2,700,1,-1,-1,-1,-1
6,1,2,700,1,-1,-1,-1,-1
35,2,1,700,-1,-1,-1,-1,-1
10,1,1,700,1,-1,-1,-1,-1
50,3,1,700,-1,-1,-1,-1,-1
15,1,1,700,1,2,-1,2,6
13,1,2,700,1,-1,-1,-1,-1
33,2,2,700,-1,1,-1,2,7
36,2,1,700,-1,-1,-1,-1,-1
10,1,1,700,1,-1,-1,-1,-1
37,2,2,700,-1,-1,-1,-1,-1
40,2,2,700,-1,-1,-1,-1,-1
9,1,2,700,1,-1,-1,-1,-1
32,2,2,700,-1,-1,-1,-1,-1
5,1,2,700,1,-1,-1,-1,-1
6,1,2,700,1,-1,-1,-1,-1
29,2,2,700,-1,1,-1,2,7
6,1,1,700,1,-1,-1,-1,-1
5,1,1,700,1,-1,-1,-1,-1
58,2,2,700,-1,1,-1,2,7
8,1,2,700,1,-1,-1,-1,-1
29,2,2,700,-1,1,-1,2,7
62,2,1,700,-1,1,-1,2,6
12,1,1,700,1,-1,-1,-1,-1
44,2,2,700,-1,1,-1,2,7
11,1,2,700,1,-1,-1,-1,-1
51,3,2,700,-1,-1,-1,-1,-1
18,1,2,700,1,2,-1,2,8
45,2,2,700,-1,1,-1,2,7
40,2,1,700,-1,-1,-1,-1,-1
40,2,2,700,-1,-1,-1,-1,-1
49,2,2,700,-1,-1,-1,-1,-1
35,4,2,700,-1,-1,-1,-1,-1
12,1,2,700,2,-1,-1,-1,-1
72,2,2,700,-1,2,-1,2,7
42,2,2,700,-1,-1,-1,-1,-1
16,1,1,700,2,-1,-1,-1,-1
69,2,2,700,-1,-1,-1,-1,-1
34,2,2,700,-1,-1,-1,-1,-1
59,2,1,700,-1,-1,-1,-1,-1
22,1,1,700,2,-1,-1,-1,-1
13,1,1,700,1,-1,-1,-1,-1
73,2,2,700,-1,-1,-1,-1,-1
35,2,2,700,-1,-1,-1,-1,-1
50,2,2,700,-1,-1,-1,-1,-1
57,2,2,700,-1,-1,-1,-1,-1
21,1,2,700,2,-1,-1,-1,-1
21,1,2,700,1,2,-1,2,8
9,1,2,700,1,-1,-1,-1,-1
25,1,1,700,-1,-1,-1,-1,-1
22,1,1,700,2,-1,-1,-1,-1
54,3,2,700,-1,1,-1,2,7
34,2,1,700,-1,-1,-1,-1,-1
66,2,2,700,-1,1,-1,2,6
8,1,1,700,1,-1,-1,-1,-1
50,2,2,700,-1,1,-1,2,7
59,2,1,700,-1,-1,-1,-1,-1
18,1,1,700,2,-1,-1,-1,-1
10,1,2,700,1,-1,-1,-1,-1
41,2,1,700,-1,-1,-1,-1,-1
22,1,1,700,2,-1,-1,-1,-1
19,1,1,700,1,2,-1,2,8
14,1,1,700,1,-1,-1,-1,-1
34,2,1,700,-1,-1,-1,-1,-1
28,1,1,700,-1,-1,-1,-1,-1
56,2,1,700,-1,-1,-1,-1,-1
49,2,1,700,-1,-1,-1,-1,-1
29,2,1,700,-1,1,-1,2,7
25,1,2,700,-1,-1,-1,-1,-1
18,1,2,700,1,2,-1,2,8
33,2,2,700,-1,1,-1,2,7
80,3,2,700,-1,1,-1,2,6
42,2,1,700,-1,-1,-1,-1,-1
56,3,2,700,-1,-1,-1,-1,-1
21,1,2,700,2,-1,-1,-1,-1
7,1,1,700,1,-1,-1,-1,-1
25,1,2,700,-1,-1,-1,-1,-1
24,2,2,700,2,-1,-1,-1,-1
57,2,2,700,-1,-1,-1,-1,-1
58,4,2,700,-1,-1,-1,-1,-1
45,2,2,700,-1,-1,-1,-1,-1
34,2,2,700,-1,1,-1,2,7
11,1,1,700,1,-1,-1,-1,-1
19,1,1,700,1,2,-1,2,8
30,1,2,700,-1,-1,-1,-1,-1
14,1,2,700,1,-1,-1,-1,-1
10,1,1,700,1,-1,-1,-1,-1
63,2,2,700,-1,1,-1,2,7
70,3,2,700,-1,1,-1,2,6
15,1,1,700,1,2,-1,2,8
57,2,1,700,-1,-1,-1,-1,-1
39,2,2,700,-1,-1,-1,-1,-1
12,1,2,700,1,-1,-1,-1,-1
18,1,1,700,1,1,2,1,-1
37,2,1,700,-1,-1,-1,-1,-1
12,1,1,700,1,-1,-1,-1,-1
48,4,2,700,-1,-1,-1,-1,-1
22,1,1,700,2,-1,-1,-1,-1
13,1,1,700,1,-1,-1,-1,-1
66,1,2,700,-1,-1,-1,-1,-1
22,2,1,700,2,-1,-1,-1,-1
15,1,2,700,2,2,-1,2,6
16,1,2,700,1,2,-1,2,6
5,1,2,700,1,-1,-1,-1,-1
21,2,2,700,2,2,-1,2,7
21,1,1,700,1,-1,-1,-1,-1
35,2,2,700,-1,-1,-1,-1,-1
59,3,2,700,-1,-1,-1,-1,-1
41,2,1,700,-1,-1,-1,-1,-1
25,1,2,700,-1,-1,-1,-1,-1
54,2,2,700,-1,-1,-1,-1,-1
29,1,2,700,-1,-1,-1,-1,-1
38,2,1,700,-1,-1,-1,-1,-1
24,1,2,700,2,-1,-1,-1,-1
20,1,2,700,2,-1,-1,-1,-1
6,1,2,700,2,-1,-1,-1,-1
18,1,1,700,1,2,-1,2,8
57,2,1,700,-1,-1,-1,-1,-1
12,1,1,700,1,-1,-1,-1,-1
17,1,2,700,1,1,-1,2,8
27,1,1,700,-1,1,-1,2,1
43,2,2,700,-1,1,-1,2,7
15,1,2,700,1,2,-1,2,8
66,3,2,700,-1,1,-1,2,6
58,2,1,700,-1,-1,-1,-1,-1
34,2,2,700,-1,1,-1,2,7
62,2,2,700,-1,1,-1,2,7
10,1,1,700,1,-1,-1,-1,-1
38,3,2,700,-1,-1,-1,-1,-1
32,1,1,700,-1,1,-1,2,1
45,2,2,700,-1,1,-1,2,7
64,2,1,700,-1,-1,-1,-1,-1
35,2,1,700,-1,-1,-1,-1,-1
41,2,2,700,-1,1,-1,2,7
20,2,2,700,2,1,-1,2,7
28,1,2,700,-1,2,-1,2,3
13,1,1,700,1,-1,-1,-1,-1
29,2,1,700,-1,-1,-1,-1,-1
17,1,2,700,1,2,-1,2,8
19,1,1,700,1,2,-1,2,8
12,1,2,700,1,-1,-1,-1,-1
28,2,1,700,-1,-1,-1,-1,-1
20,1,1,700,1,2,-1,2,8
8,1,1,700,1,-1,-1,-1,-1
16,1,1,700,1,2,-1,2,8
83,3,2,700,-1,1,-1,2,7
49,2,1,700,-1,-1,-1,-1,-1
8,1,1,700,2,-1,-1,-1,-1
64,4,1,700,-1,-1,-1,-1,-1
10,1,2,700,1,-1,-1,-1,-1
20,1,1,700,1,2,-1,2,8
44,2,1,700,-1,-1,-1,-1,-1
16,1,2,700,1,-1,-1,-1,-1
36,2,1,700,-1,-1,-1,-1,-1
71,2,2,700,-1,1,-1,2,6
68,3,2,700,-1,1,-1,2,7
20,1,2,700,1,2,-1,2,8
11,1,2,700,1,-1,-1,-1,-1
25,2,2,700,-1,1,-1,2,7
17,1,1,700,1,2,-1,2,8
19,1,2,700,1,2,-1,2,8
66,3,1,700,-1,2,-1,2,7
84,3,2,700,-1,-1,-1,-1,-1
35,1,1,700,-1,-1,-1,-1,-1
28,1,1,700,-1,-1,-1,-1,-1
12,1,2,700,1,-1,-1,-1,-1
67,2,1,700,-1,-1,-1,-1,-1
15,1,2,700,1,-1,-1,-1,-1
6,1,1,700,1,-1,-1,-1,-1
18,2,1,700,2,-1,-1,-1,-1
9,1,1,700,1,-1,-1,-1,-1
32,2,2,700,-1,1,-1,2,7
17,1,2,700,1,1,-1,2,8
18,1,1,700,2,-1,-1,-1,-1
17,1,2,700,1,2,-1,2,8
38,2,2,700,-1,-1,-1,-1,-1
28,1,1,700,-1,-1,-1,-1,-1
28,2,1,700,-1,-1,-1,-1,-1
22,2,1,700,2,-1,-1,-1,-1
66,2,1,700,-1,-1,-1,-1,-1
14,1,2,700,1,-1,-1,-1,-1
32,2,2,700,-1,1,-1,2,7
21,4,1,700,2,-1,-1,-1,-1
14,1,2,700,1,-1,-1,-1,-1
9,1,1,700,1,-1,-1,-1,-1
53,2,2,700,-1,-1,-1,-1,-1
10,1,2,700,1,-1,-1,-1,-1
6,1,2,700,1,-1,-1,-1,-1
25,2,1,700,-1,-1,-1,-1,-1
61,2,2,700,-1,1,-1,2,7
5,1,1,700,1,-1,-1,-1,-1
9,1,1,700,1,-1,-1,-1,-1
7,1,2,700,1,-1,-1,-1,-1
31,2,1,700,-1,-1,-1,-1,-1
43,2,1,700,-1,-1,-1,-1,-1
16,1,1,700,1,2,-1,2,8
9,1,2,700,1,-1,-1,-1,-1
6,1,2,700,1,-1,-1,-1,-1
7,1,2,700,1,-1,-1,-1,-1
12,1,2,700,1,-1,-1,-1,-1
53,2,2,700,-1,-1,-1,-1,-1
20,1,1,700,2,-1,-1,-1,-1
26,2,2,700,-1,2,-1,2,7
56,2,1,700,-1,-1,-1,-1,-1
56,1,1,700,-1,-1,-1,-1,-1
6,1,1,700,2,-1,-1,-1,-1
8,1,1,700,1,-1,-1,-1,-1
12,1,1,700,1,-1,-1,-1,-1
43,2,1,700,-1,-1,-1,-1,-1
60,2,1,700,-1,-1,-1,-1,-1
30,2,2,700,-1,1,-1,2,7
16,1,1,700,1,-1,-1,-1,-1
42,2,2,700,-1,1,-1,2,7
8,1,2,700,1,-1,-1,-1,-1
27,1,2,700,-1,-1,-1,-1,-1
55,2,2,700,-1,1,-1,2,7
56,2,2,700,-1,-1,-1,-1,-1
53,3,1,700,-1,-1,-1,-1,-1
23,1,2,700,1,2,-1,2,7
48,2,2,700,-1,-1,-1,-1,-1
26,2,1,700,-1,-1,-1,-1,-1
10,1,2,700,1,-1,-1,-1,-1
26,2,2,700,-1,1,-1,2,7
55,2,2,700,-1,1,-1,2,7
6,1,2,700,1,-1,-1,-1,-1
79,1,2,700,-1,1,-1,2,6
25,2,2,700,-1,-1,-1,-1,-1
22,4,2,700,2,1,-1,2,7
14,1,1,700,1,-1,-1,-1,-1
7,1,2,700,1,-1,-1,-1,-1
39,4,2,700,-1,-1,-1,-1,-1
16,1,2,700,1,2,-1,2,8
28,2,1,700,-1,-1,-1,-1,-1
73,2,1,700,-1,2,-1,2,6
24,1,2,700,2,1,-1,2,1
59,2,2,700,-1,-1,-1,-1,-1
51,2,2,700,-1,-1,-1,-1,-1
51,2,2,700,-1,1,-1,2,7
21,1,2,700,2,2,1,1,-1
19,2,2,700,2,2,-1,2,7
27,1,1,700,-1,-1,-1,-1,-1
61,2,1,700,-1,-1,-1,-1,-1
39,2,2,700,-1,-1,-1,-1,-1
23,1,1,700,2,-1,-1,-1,-1
37,2,2,700,-1,-1,-1,-1,-1
14,1,1,700,1,-1,-1,-1,-1
27,2,1,700,-1,-1,-1,-1,-1
19,1,2,700,1,2,-1,2,8
37,1,2,700,-1,2,-1,2,6
47,2,1,700,-1,-1,-1,-1,-1
12,1,2,700,1,-1,-1,-1,-1
13,1,2,700,2,-1,-1,-1,-1
87,3,1,700,-1,2,-1,2,6
28,2,2,700,-1,1,-1,2,7
40,2,1,700,-1,-1,-1,-1,-1
7,1,1,700,1,-1,-1,-1,-1
50,2,2,700,-1,1,-1,2,7
19,1,2,700,1,2,-1,2,8
52,2,1,700,-1,-1,-1,-1,-1
13,1,2,700,1,-1,-1,-1,-1
34,2,2,700,-1,1,-1,2,7
19,1,1,700,2,-1,-1,-1,-1
5,1,1,700,2,-1,-1,-1,-1
26,2,1,700,-1,-1,-1,-1,-1
56,2,2,700,-1,1,-1,2,7
37,2,1,700,-1,-1,-1,-1,-1
21,2,1,700,2,-1,-1,-1,-1
58,3,2,700,-1,1,-1,2,7
22,1,2,700,2,-1,-1,-1,-1
50,2,2,700,-1,-1,-1,-1,-1
15,1,2,700,1,2,-1,2,8
43,1,1,700,-1,1,2,1,-1
28,4,2,700,-1,1,-1,2,7
6,1,1,700,1,-1,-1,-1,-1
59,1,1,700,-1,-1,-1,-1,-1
7,1,1,700,1,-1,-1,-1,-1
50,2,2,700,-1,-1,-1,-1,-1
24,1,1,700,2,1,2,1,-1
6,1,2,700,2,-1,-1,-1,-1
36,1,1,700,-1,1,2,1,-1
48,2,2,700,-1,-1,-1,-1,-1
43,2,1,700,-1,-1,-1,-1,-1
25,2,2,700,-1,1,-1,2,7
6,1,2,700,1,-1,-1,-1,-1
14,1,2,700,1,-1,-1,-1,-1
15,1,1,700,1,2,-1,2,8
21,1,1,700,1,2,-1,2,8
18,1,2,700,2,2,-1,2,6
24,1,2,700,2,1,-1,2,3
52,2,2,700,-1,-1,-1,-1,-1
36,2,1,700,-1,-1,-1,-1,-1
11,1,2,700,1,-1,-1,-1,-1
25,2,1,700,-1,-1,-1,-1,-1
63,2,2,700,-1,-1,-1,-1,-1
22,1,1,700,2,2,-1,2,2
37,2,2,700,-1,1,-1,2,7
40,2,1,700,-1,-1,-1,-1,-1
12,1,2,700,1,-1,-1,-1,-1
24,1,1,700,2,1,2,1,-1
52,2,2,700,-1,1,-1,2,7
6,1,1,700,1,-1,-1,-1,-1
25,2,2,700,-1,-1,-1,-1,-1
15,1,1,700,2,1,-1,2,9
16,1,2,700,2,2,-1,2,8
9,1,2,700,1,-1,-1,-1,-1
53,2,2,700,-1,-1,-1,-1,-1
46,2,2,700,-1,-1,-1,-1,-1
29,2,1,700,-1,-1,-1,-1,-1
65,2,1,700,-1,-1,-1,-1,-1
24,1,1,700,2,-1,-1,-1,-1
51,2,1,700,-1,-1,-1,-1,-1
71,2,1,700,-1,1,-1,2,6
65,3,2,700,-1,-1,-1,-1,-1
10,1,1,700,1,-1,-1,-1,-1
62,2,2,700,-1,-1,-1,-1,-1
22,2,1,700,2,-1,-1,-1,-1
39,2,2,700,-1,1,-1,2,7
57,3,2,700,-1,-1,-1,-1,-1
9,1,1,700,1,-1,-1,-1,-1
39,2,2,700,-1,1,-1,2,7
39,2,2,700,-1,1,-1,2,7
17,1,1,700,1,1,-1,2,8
20,1,2,700,2,1,-1,2,1
27,2,1,700,-1,-1,-1,-1,-1
20,1,2,700,1,2,-1,2,8
32,2,2,700,-1,-1,-1,-1,-1
23,1,1,700,2,1,-1,2,5
7,1,1,700,1,-1,-1,-1,-1
42,2,2,700,-1,-1,-1,-1,-1
37,2,1,700,-1,-1,-1,-1,-1
32,2,1,700,-1,-1,-1,-1,-1
32,2,2,700,-1,-1,-1,-1,-1
18,1,1,700,1,2,-1,2,8
25,2,1,700,-1,-1,-1,-1,-1
55,2,2,700,-1,1,-1,2,7
30,2,1,700,-1,1,2,1,-1
37,2,2,700,-1,1,-1,2,7
14,1,1,700,1,-1,-1,-1,-1
13,1,2,700,1,-1,-1,-1,-1
11,1,1,700,1,-1,-1,-1,-1
66,2,1,700,-1,-1,-1,-1,-1
23,2,2,700,2,1,-1,2,7
56,3,2,700,-1,1,-1,2,7
25,2,2,700,-1,1,-1,2,5
25,1,1,700,-1,2,-1,2,2
40,2,1,700,-1,-1,-1,-1,-1
38,2,1,700,-1,-1,-1,-1,-1
24,1,2,700,2,-1,-1,-1,-1
46,3,2,700,-1,-1,-1,-1,-1
35,2,2,700,-1,1,-1,2,7
12,1,2,700,1,-1,-1,-1,-1
26,2,2,700,-1,1,-1,2,7
41,2,1,700,-1,-1,-1,-1,-1
62,3,1,700,-1,1,-1,2,6
13,1,1,700,1,-1,-1,-1,-1
20,1,2,700,2,-1,-1,-1,-1
10,1,2,700,1,-1,-1,-1,-1
12,1,1,700,1,-1,-1,-1,-1
40,2,1,700,-1,-1,-1,-1,-1
85,3,2,700,-1,2,-1,2,7
17,1,2,700,1,2,-1,2,7
22,1,1,700,2,-1,-1,-1,-1
23,2,2,700,2,1,-1,2,7
15,1,1,700,2,-1,-1,-1,-1
30,2,2,700,-1,-1,-1,-1,-1
25,1,1,700,-1,2,-1,2,8
50,2,2,700,-1,-1,-1,-1,-1
12,1,1,700,1,-1,-1,-1,-1
15,1,1,700,1,2,-1,2,8
9,1,2,700,1,-1,-1,-1,-1
30,2,2,700,-1,1,-1,2,7
33,2,1,700,-1,-1,-1,-1,-1
6,1,2,700,1,-1,-1,-1,-1
51,2,1,700,-1,-1,-1,-1,-1
60,2,2,700,-1,-1,-1,-1,-1
21,1,1,700,2,1,-1,2,1
21,2,2,700,2,1,-1,2,7
11,1,2,700,1,-1,-1,-1,-1
42,2,2,700,-1,1,-1,2,7
38,2,2,700,-1,-1,-1,-1,-1
5,1,1,700,2,-1,-1,-1,-1
63,2,2,700,-1,1,-1,2,6
75,3,2,700,-1,-1,-1,-1,-1
7,1,1,700,1,-1,-1,-1,-1
21,1,2,700,2,1,-1,2,7
28,1,1,700,-1,-1,-1,-1,-1
35,2,1,700,-1,-1,-1,-1,-1
37,1,1,700,-1,-1,-1,-1,-1
64,2,1,700,-1,-1,-1,-1,-1
49,2,1,700,-1,-1,-1,-1,-1
87,3,2,700,-1,1,-1,2,7
44,2,2,700,-1,-1,-1,-1,-1
47,2,2,700,-1,-1,-1,-1,-1
43,2,2,700,-1,1,-1,2,7
75,3,2,700,-1,-1,-1,-1,-1
6,1,2,700,1,-1,-1,-1,-1
18,1,1,700,2,-1,-1,-1,-1
50,2,1,700,-1,1,-1,2,7
26,2,1,700,-1,-1,-1,-1,-1
40,2,1,700,-1,-1,-1,-1,-1
27,2,1,700,-1,-1,-1,-1,-1
46,2,1,700,-1,-1,-1,-1,-1
10,1,1,700,1,-1,-1,-1,-1
74,2,2,700,-1,1,-1,2,6
11,1,2,700,1,-1,-1,-1,-1
46,2,2,700,-1,1,-1,2,7
30,2,2,700,-1,-1,-1,-1,-1
18,1,2,700,2,-1,-1,-1,-1
38,2,2,700,-1,-1,-1,-1,-1
5,1,2,700,1,-1,-1,-1,-1
16,1,1,700,1,2,1,1,-1
8,1,2,700,1,-1,-1,-1,-1
30,1,1,700,-1,-1,-1,-1,-1
65,3,2,700,-1,-1,-1,-1,-1
52,1,2,700,-1,-1,-1,-1,-1
38,2,1,700,-1,-1,-1,-1,-1
14,1,1,700,1,-1,-1,-1,-1
37,2,1,700,-1,-1,-1,-1,-1
5,1,1,700,1,-1,-1,-1,-1
13,1,2,700,1,-1,-1,-1,-1
16,1,2,700,1,2,-1,2,8
26,2,2,700,-1,-1,-1,-1,-1
46,2,2,700,-1,1,-1,2,7
32,1,1,700,-1,-1,-1,-1,-1
45,2,2,700,-1,-1,-1,-1,-1
16,1,1,700,1,2,-1,2,8
28,2,2,700,-1,1,-1,2,7
28,1,1,700,-1,1,-1,2,7
14,1,2,700,1,-1,-1,-1,-1
10,1,2,700,1,-1,-1,-1,-1
65,2,1,700,-1,-1,-1,-1,-1
63,2,1,700,-1,1,-1,2,6
34,2,2,700,-1,1,-1,2,7
8,1,1,700,1,-1,-1,-1,-1
32,2,1,700,-1,-1,-1,-1,-1
26,1,1,700,-1,-1,-1,-1,-1
57,2,1,700,-1,-1,-1,-1,-1
69,3,2,700,-1,1,-1,2,6
5,1,2,700,2,-1,-1,-1,-1
56,3,2,700,-1,-1,-1,-1,-1
14,1,1,700,1,-1,-1,-1,-1
49,2,2,700,-1,1,-1,2,7
82,3,2,700,-1,1,-1,2,6
72,2,1,700,-1,-1,-1,-1,-1
69,2,1,700,-1,1,-1,2,6
5,1,1,700,1,-1,-1,-1,-1
26,1,1,700,-1,-1,-1,-1,-1
28,2,1,700,-1,-1,-1,-1,-1
43,2,2,700,-1,-1,-1,-1,-1
31,2,2,700,-1,-1,-1,-1,-1
7,1,2,700,1,-1,-1,-1,-1
46,2,2,700,-1,-1,-1,-1,-1
54,2,1,700,-1,-1,-1,-1,-1
44,2,1,700,-1,-1,-1,-1,-1
26,2,2,700,-1,1,-1,2,7
17,1,1,700,2,-1,-1,-1,-1
31,2,2,700,-1,1,-1,2,7
14,1,2,700,1,-1,-1,-1,-1
36,2,2,700,-1,1,-1,2,7
11,1,2,700,1,-1,-1,-1,-1
69,3,2,700,-1,-1,-1,-1,-1
21,2,1,700,2,-1,-1,-1,-1
11,1,1,700,1,-1,-1,-1,-1
9,1,1,700,1,-1,-1,-1,-1
58,2,1,700,-1,-1,-1,-1,-1
15,1,1,700,1,2,-1,2,7
25,2,1,700,-1,-1,-1,-1,-1
31,2,1,700,-1,-1,-1,-1,-1
9,1,1,700,1,-1,-1,-1,-1
50,2,2,700,-1,-1,-1,-1,-1
45,2,1,700,-1,-1,-1,-1,-1
7,1,1,700,1,-1,-1,-1,-1
21,1,1,700,2,1,2,1,-1
32,2,2,700,-1,-1,-1,-1,-1
16,1,2,700,1,1,-1,2,8
53,2,2,700,-1,-1,-1,-1,-1
14,1,2,700,1,-1,-1,-1,-1
60,2,1,700,-1,-1,-1,-1,-1
28,2,1,700,-1,-1,-1,-1,-1
11,1,1,700,1,-1,-1,-1,-1
40,2,2,700,-1,2,-1,2,7
34,2,2,700,-1,-1,-1,-1,-1
34,3,2,700,-1,-1,-1,-1,-1
24,1,2,700,2,1,2,1,-1
13,1,1,700,1,-1,-1,-1,-1
28,2,2,700,-1,1,-1,2,3
73,3,2,700,-1,1,-1,2,6
58,2,2,700,-1,2,-1,2,7
12,1,1,700,1,-1,-1,-1,-1
5,1,1,700,2,-1,-1,-1,-1
61,2,2,700,-1,-1,-1,-1,-1
11,1,2,700,1,-1,-1,-1,-1
16,1,2,700,1,2,-1,2,8
24,2,2,700,2,1,-1,2,7
51,2,1,700,-1,-1,-1,-1,-1
21,2,2,700,2,2,-1,2,7
51,1,1,700,-1,-1,-1,-1,-1
20,1,2,700,1,2,-1,2,8
16,1,2,700,1,2,-1,2,8
53,2,1,700,-1,-1,-1,-1,-1
23,2,1,700,2,-1,-1,-1,-1
12,1,1,700,1,-1,-1,-1,-1
7,1,2,700,1,-1,-1,-1,-1
29,2,1,700,-1,-1,-1,-1,-1
37,2,1,700,-1,-1,-1,-1,-1
18,1,2,700,1,2,-1,2,8
44,2,1,700,-1,-1,-1,-1,-1
34,2,1,700,-1,-1,-1,-1,-1
15,1,2,700,1,2,-1,2,8
43,2,1,700,-1,-1,-1,-1,-1
29,2,1,700,-1,-1,-1,-1,-1
38,2,1,700,-1,-1,-1,-1,-1
67,2,1,700,-1,1,-1,2,6
68,2,2,700,-1,1,-1,2,7
54,2,2,700,-1,-1,-1,-1,-1
22,1,2,700,2,1,2,1,-1
27,2,1,700,-1,-1,-1,-1,-1
36,2,1,700,-1,-1,-1,-1,-1
13,1,1,700,1,-1,-1,-1,-1
27,2,2,700,-1,1,-1,2,7
18,1,1,700,2,2,-1,2,7
14,1,1,700,1,-1,-1,-1,-1
26,2,2,700,-1,1,-1,2,7
10,1,1,700,1,-1,-1,-1,-1
26,1,1,700,-1,1,2,1,-1
32,2,1,700,-1,-1,-1,-1,-1
11,1,2,700,1,-1,-1,-1,-1
22,1,2,700,1,2,-1,2,8
19,1,2,700,1,2,-1,2,8
33,1,1,700,-1,-1,-1,-1,-1
38,2,2,700,-1,-1,-1,-1,-1
27,1,1,700,-1,-1,-1,-1,-1
84,3,2,700,-1,1,-1,2,6
28,1,2,700,-1,1,-1,2,7
7,1,1,700,1,-1,-1,-1,-1
16,1,1,700,1,2,-1,2,8
40,4,2,700,-1,1,-1,2,7
52,1,1,700,-1,-1,-1,-1,-1
51,2,1,700,-1,-1,-1,-1,-1
52,2,1,700,-1,-1,-1,-1,-1
10,1,1,700,1,-1,-1,-1,-1
33,2,2,700,-1,1,-1,2,7
12,1,1,700,1,-1,-1,-1,-1
18,1,1,700,2,-1,-1,-1,-1
52,2,1,700,-1,-1,-1,-1,-1
24,1,2,700,2,-1,-1,-1,-1
41,2,1,700,-1,-1,-1,-1,-1
38,4,2,700,-1,-1,-1,-1,-1
55,2,1,700,-1,-1,-1,-1,-1
24,1,2,700,2,-1,-1,-1,-1
17,1,2,700,1,2,-1,2,8
10,1,2,700,1,-1,-1,-1,-1
49,2,2,700,-1,-1,-1,-1,-1
30,1,2,700,-1,1,-1,2,7
8,1,1,700,1,-1,-1,-1,-1
12,1,1,700,1,-1,-1,-1,-1
7,1,2,700,1,-1,-1,-1,-1
15,1,2,700,1,2,-1,2,8
44,2,2,700,-1,-1,-1,-1,-1
11,1,1,700,1,-1,-1,-1,-1
42,2,1,700,-1,1,2,1,-1
55,2,1,700,-1,-1,-1,-1,-1
8,1,2,700,1,-1,-1,-1,-1
6,1,1,700,1,-1,-1,-1,-1
9,1,2,700,1,-1,-1,-1,-1
49,2,2,700,-1,-1,-1,-1,-1
36,1,2,700,-1,2,-1,2,6
50,3,2,700,-1,-1,-1,-1,-1
11,1,1,700,1,-1,-1,-1,-1
45,2,2,700,-1,-1,-1,-1,-1
5,1,2,700,1,-1,-1,-1,-1
10,1,2,700,1,-1,-1,-1,-1
34,2,2,700,-1,1,-1,2,7
47,5,1,700,-1,-1,-1,-1,-1
13,1,2,700,1,-1,-1,-1,-1
14,1,1,700,1,-1,-1,-1,-1
49,2,1,700,-1,-1,-1,-1,-1
10,1,1,700,1,-1,-1,-1,-1
18,1,2,700,1,-1,-1,-1,-1
57,2,1,700,-1,-1,-1,-1,-1
16,1,2,700,1,2,-1,2,8
13,1,1,700,1,-1,-1,-1,-1
49,2,1,700,-1,-1,-1,-1,-1
8,1,2,700,1,-1,-1,-1,-1
30,2,1,700,-1,-1,-1,-1,-1
26,2,2,700,-1,1,-1,2,7
41,1,1,700,-1,1,-1,2,6
42,2,2,700,-1,1,-1,2,7
32,2,2,700,-1,1,-1,2,7
23,2,1,700,2,-1,-1,-1,-1
60,2,2,700,-1,1,-1,2,6
36,2,1,700,-1,-1,-1,-1,-1
10,1,1,700,1,-1,-1,-1,-1
9,1,2,700,1,-1,-1,-1,-1
16,1,2,700,1,-1,-1,-1,-1
7,1,1,700,1,-1,-1,-1,-1
25,1,1,700,-1,-1,-1,-1,-1
36,2,1,700,-1,-1,-1,-1,-1
51,1,1,700,-1,-1,-1,-1,-1
29,2,2,700,-1,-1,-1,-1,-1
16,1,2,700,1,2,-1,2,8
19,1,2,700,2,1,-1,2,5
38,2,1,700,-1,-1,-1,-1,-1
59,2,2,700,-1,1,-1,2,7
19,1,2,700,2,1,-1,2,1
47,2,1,700,-1,-1,-1,-1,-1
21,1,1,700,2,-1,-1,-1,-1
10,1,2,700,1,-1,-1,-1,-1
14,1,1,700,1,-1,-1,-1,-1
23,2,2,700,2,1,-1,2,7
15,1,1,700,1,2,-1,2,8
8,1,2,700,1,-1,-1,-1,-1
39,2,1,700,-1,-1,-1,-1,-1
46,2,2,700,-1,1,-1,2,7
59,2,1,700,-1,-1,-1,-1,-1
10,1,1,700,1,-1,-1,-1,-1
50,2,2,700,-1,-1,-1,-1,-1
39,2,2,700,-1,-1,-1,-1,-1
14,1,2,700,1,-1,-1,-1,-1
7,1,1,700,1,-1,-1,-1,-1
5,1,2,700,1,-1,-1,-1,-1
24,2,2,700,2,1,-1,2,7
30,2,2,700,-1,2,-1,2,8
8,1,2,700,1,-1,-1,-1,-1
17,1,2,700,2,-1,-1,-1,-1
36,2,1,700,-1,-1,-1,-1,-1
33,1,2,700,-1,-1,-1,-1,-1
7,1,1,700,1,-1,-1,-1,-1
12,1,2,700,1,-1,-1,-1,-1
69,2,1,700,-1,1,-1,2,6
14,1,1,700,1,-1,-1,-1,-1
5,1,1,700,1,-1,-1,-1,-1
13,1,2,700,1,-1,-1,-1,-1
20,1,2,700,1,2,-1,2,8
47,1,2,700,-1,-1,-1,-1,-1
32,2,1,700,-1,-1,-1,-1,-1
26,1,2,700,-1,-1,-1,-1,-1
18,2,2,700,2,1,-1,2,7
29,1,1,700,-1,-1,-1,-1,-1
21,1,2,700,1,2,-1,2,8
57,2,2,700,-1,2,-1,2,7
50,2,2,700,-1,-1,-1,-1,-1
7,1,2,700,1,-1,-1,-1,-1
38,2,1,700,-1,-1,-1,-1,-1
9,1,1,700,1,-1,-1,-1,-1
12,1,1,700,1,-1,-1,-1,-1
9,1,1,700,1,-1,-1,-1,-1
8,1,2,700,1,-1,-1,-1,-1
6,1,1,700,1,-1,-1,-1,-1
29,2,1,700,-1,-1,-1,-1,-1
69,2,2,700,-1,1,-1,2,6
47,4,2,700,-1,-1,-1,-1,-1
6,1,2,700,1,-1,-1,-1,-1
56,2,1,700,-1,-1,-1,-1,-1
51,2,2,700,-1,-1,-1,-1,-1
43,2,2,700,-1,2,-1,2,7
29,1,2,700,-1,2,-1,2,7
23,1,2,700,2,-1,-1,-1,-1
5,1,1,700,1,-1,-1,-1,-1
48,2,1,700,-1,-1,-1,-1,-1
51,1,1,700,-1,-1,-1,-1,-1
23,1,1,700,2,-1,-1,-1,-1
26,1,1,700,-1,-1,-1,-1,-1
13,1,2,700,1,-1,-1,-1,-1
28,2,1,700,-1,-1,-1,-1,-1
23,1,1,700,2,1,2,1,-1
43,2,2,700,-1,-1,-1,-1,-1
8,1,1,700,1,-1,-1,-1,-1
60,2,1,700,-1,1,-1,2,6
13,1,2,700,1,-1,-1,-1,-1
12,1,2,700,1,-1,-1,-1,-1
23,2,2,700,2,-1,-1,-1,-1
26,1,2,700,-1,1,2,1,-1
43,2,1,700,-1,-1,-1,-1,-1
12,1,1,700,1,-1,-1,-1,-1
51,1,1,700,-1,-1,-1,-1,-1
27,2,1,700,-1,-1,-1,-1,-1
54,2,1,700,-1,-1,-1,-1,-1
16,1,1,700,1,-1,-1,-1,-1
37,2,2,700,-1,1,-1,2,7
13,1,1,700,2,-1,-1,-1,-1
15,1,1,700,2,2,-1,2,6
36,2,1,700,-1,-1,-1,-1,-1
25,2,1,700,-1,-1,-1,-1,-1
82,3,2,700,-1,1,-1,2,6
55,2,1,700,-1,-1,-1,-1,-1
62,3,2,700,-1,1,-1,2,6
50,2,2,700,-1,-1,-1,-1,-1
10,1,2,700,1,-1,-1,-1,-1
51,2,2,700,-1,2,-1,2,7
6,1,2,700,1,-1,-1,-1,-1
68,2,1,700,-1,1,-1,2,6
66,2,2,700,-1,1,-1,2,7
61,2,1,700,-1,1,-1,2,6
12,1,2,700,1,-1,-1,-1,-1
27,2,2,700,-1,-1,-1,-1,-1
7,1,1,700,1,-1,-1,-1,-1
49,2,1,700,-1,-1,-1,-1,-1
18,1,1,700,2,-1,-1,-1,-1
27,1,1,700,-1,-1,-1,-1,-1
36,1,1,700,-1,-1,-1,-1,-1
39,2,2,700,-1,-1,-1,-1,-1
61,2,1,700,-1,-1,-1,-1,-1
30,2,1,700,-1,-1,-1,-1,-1
15,1,2,700,1,-1,-1,-1,-1
7,1,2,700,1,-1,-1,-1,-1
6,1,1,700,1,-1,-1,-1,-1
24,1,1,700,2,-1,-1,-1,-1
31,2,1,700,-1,-1,-1,-1,-1
38,2,2,700,-1,1,-1,2,7
5,1,2,700,1,-1,-1,-1,-1
42,2,2,700,-1,-1,-1,-1,-1
36,1,2,700,-1,-1,-1,-1,-1
63,2,1,700,-1,1,-1,2,6
11,1,1,700,1,-1,-1,-1,-1
13,1,1,700,1,-1,-1,-1,-1
31,2,1,700,-1,-1,-1,-1,-1
20,1,1,700,1,2,-1,2,8
16,3,2,700,1,2,-1,2,8
10,1,1,700,1,-1,-1,-1,-1
13,1,1,700,1,-1,-1,-1,-1
10,1,1,700,1,-1,-1,-1,-1
58,2,1,700,-1,-1,-1,-1,-1
7,1,1,700,1,-1,-1,-1,-1
20,1,1,700,2,-1,-1,-1,-1
14,1,2,700,1,-1,-1,-1,-1
55,2,2,700,-1,1,-1,2,7
34,1,1,700,-1,-1,-1,-1,-1
61,1,2,700,-1,-1,-1,-1,-1
68,3,2,700,-1,1,-1,2,6
35,2,2,700,-1,-1,-1,-1,-1
23,1,2,700,2,-1,-1,-1,-1
11,1,1,700,1,-1,-1,-1,-1
6,1,2,700,1,-1,-1,-1,-1
65,2,1,700,-1,-1,-1,-1,-1
53,2,1,700,-1,-1,-1,-1,-1
27,1,1,700,-1,-1,-1,-1,-1
6,1,1,700,1,-1,-1,-1,-1
66,2,1,700,-1,1,-1,2,6
9,1,2,700,1,-1,-1,-1,-1
59,2,1,700,-1,-1,-1,-1,-1
25,1,1,700,-1,-1,-1,-1,-1
48,2,1,700,-1,-1,-1,-1,-1
32,2,1,700,-1,-1,-1,-1,-1
5,1,2,700,1,-1,-1,-1,-1
38,2,2,700,-1,1,-1,2,7
58,2,1,700,-1,-1,-1,-1,-1
60,2,2,700,-1,-1,-1,-1,-1
14,1,1,700,1,-1,-1,-1,-1
21,1,1,700,2,-1,-1,-1,-1
49,4,1,700,-1,-1,-1,-1,-1
5,1,1,700,2,-1,-1,-1,-1
62,2,1,700,-1,-1,-1,-1,-1
12,1,2,700,1,-1,-1,-1,-1
16,1,1,700,2,2,-1,2,7
51,2,2,700,-1,-1,-1,-1,-1
69,2,2,700,-1,-1,-1,-1,-1
77,2,1,700,-1,1,-1,2,7
22,1,1,700,2,-1,-1,-1,-1
74,3,2,700,-1,-1,-1,-1,-1
5,1,2,700,1,-1,-1,-1,-1
30,1,1,700,-1,1,2,1,-1
39,2,2,700,-1,-1,-1,-1,-1
39,2,1,700,-1,-1,-1,-1,-1
58,2,2,700,-1,1,-1,2,7
7,1,2,700,1,-1,-1,-1,-1
13,1,1,700,1,-1,-1,-1,-1
12,1,1,700,1,-1,-1,-1,-1
26,1,1,700,-1,-1,-1,-1,-1
51,2,2,700,-1,2,-1,2,7
50,2,2,700,-1,-1,-1,-1,-1
6,1,2,700,1,-1,-1,-1,-1
41,2,1,700,-1,-1,-1,-1,-1
62,2,1,700,-1,1,-1,2,7
30,2,2,700,-1,1,-1,2,7
43,2,2,700,-1,1,-1,2,7
27,1,2,700,-1,-1,-1,-1,-1
46,2,2,700,-1,1,-1,2,7
38,2,1,700,-1,-1,-1,-1,-1
53,2,1,700,-1,-1,-1,-1,-1
37,4,1,700,-1,1,2,1,-1
12,1,1,700,1,-1,-1,-1,-1
50,2,1,700,-1,-1,-1,-1,-1
20,1,2,700,2,-1,-1,-1,-1
41,2,2,700,-1,1,-1,2,7
32,2,2,700,-1,1,-1,2,5
17,1,1,700,1,2,-1,2,8
37,2,2,700,-1,-1,-1,-1,-1
36,2,2,700,-1,1,-1,2,7
22,1,1,700,1,2,-1,2,8
86,2,2,700,-1,-1,-1,-1,-1
18,1,2,700,1,2,-1,2,8
40,2,1,700,-1,-1,-1,-1,-1
19,1,1,700,2,-1,-1,-1,-1
22,2,1,700,2,-1,-1,-1,-1
9,1,2,700,1,-1,-1,-1,-1
10,1,2,700,1,-1,-1,-1,-1
7,1,1,700,1,-1,-1,-1,-1
23,2,2,700,2,1,-1,2,9
17,1,1,700,1,2,-1,2,8
31,2,2,700,-1,1,-1,2,7
21,1,2,700,2,2,-1,2,9
8,1,2,700,1,-1,-1,-1,-1
45,2,2,700,-1,-1,-1,-1,-1
18,1,1,700,1,2,-1,2,8
67,2,1,700,-1,1,-1,2,6
13,1,2,700,2,-1,-1,-1,-1
65,2,2,700,-1,-1,-1,-1,-1
18,1,2,700,2,-1,-1,-1,-1
27,1,1,700,-1,-1,-1,-1,-1
15,1,2,700,2,2,-1,2,8
18,1,2,700,1,1,-1,2,8
45,2,1,700,-1,-1,-1,-1,-1
17,1,1,700,2,2,-1,2,7
40,2,2,700,-1,-1,-1,-1,-1
39,2,1,700,-1,-1,-1,-1,-1
38,2,2,700,-1,-1,-1,-1,-1
64,2,1,700,-1,1,-1,2,6
54,2,2,700,-1,-1,-1,-1,-1
50,2,1,700,-1,-1,-1,-1,-1
37,2,2,700,-1,1,2,1,-1
68,2,1,700,-1,-1,-1,-1,-1
5,1,1,700,1,-1,-1,-1,-1
39,2,2,700,-1,-1,-1,-1,-1
17,1,2,700,2,-1,-1,-1,-1
73,2,1,700,-1,-1,-1,-1,-1
5,1,1,700,1,-1,-1,-1,-1
53,4,1,700,-1,-1,-1,-1,-1
20,1,1,700,1,2,-1,2,8
8,1,2,700,1,-1,-1,-1,-1
42,2,2,700,-1,1,-1,2,7
58,2,2,700,-1,1,-1,2,9
37,2,1,700,-1,-1,-1,-1,-1
12,1,1,700,1,-1,-1,-1,-1
22,1,1,700,2,1,-1,2,5
7,1,2,700,1,-1,-1,-1,-1
8,1,1,700,1,-1,-1,-1,-1
33,4,2,700,-1,-1,-1,-1,-1
47,2,2,700,-1,2,-1,2,7
31,2,1,700,-1,-1,-1,-1,-1
32,2,1,700,-1,-1,-1,-1,-1
49,2,2,700,-1,1,-1,2,7
10,1,2,700,1,-1,-1,-1,-1
19,2,2,700,2,1,-1,2,7
64,2,2,700,-1,1,-1,2,6
20,1,2,700,2,1,-1,2,7
32,2,2,700,-1,-1,-1,-1,-1
11,1,1,700,1,-1,-1,-1,-1
8,1,2,700,1,-1,-1,-1,-1
36,2,1,700,-1,-1,-1,-1,-1
16,1,1,700,1,2,-1,2,8
37,2,1,700,-1,-1,-1,-1,-1
47,2,2,700,-1,1,-1,2,7
7,1,2,700,1,-1,-1,-1,-1
39,2,2,700,-1,-1,-1,-1,-1
56,3,1,700,-1,-1,-1,-1,-1
34,1,2,700,-1,1,-1,2,2
14,1,2,700,2,-1,-1,-1,-1
12,1,2,700,1,-1,-1,-1,-1
44,2,1,700,-1,-1,-1,-1,-1
6,1,1,700,1,-1,-1,-1,-1
19,1,1,700,2,2,-1,2,9
5,1,1,700,1,-1,-1,-1,-1
35,2,1,700,-1,-1,-1,-1,-1
56,2,2,700,-1,-1,-1,-1,-1
14,1,1,700,1,-1,-1,-1,-1
46,2,2,700,-1,-1,-1,-1,-1
45,1,1,700,-1,-1,-1,-1,-1
7,1,1,700,1,-1,-1,-1,-1
38,2,1,700,-1,-1,-1,-1,-1
52,2,2,700,-1,2,-1,2,7
16,1,1,700,1,-1,-1,-1,-1
35,2,2,700,-1,1,-1,2,7
16,1,1,700,1,2,-1,2,8
38,2,1,700,-1,-1,-1,-1,-1
28,1,2,700,-1,-1,-1,-1,-1
50,2,1,700,-1,-1,-1,-1,-1
52,2,1,700,-1,-1,-1,-1,-1
20,2,2,700,2,1,-1,2,7
33,2,2,700,-1,1,-1,2,7
58,2,2,700,-1,1,-1,2,7
61,2,1,700,-1,-1,-1,-1,-1
9,1,1,700,1,-1,-1,-1,-1
11,1,2,700,2,-1,-1,-1,-1
50,2,2,700,-1,1,-1,2,7
15,1,1,700,1,2,-1,2,8
51,1,1,700,-1,1,-1,2,3
17,1,1,700,1,2,-1,2,8
49,2,1,700,-1,-1,-1,-1,-1
40,2,1,700,-1,-1,-1,-1,-1
9,1,2,700,1,-1,-1,-1,-1
16,1,2,700,1,2,-1,2,8
18,1,2,700,1,2,-1,2,8
45,1,2,700,-1,-1,-1,-1,-1
17,1,2,700,1,2,-1,2,8
21,2,2,700,1,2,-1,2,7
15,1,2,700,1,-1,-1,-1,-1
48,3,2,700,-1,-1,-1,-1,-1
16,1,2,700,1,2,-1,2,8
20,1,2,700,1,1,-1,2,8
18,1,1,700,1,2,-1,2,8
29,2,1,700,-1,-1,-1,-1,-1
6,1,2,700,1,-1,-1,-1,-1
20,1,2,700,2,-1,-1,-1,-1
62,2,2,700,-1,1,-1,2,7
9,1,2,700,1,-1,-1,-1,-1
6,1,1,700,1,-1,-1,-1,-1
49,2,2,700,-1,-1,-1,-1,-1
47,2,1,700,-1,-1,-1,-1,-1
31,1,1,700,-1,-1,-1,-1,-1
47,1,1,700,-1,-1,-1,-1,-1
32,2,1,700,-1,-1,-1,-1,-1
11,1,1,700,1,-1,-1,-1,-1
9,1,2,700,1,-1,-1,-1,-1
34,2,2,700,-1,1,-1,2,7
16,1,1,700,1,2,-1,2,8
13,1,2,700,1,-1,-1,-1,-1
32,2,2,700,-1,1,-1,2,7
39,2,2,700,-1,-1,-1,-1,-1
20,1,1,700,2,-1,-1,-1,-1
20,1,2,700,2,-1,-1,-1,-1
28,2,1,700,-1,-1,-1,-1,-1
41,2,2,700,-1,1,-1,2,7
26,2,2,700,-1,-1,-1,-1,-1
62,3,2,700,-1,-1,-1,-1,-1
58,2,2,700,-1,1,-1,2,7
32,1,1,700,-1,-1,-1,-1,-1
13,1,2,700,1,-1,-1,-1,-1
9,1,1,700,1,-1,-1,-1,-1
26,2,2,700,-1,-1,-1,-1,-1
17,1,1,700,2,-1,-1,-1,-1
29,1,1,700,-1,1,-1,2,9
45,2,2,700,-1,1,-1,2,6
11,1,2,700,1,-1,-1,-1,-1
42,1,1,700,-1,-1,-1,-1,-1
38,2,2,700,-1,-1,-1,-1,-1
8,1,1,700,1,-1,-1,-1,-1
38,2,2,700,-1,1,-1,2,7
21,2,1,700,2,-1,-1,-1,-1
17,1,1,700,2,2,-1,2,6
30,1,1,700,-1,-1,-1,-1,-1
40,2,1,700,-1,-1,-1,-1,-1
36,2,1,700,-1,-1,-1,-1,-1
19,1,1,700,1,2,-1,2,8
38,2,1,700,-1,-1,-1,-1,-1
60,1,1,700,-1,1,-1,2,3
12,1,2,700,1,-1,-1,-1,-1
59,2,2,700,-1,1,-1,2,7
41,2,2,700,-1,-1,-1,-1,-1
6,1,1,700,1,-1,-1,-1,-1
54,2,2,700,-1,-1,-1,-1,-1
20,1,2,700,2,-1,-1,-1,-1
7,1,2,700,1,-1,-1,-1,-1
15,1,2,700,1,2,-1,2,8
45,1,2,700,-1,-1,-1,-1,-1
14,1,1,700,1,-1,-1,-1,-1
66,2,2,700,-1,-1,-1,-1,-1
14,1,1,700,1,-1,-1,-1,-1
13,1,2,700,1,-1,-1,-1,-1
27,2,2,700,-1,1,-1,2,7
12,1,2,700,1,-1,-1,-1,-1
44,2,2,700,-1,-1,-1,-1,-1
67,2,2,700,-1,1,-1,2,7
37,2,2,700,-1,2,-1,2,7
9,1,2,700,1,-1,-1,-1,-1
17,1,2,700,1,2,-1,2,8
42,2,1,700,-1,-1,-1,-1,-1
37,2,2,700,-1,2,-1,2,7
25,1,2,700,-1,1,2,1,-1
35,2,1,700,-1,-1,-1,-1,-1
44,2,1,700,-1,-1,-1,-1,-1
32,2,1,700,-1,1,-1,2,6
69,2,1,700,-1,1,-1,2,6
26,2,1,700,-1,-1,-1,-1,-1
43,2,1,700,-1,-1,-1,-1,-1
28,2,2,700,-1,-1,-1,-1,-1
7,1,2,700,1,-1,-1,-1,-1
54,2,1,700,-1,-1,-1,-1,-1
14,1,1,700,1,-1,-1,-1,-1
8,1,2,700,1,-1,-1,-1,-1
8,1,2,700,1,-1,-1,-1,-1
7,1,1,700,1,-1,-1,-1,-1
5,1,2,700,1,-1,-1,-1,-1
13,1,2,700,1,-1,-1,-1,-1
39,2,2,700,-1,-1,-1,-1,-1
21,1,1,700,2,-1,-1,-1,-1
16,1,1,700,1,2,-1,2,8
38,2,1,700,-1,-1,-1,-1,-1
23,2,2,700,2,1,-1,2,7
40,2,2,700,-1,1,-1,2,7
55,2,1,700,-1,-1,-1,-1,-1
24,2,1,700,2,-1,-1,-1,-1
20,1,1,700,1,2,-1,2,8
53,3,2,700,-1,-1,-1,-1,-1
8,1,1,700,1,-1,-1,-1,-1
54,2,1,700,-1,-1,-1,-1,-1
40,4,2,700,-1,-1,-1,-1,-1
16,1,1,700,1,2,-1,2,8
14,1,1,700,1,-1,-1,-1,-1
24,1,2,700,2,-1,-1,-1,-1
22,1,1,700,2,-1,-1,-1,-1
42,2,1,700,-1,-1,-1,-1,-1
35,2,2,700,-1,-1,-1,-1,-1
10,1,1,700,1,-1,-1,-1,-1
60,3,1,700,-1,1,-1,2,4
24,2,1,700,2,-1,-1,-1,-1
62,2,1,700,-1,-1,-1,-1,-1
15,1,2,700,1,2,-1,2,8
44,2,1,700,-1,-1,-1,-1,-1
19,1,1,700,2,-1,-1,-1,-1
16,1,1,700,1,2,-1,2,8
22,2,2,700,1,-1,-1,-1,-1
5,1,1,700,1,-1,-1,-1,-1
24,2,2,700,2,-1,-1,-1,-1
21,1,2,700,2,2,1,1,-1
57,2,2,700,-1,-1,-1,-1,-1
32,2,2,700,-1,-1,-1,-1,-1
41,2,2,700,-1,-1,-1,-1,-1
34,1,1,700,-1,-1,-1,-1,-1
24,1,2,700,2,-1,-1,-1,-1
7,1,2,700,1,-1,-1,-1,-1
5,1,1,700,1,-1,-1,-1,-1
7,1,2,700,1,-1,-1,-1,-1
15,1,1,700,1,2,-1,2,8
25,1,2,700,-1,1,-1,2,7
45,2,1,700,-1,-1,-1,-1,-1
88,3,1,700,-1,1,-1,2,6
48,2,2,700,-1,-1,-1,-1,-1
43,2,2,700,-1,-1,-1,-1,-1
10,1,1,700,1,-1,-1,-1,-1
60,2,1,700,-1,-1,-1,-1,-1
51,1,1,700,-1,1,-1,2,7
41,2,2,700,-1,-1,-1,-1,-1
19,1,1,700,2,-1,-1,-1,-1
14,1,1,700,1,-1,-1,-1,-1
29,2,1,700,-1,-1,-1,-1,-1
29,2,1,700,-1,-1,-1,-1,-1
10,1,1,700,1,-1,-1,-1,-1
36,2,1,700,-1,-1,-1,-1,-1
15,1,2,700,2,2,-1,2,7
59,3,2,700,-1,1,-1,2,7
45,2,1,700,-1,-1,-1,-1,-1
49,2,1,700,-1,1,-1,2,3
40,2,1,700,-1,-1,-1,-1,-1
6,1,1,700,1,-1,-1,-1,-1
50,2,1,700,-1,-1,-1,-1,-1
29,2,2,700,-1,-1,-1,-1,-1
10,1,2,700,1,-1,-1,-1,-1
68,3,2,700,-1,-1,-1,-1,-1
44,2,2,700,-1,1,-1,2,7
61,2,1,700,-1,-1,-1,-1,-1
9,1,2,700,1,-1,-1,-1,-1
47,3,2,700,-1,1,-1,2,7
33,2,1,700,-1,-1,-1,-1,-1
37,2,1,700,-1,-1,-1,-1,-1
52,2,2,700,-1,-1,-1,-1,-1
14,1,2,700,1,-1,-1,-1,-1
22,2,1,700,2,-1,-1,-1,-1
11,1,2,700,1,-1,-1,-1,-1
12,1,1,700,1,-1,-1,-1,-1
51,2,2,700,-1,-1,-1,-1,-1
39,2,1,700,-1,-1,-1,-1,-1
35,4,1,700,-1,-1,-1,-1,-1
47,2,2,700,-1,-1,-1,-1,-1
20,1,1,700,1,2,-1,2,8
13,1,1,700,1,-1,-1,-1,-1
28,1,1,700,-1,-1,-1,-1,-1
7,1,1,700,1,-1,-1,-1,-1
56,2,2,700,-1,1,-1,2,7
29,2,2,700,-1,1,-1,2,7
40,2,2,700,-1,1,-1,2,7
51,2,1,700,-1,-1,-1,-1,-1
10,1,2,700,1,-1,-1,-1,-1
45,2,2,700,-1,-1,-1,-1,-1
59,2,2,700,-1,-1,-1,-1,-1
28,2,1,700,-1,-1,-1,-1,-1
8,1,1,700,1,-1,-1,-1,-1
10,1,1,700,1,-1,-1,-1,-1
10,1,2,700,1,-1,-1,-1,-1
44,2,2,700,-1,1,-1,2,7
21,1,1,700,2,-1,-1,-1,-1
5,1,1,700,2,-1,-1,-1,-1
40,2,1,700,-1,-1,-1,-1,-1
12,1,2,700,1,-1,-1,-1,-1
24,2,2,700,2,2,-1,2,7
68,3,2,700,-1,-1,-1,-1,-1
42,2,2,700,-1,1,-1,2,7
